=== WO DEBUG 2026-08-22 16:19:57 ===
User ID: 8737
Person ID: FNM1924
Month: 08, Year: 2026
Sunday 2026-08-02 - Found: YES
  check_in: '', work: 0
  -> NOT ADDED (no checkin)
Sunday 2026-08-09 - Found: YES
  check_in: '09:23:59', work: 9.28
  -> Has valid check_in
  -> Has work hours > 0
  -> ADDED to worked_sundays
Sunday 2026-08-16 - Found: YES
  check_in: '09:00:00', work: -3
  -> Has valid check_in
  -> ADDED to worked_sundays
Sunday 2026-08-23 - Found: NO
  -> NOT ADDED (no checkin)
Sunday 2026-08-30 - Found: NO
  -> NOT ADDED (no checkin)
Total worked Sundays: 2

=== WO DEBUG 2026-08-22 16:21:20 ===
User ID: 8737
Person ID: FNM1924
Month: 08, Year: 2026
Sunday 2026-08-02 - Found: YES
  check_in: '', work: 0
  -> NOT ADDED (no checkin)
Sunday 2026-08-09 - Found: YES
  check_in: '09:23:59', work: 9.28
  -> Has valid check_in
  -> Has work hours > 0
  -> ADDED to worked_sundays
Sunday 2026-08-16 - Found: YES
  check_in: '09:00:00', work: -3
  -> Has valid check_in
  -> ADDED to worked_sundays
Sunday 2026-08-23 - Found: NO
  -> NOT ADDED (no checkin)
Sunday 2026-08-30 - Found: NO
  -> NOT ADDED (no checkin)
Total worked Sundays: 2

=== WO DEBUG 2026-08-22 16:26:21 ===
User ID: 8737
Person ID: FNM1924
Month: 08, Year: 2026
Sunday 2026-08-02 - Found: YES
  check_in: '', work: 0
  -> NOT ADDED (no checkin)
Sunday 2026-08-09 - Found: YES
  check_in: '09:23:59', work: 9.28
  -> Has valid check_in
  -> Has work hours > 0
  -> ADDED to worked_sundays
Sunday 2026-08-16 - Found: YES
  check_in: '09:00:00', work: -3
  -> Has valid check_in
  -> ADDED to worked_sundays
Sunday 2026-08-23 - Found: NO
  -> NOT ADDED (no checkin)
Sunday 2026-08-30 - Found: NO
  -> NOT ADDED (no checkin)
Total worked Sundays: 2

=== WO DEBUG 2026-08-22 16:26:27 ===
User ID: 8737
Person ID: FNM1924
Month: 08, Year: 2026
Sunday 2026-08-02 - Found: YES
  check_in: '', work: 0
  -> NOT ADDED (no checkin)
Sunday 2026-08-09 - Found: YES
  check_in: '09:23:59', work: 9.28
  -> Has valid check_in
  -> Has work hours > 0
  -> ADDED to worked_sundays
Sunday 2026-08-16 - Found: YES
  check_in: '09:00:00', work: -3
  -> Has valid check_in
  -> ADDED to worked_sundays
Sunday 2026-08-23 - Found: NO
  -> NOT ADDED (no checkin)
Sunday 2026-08-30 - Found: NO
  -> NOT ADDED (no checkin)
Total worked Sundays: 2

=== WO DEBUG 2026-08-22 16:31:28 ===
User ID: 8737
Person ID: FNM1924
Month: 08, Year: 2026
Sunday 2026-08-02 - Found: YES
  check_in: '', work: 0
  -> NOT ADDED (no checkin)
Sunday 2026-08-09 - Found: YES
  check_in: '09:23:59', work: 9.28
  -> Has valid check_in
  -> Has work hours > 0
  -> ADDED to worked_sundays
Sunday 2026-08-16 - Found: YES
  check_in: '09:00:00', work: -3
  -> Has valid check_in
  -> ADDED to worked_sundays
Sunday 2026-08-23 - Found: NO
  -> NOT ADDED (no checkin)
Sunday 2026-08-30 - Found: NO
  -> NOT ADDED (no checkin)
Total worked Sundays: 2

=== WO DEBUG 2026-08-22 16:36:29 ===
User ID: 8737
Person ID: FNM1924
Month: 08, Year: 2026
Sunday 2026-08-02 - Found: YES
  check_in: '', work: 0
  -> NOT ADDED (no checkin)
Sunday 2026-08-09 - Found: YES
  check_in: '09:23:59', work: 9.28
  -> Has valid check_in
  -> Has work hours > 0
  -> ADDED to worked_sundays
Sunday 2026-08-16 - Found: YES
  check_in: '09:00:00', work: -3
  -> Has valid check_in
  -> ADDED to worked_sundays
Sunday 2026-08-23 - Found: NO
  -> NOT ADDED (no checkin)
Sunday 2026-08-30 - Found: NO
  -> NOT ADDED (no checkin)
Total worked Sundays: 2

=== WO DEBUG 2026-08-22 16:39:45 ===
User ID: 8737
Person ID: FNM1924
Month: 08, Year: 2026
Sunday 2026-08-02 - Found: YES
  check_in: '', work: 0
  -> NOT ADDED (no checkin)
Sunday 2026-08-09 - Found: YES
  check_in: '09:23:59', work: 9.28
  -> Has valid check_in
  -> Has work hours > 0
  -> ADDED to worked_sundays
Sunday 2026-08-16 - Found: YES
  check_in: '09:00:00', work: -3
  -> Has valid check_in
  -> ADDED to worked_sundays
Sunday 2026-08-23 - Found: NO
  -> NOT ADDED (no checkin)
Sunday 2026-08-30 - Found: NO
  -> NOT ADDED (no checkin)
Total worked Sundays: 2

=== WO DEBUG 2026-08-22 16:40:24 ===
User ID: 8737
Person ID: FNM1924
Month: 08, Year: 2026
Sunday 2026-08-02 - Found: YES
  check_in: '', work: 0
  -> NOT ADDED (no checkin)
Sunday 2026-08-09 - Found: YES
  check_in: '09:23:59', work: 9.28
  -> Has valid check_in
  -> Has work hours > 0
  -> ADDED to worked_sundays
Sunday 2026-08-16 - Found: YES
  check_in: '09:00:00', work: -3
  -> Has valid check_in
  -> ADDED to worked_sundays
Sunday 2026-08-23 - Found: NO
  -> NOT ADDED (no checkin)
Sunday 2026-08-30 - Found: NO
  -> NOT ADDED (no checkin)
Total worked Sundays: 2

=== WO DEBUG 2026-08-22 16:40:35 ===
User ID: 8737
Person ID: FNM1924
Month: 08, Year: 2026
Sunday 2026-08-02 - Found: YES
  check_in: '', work: 0
  -> NOT ADDED (no checkin)
Sunday 2026-08-09 - Found: YES
  check_in: '09:23:59', work: 9.28
  -> Has valid check_in
  -> Has work hours > 0
  -> ADDED to worked_sundays
Sunday 2026-08-16 - Found: YES
  check_in: '09:00:00', work: -3
  -> Has valid check_in
  -> ADDED to worked_sundays
Sunday 2026-08-23 - Found: NO
  -> NOT ADDED (no checkin)
Sunday 2026-08-30 - Found: NO
  -> NOT ADDED (no checkin)
Total worked Sundays: 2

=== WO DEBUG 2026-08-22 16:40:52 ===
User ID: 7929
Person ID: FNM0010
Month: 08, Year: 2026
Sunday 2026-08-02 - Found: YES
  check_in: '', work: 0
  -> NOT ADDED (no checkin)
Sunday 2026-08-09 - Found: YES
  check_in: '', work: 0
  -> NOT ADDED (no checkin)
Sunday 2026-08-16 - Found: YES
  check_in: '11:00:00', work: -4
  -> Has valid check_in
  -> ADDED to worked_sundays
Sunday 2026-08-23 - Found: YES
  check_in: '11:00:00', work: -4
  -> Has valid check_in
  -> ADDED to worked_sundays
Sunday 2026-08-30 - Found: YES
  check_in: '11:00:00', work: -4
  -> Has valid check_in
  -> ADDED to worked_sundays
Total worked Sundays: 3

=== WO DEBUG 2026-08-22 16:40:59 ===
User ID: 7929
Person ID: FNM0010
Month: 08, Year: 2026
Sunday 2026-08-02 - Found: YES
  check_in: '', work: 0
  -> NOT ADDED (no checkin)
Sunday 2026-08-09 - Found: YES
  check_in: '', work: 0
  -> NOT ADDED (no checkin)
Sunday 2026-08-16 - Found: YES
  check_in: '11:00:00', work: -4
  -> Has valid check_in
  -> ADDED to worked_sundays
Sunday 2026-08-23 - Found: YES
  check_in: '11:00:00', work: -4
  -> Has valid check_in
  -> ADDED to worked_sundays
Sunday 2026-08-30 - Found: YES
  check_in: '11:00:00', work: -4
  -> Has valid check_in
  -> ADDED to worked_sundays
Total worked Sundays: 3

=== WO DEBUG 2026-08-22 16:41:01 ===
User ID: 8737
Person ID: FNM1924
Month: 08, Year: 2026
Sunday 2026-08-02 - Found: YES
  check_in: '', work: 0
  -> NOT ADDED (no checkin)
Sunday 2026-08-09 - Found: YES
  check_in: '09:23:59', work: 9.28
  -> Has valid check_in
  -> Has work hours > 0
  -> ADDED to worked_sundays
Sunday 2026-08-16 - Found: YES
  check_in: '09:00:00', work: -3
  -> Has valid check_in
  -> ADDED to worked_sundays
Sunday 2026-08-23 - Found: NO
  -> NOT ADDED (no checkin)
Sunday 2026-08-30 - Found: NO
  -> NOT ADDED (no checkin)
Total worked Sundays: 2

=== WO DEBUG 2026-08-22 16:46:00 ===
User ID: 7929
Person ID: FNM0010
Month: 08, Year: 2026
Sunday 2026-08-02 - Found: YES
  check_in: '', work: 0
  -> NOT ADDED (no checkin)
Sunday 2026-08-09 - Found: YES
  check_in: '', work: 0
  -> NOT ADDED (no checkin)
Sunday 2026-08-16 - Found: YES
  check_in: '11:00:00', work: -4
  -> Has valid check_in
  -> ADDED to worked_sundays
Sunday 2026-08-23 - Found: YES
  check_in: '11:00:00', work: -4
  -> Has valid check_in
  -> ADDED to worked_sundays
Sunday 2026-08-30 - Found: YES
  check_in: '11:00:00', work: -4
  -> Has valid check_in
  -> ADDED to worked_sundays
Total worked Sundays: 3

=== WO DEBUG 2026-08-22 16:46:02 ===
User ID: 8737
Person ID: FNM1924
Month: 08, Year: 2026
Sunday 2026-08-02 - Found: YES
  check_in: '', work: 0
  -> NOT ADDED (no checkin)
Sunday 2026-08-09 - Found: YES
  check_in: '09:23:59', work: 9.28
  -> Has valid check_in
  -> Has work hours > 0
  -> ADDED to worked_sundays
Sunday 2026-08-16 - Found: YES
  check_in: '09:00:00', work: -3
  -> Has valid check_in
  -> ADDED to worked_sundays
Sunday 2026-08-23 - Found: NO
  -> NOT ADDED (no checkin)
Sunday 2026-08-30 - Found: NO
  -> NOT ADDED (no checkin)
Total worked Sundays: 2

=== WO DEBUG 2026-08-22 16:51:01 ===
User ID: 7929
Person ID: FNM0010
Month: 08, Year: 2026
Sunday 2026-08-02 - Found: YES
  check_in: '', work: 0
  -> NOT ADDED (no checkin)
Sunday 2026-08-09 - Found: YES
  check_in: '', work: 0
  -> NOT ADDED (no checkin)
Sunday 2026-08-16 - Found: YES
  check_in: '11:00:00', work: -4
  -> Has valid check_in
  -> ADDED to worked_sundays
Sunday 2026-08-23 - Found: YES
  check_in: '11:00:00', work: -4
  -> Has valid check_in
  -> ADDED to worked_sundays
Sunday 2026-08-30 - Found: YES
  check_in: '11:00:00', work: -4
  -> Has valid check_in
  -> ADDED to worked_sundays
Total worked Sundays: 3

=== WO DEBUG 2026-08-22 16:51:03 ===
User ID: 8737
Person ID: FNM1924
Month: 08, Year: 2026
Sunday 2026-08-02 - Found: YES
  check_in: '', work: 0
  -> NOT ADDED (no checkin)
Sunday 2026-08-09 - Found: YES
  check_in: '09:23:59', work: 9.28
  -> Has valid check_in
  -> Has work hours > 0
  -> ADDED to worked_sundays
Sunday 2026-08-16 - Found: YES
  check_in: '09:00:00', work: -3
  -> Has valid check_in
  -> ADDED to worked_sundays
Sunday 2026-08-23 - Found: NO
  -> NOT ADDED (no checkin)
Sunday 2026-08-30 - Found: NO
  -> NOT ADDED (no checkin)
Total worked Sundays: 2

=== WO DEBUG 2026-08-22 16:56:02 ===
User ID: 7929
Person ID: FNM0010
Month: 08, Year: 2026
Sunday 2026-08-02 - Found: YES
  check_in: '', work: 0
  -> NOT ADDED (no checkin)
Sunday 2026-08-09 - Found: YES
  check_in: '', work: 0
  -> NOT ADDED (no checkin)
Sunday 2026-08-16 - Found: YES
  check_in: '11:00:00', work: -4
  -> Has valid check_in
  -> ADDED to worked_sundays
Sunday 2026-08-23 - Found: YES
  check_in: '11:00:00', work: -4
  -> Has valid check_in
  -> ADDED to worked_sundays
Sunday 2026-08-30 - Found: YES
  check_in: '11:00:00', work: -4
  -> Has valid check_in
  -> ADDED to worked_sundays
Total worked Sundays: 3

=== WO DEBUG 2026-08-22 16:56:04 ===
User ID: 8737
Person ID: FNM1924
Month: 08, Year: 2026
Sunday 2026-08-02 - Found: YES
  check_in: '', work: 0
  -> NOT ADDED (no checkin)
Sunday 2026-08-09 - Found: YES
  check_in: '09:23:59', work: 9.28
  -> Has valid check_in
  -> Has work hours > 0
  -> ADDED to worked_sundays
Sunday 2026-08-16 - Found: YES
  check_in: '09:00:00', work: -3
  -> Has valid check_in
  -> ADDED to worked_sundays
Sunday 2026-08-23 - Found: NO
  -> NOT ADDED (no checkin)
Sunday 2026-08-30 - Found: NO
  -> NOT ADDED (no checkin)
Total worked Sundays: 2

=== WO DEBUG 2026-08-22 17:01:03 ===
User ID: 7929
Person ID: FNM0010
Month: 08, Year: 2026
Sunday 2026-08-02 - Found: YES
  check_in: '', work: 0
  -> NOT ADDED (no checkin)
Sunday 2026-08-09 - Found: YES
  check_in: '', work: 0
  -> NOT ADDED (no checkin)
Sunday 2026-08-16 - Found: YES
  check_in: '11:00:00', work: -4
  -> Has valid check_in
  -> ADDED to worked_sundays
Sunday 2026-08-23 - Found: YES
  check_in: '11:00:00', work: -4
  -> Has valid check_in
  -> ADDED to worked_sundays
Sunday 2026-08-30 - Found: YES
  check_in: '11:00:00', work: -4
  -> Has valid check_in
  -> ADDED to worked_sundays
Total worked Sundays: 3

=== WO DEBUG 2026-08-22 17:01:05 ===
User ID: 8737
Person ID: FNM1924
Month: 08, Year: 2026
Sunday 2026-08-02 - Found: YES
  check_in: '', work: 0
  -> NOT ADDED (no checkin)
Sunday 2026-08-09 - Found: YES
  check_in: '09:23:59', work: 9.28
  -> Has valid check_in
  -> Has work hours > 0
  -> ADDED to worked_sundays
Sunday 2026-08-16 - Found: YES
  check_in: '09:00:00', work: -3
  -> Has valid check_in
  -> ADDED to worked_sundays
Sunday 2026-08-23 - Found: NO
  -> NOT ADDED (no checkin)
Sunday 2026-08-30 - Found: NO
  -> NOT ADDED (no checkin)
Total worked Sundays: 2

=== WO DEBUG 2026-08-22 17:06:05 ===
User ID: 7929
Person ID: FNM0010
Month: 08, Year: 2026
Sunday 2026-08-02 - Found: YES
  check_in: '', work: 0
  -> NOT ADDED (no checkin)
Sunday 2026-08-09 - Found: YES
  check_in: '', work: 0
  -> NOT ADDED (no checkin)
Sunday 2026-08-16 - Found: YES
  check_in: '11:00:00', work: -4
  -> Has valid check_in
  -> ADDED to worked_sundays
Sunday 2026-08-23 - Found: YES
  check_in: '11:00:00', work: -4
  -> Has valid check_in
  -> ADDED to worked_sundays
Sunday 2026-08-30 - Found: YES
  check_in: '11:00:00', work: -4
  -> Has valid check_in
  -> ADDED to worked_sundays
Total worked Sundays: 3

=== WO DEBUG 2026-08-22 17:06:06 ===
User ID: 8737
Person ID: FNM1924
Month: 08, Year: 2026
Sunday 2026-08-02 - Found: YES
  check_in: '', work: 0
  -> NOT ADDED (no checkin)
Sunday 2026-08-09 - Found: YES
  check_in: '09:23:59', work: 9.28
  -> Has valid check_in
  -> Has work hours > 0
  -> ADDED to worked_sundays
Sunday 2026-08-16 - Found: YES
  check_in: '09:00:00', work: -3
  -> Has valid check_in
  -> ADDED to worked_sundays
Sunday 2026-08-23 - Found: NO
  -> NOT ADDED (no checkin)
Sunday 2026-08-30 - Found: NO
  -> NOT ADDED (no checkin)
Total worked Sundays: 2

=== WO DEBUG 2026-08-22 17:11:06 ===
User ID: 7929
Person ID: FNM0010
Month: 08, Year: 2026
Sunday 2026-08-02 - Found: YES
  check_in: '', work: 0
  -> NOT ADDED (no checkin)
Sunday 2026-08-09 - Found: YES
  check_in: '', work: 0
  -> NOT ADDED (no checkin)
Sunday 2026-08-16 - Found: YES
  check_in: '11:00:00', work: -4
  -> Has valid check_in
  -> ADDED to worked_sundays
Sunday 2026-08-23 - Found: YES
  check_in: '11:00:00', work: -4
  -> Has valid check_in
  -> ADDED to worked_sundays
Sunday 2026-08-30 - Found: YES
  check_in: '11:00:00', work: -4
  -> Has valid check_in
  -> ADDED to worked_sundays
Total worked Sundays: 3

=== WO DEBUG 2026-08-22 17:11:07 ===
User ID: 8737
Person ID: FNM1924
Month: 08, Year: 2026
Sunday 2026-08-02 - Found: YES
  check_in: '', work: 0
  -> NOT ADDED (no checkin)
Sunday 2026-08-09 - Found: YES
  check_in: '09:23:59', work: 9.28
  -> Has valid check_in
  -> Has work hours > 0
  -> ADDED to worked_sundays
Sunday 2026-08-16 - Found: YES
  check_in: '09:00:00', work: -3
  -> Has valid check_in
  -> ADDED to worked_sundays
Sunday 2026-08-23 - Found: NO
  -> NOT ADDED (no checkin)
Sunday 2026-08-30 - Found: NO
  -> NOT ADDED (no checkin)
Total worked Sundays: 2

=== WO DEBUG 2026-08-22 17:16:07 ===
User ID: 7929
Person ID: FNM0010
Month: 08, Year: 2026
Sunday 2026-08-02 - Found: YES
  check_in: '', work: 0
  -> NOT ADDED (no checkin)
Sunday 2026-08-09 - Found: YES
  check_in: '', work: 0
  -> NOT ADDED (no checkin)
Sunday 2026-08-16 - Found: YES
  check_in: '11:00:00', work: -4
  -> Has valid check_in
  -> ADDED to worked_sundays
Sunday 2026-08-23 - Found: YES
  check_in: '11:00:00', work: -4
  -> Has valid check_in
  -> ADDED to worked_sundays
Sunday 2026-08-30 - Found: YES
  check_in: '11:00:00', work: -4
  -> Has valid check_in
  -> ADDED to worked_sundays
Total worked Sundays: 3

=== WO DEBUG 2026-08-22 17:16:08 ===
User ID: 8737
Person ID: FNM1924
Month: 08, Year: 2026
Sunday 2026-08-02 - Found: YES
  check_in: '', work: 0
  -> NOT ADDED (no checkin)
Sunday 2026-08-09 - Found: YES
  check_in: '09:23:59', work: 9.28
  -> Has valid check_in
  -> Has work hours > 0
  -> ADDED to worked_sundays
Sunday 2026-08-16 - Found: YES
  check_in: '09:00:00', work: -3
  -> Has valid check_in
  -> ADDED to worked_sundays
Sunday 2026-08-23 - Found: NO
  -> NOT ADDED (no checkin)
Sunday 2026-08-30 - Found: NO
  -> NOT ADDED (no checkin)
Total worked Sundays: 2

=== WO DEBUG 2026-08-22 17:21:08 ===
User ID: 7929
Person ID: FNM0010
Month: 08, Year: 2026
Sunday 2026-08-02 - Found: YES
  check_in: '', work: 0
  -> NOT ADDED (no checkin)
Sunday 2026-08-09 - Found: YES
  check_in: '', work: 0
  -> NOT ADDED (no checkin)
Sunday 2026-08-16 - Found: YES
  check_in: '11:00:00', work: -4
  -> Has valid check_in
  -> ADDED to worked_sundays
Sunday 2026-08-23 - Found: YES
  check_in: '11:00:00', work: -4
  -> Has valid check_in
  -> ADDED to worked_sundays
Sunday 2026-08-30 - Found: YES
  check_in: '11:00:00', work: -4
  -> Has valid check_in
  -> ADDED to worked_sundays
Total worked Sundays: 3

=== WO DEBUG 2026-08-22 17:21:09 ===
User ID: 8737
Person ID: FNM1924
Month: 08, Year: 2026
Sunday 2026-08-02 - Found: YES
  check_in: '', work: 0
  -> NOT ADDED (no checkin)
Sunday 2026-08-09 - Found: YES
  check_in: '09:23:59', work: 9.28
  -> Has valid check_in
  -> Has work hours > 0
  -> ADDED to worked_sundays
Sunday 2026-08-16 - Found: YES
  check_in: '09:00:00', work: -3
  -> Has valid check_in
  -> ADDED to worked_sundays
Sunday 2026-08-23 - Found: NO
  -> NOT ADDED (no checkin)
Sunday 2026-08-30 - Found: NO
  -> NOT ADDED (no checkin)
Total worked Sundays: 2

=== WO DEBUG 2026-08-22 17:26:09 ===
User ID: 7929
Person ID: FNM0010
Month: 08, Year: 2026
Sunday 2026-08-02 - Found: YES
  check_in: '', work: 0
  -> NOT ADDED (no checkin)
Sunday 2026-08-09 - Found: YES
  check_in: '', work: 0
  -> NOT ADDED (no checkin)
Sunday 2026-08-16 - Found: YES
  check_in: '11:00:00', work: -4
  -> Has valid check_in
  -> ADDED to worked_sundays
Sunday 2026-08-23 - Found: YES
  check_in: '11:00:00', work: -4
  -> Has valid check_in
  -> ADDED to worked_sundays
Sunday 2026-08-30 - Found: YES
  check_in: '11:00:00', work: -4
  -> Has valid check_in
  -> ADDED to worked_sundays
Total worked Sundays: 3

=== WO DEBUG 2026-08-22 17:26:10 ===
User ID: 8737
Person ID: FNM1924
Month: 08, Year: 2026
Sunday 2026-08-02 - Found: YES
  check_in: '', work: 0
  -> NOT ADDED (no checkin)
Sunday 2026-08-09 - Found: YES
  check_in: '09:23:59', work: 9.28
  -> Has valid check_in
  -> Has work hours > 0
  -> ADDED to worked_sundays
Sunday 2026-08-16 - Found: YES
  check_in: '09:00:00', work: -3
  -> Has valid check_in
  -> ADDED to worked_sundays
Sunday 2026-08-23 - Found: NO
  -> NOT ADDED (no checkin)
Sunday 2026-08-30 - Found: NO
  -> NOT ADDED (no checkin)
Total worked Sundays: 2

=== WO DEBUG 2026-08-22 17:31:10 ===
User ID: 7929
Person ID: FNM0010
Month: 08, Year: 2026
Sunday 2026-08-02 - Found: YES
  check_in: '', work: 0
  -> NOT ADDED (no checkin)
Sunday 2026-08-09 - Found: YES
  check_in: '', work: 0
  -> NOT ADDED (no checkin)
Sunday 2026-08-16 - Found: YES
  check_in: '11:00:00', work: -4
  -> Has valid check_in
  -> ADDED to worked_sundays
Sunday 2026-08-23 - Found: YES
  check_in: '11:00:00', work: -4
  -> Has valid check_in
  -> ADDED to worked_sundays
Sunday 2026-08-30 - Found: YES
  check_in: '11:00:00', work: -4
  -> Has valid check_in
  -> ADDED to worked_sundays
Total worked Sundays: 3

=== WO DEBUG 2026-08-22 17:31:11 ===
User ID: 8737
Person ID: FNM1924
Month: 08, Year: 2026
Sunday 2026-08-02 - Found: YES
  check_in: '', work: 0
  -> NOT ADDED (no checkin)
Sunday 2026-08-09 - Found: YES
  check_in: '09:23:59', work: 9.28
  -> Has valid check_in
  -> Has work hours > 0
  -> ADDED to worked_sundays
Sunday 2026-08-16 - Found: YES
  check_in: '09:00:00', work: -3
  -> Has valid check_in
  -> ADDED to worked_sundays
Sunday 2026-08-23 - Found: NO
  -> NOT ADDED (no checkin)
Sunday 2026-08-30 - Found: NO
  -> NOT ADDED (no checkin)
Total worked Sundays: 2

=== WO DEBUG 2026-08-22 17:36:11 ===
User ID: 7929
Person ID: FNM0010
Month: 08, Year: 2026
Sunday 2026-08-02 - Found: YES
  check_in: '', work: 0
  -> NOT ADDED (no checkin)
Sunday 2026-08-09 - Found: YES
  check_in: '', work: 0
  -> NOT ADDED (no checkin)
Sunday 2026-08-16 - Found: YES
  check_in: '11:00:00', work: -4
  -> Has valid check_in
  -> ADDED to worked_sundays
Sunday 2026-08-23 - Found: YES
  check_in: '11:00:00', work: -4
  -> Has valid check_in
  -> ADDED to worked_sundays
Sunday 2026-08-30 - Found: YES
  check_in: '11:00:00', work: -4
  -> Has valid check_in
  -> ADDED to worked_sundays
Total worked Sundays: 3

=== WO DEBUG 2026-08-22 17:36:12 ===
User ID: 8737
Person ID: FNM1924
Month: 08, Year: 2026
Sunday 2026-08-02 - Found: YES
  check_in: '', work: 0
  -> NOT ADDED (no checkin)
Sunday 2026-08-09 - Found: YES
  check_in: '09:23:59', work: 9.28
  -> Has valid check_in
  -> Has work hours > 0
  -> ADDED to worked_sundays
Sunday 2026-08-16 - Found: YES
  check_in: '09:00:00', work: -3
  -> Has valid check_in
  -> ADDED to worked_sundays
Sunday 2026-08-23 - Found: NO
  -> NOT ADDED (no checkin)
Sunday 2026-08-30 - Found: NO
  -> NOT ADDED (no checkin)
Total worked Sundays: 2

=== WO DEBUG 2026-08-22 17:41:12 ===
User ID: 7929
Person ID: FNM0010
Month: 08, Year: 2026
Sunday 2026-08-02 - Found: YES
  check_in: '', work: 0
  -> NOT ADDED (no checkin)
Sunday 2026-08-09 - Found: YES
  check_in: '', work: 0
  -> NOT ADDED (no checkin)
Sunday 2026-08-16 - Found: YES
  check_in: '11:00:00', work: -4
  -> Has valid check_in
  -> ADDED to worked_sundays
Sunday 2026-08-23 - Found: YES
  check_in: '11:00:00', work: -4
  -> Has valid check_in
  -> ADDED to worked_sundays
Sunday 2026-08-30 - Found: YES
  check_in: '11:00:00', work: -4
  -> Has valid check_in
  -> ADDED to worked_sundays
Total worked Sundays: 3

=== WO DEBUG 2026-08-22 17:41:13 ===
User ID: 8737
Person ID: FNM1924
Month: 08, Year: 2026
Sunday 2026-08-02 - Found: YES
  check_in: '', work: 0
  -> NOT ADDED (no checkin)
Sunday 2026-08-09 - Found: YES
  check_in: '09:23:59', work: 9.28
  -> Has valid check_in
  -> Has work hours > 0
  -> ADDED to worked_sundays
Sunday 2026-08-16 - Found: YES
  check_in: '09:00:00', work: -3
  -> Has valid check_in
  -> ADDED to worked_sundays
Sunday 2026-08-23 - Found: NO
  -> NOT ADDED (no checkin)
Sunday 2026-08-30 - Found: NO
  -> NOT ADDED (no checkin)
Total worked Sundays: 2

=== WO DEBUG 2026-08-22 17:46:13 ===
User ID: 7929
Person ID: FNM0010
Month: 08, Year: 2026
Sunday 2026-08-02 - Found: YES
  check_in: '', work: 0
  -> NOT ADDED (no checkin)
Sunday 2026-08-09 - Found: YES
  check_in: '', work: 0
  -> NOT ADDED (no checkin)
Sunday 2026-08-16 - Found: YES
  check_in: '11:00:00', work: -4
  -> Has valid check_in
  -> ADDED to worked_sundays
Sunday 2026-08-23 - Found: YES
  check_in: '11:00:00', work: -4
  -> Has valid check_in
  -> ADDED to worked_sundays
Sunday 2026-08-30 - Found: YES
  check_in: '11:00:00', work: -4
  -> Has valid check_in
  -> ADDED to worked_sundays
Total worked Sundays: 3

=== WO DEBUG 2026-08-22 17:46:14 ===
User ID: 8737
Person ID: FNM1924
Month: 08, Year: 2026
Sunday 2026-08-02 - Found: YES
  check_in: '', work: 0
  -> NOT ADDED (no checkin)
Sunday 2026-08-09 - Found: YES
  check_in: '09:23:59', work: 9.28
  -> Has valid check_in
  -> Has work hours > 0
  -> ADDED to worked_sundays
Sunday 2026-08-16 - Found: YES
  check_in: '09:00:00', work: -3
  -> Has valid check_in
  -> ADDED to worked_sundays
Sunday 2026-08-23 - Found: NO
  -> NOT ADDED (no checkin)
Sunday 2026-08-30 - Found: NO
  -> NOT ADDED (no checkin)
Total worked Sundays: 2

=== WO DEBUG 2026-08-22 17:51:14 ===
User ID: 7929
Person ID: FNM0010
Month: 08, Year: 2026
Sunday 2026-08-02 - Found: YES
  check_in: '', work: 0
  -> NOT ADDED (no checkin)
Sunday 2026-08-09 - Found: YES
  check_in: '', work: 0
  -> NOT ADDED (no checkin)
Sunday 2026-08-16 - Found: YES
  check_in: '11:00:00', work: -4
  -> Has valid check_in
  -> ADDED to worked_sundays
Sunday 2026-08-23 - Found: YES
  check_in: '11:00:00', work: -4
  -> Has valid check_in
  -> ADDED to worked_sundays
Sunday 2026-08-30 - Found: YES
  check_in: '11:00:00', work: -4
  -> Has valid check_in
  -> ADDED to worked_sundays
Total worked Sundays: 3

=== WO DEBUG 2026-08-22 17:51:15 ===
User ID: 8737
Person ID: FNM1924
Month: 08, Year: 2026
Sunday 2026-08-02 - Found: YES
  check_in: '', work: 0
  -> NOT ADDED (no checkin)
Sunday 2026-08-09 - Found: YES
  check_in: '09:23:59', work: 9.28
  -> Has valid check_in
  -> Has work hours > 0
  -> ADDED to worked_sundays
Sunday 2026-08-16 - Found: YES
  check_in: '09:00:00', work: -3
  -> Has valid check_in
  -> ADDED to worked_sundays
Sunday 2026-08-23 - Found: NO
  -> NOT ADDED (no checkin)
Sunday 2026-08-30 - Found: NO
  -> NOT ADDED (no checkin)
Total worked Sundays: 2

=== WO DEBUG 2026-08-22 17:56:15 ===
User ID: 7929
Person ID: FNM0010
Month: 08, Year: 2026
Sunday 2026-08-02 - Found: YES
  check_in: '', work: 0
  -> NOT ADDED (no checkin)
Sunday 2026-08-09 - Found: YES
  check_in: '', work: 0
  -> NOT ADDED (no checkin)
Sunday 2026-08-16 - Found: YES
  check_in: '11:00:00', work: -4
  -> Has valid check_in
  -> ADDED to worked_sundays
Sunday 2026-08-23 - Found: YES
  check_in: '11:00:00', work: -4
  -> Has valid check_in
  -> ADDED to worked_sundays
Sunday 2026-08-30 - Found: YES
  check_in: '11:00:00', work: -4
  -> Has valid check_in
  -> ADDED to worked_sundays
Total worked Sundays: 3

=== WO DEBUG 2026-08-22 17:56:16 ===
User ID: 8737
Person ID: FNM1924
Month: 08, Year: 2026
Sunday 2026-08-02 - Found: YES
  check_in: '', work: 0
  -> NOT ADDED (no checkin)
Sunday 2026-08-09 - Found: YES
  check_in: '09:23:59', work: 9.28
  -> Has valid check_in
  -> Has work hours > 0
  -> ADDED to worked_sundays
Sunday 2026-08-16 - Found: YES
  check_in: '09:00:00', work: -3
  -> Has valid check_in
  -> ADDED to worked_sundays
Sunday 2026-08-23 - Found: NO
  -> NOT ADDED (no checkin)
Sunday 2026-08-30 - Found: NO
  -> NOT ADDED (no checkin)
Total worked Sundays: 2

=== WO DEBUG 2026-08-22 18:01:16 ===
User ID: 7929
Person ID: FNM0010
Month: 08, Year: 2026
Sunday 2026-08-02 - Found: YES
  check_in: '', work: 0
  -> NOT ADDED (no checkin)
Sunday 2026-08-09 - Found: YES
  check_in: '', work: 0
  -> NOT ADDED (no checkin)
Sunday 2026-08-16 - Found: YES
  check_in: '11:00:00', work: -4
  -> Has valid check_in
  -> ADDED to worked_sundays
Sunday 2026-08-23 - Found: YES
  check_in: '11:00:00', work: -4
  -> Has valid check_in
  -> ADDED to worked_sundays
Sunday 2026-08-30 - Found: YES
  check_in: '11:00:00', work: -4
  -> Has valid check_in
  -> ADDED to worked_sundays
Total worked Sundays: 3

=== WO DEBUG 2026-08-22 18:01:17 ===
User ID: 8737
Person ID: FNM1924
Month: 08, Year: 2026
Sunday 2026-08-02 - Found: YES
  check_in: '', work: 0
  -> NOT ADDED (no checkin)
Sunday 2026-08-09 - Found: YES
  check_in: '09:23:59', work: 9.28
  -> Has valid check_in
  -> Has work hours > 0
  -> ADDED to worked_sundays
Sunday 2026-08-16 - Found: YES
  check_in: '09:00:00', work: -3
  -> Has valid check_in
  -> ADDED to worked_sundays
Sunday 2026-08-23 - Found: NO
  -> NOT ADDED (no checkin)
Sunday 2026-08-30 - Found: NO
  -> NOT ADDED (no checkin)
Total worked Sundays: 2

=== WO DEBUG 2026-08-22 18:06:17 ===
User ID: 7929
Person ID: FNM0010
Month: 08, Year: 2026
Sunday 2026-08-02 - Found: YES
  check_in: '', work: 0
  -> NOT ADDED (no checkin)
Sunday 2026-08-09 - Found: YES
  check_in: '', work: 0
  -> NOT ADDED (no checkin)
Sunday 2026-08-16 - Found: YES
  check_in: '11:00:00', work: -4
  -> Has valid check_in
  -> ADDED to worked_sundays
Sunday 2026-08-23 - Found: YES
  check_in: '11:00:00', work: -4
  -> Has valid check_in
  -> ADDED to worked_sundays
Sunday 2026-08-30 - Found: YES
  check_in: '11:00:00', work: -4
  -> Has valid check_in
  -> ADDED to worked_sundays
Total worked Sundays: 3

=== WO DEBUG 2026-08-22 18:06:18 ===
User ID: 8737
Person ID: FNM1924
Month: 08, Year: 2026
Sunday 2026-08-02 - Found: YES
  check_in: '', work: 0
  -> NOT ADDED (no checkin)
Sunday 2026-08-09 - Found: YES
  check_in: '09:23:59', work: 9.28
  -> Has valid check_in
  -> Has work hours > 0
  -> ADDED to worked_sundays
Sunday 2026-08-16 - Found: YES
  check_in: '09:00:00', work: -3
  -> Has valid check_in
  -> ADDED to worked_sundays
Sunday 2026-08-23 - Found: NO
  -> NOT ADDED (no checkin)
Sunday 2026-08-30 - Found: NO
  -> NOT ADDED (no checkin)
Total worked Sundays: 2

=== WO DEBUG 2026-08-22 18:11:18 ===
User ID: 7929
Person ID: FNM0010
Month: 08, Year: 2026
Sunday 2026-08-02 - Found: YES
  check_in: '', work: 0
  -> NOT ADDED (no checkin)
Sunday 2026-08-09 - Found: YES
  check_in: '', work: 0
  -> NOT ADDED (no checkin)
Sunday 2026-08-16 - Found: YES
  check_in: '11:00:00', work: -4
  -> Has valid check_in
  -> ADDED to worked_sundays
Sunday 2026-08-23 - Found: YES
  check_in: '11:00:00', work: -4
  -> Has valid check_in
  -> ADDED to worked_sundays
Sunday 2026-08-30 - Found: YES
  check_in: '11:00:00', work: -4
  -> Has valid check_in
  -> ADDED to worked_sundays
Total worked Sundays: 3

=== WO DEBUG 2026-08-22 18:11:19 ===
User ID: 8737
Person ID: FNM1924
Month: 08, Year: 2026
Sunday 2026-08-02 - Found: YES
  check_in: '', work: 0
  -> NOT ADDED (no checkin)
Sunday 2026-08-09 - Found: YES
  check_in: '09:23:59', work: 9.28
  -> Has valid check_in
  -> Has work hours > 0
  -> ADDED to worked_sundays
Sunday 2026-08-16 - Found: YES
  check_in: '09:00:00', work: -3
  -> Has valid check_in
  -> ADDED to worked_sundays
Sunday 2026-08-23 - Found: NO
  -> NOT ADDED (no checkin)
Sunday 2026-08-30 - Found: NO
  -> NOT ADDED (no checkin)
Total worked Sundays: 2

=== WO DEBUG 2026-08-22 18:16:19 ===
User ID: 7929
Person ID: FNM0010
Month: 08, Year: 2026
Sunday 2026-08-02 - Found: YES
  check_in: '', work: 0
  -> NOT ADDED (no checkin)
Sunday 2026-08-09 - Found: YES
  check_in: '', work: 0
  -> NOT ADDED (no checkin)
Sunday 2026-08-16 - Found: YES
  check_in: '11:00:00', work: -4
  -> Has valid check_in
  -> ADDED to worked_sundays
Sunday 2026-08-23 - Found: YES
  check_in: '11:00:00', work: -4
  -> Has valid check_in
  -> ADDED to worked_sundays
Sunday 2026-08-30 - Found: YES
  check_in: '11:00:00', work: -4
  -> Has valid check_in
  -> ADDED to worked_sundays
Total worked Sundays: 3

=== WO DEBUG 2026-08-22 18:16:20 ===
User ID: 8737
Person ID: FNM1924
Month: 08, Year: 2026
Sunday 2026-08-02 - Found: YES
  check_in: '', work: 0
  -> NOT ADDED (no checkin)
Sunday 2026-08-09 - Found: YES
  check_in: '09:23:59', work: 9.28
  -> Has valid check_in
  -> Has work hours > 0
  -> ADDED to worked_sundays
Sunday 2026-08-16 - Found: YES
  check_in: '09:00:00', work: -3
  -> Has valid check_in
  -> ADDED to worked_sundays
Sunday 2026-08-23 - Found: NO
  -> NOT ADDED (no checkin)
Sunday 2026-08-30 - Found: NO
  -> NOT ADDED (no checkin)
Total worked Sundays: 2

=== WO DEBUG 2026-08-22 18:21:20 ===
User ID: 7929
Person ID: FNM0010
Month: 08, Year: 2026
Sunday 2026-08-02 - Found: YES
  check_in: '', work: 0
  -> NOT ADDED (no checkin)
Sunday 2026-08-09 - Found: YES
  check_in: '', work: 0
  -> NOT ADDED (no checkin)
Sunday 2026-08-16 - Found: YES
  check_in: '11:00:00', work: -4
  -> Has valid check_in
  -> ADDED to worked_sundays
Sunday 2026-08-23 - Found: YES
  check_in: '11:00:00', work: -4
  -> Has valid check_in
  -> ADDED to worked_sundays
Sunday 2026-08-30 - Found: YES
  check_in: '11:00:00', work: -4
  -> Has valid check_in
  -> ADDED to worked_sundays
Total worked Sundays: 3

=== WO DEBUG 2026-08-22 18:21:21 ===
User ID: 8737
Person ID: FNM1924
Month: 08, Year: 2026
Sunday 2026-08-02 - Found: YES
  check_in: '', work: 0
  -> NOT ADDED (no checkin)
Sunday 2026-08-09 - Found: YES
  check_in: '09:23:59', work: 9.28
  -> Has valid check_in
  -> Has work hours > 0
  -> ADDED to worked_sundays
Sunday 2026-08-16 - Found: YES
  check_in: '09:00:00', work: -3
  -> Has valid check_in
  -> ADDED to worked_sundays
Sunday 2026-08-23 - Found: NO
  -> NOT ADDED (no checkin)
Sunday 2026-08-30 - Found: NO
  -> NOT ADDED (no checkin)
Total worked Sundays: 2

=== WO DEBUG 2026-08-22 18:26:21 ===
User ID: 7929
Person ID: FNM0010
Month: 08, Year: 2026
Sunday 2026-08-02 - Found: YES
  check_in: '', work: 0
  -> NOT ADDED (no checkin)
Sunday 2026-08-09 - Found: YES
  check_in: '', work: 0
  -> NOT ADDED (no checkin)
Sunday 2026-08-16 - Found: YES
  check_in: '11:00:00', work: -4
  -> Has valid check_in
  -> ADDED to worked_sundays
Sunday 2026-08-23 - Found: YES
  check_in: '11:00:00', work: -4
  -> Has valid check_in
  -> ADDED to worked_sundays
Sunday 2026-08-30 - Found: YES
  check_in: '11:00:00', work: -4
  -> Has valid check_in
  -> ADDED to worked_sundays
Total worked Sundays: 3

=== WO DEBUG 2026-08-22 18:26:22 ===
User ID: 8737
Person ID: FNM1924
Month: 08, Year: 2026
Sunday 2026-08-02 - Found: YES
  check_in: '', work: 0
  -> NOT ADDED (no checkin)
Sunday 2026-08-09 - Found: YES
  check_in: '09:23:59', work: 9.28
  -> Has valid check_in
  -> Has work hours > 0
  -> ADDED to worked_sundays
Sunday 2026-08-16 - Found: YES
  check_in: '09:00:00', work: -3
  -> Has valid check_in
  -> ADDED to worked_sundays
Sunday 2026-08-23 - Found: NO
  -> NOT ADDED (no checkin)
Sunday 2026-08-30 - Found: NO
  -> NOT ADDED (no checkin)
Total worked Sundays: 2

=== WO DEBUG 2026-08-22 18:29:48 ===
User ID: 7929
Person ID: FNM0010
Month: 08, Year: 2026
Sunday 2026-08-02 - Found: YES
  check_in: '', work: 0
  -> NOT ADDED (no checkin)
Sunday 2026-08-09 - Found: YES
  check_in: '', work: 0
  -> NOT ADDED (no checkin)
Sunday 2026-08-16 - Found: YES
  check_in: '11:00:00', work: -4
  -> Has valid check_in
  -> ADDED to worked_sundays
Sunday 2026-08-23 - Found: YES
  check_in: '11:00:00', work: -4
  -> Has valid check_in
  -> ADDED to worked_sundays
Sunday 2026-08-30 - Found: YES
  check_in: '11:00:00', work: -4
  -> Has valid check_in
  -> ADDED to worked_sundays
Total worked Sundays: 3

=== WO DEBUG 2026-08-22 18:30:35 ===
User ID: 8737
Person ID: FNM1924
Month: 08, Year: 2026
Sunday 2026-08-02 - Found: YES
  check_in: '', work: 0
  -> NOT ADDED (no checkin)
Sunday 2026-08-09 - Found: YES
  check_in: '09:23:59', work: 9.28
  -> Has valid check_in
  -> Has work hours > 0
  -> ADDED to worked_sundays
Sunday 2026-08-16 - Found: YES
  check_in: '09:00:00', work: -3
  -> Has valid check_in
  -> ADDED to worked_sundays
Sunday 2026-08-23 - Found: NO
  -> NOT ADDED (no checkin)
Sunday 2026-08-30 - Found: NO
  -> NOT ADDED (no checkin)
Total worked Sundays: 2

=== WO DEBUG 2026-08-22 18:30:47 ===
User ID: 8737
Person ID: FNM1924
Month: 08, Year: 2026
Sunday 2026-08-02 - Found: YES
  check_in: '', work: 0
  -> NOT ADDED (no checkin)
Sunday 2026-08-09 - Found: YES
  check_in: '09:23:59', work: 9.28
  -> Has valid check_in
  -> Has work hours > 0
  -> ADDED to worked_sundays
Sunday 2026-08-16 - Found: YES
  check_in: '09:00:00', work: -3
  -> Has valid check_in
  -> ADDED to worked_sundays
Sunday 2026-08-23 - Found: NO
  -> NOT ADDED (no checkin)
Sunday 2026-08-30 - Found: NO
  -> NOT ADDED (no checkin)
Total worked Sundays: 2

=== WO DEBUG 2026-08-22 18:35:48 ===
User ID: 8737
Person ID: FNM1924
Month: 08, Year: 2026
Sunday 2026-08-02 - Found: YES
  check_in: '', work: 0
  -> NOT ADDED (no checkin)
Sunday 2026-08-09 - Found: YES
  check_in: '09:23:59', work: 9.28
  -> Has valid check_in
  -> Has work hours > 0
  -> ADDED to worked_sundays
Sunday 2026-08-16 - Found: YES
  check_in: '09:00:00', work: -3
  -> Has valid check_in
  -> ADDED to worked_sundays
Sunday 2026-08-23 - Found: NO
  -> NOT ADDED (no checkin)
Sunday 2026-08-30 - Found: NO
  -> NOT ADDED (no checkin)
Total worked Sundays: 2

=== WO DEBUG 2026-08-22 18:40:49 ===
User ID: 8737
Person ID: FNM1924
Month: 08, Year: 2026
Sunday 2026-08-02 - Found: YES
  check_in: '', work: 0
  -> NOT ADDED (no checkin)
Sunday 2026-08-09 - Found: YES
  check_in: '09:23:59', work: 9.28
  -> Has valid check_in
  -> Has work hours > 0
  -> ADDED to worked_sundays
Sunday 2026-08-16 - Found: YES
  check_in: '09:00:00', work: -3
  -> Has valid check_in
  -> ADDED to worked_sundays
Sunday 2026-08-23 - Found: NO
  -> NOT ADDED (no checkin)
Sunday 2026-08-30 - Found: NO
  -> NOT ADDED (no checkin)
Total worked Sundays: 2

=== WO DEBUG 2026-08-22 18:45:50 ===
User ID: 8737
Person ID: FNM1924
Month: 08, Year: 2026
Sunday 2026-08-02 - Found: YES
  check_in: '', work: 0
  -> NOT ADDED (no checkin)
Sunday 2026-08-09 - Found: YES
  check_in: '09:23:59', work: 9.28
  -> Has valid check_in
  -> Has work hours > 0
  -> ADDED to worked_sundays
Sunday 2026-08-16 - Found: YES
  check_in: '09:00:00', work: -3
  -> Has valid check_in
  -> ADDED to worked_sundays
Sunday 2026-08-23 - Found: NO
  -> NOT ADDED (no checkin)
Sunday 2026-08-30 - Found: NO
  -> NOT ADDED (no checkin)
Total worked Sundays: 2

=== WO DEBUG 2026-08-22 18:50:51 ===
User ID: 8737
Person ID: FNM1924
Month: 08, Year: 2026
Sunday 2026-08-02 - Found: YES
  check_in: '', work: 0
  -> NOT ADDED (no checkin)
Sunday 2026-08-09 - Found: YES
  check_in: '09:23:59', work: 9.28
  -> Has valid check_in
  -> Has work hours > 0
  -> ADDED to worked_sundays
Sunday 2026-08-16 - Found: YES
  check_in: '09:00:00', work: -3
  -> Has valid check_in
  -> ADDED to worked_sundays
Sunday 2026-08-23 - Found: NO
  -> NOT ADDED (no checkin)
Sunday 2026-08-30 - Found: NO
  -> NOT ADDED (no checkin)
Total worked Sundays: 2

=== WO DEBUG 2026-08-22 18:55:52 ===
User ID: 8737
Person ID: FNM1924
Month: 08, Year: 2026
Sunday 2026-08-02 - Found: YES
  check_in: '', work: 0
  -> NOT ADDED (no checkin)
Sunday 2026-08-09 - Found: YES
  check_in: '09:23:59', work: 9.28
  -> Has valid check_in
  -> Has work hours > 0
  -> ADDED to worked_sundays
Sunday 2026-08-16 - Found: YES
  check_in: '09:00:00', work: -3
  -> Has valid check_in
  -> ADDED to worked_sundays
Sunday 2026-08-23 - Found: NO
  -> NOT ADDED (no checkin)
Sunday 2026-08-30 - Found: NO
  -> NOT ADDED (no checkin)
Total worked Sundays: 2

=== WO DEBUG 2026-08-22 19:00:53 ===
User ID: 8737
Person ID: FNM1924
Month: 08, Year: 2026
Sunday 2026-08-02 - Found: YES
  check_in: '', work: 0
  -> NOT ADDED (no checkin)
Sunday 2026-08-09 - Found: YES
  check_in: '09:23:59', work: 9.28
  -> Has valid check_in
  -> Has work hours > 0
  -> ADDED to worked_sundays
Sunday 2026-08-16 - Found: YES
  check_in: '09:00:00', work: -3
  -> Has valid check_in
  -> ADDED to worked_sundays
Sunday 2026-08-23 - Found: NO
  -> NOT ADDED (no checkin)
Sunday 2026-08-30 - Found: NO
  -> NOT ADDED (no checkin)
Total worked Sundays: 2

=== WO DEBUG 2026-08-24 09:40:03 ===
User ID: 8737
Person ID: FNM1924
Month: 08, Year: 2026
Sunday 2026-08-02 - Found: YES
  check_in: '', work: 0
  -> NOT ADDED (no checkin)
Sunday 2026-08-09 - Found: YES
  check_in: '09:23:59', work: 9.28
  -> Has valid check_in
  -> Has work hours > 0
  -> ADDED to worked_sundays
Sunday 2026-08-16 - Found: YES
  check_in: '09:00:00', work: -3
  -> Has valid check_in
  -> ADDED to worked_sundays
Sunday 2026-08-23 - Found: NO
  -> NOT ADDED (no checkin)
Sunday 2026-08-30 - Found: NO
  -> NOT ADDED (no checkin)
Total worked Sundays: 2

=== WO DEBUG 2026-08-24 09:45:04 ===
User ID: 8737
Person ID: FNM1924
Month: 08, Year: 2026
Sunday 2026-08-02 - Found: YES
  check_in: '', work: 0
  -> NOT ADDED (no checkin)
Sunday 2026-08-09 - Found: YES
  check_in: '09:23:59', work: 9.28
  -> Has valid check_in
  -> Has work hours > 0
  -> ADDED to worked_sundays (status: approved)
Sunday 2026-08-16 - Found: YES
  check_in: '09:00:00', work: -3
  -> Has valid check_in
  -> ADDED to worked_sundays (status: available)
Sunday 2026-08-23 - Found: NO
  -> NOT ADDED (no checkin)
Sunday 2026-08-30 - Found: NO
  -> NOT ADDED (no checkin)
Total worked Sundays: 2

=== WO DEBUG 2026-08-24 09:46:26 ===
User ID: 8737
Person ID: FNM1924
Month: 08, Year: 2026
Sunday 2026-08-02 - Found: YES
  check_in: '', work: 0
  -> NOT ADDED (no checkin)
Sunday 2026-08-09 - Found: YES
  check_in: '09:23:59', work: 9.28
  -> Has valid check_in
  -> Has work hours > 0
  -> ADDED to worked_sundays (status: approved)
Sunday 2026-08-16 - Found: YES
  check_in: '09:00:00', work: -3
  -> Has valid check_in
  -> ADDED to worked_sundays (status: available)
Sunday 2026-08-23 - Found: NO
  -> NOT ADDED (no checkin)
Sunday 2026-08-30 - Found: NO
  -> NOT ADDED (no checkin)
Total worked Sundays: 2

=== WO DEBUG 2026-08-24 09:49:33 ===
User ID: 8737
Person ID: FNM1924
Month: 08, Year: 2026
Sunday 2026-08-02 - Found: YES
  check_in: '', work: 0
  -> NOT ADDED (no checkin)
Sunday 2026-08-09 - Found: YES
  check_in: '09:23:59', work: 9.28
  -> Has valid check_in
  -> Has work hours > 0
  -> ADDED to worked_sundays (status: approved)
Sunday 2026-08-16 - Found: YES
  check_in: '09:00:00', work: -3
  -> Has valid check_in
  -> ADDED to worked_sundays (status: available)
Sunday 2026-08-23 - Found: NO
  -> NOT ADDED (no checkin)
Sunday 2026-08-30 - Found: NO
  -> NOT ADDED (no checkin)
Total worked Sundays: 2

=== WO DEBUG 2026-08-24 09:50:03 ===
User ID: 8737
Person ID: FNM1924
Month: 08, Year: 2026
Sunday 2026-08-02 - Found: YES
  check_in: '', work: 0
  -> NOT ADDED (no checkin)
Sunday 2026-08-09 - Found: YES
  check_in: '09:23:59', work: 9.28
  -> Has valid check_in
  -> Has work hours > 0
  -> ADDED to worked_sundays (status: approved)
Sunday 2026-08-16 - Found: YES
  check_in: '09:00:00', work: -3
  -> Has valid check_in
  -> ADDED to worked_sundays (status: available)
Sunday 2026-08-23 - Found: NO
  -> NOT ADDED (no checkin)
Sunday 2026-08-30 - Found: NO
  -> NOT ADDED (no checkin)
Total worked Sundays: 2

=== WO DEBUG 2026-08-24 09:50:10 ===
User ID: 8737
Person ID: FNM1924
Month: 08, Year: 2026
Sunday 2026-08-02 - Found: YES
  check_in: '', work: 0
  -> NOT ADDED (no checkin)
Sunday 2026-08-09 - Found: YES
  check_in: '09:23:59', work: 9.28
  -> Has valid check_in
  -> Has work hours > 0
  -> ADDED to worked_sundays (status: approved)
Sunday 2026-08-16 - Found: YES
  check_in: '09:00:00', work: -3
  -> Has valid check_in
  -> ADDED to worked_sundays (status: available)
Sunday 2026-08-23 - Found: NO
  -> NOT ADDED (no checkin)
Sunday 2026-08-30 - Found: NO
  -> NOT ADDED (no checkin)
Total worked Sundays: 2

=== WO DEBUG 2026-08-24 09:53:10 ===
User ID: 7929
Person ID: FNM0010
Month: 08, Year: 2026
Sunday 2026-08-02 - Found: YES
  check_in: '', work: 0
  -> NOT ADDED (no checkin)
Sunday 2026-08-09 - Found: YES
  check_in: '', work: 0
  -> NOT ADDED (no checkin)
Sunday 2026-08-16 - Found: YES
  check_in: '11:00:00', work: -4
  -> Has valid check_in
  -> ADDED to worked_sundays (status: available)
Sunday 2026-08-23 - Found: YES
  check_in: '11:00:00', work: -4
  -> Has valid check_in
  -> ADDED to worked_sundays (status: available)
Sunday 2026-08-30 - Found: YES
  check_in: '11:00:00', work: -4
  -> Has valid check_in
  -> ADDED to worked_sundays (status: available)
Total worked Sundays: 3

=== WO DEBUG 2026-08-24 09:53:16 ===
User ID: 7929
Person ID: FNM0010
Month: 08, Year: 2026
Sunday 2026-08-02 - Found: YES
  check_in: '', work: 0
  -> NOT ADDED (no checkin)
Sunday 2026-08-09 - Found: YES
  check_in: '', work: 0
  -> NOT ADDED (no checkin)
Sunday 2026-08-16 - Found: YES
  check_in: '11:00:00', work: -4
  -> Has valid check_in
  -> ADDED to worked_sundays (status: available)
Sunday 2026-08-23 - Found: YES
  check_in: '11:00:00', work: -4
  -> Has valid check_in
  -> ADDED to worked_sundays (status: available)
Sunday 2026-08-30 - Found: YES
  check_in: '11:00:00', work: -4
  -> Has valid check_in
  -> ADDED to worked_sundays (status: available)
Total worked Sundays: 3

=== WO DEBUG 2026-08-24 09:53:18 ===
User ID: 8737
Person ID: FNM1924
Month: 08, Year: 2026
Sunday 2026-08-02 - Found: YES
  check_in: '', work: 0
  -> NOT ADDED (no checkin)
Sunday 2026-08-09 - Found: YES
  check_in: '09:23:59', work: 9.28
  -> Has valid check_in
  -> Has work hours > 0
  -> ADDED to worked_sundays (status: approved)
Sunday 2026-08-16 - Found: YES
  check_in: '09:00:00', work: -3
  -> Has valid check_in
  -> ADDED to worked_sundays (status: available)
Sunday 2026-08-23 - Found: NO
  -> NOT ADDED (no checkin)
Sunday 2026-08-30 - Found: NO
  -> NOT ADDED (no checkin)
Total worked Sundays: 2

=== WO DEBUG 2026-08-24 09:58:17 ===
User ID: 7929
Person ID: FNM0010
Month: 08, Year: 2026
Sunday 2026-08-02 - Found: YES
  check_in: '', work: 0
  -> NOT ADDED (no checkin)
Sunday 2026-08-09 - Found: YES
  check_in: '', work: 0
  -> NOT ADDED (no checkin)
Sunday 2026-08-16 - Found: YES
  check_in: '11:00:00', work: -4
  -> Has valid check_in
  -> ADDED to worked_sundays (status: available)
Sunday 2026-08-23 - Found: YES
  check_in: '11:00:00', work: -4
  -> Has valid check_in
  -> ADDED to worked_sundays (status: available)
Sunday 2026-08-30 - Found: YES
  check_in: '11:00:00', work: -4
  -> Has valid check_in
  -> ADDED to worked_sundays (status: available)
Total worked Sundays: 3

=== WO DEBUG 2026-08-24 09:58:19 ===
User ID: 8737
Person ID: FNM1924
Month: 08, Year: 2026
Sunday 2026-08-02 - Found: YES
  check_in: '', work: 0
  -> NOT ADDED (no checkin)
Sunday 2026-08-09 - Found: YES
  check_in: '09:23:59', work: 9.28
  -> Has valid check_in
  -> Has work hours > 0
  -> ADDED to worked_sundays (status: approved)
Sunday 2026-08-16 - Found: YES
  check_in: '09:00:00', work: -3
  -> Has valid check_in
  -> ADDED to worked_sundays (status: available)
Sunday 2026-08-23 - Found: NO
  -> NOT ADDED (no checkin)
Sunday 2026-08-30 - Found: NO
  -> NOT ADDED (no checkin)
Total worked Sundays: 2

=== WO DEBUG 2026-08-24 10:03:18 ===
User ID: 7929
Person ID: FNM0010
Month: 08, Year: 2026
Sunday 2026-08-02 - Found: YES
  check_in: '', work: 0
  -> NOT ADDED (no checkin)
Sunday 2026-08-09 - Found: YES
  check_in: '', work: 0
  -> NOT ADDED (no checkin)
Sunday 2026-08-16 - Found: YES
  check_in: '11:00:00', work: -4
  -> Has valid check_in
  -> ADDED to worked_sundays (status: available)
Sunday 2026-08-23 - Found: YES
  check_in: '11:00:00', work: -4
  -> Has valid check_in
  -> ADDED to worked_sundays (status: available)
Sunday 2026-08-30 - Found: YES
  check_in: '11:00:00', work: -4
  -> Has valid check_in
  -> ADDED to worked_sundays (status: available)
Total worked Sundays: 3

=== WO DEBUG 2026-08-24 10:03:20 ===
User ID: 8737
Person ID: FNM1924
Month: 08, Year: 2026
Sunday 2026-08-02 - Found: YES
  check_in: '', work: 0
  -> NOT ADDED (no checkin)
Sunday 2026-08-09 - Found: YES
  check_in: '09:23:59', work: 9.28
  -> Has valid check_in
  -> Has work hours > 0
  -> ADDED to worked_sundays (status: approved)
Sunday 2026-08-16 - Found: YES
  check_in: '09:00:00', work: -3
  -> Has valid check_in
  -> ADDED to worked_sundays (status: available)
Sunday 2026-08-23 - Found: NO
  -> NOT ADDED (no checkin)
Sunday 2026-08-30 - Found: NO
  -> NOT ADDED (no checkin)
Total worked Sundays: 2

=== WO DEBUG 2026-08-24 10:08:19 ===
User ID: 7929
Person ID: FNM0010
Month: 08, Year: 2026
Sunday 2026-08-02 - Found: YES
  check_in: '', work: 0
  -> NOT ADDED (no checkin)
Sunday 2026-08-09 - Found: YES
  check_in: '', work: 0
  -> NOT ADDED (no checkin)
Sunday 2026-08-16 - Found: YES
  check_in: '11:00:00', work: -4
  -> Has valid check_in
  -> ADDED to worked_sundays (status: available)
Sunday 2026-08-23 - Found: YES
  check_in: '11:00:00', work: -4
  -> Has valid check_in
  -> ADDED to worked_sundays (status: available)
Sunday 2026-08-30 - Found: YES
  check_in: '11:00:00', work: -4
  -> Has valid check_in
  -> ADDED to worked_sundays (status: available)
Total worked Sundays: 3

=== WO DEBUG 2026-08-24 10:08:21 ===
User ID: 8737
Person ID: FNM1924
Month: 08, Year: 2026
Sunday 2026-08-02 - Found: YES
  check_in: '', work: 0
  -> NOT ADDED (no checkin)
Sunday 2026-08-09 - Found: YES
  check_in: '09:23:59', work: 9.28
  -> Has valid check_in
  -> Has work hours > 0
  -> ADDED to worked_sundays (status: approved)
Sunday 2026-08-16 - Found: YES
  check_in: '09:00:00', work: -3
  -> Has valid check_in
  -> ADDED to worked_sundays (status: available)
Sunday 2026-08-23 - Found: NO
  -> NOT ADDED (no checkin)
Sunday 2026-08-30 - Found: NO
  -> NOT ADDED (no checkin)
Total worked Sundays: 2

=== WO DEBUG 2026-08-24 10:13:20 ===
User ID: 7929
Person ID: FNM0010
Month: 08, Year: 2026
Sunday 2026-08-02 - Found: YES
  check_in: '', work: 0
  -> NOT ADDED (no checkin)
Sunday 2026-08-09 - Found: YES
  check_in: '', work: 0
  -> NOT ADDED (no checkin)
Sunday 2026-08-16 - Found: YES
  check_in: '11:00:00', work: -4
  -> Has valid check_in
  -> ADDED to worked_sundays (status: available)
Sunday 2026-08-23 - Found: YES
  check_in: '11:00:00', work: -4
  -> Has valid check_in
  -> ADDED to worked_sundays (status: available)
Sunday 2026-08-30 - Found: YES
  check_in: '11:00:00', work: -4
  -> Has valid check_in
  -> ADDED to worked_sundays (status: available)
Total worked Sundays: 3

=== WO DEBUG 2026-08-24 10:13:22 ===
User ID: 8737
Person ID: FNM1924
Month: 08, Year: 2026
Sunday 2026-08-02 - Found: YES
  check_in: '', work: 0
  -> NOT ADDED (no checkin)
Sunday 2026-08-09 - Found: YES
  check_in: '09:23:59', work: 9.28
  -> Has valid check_in
  -> Has work hours > 0
  -> ADDED to worked_sundays (status: approved)
Sunday 2026-08-16 - Found: YES
  check_in: '09:00:00', work: -3
  -> Has valid check_in
  -> ADDED to worked_sundays (status: available)
Sunday 2026-08-23 - Found: NO
  -> NOT ADDED (no checkin)
Sunday 2026-08-30 - Found: NO
  -> NOT ADDED (no checkin)
Total worked Sundays: 2

=== WO DEBUG 2026-08-24 10:18:21 ===
User ID: 7929
Person ID: FNM0010
Month: 08, Year: 2026
Sunday 2026-08-02 - Found: YES
  check_in: '', work: 0
  -> NOT ADDED (no checkin)
Sunday 2026-08-09 - Found: YES
  check_in: '', work: 0
  -> NOT ADDED (no checkin)
Sunday 2026-08-16 - Found: YES
  check_in: '11:00:00', work: -4
  -> Has valid check_in
  -> ADDED to worked_sundays (status: available)
Sunday 2026-08-23 - Found: YES
  check_in: '11:00:00', work: -4
  -> Has valid check_in
  -> ADDED to worked_sundays (status: available)
Sunday 2026-08-30 - Found: YES
  check_in: '11:00:00', work: -4
  -> Has valid check_in
  -> ADDED to worked_sundays (status: available)
Total worked Sundays: 3

=== WO DEBUG 2026-08-24 10:18:23 ===
User ID: 8737
Person ID: FNM1924
Month: 08, Year: 2026
Sunday 2026-08-02 - Found: YES
  check_in: '', work: 0
  -> NOT ADDED (no checkin)
Sunday 2026-08-09 - Found: YES
  check_in: '09:23:59', work: 9.28
  -> Has valid check_in
  -> Has work hours > 0
  -> ADDED to worked_sundays (status: approved)
Sunday 2026-08-16 - Found: YES
  check_in: '09:00:00', work: -3
  -> Has valid check_in
  -> ADDED to worked_sundays (status: available)
Sunday 2026-08-23 - Found: NO
  -> NOT ADDED (no checkin)
Sunday 2026-08-30 - Found: NO
  -> NOT ADDED (no checkin)
Total worked Sundays: 2

=== WO DEBUG 2026-08-24 10:23:22 ===
User ID: 7929
Person ID: FNM0010
Month: 08, Year: 2026
Sunday 2026-08-02 - Found: YES
  check_in: '', work: 0
  -> NOT ADDED (no checkin)
Sunday 2026-08-09 - Found: YES
  check_in: '', work: 0
  -> NOT ADDED (no checkin)
Sunday 2026-08-16 - Found: YES
  check_in: '11:00:00', work: -4
  -> Has valid check_in
  -> ADDED to worked_sundays (status: available)
Sunday 2026-08-23 - Found: YES
  check_in: '11:00:00', work: -4
  -> Has valid check_in
  -> ADDED to worked_sundays (status: available)
Sunday 2026-08-30 - Found: YES
  check_in: '11:00:00', work: -4
  -> Has valid check_in
  -> ADDED to worked_sundays (status: available)
Total worked Sundays: 3

=== WO DEBUG 2026-08-24 10:23:24 ===
User ID: 8737
Person ID: FNM1924
Month: 08, Year: 2026
Sunday 2026-08-02 - Found: YES
  check_in: '', work: 0
  -> NOT ADDED (no checkin)
Sunday 2026-08-09 - Found: YES
  check_in: '09:23:59', work: 9.28
  -> Has valid check_in
  -> Has work hours > 0
  -> ADDED to worked_sundays (status: approved)
Sunday 2026-08-16 - Found: YES
  check_in: '09:00:00', work: -3
  -> Has valid check_in
  -> ADDED to worked_sundays (status: available)
Sunday 2026-08-23 - Found: NO
  -> NOT ADDED (no checkin)
Sunday 2026-08-30 - Found: NO
  -> NOT ADDED (no checkin)
Total worked Sundays: 2

=== WO DEBUG 2026-08-24 10:28:23 ===
User ID: 7929
Person ID: FNM0010
Month: 08, Year: 2026
Sunday 2026-08-02 - Found: YES
  check_in: '', work: 0
  -> NOT ADDED (no checkin)
Sunday 2026-08-09 - Found: YES
  check_in: '', work: 0
  -> NOT ADDED (no checkin)
Sunday 2026-08-16 - Found: YES
  check_in: '11:00:00', work: -4
  -> Has valid check_in
  -> ADDED to worked_sundays (status: available)
Sunday 2026-08-23 - Found: YES
  check_in: '11:00:00', work: -4
  -> Has valid check_in
  -> ADDED to worked_sundays (status: available)
Sunday 2026-08-30 - Found: YES
  check_in: '11:00:00', work: -4
  -> Has valid check_in
  -> ADDED to worked_sundays (status: available)
Total worked Sundays: 3

=== WO DEBUG 2026-08-24 10:28:25 ===
User ID: 8737
Person ID: FNM1924
Month: 08, Year: 2026
Sunday 2026-08-02 - Found: YES
  check_in: '', work: 0
  -> NOT ADDED (no checkin)
Sunday 2026-08-09 - Found: YES
  check_in: '09:23:59', work: 9.28
  -> Has valid check_in
  -> Has work hours > 0
  -> ADDED to worked_sundays (status: approved)
Sunday 2026-08-16 - Found: YES
  check_in: '09:00:00', work: -3
  -> Has valid check_in
  -> ADDED to worked_sundays (status: available)
Sunday 2026-08-23 - Found: NO
  -> NOT ADDED (no checkin)
Sunday 2026-08-30 - Found: NO
  -> NOT ADDED (no checkin)
Total worked Sundays: 2

=== WO DEBUG 2026-08-24 10:30:58 ===
User ID: 8737
Person ID: FNM1924
Month: 08, Year: 2026
Sunday 2026-08-02 - Found: YES
  check_in: '', work: 0
  -> NOT ADDED (no checkin)
Sunday 2026-08-09 - Found: YES
  check_in: '09:23:59', work: 9.28
  -> Has valid check_in
  -> Has work hours > 0
  -> ADDED to worked_sundays (status: approved)
Sunday 2026-08-16 - Found: YES
  check_in: '09:00:00', work: -3
  -> Has valid check_in
  -> ADDED to worked_sundays (status: available)
Sunday 2026-08-23 - Found: NO
  -> NOT ADDED (no checkin)
Sunday 2026-08-30 - Found: NO
  -> NOT ADDED (no checkin)
Total worked Sundays: 2

=== WO DEBUG 2026-08-24 10:30:59 ===
User ID: 8737
Person ID: FNM1924
Month: 08, Year: 2026
Sunday 2026-08-02 - Found: YES
  check_in: '', work: 0
  -> NOT ADDED (no checkin)
Sunday 2026-08-09 - Found: YES
  check_in: '09:23:59', work: 9.28
  -> Has valid check_in
  -> Has work hours > 0
  -> ADDED to worked_sundays (status: approved)
Sunday 2026-08-16 - Found: YES
  check_in: '09:00:00', work: -3
  -> Has valid check_in
  -> ADDED to worked_sundays (status: available)
Sunday 2026-08-23 - Found: NO
  -> NOT ADDED (no checkin)
Sunday 2026-08-30 - Found: NO
  -> NOT ADDED (no checkin)
Total worked Sundays: 2

=== WO DEBUG 2026-08-24 10:31:18 ===
User ID: 8737
Person ID: FNM1924
Month: 08, Year: 2026
Sunday 2026-08-02 - Found: YES
  check_in: '', work: 0
  -> NOT ADDED (no checkin)
Sunday 2026-08-09 - Found: YES
  check_in: '09:23:59', work: 9.28
  -> Has valid check_in
  -> Has work hours > 0
  -> ADDED to worked_sundays (status: approved)
Sunday 2026-08-16 - Found: YES
  check_in: '09:00:00', work: -3
  -> Has valid check_in
  -> ADDED to worked_sundays (status: available)
Sunday 2026-08-23 - Found: NO
  -> NOT ADDED (no checkin)
Sunday 2026-08-30 - Found: NO
  -> NOT ADDED (no checkin)
Total worked Sundays: 2

=== WO DEBUG 2026-08-24 10:32:39 ===
User ID: 8737
Person ID: FNM1924
Month: 08, Year: 2026
Sunday 2026-08-02 - Found: YES
  check_in: '', work: 0
  -> NOT ADDED (no checkin)
Sunday 2026-08-09 - Found: YES
  check_in: '09:23:59', work: 9.28
  -> Has valid check_in
  -> Has work hours > 0
  -> ADDED to worked_sundays (status: approved)
Sunday 2026-08-16 - Found: YES
  check_in: '09:00:00', work: -3
  -> Has valid check_in
  -> ADDED to worked_sundays (status: available)
Sunday 2026-08-23 - Found: NO
  -> NOT ADDED (no checkin)
Sunday 2026-08-30 - Found: NO
  -> NOT ADDED (no checkin)
Total worked Sundays: 2

=== WO DEBUG 2026-08-24 10:32:40 ===
User ID: 8737
Person ID: FNM1924
Month: 08, Year: 2026
Sunday 2026-08-02 - Found: YES
  check_in: '', work: 0
  -> NOT ADDED (no checkin)
Sunday 2026-08-09 - Found: YES
  check_in: '09:23:59', work: 9.28
  -> Has valid check_in
  -> Has work hours > 0
  -> ADDED to worked_sundays (status: approved)
Sunday 2026-08-16 - Found: YES
  check_in: '09:00:00', work: -3
  -> Has valid check_in
  -> ADDED to worked_sundays (status: available)
Sunday 2026-08-23 - Found: NO
  -> NOT ADDED (no checkin)
Sunday 2026-08-30 - Found: NO
  -> NOT ADDED (no checkin)
Total worked Sundays: 2

=== WO DEBUG 2026-08-24 10:33:24 ===
User ID: 7929
Person ID: FNM0010
Month: 08, Year: 2026
Sunday 2026-08-02 - Found: YES
  check_in: '', work: 0
  -> NOT ADDED (no checkin)
Sunday 2026-08-09 - Found: YES
  check_in: '', work: 0
  -> NOT ADDED (no checkin)
Sunday 2026-08-16 - Found: YES
  check_in: '11:00:00', work: -4
  -> Has valid check_in
  -> ADDED to worked_sundays (status: available)
Sunday 2026-08-23 - Found: YES
  check_in: '11:00:00', work: -4
  -> Has valid check_in
  -> ADDED to worked_sundays (status: available)
Sunday 2026-08-30 - Found: YES
  check_in: '11:00:00', work: -4
  -> Has valid check_in
  -> ADDED to worked_sundays (status: available)
Total worked Sundays: 3

=== WO DEBUG 2026-08-24 10:33:58 ===
User ID: 8737
Person ID: FNM1924
Month: 08, Year: 2026
Sunday 2026-08-02 - Found: YES
  check_in: '', work: 0
  -> NOT ADDED (no checkin)
Sunday 2026-08-09 - Found: YES
  check_in: '09:23:59', work: 9.28
  -> Has valid check_in
  -> Has work hours > 0
  -> ADDED to worked_sundays (status: approved)
Sunday 2026-08-16 - Found: YES
  check_in: '09:00:00', work: -3
  -> Has valid check_in
  -> ADDED to worked_sundays (status: available)
Sunday 2026-08-23 - Found: NO
  -> NOT ADDED (no checkin)
Sunday 2026-08-30 - Found: NO
  -> NOT ADDED (no checkin)
Total worked Sundays: 2

=== WO DEBUG 2026-08-24 10:33:59 ===
User ID: 8737
Person ID: FNM1924
Month: 08, Year: 2026
Sunday 2026-08-02 - Found: YES
  check_in: '', work: 0
  -> NOT ADDED (no checkin)
Sunday 2026-08-09 - Found: YES
  check_in: '09:23:59', work: 9.28
  -> Has valid check_in
  -> Has work hours > 0
  -> ADDED to worked_sundays (status: approved)
Sunday 2026-08-16 - Found: YES
  check_in: '09:00:00', work: -3
  -> Has valid check_in
  -> ADDED to worked_sundays (status: available)
Sunday 2026-08-23 - Found: NO
  -> NOT ADDED (no checkin)
Sunday 2026-08-30 - Found: NO
  -> NOT ADDED (no checkin)
Total worked Sundays: 2

=== WO DEBUG 2026-08-24 10:35:40 ===
User ID: 8737
Person ID: FNM1924
Month: 08, Year: 2026
Sunday 2026-08-02 - Found: YES
  check_in: '', work: 0
  -> NOT ADDED (no checkin)
Sunday 2026-08-09 - Found: YES
  check_in: '09:23:59', work: 9.28
  -> Has valid check_in
  -> Has work hours > 0
  -> ADDED to worked_sundays (status: approved)
Sunday 2026-08-16 - Found: YES
  check_in: '09:00:00', work: -3
  -> Has valid check_in
  -> ADDED to worked_sundays (status: available)
Sunday 2026-08-23 - Found: NO
  -> NOT ADDED (no checkin)
Sunday 2026-08-30 - Found: NO
  -> NOT ADDED (no checkin)
Total worked Sundays: 2

=== WO DEBUG 2026-08-24 10:35:41 ===
User ID: 8737
Person ID: FNM1924
Month: 08, Year: 2026
Sunday 2026-08-02 - Found: YES
  check_in: '', work: 0
  -> NOT ADDED (no checkin)
Sunday 2026-08-09 - Found: YES
  check_in: '09:23:59', work: 9.28
  -> Has valid check_in
  -> Has work hours > 0
  -> ADDED to worked_sundays (status: approved)
Sunday 2026-08-16 - Found: YES
  check_in: '09:00:00', work: -3
  -> Has valid check_in
  -> ADDED to worked_sundays (status: available)
Sunday 2026-08-23 - Found: NO
  -> NOT ADDED (no checkin)
Sunday 2026-08-30 - Found: NO
  -> NOT ADDED (no checkin)
Total worked Sundays: 2

=== WO DEBUG 2026-08-24 10:35:51 ===
User ID: 8737
Person ID: FNM1924
Month: 08, Year: 2026
Sunday 2026-08-02 - Found: YES
  check_in: '', work: 0
  -> NOT ADDED (no checkin)
Sunday 2026-08-09 - Found: YES
  check_in: '09:23:59', work: 9.28
  -> Has valid check_in
  -> Has work hours > 0
  -> ADDED to worked_sundays (status: approved)
Sunday 2026-08-16 - Found: YES
  check_in: '09:00:00', work: -3
  -> Has valid check_in
  -> ADDED to worked_sundays (status: available)
Sunday 2026-08-23 - Found: NO
  -> NOT ADDED (no checkin)
Sunday 2026-08-30 - Found: NO
  -> NOT ADDED (no checkin)
Total worked Sundays: 2

=== WO DEBUG 2026-08-24 10:37:00 ===
User ID: 8737
Person ID: FNM1924
Month: 08, Year: 2026
Sunday 2026-08-02 - Found: YES
  check_in: '', work: 0
  -> NOT ADDED (no checkin)
Sunday 2026-08-09 - Found: YES
  check_in: '09:23:59', work: 9.28
  -> Has valid check_in
  -> Has work hours > 0
  -> ADDED to worked_sundays (status: approved)
Sunday 2026-08-16 - Found: YES
  check_in: '09:00:00', work: -3
  -> Has valid check_in
  -> ADDED to worked_sundays (status: available)
Sunday 2026-08-23 - Found: NO
  -> NOT ADDED (no checkin)
Sunday 2026-08-30 - Found: NO
  -> NOT ADDED (no checkin)
Total worked Sundays: 2

=== WO DEBUG 2026-08-24 10:37:01 ===
User ID: 8737
Person ID: FNM1924
Month: 08, Year: 2026
Sunday 2026-08-02 - Found: YES
  check_in: '', work: 0
  -> NOT ADDED (no checkin)
Sunday 2026-08-09 - Found: YES
  check_in: '09:23:59', work: 9.28
  -> Has valid check_in
  -> Has work hours > 0
  -> ADDED to worked_sundays (status: approved)
Sunday 2026-08-16 - Found: YES
  check_in: '09:00:00', work: -3
  -> Has valid check_in
  -> ADDED to worked_sundays (status: available)
Sunday 2026-08-23 - Found: NO
  -> NOT ADDED (no checkin)
Sunday 2026-08-30 - Found: NO
  -> NOT ADDED (no checkin)
Total worked Sundays: 2

=== WO DEBUG 2026-08-24 10:37:03 ===
User ID: 8737
Person ID: FNM1924
Month: 08, Year: 2026
Sunday 2026-08-02 - Found: YES
  check_in: '', work: 0
  -> NOT ADDED (no checkin)
Sunday 2026-08-09 - Found: YES
  check_in: '09:23:59', work: 9.28
  -> Has valid check_in
  -> Has work hours > 0
  -> ADDED to worked_sundays (status: approved)
Sunday 2026-08-16 - Found: YES
  check_in: '09:00:00', work: -3
  -> Has valid check_in
  -> ADDED to worked_sundays (status: available)
Sunday 2026-08-23 - Found: NO
  -> NOT ADDED (no checkin)
Sunday 2026-08-30 - Found: NO
  -> NOT ADDED (no checkin)
Total worked Sundays: 2

=== WO DEBUG 2026-08-24 10:37:15 ===
User ID: 8737
Person ID: FNM1924
Month: 08, Year: 2026
Sunday 2026-08-02 - Found: YES
  check_in: '', work: 0
  -> NOT ADDED (no checkin)
Sunday 2026-08-09 - Found: YES
  check_in: '09:23:59', work: 9.28
  -> Has valid check_in
  -> Has work hours > 0
  -> ADDED to worked_sundays (status: approved)
Sunday 2026-08-16 - Found: YES
  check_in: '09:00:00', work: -3
  -> Has valid check_in
  -> ADDED to worked_sundays (status: available)
Sunday 2026-08-23 - Found: NO
  -> NOT ADDED (no checkin)
Sunday 2026-08-30 - Found: NO
  -> NOT ADDED (no checkin)
Total worked Sundays: 2

=== WO DEBUG 2026-08-24 10:38:25 ===
User ID: 7929
Person ID: FNM0010
Month: 08, Year: 2026
Sunday 2026-08-02 - Found: YES
  check_in: '', work: 0
  -> NOT ADDED (no checkin)
Sunday 2026-08-09 - Found: YES
  check_in: '', work: 0
  -> NOT ADDED (no checkin)
Sunday 2026-08-16 - Found: YES
  check_in: '11:00:00', work: -4
  -> Has valid check_in
  -> ADDED to worked_sundays (status: available)
Sunday 2026-08-23 - Found: YES
  check_in: '11:00:00', work: -4
  -> Has valid check_in
  -> ADDED to worked_sundays (status: available)
Sunday 2026-08-30 - Found: YES
  check_in: '11:00:00', work: -4
  -> Has valid check_in
  -> ADDED to worked_sundays (status: available)
Total worked Sundays: 3

=== WO DEBUG 2026-08-24 10:42:16 ===
User ID: 8737
Person ID: FNM1924
Month: 08, Year: 2026
Sunday 2026-08-02 - Found: YES
  check_in: '', work: 0
  -> NOT ADDED (no checkin)
Sunday 2026-08-09 - Found: YES
  check_in: '09:23:59', work: 9.28
  -> Has valid check_in
  -> Has work hours > 0
  -> ADDED to worked_sundays (status: approved)
Sunday 2026-08-16 - Found: YES
  check_in: '09:00:00', work: -3
  -> Has valid check_in
  -> ADDED to worked_sundays (status: available)
Sunday 2026-08-23 - Found: NO
  -> NOT ADDED (no checkin)
Sunday 2026-08-30 - Found: NO
  -> NOT ADDED (no checkin)
Total worked Sundays: 2

=== WO DEBUG 2026-08-24 10:43:25 ===
User ID: 7929
Person ID: FNM0010
Month: 08, Year: 2026
Sunday 2026-08-02 - Found: YES
  check_in: '', work: 0
  -> NOT ADDED (no checkin)
Sunday 2026-08-09 - Found: YES
  check_in: '', work: 0
  -> NOT ADDED (no checkin)
Sunday 2026-08-16 - Found: YES
  check_in: '11:00:00', work: -4
  -> Has valid check_in
  -> ADDED to worked_sundays (status: available)
Sunday 2026-08-23 - Found: YES
  check_in: '11:00:00', work: -4
  -> Has valid check_in
  -> ADDED to worked_sundays (status: available)
Sunday 2026-08-30 - Found: YES
  check_in: '11:00:00', work: -4
  -> Has valid check_in
  -> ADDED to worked_sundays (status: available)
Total worked Sundays: 3

=== WO DEBUG 2026-08-24 10:47:17 ===
User ID: 8737
Person ID: FNM1924
Month: 08, Year: 2026
Sunday 2026-08-02 - Found: YES
  check_in: '', work: 0
  -> NOT ADDED (no checkin)
Sunday 2026-08-09 - Found: YES
  check_in: '09:23:59', work: 9.28
  -> Has valid check_in
  -> Has work hours > 0
  -> ADDED to worked_sundays (status: approved)
Sunday 2026-08-16 - Found: YES
  check_in: '09:00:00', work: -3
  -> Has valid check_in
  -> ADDED to worked_sundays (status: available)
Sunday 2026-08-23 - Found: NO
  -> NOT ADDED (no checkin)
Sunday 2026-08-30 - Found: NO
  -> NOT ADDED (no checkin)
Total worked Sundays: 2

=== WO DEBUG 2026-08-24 10:48:26 ===
User ID: 7929
Person ID: FNM0010
Month: 08, Year: 2026
Sunday 2026-08-02 - Found: YES
  check_in: '', work: 0
  -> NOT ADDED (no checkin)
Sunday 2026-08-09 - Found: YES
  check_in: '', work: 0
  -> NOT ADDED (no checkin)
Sunday 2026-08-16 - Found: YES
  check_in: '11:00:00', work: -4
  -> Has valid check_in
  -> ADDED to worked_sundays (status: available)
Sunday 2026-08-23 - Found: YES
  check_in: '11:00:00', work: -4
  -> Has valid check_in
  -> ADDED to worked_sundays (status: available)
Sunday 2026-08-30 - Found: YES
  check_in: '11:00:00', work: -4
  -> Has valid check_in
  -> ADDED to worked_sundays (status: available)
Total worked Sundays: 3

=== WO DEBUG 2026-08-24 10:52:18 ===
User ID: 8737
Person ID: FNM1924
Month: 08, Year: 2026
Sunday 2026-08-02 - Found: YES
  check_in: '', work: 0
  -> NOT ADDED (no checkin)
Sunday 2026-08-09 - Found: YES
  check_in: '09:23:59', work: 9.28
  -> Has valid check_in
  -> Has work hours > 0
  -> ADDED to worked_sundays (status: approved)
Sunday 2026-08-16 - Found: YES
  check_in: '09:00:00', work: -3
  -> Has valid check_in
  -> ADDED to worked_sundays (status: available)
Sunday 2026-08-23 - Found: NO
  -> NOT ADDED (no checkin)
Sunday 2026-08-30 - Found: NO
  -> NOT ADDED (no checkin)
Total worked Sundays: 2

=== WO DEBUG 2026-08-24 10:53:27 ===
User ID: 7929
Person ID: FNM0010
Month: 08, Year: 2026
Sunday 2026-08-02 - Found: YES
  check_in: '', work: 0
  -> NOT ADDED (no checkin)
Sunday 2026-08-09 - Found: YES
  check_in: '', work: 0
  -> NOT ADDED (no checkin)
Sunday 2026-08-16 - Found: YES
  check_in: '11:00:00', work: -4
  -> Has valid check_in
  -> ADDED to worked_sundays (status: available)
Sunday 2026-08-23 - Found: YES
  check_in: '11:00:00', work: -4
  -> Has valid check_in
  -> ADDED to worked_sundays (status: available)
Sunday 2026-08-30 - Found: YES
  check_in: '11:00:00', work: -4
  -> Has valid check_in
  -> ADDED to worked_sundays (status: available)
Total worked Sundays: 3

=== WO DEBUG 2026-08-24 10:57:19 ===
User ID: 8737
Person ID: FNM1924
Month: 08, Year: 2026
Sunday 2026-08-02 - Found: YES
  check_in: '', work: 0
  -> NOT ADDED (no checkin)
Sunday 2026-08-09 - Found: YES
  check_in: '09:23:59', work: 9.28
  -> Has valid check_in
  -> Has work hours > 0
  -> ADDED to worked_sundays (status: approved)
Sunday 2026-08-16 - Found: YES
  check_in: '09:00:00', work: -3
  -> Has valid check_in
  -> ADDED to worked_sundays (status: available)
Sunday 2026-08-23 - Found: NO
  -> NOT ADDED (no checkin)
Sunday 2026-08-30 - Found: NO
  -> NOT ADDED (no checkin)
Total worked Sundays: 2

=== WO DEBUG 2026-08-24 10:58:28 ===
User ID: 7929
Person ID: FNM0010
Month: 08, Year: 2026
Sunday 2026-08-02 - Found: YES
  check_in: '', work: 0
  -> NOT ADDED (no checkin)
Sunday 2026-08-09 - Found: YES
  check_in: '', work: 0
  -> NOT ADDED (no checkin)
Sunday 2026-08-16 - Found: YES
  check_in: '11:00:00', work: -4
  -> Has valid check_in
  -> ADDED to worked_sundays (status: available)
Sunday 2026-08-23 - Found: YES
  check_in: '11:00:00', work: -4
  -> Has valid check_in
  -> ADDED to worked_sundays (status: available)
Sunday 2026-08-30 - Found: YES
  check_in: '11:00:00', work: -4
  -> Has valid check_in
  -> ADDED to worked_sundays (status: available)
Total worked Sundays: 3

=== WO DEBUG 2026-08-24 11:02:20 ===
User ID: 8737
Person ID: FNM1924
Month: 08, Year: 2026
Sunday 2026-08-02 - Found: YES
  check_in: '', work: 0
  -> NOT ADDED (no checkin)
Sunday 2026-08-09 - Found: YES
  check_in: '09:23:59', work: 9.28
  -> Has valid check_in
  -> Has work hours > 0
  -> ADDED to worked_sundays (status: approved)
Sunday 2026-08-16 - Found: YES
  check_in: '09:00:00', work: -3
  -> Has valid check_in
  -> ADDED to worked_sundays (status: available)
Sunday 2026-08-23 - Found: NO
  -> NOT ADDED (no checkin)
Sunday 2026-08-30 - Found: NO
  -> NOT ADDED (no checkin)
Total worked Sundays: 2

=== WO DEBUG 2026-08-24 11:03:29 ===
User ID: 7929
Person ID: FNM0010
Month: 08, Year: 2026
Sunday 2026-08-02 - Found: YES
  check_in: '', work: 0
  -> NOT ADDED (no checkin)
Sunday 2026-08-09 - Found: YES
  check_in: '', work: 0
  -> NOT ADDED (no checkin)
Sunday 2026-08-16 - Found: YES
  check_in: '11:00:00', work: -4
  -> Has valid check_in
  -> ADDED to worked_sundays (status: available)
Sunday 2026-08-23 - Found: YES
  check_in: '11:00:00', work: -4
  -> Has valid check_in
  -> ADDED to worked_sundays (status: available)
Sunday 2026-08-30 - Found: YES
  check_in: '11:00:00', work: -4
  -> Has valid check_in
  -> ADDED to worked_sundays (status: available)
Total worked Sundays: 3

=== WO DEBUG 2026-08-24 11:07:21 ===
User ID: 8737
Person ID: FNM1924
Month: 08, Year: 2026
Sunday 2026-08-02 - Found: YES
  check_in: '', work: 0
  -> NOT ADDED (no checkin)
Sunday 2026-08-09 - Found: YES
  check_in: '09:23:59', work: 9.28
  -> Has valid check_in
  -> Has work hours > 0
  -> ADDED to worked_sundays (status: approved)
Sunday 2026-08-16 - Found: YES
  check_in: '09:00:00', work: -3
  -> Has valid check_in
  -> ADDED to worked_sundays (status: available)
Sunday 2026-08-23 - Found: NO
  -> NOT ADDED (no checkin)
Sunday 2026-08-30 - Found: NO
  -> NOT ADDED (no checkin)
Total worked Sundays: 2

=== WO DEBUG 2026-08-24 11:08:30 ===
User ID: 7929
Person ID: FNM0010
Month: 08, Year: 2026
Sunday 2026-08-02 - Found: YES
  check_in: '', work: 0
  -> NOT ADDED (no checkin)
Sunday 2026-08-09 - Found: YES
  check_in: '', work: 0
  -> NOT ADDED (no checkin)
Sunday 2026-08-16 - Found: YES
  check_in: '11:00:00', work: -4
  -> Has valid check_in
  -> ADDED to worked_sundays (status: available)
Sunday 2026-08-23 - Found: YES
  check_in: '11:00:00', work: -4
  -> Has valid check_in
  -> ADDED to worked_sundays (status: available)
Sunday 2026-08-30 - Found: YES
  check_in: '11:00:00', work: -4
  -> Has valid check_in
  -> ADDED to worked_sundays (status: available)
Total worked Sundays: 3

=== WO DEBUG 2026-08-24 11:12:22 ===
User ID: 8737
Person ID: FNM1924
Month: 08, Year: 2026
Sunday 2026-08-02 - Found: YES
  check_in: '', work: 0
  -> NOT ADDED (no checkin)
Sunday 2026-08-09 - Found: YES
  check_in: '09:23:59', work: 9.28
  -> Has valid check_in
  -> Has work hours > 0
  -> ADDED to worked_sundays (status: approved)
Sunday 2026-08-16 - Found: YES
  check_in: '09:00:00', work: -3
  -> Has valid check_in
  -> ADDED to worked_sundays (status: available)
Sunday 2026-08-23 - Found: NO
  -> NOT ADDED (no checkin)
Sunday 2026-08-30 - Found: NO
  -> NOT ADDED (no checkin)
Total worked Sundays: 2

=== WO DEBUG 2026-08-24 11:13:31 ===
User ID: 7929
Person ID: FNM0010
Month: 08, Year: 2026
Sunday 2026-08-02 - Found: YES
  check_in: '', work: 0
  -> NOT ADDED (no checkin)
Sunday 2026-08-09 - Found: YES
  check_in: '', work: 0
  -> NOT ADDED (no checkin)
Sunday 2026-08-16 - Found: YES
  check_in: '11:00:00', work: -4
  -> Has valid check_in
  -> ADDED to worked_sundays (status: available)
Sunday 2026-08-23 - Found: YES
  check_in: '11:00:00', work: -4
  -> Has valid check_in
  -> ADDED to worked_sundays (status: available)
Sunday 2026-08-30 - Found: YES
  check_in: '11:00:00', work: -4
  -> Has valid check_in
  -> ADDED to worked_sundays (status: available)
Total worked Sundays: 3

=== WO DEBUG 2026-08-24 11:17:23 ===
User ID: 8737
Person ID: FNM1924
Month: 08, Year: 2026
Sunday 2026-08-02 - Found: YES
  check_in: '', work: 0
  -> NOT ADDED (no checkin)
Sunday 2026-08-09 - Found: YES
  check_in: '09:23:59', work: 9.28
  -> Has valid check_in
  -> Has work hours > 0
  -> ADDED to worked_sundays (status: approved)
Sunday 2026-08-16 - Found: YES
  check_in: '09:00:00', work: -3
  -> Has valid check_in
  -> ADDED to worked_sundays (status: available)
Sunday 2026-08-23 - Found: NO
  -> NOT ADDED (no checkin)
Sunday 2026-08-30 - Found: NO
  -> NOT ADDED (no checkin)
Total worked Sundays: 2

=== WO DEBUG 2026-08-24 11:18:32 ===
User ID: 7929
Person ID: FNM0010
Month: 08, Year: 2026
Sunday 2026-08-02 - Found: YES
  check_in: '', work: 0
  -> NOT ADDED (no checkin)
Sunday 2026-08-09 - Found: YES
  check_in: '', work: 0
  -> NOT ADDED (no checkin)
Sunday 2026-08-16 - Found: YES
  check_in: '11:00:00', work: -4
  -> Has valid check_in
  -> ADDED to worked_sundays (status: available)
Sunday 2026-08-23 - Found: YES
  check_in: '11:00:00', work: -4
  -> Has valid check_in
  -> ADDED to worked_sundays (status: available)
Sunday 2026-08-30 - Found: YES
  check_in: '11:00:00', work: -4
  -> Has valid check_in
  -> ADDED to worked_sundays (status: available)
Total worked Sundays: 3

=== WO DEBUG 2026-08-24 11:22:24 ===
User ID: 8737
Person ID: FNM1924
Month: 08, Year: 2026
Sunday 2026-08-02 - Found: YES
  check_in: '', work: 0
  -> NOT ADDED (no checkin)
Sunday 2026-08-09 - Found: YES
  check_in: '09:23:59', work: 9.28
  -> Has valid check_in
  -> Has work hours > 0
  -> ADDED to worked_sundays (status: approved)
Sunday 2026-08-16 - Found: YES
  check_in: '09:00:00', work: -3
  -> Has valid check_in
  -> ADDED to worked_sundays (status: available)
Sunday 2026-08-23 - Found: NO
  -> NOT ADDED (no checkin)
Sunday 2026-08-30 - Found: NO
  -> NOT ADDED (no checkin)
Total worked Sundays: 2

=== WO DEBUG 2026-08-24 11:23:33 ===
User ID: 7929
Person ID: FNM0010
Month: 08, Year: 2026
Sunday 2026-08-02 - Found: YES
  check_in: '', work: 0
  -> NOT ADDED (no checkin)
Sunday 2026-08-09 - Found: YES
  check_in: '', work: 0
  -> NOT ADDED (no checkin)
Sunday 2026-08-16 - Found: YES
  check_in: '11:00:00', work: -4
  -> Has valid check_in
  -> ADDED to worked_sundays (status: available)
Sunday 2026-08-23 - Found: YES
  check_in: '11:00:00', work: -4
  -> Has valid check_in
  -> ADDED to worked_sundays (status: available)
Sunday 2026-08-30 - Found: YES
  check_in: '11:00:00', work: -4
  -> Has valid check_in
  -> ADDED to worked_sundays (status: available)
Total worked Sundays: 3

=== WO DEBUG 2026-08-24 11:27:25 ===
User ID: 8737
Person ID: FNM1924
Month: 08, Year: 2026
Sunday 2026-08-02 - Found: YES
  check_in: '', work: 0
  -> NOT ADDED (no checkin)
Sunday 2026-08-09 - Found: YES
  check_in: '09:23:59', work: 9.28
  -> Has valid check_in
  -> Has work hours > 0
  -> ADDED to worked_sundays (status: approved)
Sunday 2026-08-16 - Found: YES
  check_in: '09:00:00', work: -3
  -> Has valid check_in
  -> ADDED to worked_sundays (status: available)
Sunday 2026-08-23 - Found: NO
  -> NOT ADDED (no checkin)
Sunday 2026-08-30 - Found: NO
  -> NOT ADDED (no checkin)
Total worked Sundays: 2

=== WO DEBUG 2026-08-24 11:28:21 ===
User ID: 8737
Person ID: FNM1924
Month: 08, Year: 2026
Sunday 2026-08-02 - Found: YES
  check_in: '', work: 0
  -> NOT ADDED (no checkin)
Sunday 2026-08-09 - Found: YES
  check_in: '09:23:59', work: 9.28
  -> Has valid check_in
  -> Has work hours > 0
  -> ADDED to worked_sundays (status: approved)
Sunday 2026-08-16 - Found: YES
  check_in: '09:00:00', work: -3
  -> Has valid check_in
  -> ADDED to worked_sundays (status: available)
Sunday 2026-08-23 - Found: NO
  -> NOT ADDED (no checkin)
Sunday 2026-08-30 - Found: NO
  -> NOT ADDED (no checkin)
Total worked Sundays: 2

=== WO DEBUG 2026-08-24 11:28:34 ===
User ID: 7929
Person ID: FNM0010
Month: 08, Year: 2026
Sunday 2026-08-02 - Found: YES
  check_in: '', work: 0
  -> NOT ADDED (no checkin)
Sunday 2026-08-09 - Found: YES
  check_in: '', work: 0
  -> NOT ADDED (no checkin)
Sunday 2026-08-16 - Found: YES
  check_in: '11:00:00', work: -4
  -> Has valid check_in
  -> ADDED to worked_sundays (status: available)
Sunday 2026-08-23 - Found: YES
  check_in: '11:00:00', work: -4
  -> Has valid check_in
  -> ADDED to worked_sundays (status: available)
Sunday 2026-08-30 - Found: YES
  check_in: '11:00:00', work: -4
  -> Has valid check_in
  -> ADDED to worked_sundays (status: available)
Total worked Sundays: 3

=== WO DEBUG 2026-08-24 11:33:22 ===
User ID: 8737
Person ID: FNM1924
Month: 08, Year: 2026
Sunday 2026-08-02 - Found: YES
  check_in: '', work: 0
  -> NOT ADDED (no checkin)
Sunday 2026-08-09 - Found: YES
  check_in: '09:23:59', work: 9.28
  -> Has valid check_in
  -> Has work hours > 0
  -> ADDED to worked_sundays (status: approved)
Sunday 2026-08-16 - Found: YES
  check_in: '09:00:00', work: -3
  -> Has valid check_in
  -> ADDED to worked_sundays (status: available)
Sunday 2026-08-23 - Found: NO
  -> NOT ADDED (no checkin)
Sunday 2026-08-30 - Found: NO
  -> NOT ADDED (no checkin)
Total worked Sundays: 2

=== WO DEBUG 2026-08-24 11:33:35 ===
User ID: 7929
Person ID: FNM0010
Month: 08, Year: 2026
Sunday 2026-08-02 - Found: YES
  check_in: '', work: 0
  -> NOT ADDED (no checkin)
Sunday 2026-08-09 - Found: YES
  check_in: '', work: 0
  -> NOT ADDED (no checkin)
Sunday 2026-08-16 - Found: YES
  check_in: '11:00:00', work: -4
  -> Has valid check_in
  -> ADDED to worked_sundays (status: available)
Sunday 2026-08-23 - Found: YES
  check_in: '11:00:00', work: -4
  -> Has valid check_in
  -> ADDED to worked_sundays (status: available)
Sunday 2026-08-30 - Found: YES
  check_in: '11:00:00', work: -4
  -> Has valid check_in
  -> ADDED to worked_sundays (status: available)
Total worked Sundays: 3

=== WO DEBUG 2026-08-24 11:38:23 ===
User ID: 8737
Person ID: FNM1924
Month: 08, Year: 2026
Sunday 2026-08-02 - Found: YES
  check_in: '', work: 0
  -> NOT ADDED (no checkin)
Sunday 2026-08-09 - Found: YES
  check_in: '09:23:59', work: 9.28
  -> Has valid check_in
  -> Has work hours > 0
  -> ADDED to worked_sundays (status: approved)
Sunday 2026-08-16 - Found: YES
  check_in: '09:00:00', work: -3
  -> Has valid check_in
  -> ADDED to worked_sundays (status: available)
Sunday 2026-08-23 - Found: NO
  -> NOT ADDED (no checkin)
Sunday 2026-08-30 - Found: NO
  -> NOT ADDED (no checkin)
Total worked Sundays: 2

=== WO DEBUG 2026-08-24 11:38:36 ===
User ID: 7929
Person ID: FNM0010
Month: 08, Year: 2026
Sunday 2026-08-02 - Found: YES
  check_in: '', work: 0
  -> NOT ADDED (no checkin)
Sunday 2026-08-09 - Found: YES
  check_in: '', work: 0
  -> NOT ADDED (no checkin)
Sunday 2026-08-16 - Found: YES
  check_in: '11:00:00', work: -4
  -> Has valid check_in
  -> ADDED to worked_sundays (status: available)
Sunday 2026-08-23 - Found: YES
  check_in: '11:00:00', work: -4
  -> Has valid check_in
  -> ADDED to worked_sundays (status: available)
Sunday 2026-08-30 - Found: YES
  check_in: '11:00:00', work: -4
  -> Has valid check_in
  -> ADDED to worked_sundays (status: available)
Total worked Sundays: 3

=== WO DEBUG 2026-08-24 11:44:32 ===
User ID: 8737
Person ID: FNM1924
Month: 08, Year: 2026
Sunday 2026-08-02 - Found: YES
  check_in: '', work: 0
  -> NOT ADDED (no checkin)
Sunday 2026-08-09 - Found: YES
  check_in: '09:23:59', work: 9.28
  -> Has valid check_in
  -> Has work hours > 0
  -> ADDED to worked_sundays (status: approved)
Sunday 2026-08-16 - Found: YES
  check_in: '09:00:00', work: -3
  -> Has valid check_in
  -> ADDED to worked_sundays (status: available)
Sunday 2026-08-23 - Found: NO
  -> NOT ADDED (no checkin)
Sunday 2026-08-30 - Found: NO
  -> NOT ADDED (no checkin)
Total worked Sundays: 2

=== WO DEBUG 2026-08-24 11:44:59 ===
User ID: 8737
Person ID: FNM1924
Month: 08, Year: 2026
Sunday 2026-08-02 - Found: YES
  check_in: '', work: 0
  -> NOT ADDED (no checkin)
Sunday 2026-08-09 - Found: YES
  check_in: '09:23:59', work: 9.28
  -> Has valid check_in
  -> Has work hours > 0
  -> ADDED to worked_sundays (status: approved)
Sunday 2026-08-16 - Found: YES
  check_in: '09:00:00', work: -3
  -> Has valid check_in
  -> ADDED to worked_sundays (status: available)
Sunday 2026-08-23 - Found: NO
  -> NOT ADDED (no checkin)
Sunday 2026-08-30 - Found: NO
  -> NOT ADDED (no checkin)
Total worked Sundays: 2

=== WO DEBUG 2026-08-24 11:50:00 ===
User ID: 8737
Person ID: FNM1924
Month: 08, Year: 2026
Sunday 2026-08-02 - Found: YES
  check_in: '', work: 0
  -> NOT ADDED (no checkin)
Sunday 2026-08-09 - Found: YES
  check_in: '09:23:59', work: 9.28
  -> Has valid check_in
  -> Has work hours > 0
  -> ADDED to worked_sundays (status: approved)
Sunday 2026-08-16 - Found: YES
  check_in: '09:00:00', work: -3
  -> Has valid check_in
  -> ADDED to worked_sundays (status: available)
Sunday 2026-08-23 - Found: NO
  -> NOT ADDED (no checkin)
Sunday 2026-08-30 - Found: NO
  -> NOT ADDED (no checkin)
Total worked Sundays: 2

=== WO DEBUG 2026-08-24 11:50:49 ===
User ID: 7929
Person ID: FNM0010
Month: 08, Year: 2026
Sunday 2026-08-02 - Found: YES
  check_in: '', work: 0
  -> NOT ADDED (no checkin)
Sunday 2026-08-09 - Found: YES
  check_in: '', work: 0
  -> NOT ADDED (no checkin)
Sunday 2026-08-16 - Found: YES
  check_in: '11:00:00', work: -4
  -> Has valid check_in
  -> ADDED to worked_sundays (status: available)
Sunday 2026-08-23 - Found: YES
  check_in: '11:00:00', work: -4
  -> Has valid check_in
  -> ADDED to worked_sundays (status: available)
Sunday 2026-08-30 - Found: YES
  check_in: '11:00:00', work: -4
  -> Has valid check_in
  -> ADDED to worked_sundays (status: available)
Total worked Sundays: 3

=== WO DEBUG 2026-08-24 11:55:01 ===
User ID: 8737
Person ID: FNM1924
Month: 08, Year: 2026
Sunday 2026-08-02 - Found: YES
  check_in: '', work: 0
  -> NOT ADDED (no checkin)
Sunday 2026-08-09 - Found: YES
  check_in: '09:23:59', work: 9.28
  -> Has valid check_in
  -> Has work hours > 0
  -> ADDED to worked_sundays (status: approved)
Sunday 2026-08-16 - Found: YES
  check_in: '09:00:00', work: -3
  -> Has valid check_in
  -> ADDED to worked_sundays (status: available)
Sunday 2026-08-23 - Found: NO
  -> NOT ADDED (no checkin)
Sunday 2026-08-30 - Found: NO
  -> NOT ADDED (no checkin)
Total worked Sundays: 2

=== WO DEBUG 2026-08-24 11:55:50 ===
User ID: 7929
Person ID: FNM0010
Month: 08, Year: 2026
Sunday 2026-08-02 - Found: YES
  check_in: '', work: 0
  -> NOT ADDED (no checkin)
Sunday 2026-08-09 - Found: YES
  check_in: '', work: 0
  -> NOT ADDED (no checkin)
Sunday 2026-08-16 - Found: YES
  check_in: '11:00:00', work: -4
  -> Has valid check_in
  -> ADDED to worked_sundays (status: available)
Sunday 2026-08-23 - Found: YES
  check_in: '11:00:00', work: -4
  -> Has valid check_in
  -> ADDED to worked_sundays (status: available)
Sunday 2026-08-30 - Found: YES
  check_in: '11:00:00', work: -4
  -> Has valid check_in
  -> ADDED to worked_sundays (status: available)
Total worked Sundays: 3

=== WO DEBUG 2026-08-24 12:00:02 ===
User ID: 8737
Person ID: FNM1924
Month: 08, Year: 2026
Sunday 2026-08-02 - Found: YES
  check_in: '', work: 0
  -> NOT ADDED (no checkin)
Sunday 2026-08-09 - Found: YES
  check_in: '09:23:59', work: 9.28
  -> Has valid check_in
  -> Has work hours > 0
  -> ADDED to worked_sundays (status: approved)
Sunday 2026-08-16 - Found: YES
  check_in: '09:00:00', work: -3
  -> Has valid check_in
  -> ADDED to worked_sundays (status: available)
Sunday 2026-08-23 - Found: NO
  -> NOT ADDED (no checkin)
Sunday 2026-08-30 - Found: NO
  -> NOT ADDED (no checkin)
Total worked Sundays: 2

=== WO DEBUG 2026-08-24 12:00:51 ===
User ID: 7929
Person ID: FNM0010
Month: 08, Year: 2026
Sunday 2026-08-02 - Found: YES
  check_in: '', work: 0
  -> NOT ADDED (no checkin)
Sunday 2026-08-09 - Found: YES
  check_in: '', work: 0
  -> NOT ADDED (no checkin)
Sunday 2026-08-16 - Found: YES
  check_in: '11:00:00', work: -4
  -> Has valid check_in
  -> ADDED to worked_sundays (status: available)
Sunday 2026-08-23 - Found: YES
  check_in: '11:00:00', work: -4
  -> Has valid check_in
  -> ADDED to worked_sundays (status: available)
Sunday 2026-08-30 - Found: YES
  check_in: '11:00:00', work: -4
  -> Has valid check_in
  -> ADDED to worked_sundays (status: available)
Total worked Sundays: 3

=== WO DEBUG 2026-08-24 12:05:03 ===
User ID: 8737
Person ID: FNM1924
Month: 08, Year: 2026
Sunday 2026-08-02 - Found: YES
  check_in: '', work: 0
  -> NOT ADDED (no checkin)
Sunday 2026-08-09 - Found: YES
  check_in: '09:23:59', work: 9.28
  -> Has valid check_in
  -> Has work hours > 0
  -> ADDED to worked_sundays (status: approved)
Sunday 2026-08-16 - Found: YES
  check_in: '09:00:00', work: -3
  -> Has valid check_in
  -> ADDED to worked_sundays (status: available)
Sunday 2026-08-23 - Found: NO
  -> NOT ADDED (no checkin)
Sunday 2026-08-30 - Found: NO
  -> NOT ADDED (no checkin)
Total worked Sundays: 2

=== WO DEBUG 2026-08-24 12:05:52 ===
User ID: 7929
Person ID: FNM0010
Month: 08, Year: 2026
Sunday 2026-08-02 - Found: YES
  check_in: '', work: 0
  -> NOT ADDED (no checkin)
Sunday 2026-08-09 - Found: YES
  check_in: '', work: 0
  -> NOT ADDED (no checkin)
Sunday 2026-08-16 - Found: YES
  check_in: '11:00:00', work: -4
  -> Has valid check_in
  -> ADDED to worked_sundays (status: available)
Sunday 2026-08-23 - Found: YES
  check_in: '11:00:00', work: -4
  -> Has valid check_in
  -> ADDED to worked_sundays (status: available)
Sunday 2026-08-30 - Found: YES
  check_in: '11:00:00', work: -4
  -> Has valid check_in
  -> ADDED to worked_sundays (status: available)
Total worked Sundays: 3

=== WO DEBUG 2026-08-24 12:10:04 ===
User ID: 8737
Person ID: FNM1924
Month: 08, Year: 2026
Sunday 2026-08-02 - Found: YES
  check_in: '', work: 0
  -> NOT ADDED (no checkin)
Sunday 2026-08-09 - Found: YES
  check_in: '09:23:59', work: 9.28
  -> Has valid check_in
  -> Has work hours > 0
  -> ADDED to worked_sundays (status: approved)
Sunday 2026-08-16 - Found: YES
  check_in: '09:00:00', work: -3
  -> Has valid check_in
  -> ADDED to worked_sundays (status: available)
Sunday 2026-08-23 - Found: NO
  -> NOT ADDED (no checkin)
Sunday 2026-08-30 - Found: NO
  -> NOT ADDED (no checkin)
Total worked Sundays: 2

=== WO DEBUG 2026-08-24 12:10:53 ===
User ID: 7929
Person ID: FNM0010
Month: 08, Year: 2026
Sunday 2026-08-02 - Found: YES
  check_in: '', work: 0
  -> NOT ADDED (no checkin)
Sunday 2026-08-09 - Found: YES
  check_in: '', work: 0
  -> NOT ADDED (no checkin)
Sunday 2026-08-16 - Found: YES
  check_in: '11:00:00', work: -4
  -> Has valid check_in
  -> ADDED to worked_sundays (status: available)
Sunday 2026-08-23 - Found: YES
  check_in: '11:00:00', work: -4
  -> Has valid check_in
  -> ADDED to worked_sundays (status: available)
Sunday 2026-08-30 - Found: YES
  check_in: '11:00:00', work: -4
  -> Has valid check_in
  -> ADDED to worked_sundays (status: available)
Total worked Sundays: 3

=== WO DEBUG 2026-08-24 12:15:05 ===
User ID: 8737
Person ID: FNM1924
Month: 08, Year: 2026
Sunday 2026-08-02 - Found: YES
  check_in: '', work: 0
  -> NOT ADDED (no checkin)
Sunday 2026-08-09 - Found: YES
  check_in: '09:23:59', work: 9.28
  -> Has valid check_in
  -> Has work hours > 0
  -> ADDED to worked_sundays (status: approved)
Sunday 2026-08-16 - Found: YES
  check_in: '09:00:00', work: -3
  -> Has valid check_in
  -> ADDED to worked_sundays (status: available)
Sunday 2026-08-23 - Found: NO
  -> NOT ADDED (no checkin)
Sunday 2026-08-30 - Found: NO
  -> NOT ADDED (no checkin)
Total worked Sundays: 2

=== WO DEBUG 2026-08-24 12:15:54 ===
User ID: 7929
Person ID: FNM0010
Month: 08, Year: 2026
Sunday 2026-08-02 - Found: YES
  check_in: '', work: 0
  -> NOT ADDED (no checkin)
Sunday 2026-08-09 - Found: YES
  check_in: '', work: 0
  -> NOT ADDED (no checkin)
Sunday 2026-08-16 - Found: YES
  check_in: '11:00:00', work: -4
  -> Has valid check_in
  -> ADDED to worked_sundays (status: available)
Sunday 2026-08-23 - Found: YES
  check_in: '11:00:00', work: -4
  -> Has valid check_in
  -> ADDED to worked_sundays (status: available)
Sunday 2026-08-30 - Found: YES
  check_in: '11:00:00', work: -4
  -> Has valid check_in
  -> ADDED to worked_sundays (status: available)
Total worked Sundays: 3

=== WO DEBUG 2026-08-24 12:20:06 ===
User ID: 8737
Person ID: FNM1924
Month: 08, Year: 2026
Sunday 2026-08-02 - Found: YES
  check_in: '', work: 0
  -> NOT ADDED (no checkin)
Sunday 2026-08-09 - Found: YES
  check_in: '09:23:59', work: 9.28
  -> Has valid check_in
  -> Has work hours > 0
  -> ADDED to worked_sundays (status: approved)
Sunday 2026-08-16 - Found: YES
  check_in: '09:00:00', work: -3
  -> Has valid check_in
  -> ADDED to worked_sundays (status: available)
Sunday 2026-08-23 - Found: NO
  -> NOT ADDED (no checkin)
Sunday 2026-08-30 - Found: NO
  -> NOT ADDED (no checkin)
Total worked Sundays: 2

=== WO DEBUG 2026-08-24 12:20:55 ===
User ID: 7929
Person ID: FNM0010
Month: 08, Year: 2026
Sunday 2026-08-02 - Found: YES
  check_in: '', work: 0
  -> NOT ADDED (no checkin)
Sunday 2026-08-09 - Found: YES
  check_in: '', work: 0
  -> NOT ADDED (no checkin)
Sunday 2026-08-16 - Found: YES
  check_in: '11:00:00', work: -4
  -> Has valid check_in
  -> ADDED to worked_sundays (status: available)
Sunday 2026-08-23 - Found: YES
  check_in: '11:00:00', work: -4
  -> Has valid check_in
  -> ADDED to worked_sundays (status: available)
Sunday 2026-08-30 - Found: YES
  check_in: '11:00:00', work: -4
  -> Has valid check_in
  -> ADDED to worked_sundays (status: available)
Total worked Sundays: 3

=== WO DEBUG 2026-08-24 12:25:07 ===
User ID: 8737
Person ID: FNM1924
Month: 08, Year: 2026
Sunday 2026-08-02 - Found: YES
  check_in: '', work: 0
  -> NOT ADDED (no checkin)
Sunday 2026-08-09 - Found: YES
  check_in: '09:23:59', work: 9.28
  -> Has valid check_in
  -> Has work hours > 0
  -> ADDED to worked_sundays (status: approved)
Sunday 2026-08-16 - Found: YES
  check_in: '09:00:00', work: -3
  -> Has valid check_in
  -> ADDED to worked_sundays (status: available)
Sunday 2026-08-23 - Found: NO
  -> NOT ADDED (no checkin)
Sunday 2026-08-30 - Found: NO
  -> NOT ADDED (no checkin)
Total worked Sundays: 2

=== WO DEBUG 2026-08-24 12:25:56 ===
User ID: 7929
Person ID: FNM0010
Month: 08, Year: 2026
Sunday 2026-08-02 - Found: YES
  check_in: '', work: 0
  -> NOT ADDED (no checkin)
Sunday 2026-08-09 - Found: YES
  check_in: '', work: 0
  -> NOT ADDED (no checkin)
Sunday 2026-08-16 - Found: YES
  check_in: '11:00:00', work: -4
  -> Has valid check_in
  -> ADDED to worked_sundays (status: available)
Sunday 2026-08-23 - Found: YES
  check_in: '11:00:00', work: -4
  -> Has valid check_in
  -> ADDED to worked_sundays (status: available)
Sunday 2026-08-30 - Found: YES
  check_in: '11:00:00', work: -4
  -> Has valid check_in
  -> ADDED to worked_sundays (status: available)
Total worked Sundays: 3

=== WO DEBUG 2026-08-24 12:30:08 ===
User ID: 8737
Person ID: FNM1924
Month: 08, Year: 2026
Sunday 2026-08-02 - Found: YES
  check_in: '', work: 0
  -> NOT ADDED (no checkin)
Sunday 2026-08-09 - Found: YES
  check_in: '09:23:59', work: 9.28
  -> Has valid check_in
  -> Has work hours > 0
  -> ADDED to worked_sundays (status: approved)
Sunday 2026-08-16 - Found: YES
  check_in: '09:00:00', work: -3
  -> Has valid check_in
  -> ADDED to worked_sundays (status: available)
Sunday 2026-08-23 - Found: NO
  -> NOT ADDED (no checkin)
Sunday 2026-08-30 - Found: NO
  -> NOT ADDED (no checkin)
Total worked Sundays: 2

=== WO DEBUG 2026-08-24 12:30:57 ===
User ID: 7929
Person ID: FNM0010
Month: 08, Year: 2026
Sunday 2026-08-02 - Found: YES
  check_in: '', work: 0
  -> NOT ADDED (no checkin)
Sunday 2026-08-09 - Found: YES
  check_in: '', work: 0
  -> NOT ADDED (no checkin)
Sunday 2026-08-16 - Found: YES
  check_in: '11:00:00', work: -4
  -> Has valid check_in
  -> ADDED to worked_sundays (status: available)
Sunday 2026-08-23 - Found: YES
  check_in: '11:00:00', work: -4
  -> Has valid check_in
  -> ADDED to worked_sundays (status: available)
Sunday 2026-08-30 - Found: YES
  check_in: '11:00:00', work: -4
  -> Has valid check_in
  -> ADDED to worked_sundays (status: available)
Total worked Sundays: 3

=== WO DEBUG 2026-08-24 12:35:09 ===
User ID: 8737
Person ID: FNM1924
Month: 08, Year: 2026
Sunday 2026-08-02 - Found: YES
  check_in: '', work: 0
  -> NOT ADDED (no checkin)
Sunday 2026-08-09 - Found: YES
  check_in: '09:23:59', work: 9.28
  -> Has valid check_in
  -> Has work hours > 0
  -> ADDED to worked_sundays (status: approved)
Sunday 2026-08-16 - Found: YES
  check_in: '09:00:00', work: -3
  -> Has valid check_in
  -> ADDED to worked_sundays (status: available)
Sunday 2026-08-23 - Found: NO
  -> NOT ADDED (no checkin)
Sunday 2026-08-30 - Found: NO
  -> NOT ADDED (no checkin)
Total worked Sundays: 2

=== WO DEBUG 2026-08-24 12:35:58 ===
User ID: 7929
Person ID: FNM0010
Month: 08, Year: 2026
Sunday 2026-08-02 - Found: YES
  check_in: '', work: 0
  -> NOT ADDED (no checkin)
Sunday 2026-08-09 - Found: YES
  check_in: '', work: 0
  -> NOT ADDED (no checkin)
Sunday 2026-08-16 - Found: YES
  check_in: '11:00:00', work: -4
  -> Has valid check_in
  -> ADDED to worked_sundays (status: available)
Sunday 2026-08-23 - Found: YES
  check_in: '11:00:00', work: -4
  -> Has valid check_in
  -> ADDED to worked_sundays (status: available)
Sunday 2026-08-30 - Found: YES
  check_in: '11:00:00', work: -4
  -> Has valid check_in
  -> ADDED to worked_sundays (status: available)
Total worked Sundays: 3

=== WO DEBUG 2026-08-24 12:40:10 ===
User ID: 8737
Person ID: FNM1924
Month: 08, Year: 2026
Sunday 2026-08-02 - Found: YES
  check_in: '', work: 0
  -> NOT ADDED (no checkin)
Sunday 2026-08-09 - Found: YES
  check_in: '09:23:59', work: 9.28
  -> Has valid check_in
  -> Has work hours > 0
  -> ADDED to worked_sundays (status: approved)
Sunday 2026-08-16 - Found: YES
  check_in: '09:00:00', work: -3
  -> Has valid check_in
  -> ADDED to worked_sundays (status: available)
Sunday 2026-08-23 - Found: NO
  -> NOT ADDED (no checkin)
Sunday 2026-08-30 - Found: NO
  -> NOT ADDED (no checkin)
Total worked Sundays: 2

=== WO DEBUG 2026-08-24 12:40:59 ===
User ID: 7929
Person ID: FNM0010
Month: 08, Year: 2026
Sunday 2026-08-02 - Found: YES
  check_in: '', work: 0
  -> NOT ADDED (no checkin)
Sunday 2026-08-09 - Found: YES
  check_in: '', work: 0
  -> NOT ADDED (no checkin)
Sunday 2026-08-16 - Found: YES
  check_in: '11:00:00', work: -4
  -> Has valid check_in
  -> ADDED to worked_sundays (status: available)
Sunday 2026-08-23 - Found: YES
  check_in: '11:00:00', work: -4
  -> Has valid check_in
  -> ADDED to worked_sundays (status: available)
Sunday 2026-08-30 - Found: YES
  check_in: '11:00:00', work: -4
  -> Has valid check_in
  -> ADDED to worked_sundays (status: available)
Total worked Sundays: 3

=== WO DEBUG 2026-08-24 12:45:11 ===
User ID: 8737
Person ID: FNM1924
Month: 08, Year: 2026
Sunday 2026-08-02 - Found: YES
  check_in: '', work: 0
  -> NOT ADDED (no checkin)
Sunday 2026-08-09 - Found: YES
  check_in: '09:23:59', work: 9.28
  -> Has valid check_in
  -> Has work hours > 0
  -> ADDED to worked_sundays (status: approved)
Sunday 2026-08-16 - Found: YES
  check_in: '09:00:00', work: -3
  -> Has valid check_in
  -> ADDED to worked_sundays (status: available)
Sunday 2026-08-23 - Found: NO
  -> NOT ADDED (no checkin)
Sunday 2026-08-30 - Found: NO
  -> NOT ADDED (no checkin)
Total worked Sundays: 2

=== WO DEBUG 2026-08-24 12:46:00 ===
User ID: 7929
Person ID: FNM0010
Month: 08, Year: 2026
Sunday 2026-08-02 - Found: YES
  check_in: '', work: 0
  -> NOT ADDED (no checkin)
Sunday 2026-08-09 - Found: YES
  check_in: '', work: 0
  -> NOT ADDED (no checkin)
Sunday 2026-08-16 - Found: YES
  check_in: '11:00:00', work: -4
  -> Has valid check_in
  -> ADDED to worked_sundays (status: available)
Sunday 2026-08-23 - Found: YES
  check_in: '11:00:00', work: -4
  -> Has valid check_in
  -> ADDED to worked_sundays (status: available)
Sunday 2026-08-30 - Found: YES
  check_in: '11:00:00', work: -4
  -> Has valid check_in
  -> ADDED to worked_sundays (status: available)
Total worked Sundays: 3

=== WO DEBUG 2026-08-24 12:50:12 ===
User ID: 8737
Person ID: FNM1924
Month: 08, Year: 2026
Sunday 2026-08-02 - Found: YES
  check_in: '', work: 0
  -> NOT ADDED (no checkin)
Sunday 2026-08-09 - Found: YES
  check_in: '09:23:59', work: 9.28
  -> Has valid check_in
  -> Has work hours > 0
  -> ADDED to worked_sundays (status: approved)
Sunday 2026-08-16 - Found: YES
  check_in: '09:00:00', work: -3
  -> Has valid check_in
  -> ADDED to worked_sundays (status: available)
Sunday 2026-08-23 - Found: NO
  -> NOT ADDED (no checkin)
Sunday 2026-08-30 - Found: NO
  -> NOT ADDED (no checkin)
Total worked Sundays: 2

=== WO DEBUG 2026-08-24 12:51:01 ===
User ID: 7929
Person ID: FNM0010
Month: 08, Year: 2026
Sunday 2026-08-02 - Found: YES
  check_in: '', work: 0
  -> NOT ADDED (no checkin)
Sunday 2026-08-09 - Found: YES
  check_in: '', work: 0
  -> NOT ADDED (no checkin)
Sunday 2026-08-16 - Found: YES
  check_in: '11:00:00', work: -4
  -> Has valid check_in
  -> ADDED to worked_sundays (status: available)
Sunday 2026-08-23 - Found: YES
  check_in: '11:00:00', work: -4
  -> Has valid check_in
  -> ADDED to worked_sundays (status: available)
Sunday 2026-08-30 - Found: YES
  check_in: '11:00:00', work: -4
  -> Has valid check_in
  -> ADDED to worked_sundays (status: available)
Total worked Sundays: 3

=== WO DEBUG 2026-08-24 12:55:13 ===
User ID: 8737
Person ID: FNM1924
Month: 08, Year: 2026
Sunday 2026-08-02 - Found: YES
  check_in: '', work: 0
  -> NOT ADDED (no checkin)
Sunday 2026-08-09 - Found: YES
  check_in: '09:23:59', work: 9.28
  -> Has valid check_in
  -> Has work hours > 0
  -> ADDED to worked_sundays (status: approved)
Sunday 2026-08-16 - Found: YES
  check_in: '09:00:00', work: -3
  -> Has valid check_in
  -> ADDED to worked_sundays (status: available)
Sunday 2026-08-23 - Found: NO
  -> NOT ADDED (no checkin)
Sunday 2026-08-30 - Found: NO
  -> NOT ADDED (no checkin)
Total worked Sundays: 2

=== WO DEBUG 2026-08-24 12:56:02 ===
User ID: 7929
Person ID: FNM0010
Month: 08, Year: 2026
Sunday 2026-08-02 - Found: YES
  check_in: '', work: 0
  -> NOT ADDED (no checkin)
Sunday 2026-08-09 - Found: YES
  check_in: '', work: 0
  -> NOT ADDED (no checkin)
Sunday 2026-08-16 - Found: YES
  check_in: '11:00:00', work: -4
  -> Has valid check_in
  -> ADDED to worked_sundays (status: available)
Sunday 2026-08-23 - Found: YES
  check_in: '11:00:00', work: -4
  -> Has valid check_in
  -> ADDED to worked_sundays (status: available)
Sunday 2026-08-30 - Found: YES
  check_in: '11:00:00', work: -4
  -> Has valid check_in
  -> ADDED to worked_sundays (status: available)
Total worked Sundays: 3

=== WO DEBUG 2026-08-24 12:56:27 ===
User ID: 7929
Person ID: FNM0010
Month: 08, Year: 2026
Sunday 2026-08-02 - Found: YES
  check_in: '', work: 0
  -> NOT ADDED (no checkin)
Sunday 2026-08-09 - Found: YES
  check_in: '', work: 0
  -> NOT ADDED (no checkin)
Sunday 2026-08-16 - Found: YES
  check_in: '11:00:00', work: -4
  -> Has valid check_in
  -> ADDED to worked_sundays (status: available)
Sunday 2026-08-23 - Found: YES
  check_in: '11:00:00', work: -4
  -> Has valid check_in
  -> ADDED to worked_sundays (status: available)
Sunday 2026-08-30 - Found: YES
  check_in: '11:00:00', work: -4
  -> Has valid check_in
  -> ADDED to worked_sundays (status: available)
Total worked Sundays: 3

=== WO DEBUG 2026-08-24 12:56:28 ===
User ID: 7929
Person ID: FNM0010
Month: 08, Year: 2026
Sunday 2026-08-02 - Found: YES
  check_in: '', work: 0
  -> NOT ADDED (no checkin)
Sunday 2026-08-09 - Found: YES
  check_in: '', work: 0
  -> NOT ADDED (no checkin)
Sunday 2026-08-16 - Found: YES
  check_in: '11:00:00', work: -4
  -> Has valid check_in
  -> ADDED to worked_sundays (status: available)
Sunday 2026-08-23 - Found: YES
  check_in: '11:00:00', work: -4
  -> Has valid check_in
  -> ADDED to worked_sundays (status: available)
Sunday 2026-08-30 - Found: YES
  check_in: '11:00:00', work: -4
  -> Has valid check_in
  -> ADDED to worked_sundays (status: available)
Total worked Sundays: 3

=== WO DEBUG 2026-08-24 12:59:24 ===
User ID: 7929
Person ID: FNM0010
Month: 08, Year: 2026
Sunday 2026-08-02 - Found: YES
  check_in: '', work: 0
  -> NOT ADDED (no checkin)
Sunday 2026-08-09 - Found: YES
  check_in: '', work: 0
  -> NOT ADDED (no checkin)
Sunday 2026-08-16 - Found: YES
  check_in: '11:00:00', work: -4
  -> Has valid check_in
  -> ADDED to worked_sundays (status: available)
Sunday 2026-08-23 - Found: YES
  check_in: '11:00:00', work: -4
  -> Has valid check_in
  -> ADDED to worked_sundays (status: available)
Sunday 2026-08-30 - Found: YES
  check_in: '11:00:00', work: -4
  -> Has valid check_in
  -> ADDED to worked_sundays (status: available)
Total worked Sundays: 3

=== WO DEBUG 2026-08-24 13:00:14 ===
User ID: 8737
Person ID: FNM1924
Month: 08, Year: 2026
Sunday 2026-08-02 - Found: YES
  check_in: '', work: 0
  -> NOT ADDED (no checkin)
Sunday 2026-08-09 - Found: YES
  check_in: '09:23:59', work: 9.28
  -> Has valid check_in
  -> Has work hours > 0
  -> ADDED to worked_sundays (status: approved)
Sunday 2026-08-16 - Found: YES
  check_in: '09:00:00', work: -3
  -> Has valid check_in
  -> ADDED to worked_sundays (status: available)
Sunday 2026-08-23 - Found: NO
  -> NOT ADDED (no checkin)
Sunday 2026-08-30 - Found: NO
  -> NOT ADDED (no checkin)
Total worked Sundays: 2

=== WO DEBUG 2026-08-24 13:04:25 ===
User ID: 7929
Person ID: FNM0010
Month: 08, Year: 2026
Sunday 2026-08-02 - Found: YES
  check_in: '', work: 0
  -> NOT ADDED (no checkin)
Sunday 2026-08-09 - Found: YES
  check_in: '', work: 0
  -> NOT ADDED (no checkin)
Sunday 2026-08-16 - Found: YES
  check_in: '11:00:00', work: -4
  -> Has valid check_in
  -> ADDED to worked_sundays (status: available)
Sunday 2026-08-23 - Found: YES
  check_in: '11:00:00', work: -4
  -> Has valid check_in
  -> ADDED to worked_sundays (status: available)
Sunday 2026-08-30 - Found: YES
  check_in: '11:00:00', work: -4
  -> Has valid check_in
  -> ADDED to worked_sundays (status: available)
Total worked Sundays: 3

=== WO DEBUG 2026-08-24 13:05:15 ===
User ID: 8737
Person ID: FNM1924
Month: 08, Year: 2026
Sunday 2026-08-02 - Found: YES
  check_in: '', work: 0
  -> NOT ADDED (no checkin)
Sunday 2026-08-09 - Found: YES
  check_in: '09:23:59', work: 9.28
  -> Has valid check_in
  -> Has work hours > 0
  -> ADDED to worked_sundays (status: approved)
Sunday 2026-08-16 - Found: YES
  check_in: '09:00:00', work: -3
  -> Has valid check_in
  -> ADDED to worked_sundays (status: available)
Sunday 2026-08-23 - Found: NO
  -> NOT ADDED (no checkin)
Sunday 2026-08-30 - Found: NO
  -> NOT ADDED (no checkin)
Total worked Sundays: 2

=== WO DEBUG 2026-08-24 13:09:26 ===
User ID: 7929
Person ID: FNM0010
Month: 08, Year: 2026
Sunday 2026-08-02 - Found: YES
  check_in: '', work: 0
  -> NOT ADDED (no checkin)
Sunday 2026-08-09 - Found: YES
  check_in: '', work: 0
  -> NOT ADDED (no checkin)
Sunday 2026-08-16 - Found: YES
  check_in: '11:00:00', work: -4
  -> Has valid check_in
  -> ADDED to worked_sundays (status: available)
Sunday 2026-08-23 - Found: YES
  check_in: '11:00:00', work: -4
  -> Has valid check_in
  -> ADDED to worked_sundays (status: available)
Sunday 2026-08-30 - Found: YES
  check_in: '11:00:00', work: -4
  -> Has valid check_in
  -> ADDED to worked_sundays (status: available)
Total worked Sundays: 3

=== WO DEBUG 2026-08-24 13:10:16 ===
User ID: 8737
Person ID: FNM1924
Month: 08, Year: 2026
Sunday 2026-08-02 - Found: YES
  check_in: '', work: 0
  -> NOT ADDED (no checkin)
Sunday 2026-08-09 - Found: YES
  check_in: '09:23:59', work: 9.28
  -> Has valid check_in
  -> Has work hours > 0
  -> ADDED to worked_sundays (status: approved)
Sunday 2026-08-16 - Found: YES
  check_in: '09:00:00', work: -3
  -> Has valid check_in
  -> ADDED to worked_sundays (status: available)
Sunday 2026-08-23 - Found: NO
  -> NOT ADDED (no checkin)
Sunday 2026-08-30 - Found: NO
  -> NOT ADDED (no checkin)
Total worked Sundays: 2

=== WO DEBUG 2026-08-24 13:14:27 ===
User ID: 7929
Person ID: FNM0010
Month: 08, Year: 2026
Sunday 2026-08-02 - Found: YES
  check_in: '', work: 0
  -> NOT ADDED (no checkin)
Sunday 2026-08-09 - Found: YES
  check_in: '', work: 0
  -> NOT ADDED (no checkin)
Sunday 2026-08-16 - Found: YES
  check_in: '11:00:00', work: -4
  -> Has valid check_in
  -> ADDED to worked_sundays (status: available)
Sunday 2026-08-23 - Found: YES
  check_in: '11:00:00', work: -4
  -> Has valid check_in
  -> ADDED to worked_sundays (status: available)
Sunday 2026-08-30 - Found: YES
  check_in: '11:00:00', work: -4
  -> Has valid check_in
  -> ADDED to worked_sundays (status: available)
Total worked Sundays: 3

=== WO DEBUG 2026-08-24 13:15:16 ===
User ID: 8737
Person ID: FNM1924
Month: 08, Year: 2026
Sunday 2026-08-02 - Found: YES
  check_in: '', work: 0
  -> NOT ADDED (no checkin)
Sunday 2026-08-09 - Found: YES
  check_in: '09:23:59', work: 9.28
  -> Has valid check_in
  -> Has work hours > 0
  -> ADDED to worked_sundays (status: approved)
Sunday 2026-08-16 - Found: YES
  check_in: '09:00:00', work: -3
  -> Has valid check_in
  -> ADDED to worked_sundays (status: available)
Sunday 2026-08-23 - Found: NO
  -> NOT ADDED (no checkin)
Sunday 2026-08-30 - Found: NO
  -> NOT ADDED (no checkin)
Total worked Sundays: 2

=== WO DEBUG 2026-08-24 13:19:28 ===
User ID: 7929
Person ID: FNM0010
Month: 08, Year: 2026
Sunday 2026-08-02 - Found: YES
  check_in: '', work: 0
  -> NOT ADDED (no checkin)
Sunday 2026-08-09 - Found: YES
  check_in: '', work: 0
  -> NOT ADDED (no checkin)
Sunday 2026-08-16 - Found: YES
  check_in: '11:00:00', work: -4
  -> Has valid check_in
  -> ADDED to worked_sundays (status: available)
Sunday 2026-08-23 - Found: YES
  check_in: '11:00:00', work: -4
  -> Has valid check_in
  -> ADDED to worked_sundays (status: available)
Sunday 2026-08-30 - Found: YES
  check_in: '11:00:00', work: -4
  -> Has valid check_in
  -> ADDED to worked_sundays (status: available)
Total worked Sundays: 3

=== WO DEBUG 2026-08-24 13:20:17 ===
User ID: 8737
Person ID: FNM1924
Month: 08, Year: 2026
Sunday 2026-08-02 - Found: YES
  check_in: '', work: 0
  -> NOT ADDED (no checkin)
Sunday 2026-08-09 - Found: YES
  check_in: '09:23:59', work: 9.28
  -> Has valid check_in
  -> Has work hours > 0
  -> ADDED to worked_sundays (status: approved)
Sunday 2026-08-16 - Found: YES
  check_in: '09:00:00', work: -3
  -> Has valid check_in
  -> ADDED to worked_sundays (status: available)
Sunday 2026-08-23 - Found: NO
  -> NOT ADDED (no checkin)
Sunday 2026-08-30 - Found: NO
  -> NOT ADDED (no checkin)
Total worked Sundays: 2

=== WO DEBUG 2026-08-24 13:24:29 ===
User ID: 7929
Person ID: FNM0010
Month: 08, Year: 2026
Sunday 2026-08-02 - Found: YES
  check_in: '', work: 0
  -> NOT ADDED (no checkin)
Sunday 2026-08-09 - Found: YES
  check_in: '', work: 0
  -> NOT ADDED (no checkin)
Sunday 2026-08-16 - Found: YES
  check_in: '11:00:00', work: -4
  -> Has valid check_in
  -> ADDED to worked_sundays (status: available)
Sunday 2026-08-23 - Found: YES
  check_in: '11:00:00', work: -4
  -> Has valid check_in
  -> ADDED to worked_sundays (status: available)
Sunday 2026-08-30 - Found: YES
  check_in: '11:00:00', work: -4
  -> Has valid check_in
  -> ADDED to worked_sundays (status: available)
Total worked Sundays: 3

=== WO DEBUG 2026-08-24 13:25:18 ===
User ID: 8737
Person ID: FNM1924
Month: 08, Year: 2026
Sunday 2026-08-02 - Found: YES
  check_in: '', work: 0
  -> NOT ADDED (no checkin)
Sunday 2026-08-09 - Found: YES
  check_in: '09:23:59', work: 9.28
  -> Has valid check_in
  -> Has work hours > 0
  -> ADDED to worked_sundays (status: approved)
Sunday 2026-08-16 - Found: YES
  check_in: '09:00:00', work: -3
  -> Has valid check_in
  -> ADDED to worked_sundays (status: available)
Sunday 2026-08-23 - Found: NO
  -> NOT ADDED (no checkin)
Sunday 2026-08-30 - Found: NO
  -> NOT ADDED (no checkin)
Total worked Sundays: 2

=== WO DEBUG 2026-08-24 13:29:30 ===
User ID: 7929
Person ID: FNM0010
Month: 08, Year: 2026
Sunday 2026-08-02 - Found: YES
  check_in: '', work: 0
  -> NOT ADDED (no checkin)
Sunday 2026-08-09 - Found: YES
  check_in: '', work: 0
  -> NOT ADDED (no checkin)
Sunday 2026-08-16 - Found: YES
  check_in: '11:00:00', work: -4
  -> Has valid check_in
  -> ADDED to worked_sundays (status: available)
Sunday 2026-08-23 - Found: YES
  check_in: '11:00:00', work: -4
  -> Has valid check_in
  -> ADDED to worked_sundays (status: available)
Sunday 2026-08-30 - Found: YES
  check_in: '11:00:00', work: -4
  -> Has valid check_in
  -> ADDED to worked_sundays (status: available)
Total worked Sundays: 3

=== WO DEBUG 2026-08-24 13:30:19 ===
User ID: 8737
Person ID: FNM1924
Month: 08, Year: 2026
Sunday 2026-08-02 - Found: YES
  check_in: '', work: 0
  -> NOT ADDED (no checkin)
Sunday 2026-08-09 - Found: YES
  check_in: '09:23:59', work: 9.28
  -> Has valid check_in
  -> Has work hours > 0
  -> ADDED to worked_sundays (status: approved)
Sunday 2026-08-16 - Found: YES
  check_in: '09:00:00', work: -3
  -> Has valid check_in
  -> ADDED to worked_sundays (status: available)
Sunday 2026-08-23 - Found: NO
  -> NOT ADDED (no checkin)
Sunday 2026-08-30 - Found: NO
  -> NOT ADDED (no checkin)
Total worked Sundays: 2

=== WO DEBUG 2026-08-24 13:34:31 ===
User ID: 7929
Person ID: FNM0010
Month: 08, Year: 2026
Sunday 2026-08-02 - Found: YES
  check_in: '', work: 0
  -> NOT ADDED (no checkin)
Sunday 2026-08-09 - Found: YES
  check_in: '', work: 0
  -> NOT ADDED (no checkin)
Sunday 2026-08-16 - Found: YES
  check_in: '11:00:00', work: -4
  -> Has valid check_in
  -> ADDED to worked_sundays (status: available)
Sunday 2026-08-23 - Found: YES
  check_in: '11:00:00', work: -4
  -> Has valid check_in
  -> ADDED to worked_sundays (status: available)
Sunday 2026-08-30 - Found: YES
  check_in: '11:00:00', work: -4
  -> Has valid check_in
  -> ADDED to worked_sundays (status: available)
Total worked Sundays: 3

=== WO DEBUG 2026-08-24 13:35:20 ===
User ID: 8737
Person ID: FNM1924
Month: 08, Year: 2026
Sunday 2026-08-02 - Found: YES
  check_in: '', work: 0
  -> NOT ADDED (no checkin)
Sunday 2026-08-09 - Found: YES
  check_in: '09:23:59', work: 9.28
  -> Has valid check_in
  -> Has work hours > 0
  -> ADDED to worked_sundays (status: approved)
Sunday 2026-08-16 - Found: YES
  check_in: '09:00:00', work: -3
  -> Has valid check_in
  -> ADDED to worked_sundays (status: available)
Sunday 2026-08-23 - Found: NO
  -> NOT ADDED (no checkin)
Sunday 2026-08-30 - Found: NO
  -> NOT ADDED (no checkin)
Total worked Sundays: 2

=== WO DEBUG 2026-08-24 13:39:32 ===
User ID: 7929
Person ID: FNM0010
Month: 08, Year: 2026
Sunday 2026-08-02 - Found: YES
  check_in: '', work: 0
  -> NOT ADDED (no checkin)
Sunday 2026-08-09 - Found: YES
  check_in: '', work: 0
  -> NOT ADDED (no checkin)
Sunday 2026-08-16 - Found: YES
  check_in: '11:00:00', work: -4
  -> Has valid check_in
  -> ADDED to worked_sundays (status: available)
Sunday 2026-08-23 - Found: YES
  check_in: '11:00:00', work: -4
  -> Has valid check_in
  -> ADDED to worked_sundays (status: available)
Sunday 2026-08-30 - Found: YES
  check_in: '11:00:00', work: -4
  -> Has valid check_in
  -> ADDED to worked_sundays (status: available)
Total worked Sundays: 3

=== WO DEBUG 2026-08-24 13:40:21 ===
User ID: 8737
Person ID: FNM1924
Month: 08, Year: 2026
Sunday 2026-08-02 - Found: YES
  check_in: '', work: 0
  -> NOT ADDED (no checkin)
Sunday 2026-08-09 - Found: YES
  check_in: '09:23:59', work: 9.28
  -> Has valid check_in
  -> Has work hours > 0
  -> ADDED to worked_sundays (status: approved)
Sunday 2026-08-16 - Found: YES
  check_in: '09:00:00', work: -3
  -> Has valid check_in
  -> ADDED to worked_sundays (status: available)
Sunday 2026-08-23 - Found: NO
  -> NOT ADDED (no checkin)
Sunday 2026-08-30 - Found: NO
  -> NOT ADDED (no checkin)
Total worked Sundays: 2

=== WO DEBUG 2026-08-24 13:44:33 ===
User ID: 7929
Person ID: FNM0010
Month: 08, Year: 2026
Sunday 2026-08-02 - Found: YES
  check_in: '', work: 0
  -> NOT ADDED (no checkin)
Sunday 2026-08-09 - Found: YES
  check_in: '', work: 0
  -> NOT ADDED (no checkin)
Sunday 2026-08-16 - Found: YES
  check_in: '11:00:00', work: -4
  -> Has valid check_in
  -> ADDED to worked_sundays (status: available)
Sunday 2026-08-23 - Found: YES
  check_in: '11:00:00', work: -4
  -> Has valid check_in
  -> ADDED to worked_sundays (status: available)
Sunday 2026-08-30 - Found: YES
  check_in: '11:00:00', work: -4
  -> Has valid check_in
  -> ADDED to worked_sundays (status: available)
Total worked Sundays: 3

=== WO DEBUG 2026-08-24 13:45:22 ===
User ID: 8737
Person ID: FNM1924
Month: 08, Year: 2026
Sunday 2026-08-02 - Found: YES
  check_in: '', work: 0
  -> NOT ADDED (no checkin)
Sunday 2026-08-09 - Found: YES
  check_in: '09:23:59', work: 9.28
  -> Has valid check_in
  -> Has work hours > 0
  -> ADDED to worked_sundays (status: approved)
Sunday 2026-08-16 - Found: YES
  check_in: '09:00:00', work: -3
  -> Has valid check_in
  -> ADDED to worked_sundays (status: available)
Sunday 2026-08-23 - Found: NO
  -> NOT ADDED (no checkin)
Sunday 2026-08-30 - Found: NO
  -> NOT ADDED (no checkin)
Total worked Sundays: 2

=== WO DEBUG 2026-08-24 13:49:34 ===
User ID: 7929
Person ID: FNM0010
Month: 08, Year: 2026
Sunday 2026-08-02 - Found: YES
  check_in: '', work: 0
  -> NOT ADDED (no checkin)
Sunday 2026-08-09 - Found: YES
  check_in: '', work: 0
  -> NOT ADDED (no checkin)
Sunday 2026-08-16 - Found: YES
  check_in: '11:00:00', work: -4
  -> Has valid check_in
  -> ADDED to worked_sundays (status: available)
Sunday 2026-08-23 - Found: YES
  check_in: '11:00:00', work: -4
  -> Has valid check_in
  -> ADDED to worked_sundays (status: available)
Sunday 2026-08-30 - Found: YES
  check_in: '11:00:00', work: -4
  -> Has valid check_in
  -> ADDED to worked_sundays (status: available)
Total worked Sundays: 3

=== WO DEBUG 2026-08-24 13:50:23 ===
User ID: 8737
Person ID: FNM1924
Month: 08, Year: 2026
Sunday 2026-08-02 - Found: YES
  check_in: '', work: 0
  -> NOT ADDED (no checkin)
Sunday 2026-08-09 - Found: YES
  check_in: '09:23:59', work: 9.28
  -> Has valid check_in
  -> Has work hours > 0
  -> ADDED to worked_sundays (status: approved)
Sunday 2026-08-16 - Found: YES
  check_in: '09:00:00', work: -3
  -> Has valid check_in
  -> ADDED to worked_sundays (status: available)
Sunday 2026-08-23 - Found: NO
  -> NOT ADDED (no checkin)
Sunday 2026-08-30 - Found: NO
  -> NOT ADDED (no checkin)
Total worked Sundays: 2

=== WO DEBUG 2026-08-24 13:54:35 ===
User ID: 7929
Person ID: FNM0010
Month: 08, Year: 2026
Sunday 2026-08-02 - Found: YES
  check_in: '', work: 0
  -> NOT ADDED (no checkin)
Sunday 2026-08-09 - Found: YES
  check_in: '', work: 0
  -> NOT ADDED (no checkin)
Sunday 2026-08-16 - Found: YES
  check_in: '11:00:00', work: -4
  -> Has valid check_in
  -> ADDED to worked_sundays (status: available)
Sunday 2026-08-23 - Found: YES
  check_in: '11:00:00', work: -4
  -> Has valid check_in
  -> ADDED to worked_sundays (status: available)
Sunday 2026-08-30 - Found: YES
  check_in: '11:00:00', work: -4
  -> Has valid check_in
  -> ADDED to worked_sundays (status: available)
Total worked Sundays: 3

=== WO DEBUG 2026-08-24 13:55:24 ===
User ID: 8737
Person ID: FNM1924
Month: 08, Year: 2026
Sunday 2026-08-02 - Found: YES
  check_in: '', work: 0
  -> NOT ADDED (no checkin)
Sunday 2026-08-09 - Found: YES
  check_in: '09:23:59', work: 9.28
  -> Has valid check_in
  -> Has work hours > 0
  -> ADDED to worked_sundays (status: approved)
Sunday 2026-08-16 - Found: YES
  check_in: '09:00:00', work: -3
  -> Has valid check_in
  -> ADDED to worked_sundays (status: available)
Sunday 2026-08-23 - Found: NO
  -> NOT ADDED (no checkin)
Sunday 2026-08-30 - Found: NO
  -> NOT ADDED (no checkin)
Total worked Sundays: 2

=== WO DEBUG 2026-08-24 13:59:36 ===
User ID: 7929
Person ID: FNM0010
Month: 08, Year: 2026
Sunday 2026-08-02 - Found: YES
  check_in: '', work: 0
  -> NOT ADDED (no checkin)
Sunday 2026-08-09 - Found: YES
  check_in: '', work: 0
  -> NOT ADDED (no checkin)
Sunday 2026-08-16 - Found: YES
  check_in: '11:00:00', work: -4
  -> Has valid check_in
  -> ADDED to worked_sundays (status: available)
Sunday 2026-08-23 - Found: YES
  check_in: '11:00:00', work: -4
  -> Has valid check_in
  -> ADDED to worked_sundays (status: available)
Sunday 2026-08-30 - Found: YES
  check_in: '11:00:00', work: -4
  -> Has valid check_in
  -> ADDED to worked_sundays (status: available)
Total worked Sundays: 3

=== WO DEBUG 2026-08-24 14:00:25 ===
User ID: 8737
Person ID: FNM1924
Month: 08, Year: 2026
Sunday 2026-08-02 - Found: YES
  check_in: '', work: 0
  -> NOT ADDED (no checkin)
Sunday 2026-08-09 - Found: YES
  check_in: '09:23:59', work: 9.28
  -> Has valid check_in
  -> Has work hours > 0
  -> ADDED to worked_sundays (status: approved)
Sunday 2026-08-16 - Found: YES
  check_in: '09:00:00', work: -3
  -> Has valid check_in
  -> ADDED to worked_sundays (status: available)
Sunday 2026-08-23 - Found: NO
  -> NOT ADDED (no checkin)
Sunday 2026-08-30 - Found: NO
  -> NOT ADDED (no checkin)
Total worked Sundays: 2

=== WO DEBUG 2026-08-24 14:04:37 ===
User ID: 7929
Person ID: FNM0010
Month: 08, Year: 2026
Sunday 2026-08-02 - Found: YES
  check_in: '', work: 0
  -> NOT ADDED (no checkin)
Sunday 2026-08-09 - Found: YES
  check_in: '', work: 0
  -> NOT ADDED (no checkin)
Sunday 2026-08-16 - Found: YES
  check_in: '11:00:00', work: -4
  -> Has valid check_in
  -> ADDED to worked_sundays (status: available)
Sunday 2026-08-23 - Found: YES
  check_in: '11:00:00', work: -4
  -> Has valid check_in
  -> ADDED to worked_sundays (status: available)
Sunday 2026-08-30 - Found: YES
  check_in: '11:00:00', work: -4
  -> Has valid check_in
  -> ADDED to worked_sundays (status: available)
Total worked Sundays: 3

=== WO DEBUG 2026-08-24 14:05:26 ===
User ID: 8737
Person ID: FNM1924
Month: 08, Year: 2026
Sunday 2026-08-02 - Found: YES
  check_in: '', work: 0
  -> NOT ADDED (no checkin)
Sunday 2026-08-09 - Found: YES
  check_in: '09:23:59', work: 9.28
  -> Has valid check_in
  -> Has work hours > 0
  -> ADDED to worked_sundays (status: approved)
Sunday 2026-08-16 - Found: YES
  check_in: '09:00:00', work: -3
  -> Has valid check_in
  -> ADDED to worked_sundays (status: available)
Sunday 2026-08-23 - Found: NO
  -> NOT ADDED (no checkin)
Sunday 2026-08-30 - Found: NO
  -> NOT ADDED (no checkin)
Total worked Sundays: 2

=== WO DEBUG 2026-08-24 14:09:38 ===
User ID: 7929
Person ID: FNM0010
Month: 08, Year: 2026
Sunday 2026-08-02 - Found: YES
  check_in: '', work: 0
  -> NOT ADDED (no checkin)
Sunday 2026-08-09 - Found: YES
  check_in: '', work: 0
  -> NOT ADDED (no checkin)
Sunday 2026-08-16 - Found: YES
  check_in: '11:00:00', work: -4
  -> Has valid check_in
  -> ADDED to worked_sundays (status: available)
Sunday 2026-08-23 - Found: YES
  check_in: '11:00:00', work: -4
  -> Has valid check_in
  -> ADDED to worked_sundays (status: available)
Sunday 2026-08-30 - Found: YES
  check_in: '11:00:00', work: -4
  -> Has valid check_in
  -> ADDED to worked_sundays (status: available)
Total worked Sundays: 3

=== WO DEBUG 2026-08-24 14:10:27 ===
User ID: 8737
Person ID: FNM1924
Month: 08, Year: 2026
Sunday 2026-08-02 - Found: YES
  check_in: '', work: 0
  -> NOT ADDED (no checkin)
Sunday 2026-08-09 - Found: YES
  check_in: '09:23:59', work: 9.28
  -> Has valid check_in
  -> Has work hours > 0
  -> ADDED to worked_sundays (status: approved)
Sunday 2026-08-16 - Found: YES
  check_in: '09:00:00', work: -3
  -> Has valid check_in
  -> ADDED to worked_sundays (status: available)
Sunday 2026-08-23 - Found: NO
  -> NOT ADDED (no checkin)
Sunday 2026-08-30 - Found: NO
  -> NOT ADDED (no checkin)
Total worked Sundays: 2

=== WO DEBUG 2026-08-24 14:13:27 ===
User ID: 8737
Person ID: FNM1924
Month: 08, Year: 2026
Sunday 2026-08-02 - Found: YES
  check_in: '', work: 0
  -> NOT ADDED (no checkin)
Sunday 2026-08-09 - Found: YES
  check_in: '09:23:59', work: 9.28
  -> Has valid check_in
  -> Has work hours > 0
  -> ADDED to worked_sundays (status: approved)
Sunday 2026-08-16 - Found: YES
  check_in: '09:00:00', work: -3
  -> Has valid check_in
  -> ADDED to worked_sundays (status: available)
Sunday 2026-08-23 - Found: NO
  -> NOT ADDED (no checkin)
Sunday 2026-08-30 - Found: NO
  -> NOT ADDED (no checkin)
Total worked Sundays: 2

=== WO DEBUG 2026-08-24 14:14:39 ===
User ID: 7929
Person ID: FNM0010
Month: 08, Year: 2026
Sunday 2026-08-02 - Found: YES
  check_in: '', work: 0
  -> NOT ADDED (no checkin)
Sunday 2026-08-09 - Found: YES
  check_in: '', work: 0
  -> NOT ADDED (no checkin)
Sunday 2026-08-16 - Found: YES
  check_in: '11:00:00', work: -4
  -> Has valid check_in
  -> ADDED to worked_sundays (status: available)
Sunday 2026-08-23 - Found: YES
  check_in: '11:00:00', work: -4
  -> Has valid check_in
  -> ADDED to worked_sundays (status: available)
Sunday 2026-08-30 - Found: YES
  check_in: '11:00:00', work: -4
  -> Has valid check_in
  -> ADDED to worked_sundays (status: available)
Total worked Sundays: 3

=== WO DEBUG 2026-08-24 14:19:40 ===
User ID: 7929
Person ID: FNM0010
Month: 08, Year: 2026
Sunday 2026-08-02 - Found: YES
  check_in: '', work: 0
  -> NOT ADDED (no checkin)
Sunday 2026-08-09 - Found: YES
  check_in: '', work: 0
  -> NOT ADDED (no checkin)
Sunday 2026-08-16 - Found: YES
  check_in: '11:00:00', work: -4
  -> Has valid check_in
  -> ADDED to worked_sundays (status: available)
Sunday 2026-08-23 - Found: YES
  check_in: '11:00:00', work: -4
  -> Has valid check_in
  -> ADDED to worked_sundays (status: available)
Sunday 2026-08-30 - Found: YES
  check_in: '11:00:00', work: -4
  -> Has valid check_in
  -> ADDED to worked_sundays (status: available)
Total worked Sundays: 3

=== WO DEBUG 2026-08-24 14:21:02 ===
User ID: 8737
Person ID: FNM1924
Month: 08, Year: 2026
Sunday 2026-08-02 - Found: YES
  check_in: '', work: 0
  -> NOT ADDED (no checkin)
Sunday 2026-08-09 - Found: YES
  check_in: '09:23:59', work: 9.28
  -> Has valid check_in
  -> Has work hours > 0
  -> ADDED to worked_sundays (status: approved)
Sunday 2026-08-16 - Found: YES
  check_in: '09:00:00', work: -3
  -> Has valid check_in
  -> ADDED to worked_sundays (status: available)
Sunday 2026-08-23 - Found: NO
  -> NOT ADDED (no checkin)
Sunday 2026-08-30 - Found: NO
  -> NOT ADDED (no checkin)
Total worked Sundays: 2

=== WO DEBUG 2026-08-24 14:22:29 ===
User ID: 8737
Person ID: FNM1924
Month: 08, Year: 2026
Sunday 2026-08-02 - Found: YES
  check_in: '', work: 0
  -> NOT ADDED (no checkin)
Sunday 2026-08-09 - Found: YES
  check_in: '09:23:59', work: 9.28
  -> Has valid check_in
  -> Has work hours > 0
  -> ADDED to worked_sundays (status: approved)
Sunday 2026-08-16 - Found: YES
  check_in: '09:00:00', work: -3
  -> Has valid check_in
  -> ADDED to worked_sundays (status: available)
Sunday 2026-08-23 - Found: NO
  -> NOT ADDED (no checkin)
Sunday 2026-08-30 - Found: NO
  -> NOT ADDED (no checkin)
Total worked Sundays: 2

=== WO DEBUG 2026-08-24 14:24:41 ===
User ID: 7929
Person ID: FNM0010
Month: 08, Year: 2026
Sunday 2026-08-02 - Found: YES
  check_in: '', work: 0
  -> NOT ADDED (no checkin)
Sunday 2026-08-09 - Found: YES
  check_in: '', work: 0
  -> NOT ADDED (no checkin)
Sunday 2026-08-16 - Found: YES
  check_in: '11:00:00', work: -4
  -> Has valid check_in
  -> ADDED to worked_sundays (status: available)
Sunday 2026-08-23 - Found: YES
  check_in: '11:00:00', work: -4
  -> Has valid check_in
  -> ADDED to worked_sundays (status: available)
Sunday 2026-08-30 - Found: YES
  check_in: '11:00:00', work: -4
  -> Has valid check_in
  -> ADDED to worked_sundays (status: available)
Total worked Sundays: 3

=== WO DEBUG 2026-08-24 14:29:42 ===
User ID: 7929
Person ID: FNM0010
Month: 08, Year: 2026
Sunday 2026-08-02 - Found: YES
  check_in: '', work: 0
  -> NOT ADDED (no checkin)
Sunday 2026-08-09 - Found: YES
  check_in: '', work: 0
  -> NOT ADDED (no checkin)
Sunday 2026-08-16 - Found: YES
  check_in: '11:00:00', work: -4
  -> Has valid check_in
  -> ADDED to worked_sundays (status: available)
Sunday 2026-08-23 - Found: YES
  check_in: '11:00:00', work: -4
  -> Has valid check_in
  -> ADDED to worked_sundays (status: available)
Sunday 2026-08-30 - Found: YES
  check_in: '11:00:00', work: -4
  -> Has valid check_in
  -> ADDED to worked_sundays (status: available)
Total worked Sundays: 3

=== WO DEBUG 2026-08-24 14:34:43 ===
User ID: 7929
Person ID: FNM0010
Month: 08, Year: 2026
Sunday 2026-08-02 - Found: YES
  check_in: '', work: 0
  -> NOT ADDED (no checkin)
Sunday 2026-08-09 - Found: YES
  check_in: '', work: 0
  -> NOT ADDED (no checkin)
Sunday 2026-08-16 - Found: YES
  check_in: '11:00:00', work: -4
  -> Has valid check_in
  -> ADDED to worked_sundays (status: available)
Sunday 2026-08-23 - Found: YES
  check_in: '11:00:00', work: -4
  -> Has valid check_in
  -> ADDED to worked_sundays (status: available)
Sunday 2026-08-30 - Found: YES
  check_in: '11:00:00', work: -4
  -> Has valid check_in
  -> ADDED to worked_sundays (status: available)
Total worked Sundays: 3

=== WO DEBUG 2026-08-24 14:39:44 ===
User ID: 7929
Person ID: FNM0010
Month: 08, Year: 2026
Sunday 2026-08-02 - Found: YES
  check_in: '', work: 0
  -> NOT ADDED (no checkin)
Sunday 2026-08-09 - Found: YES
  check_in: '', work: 0
  -> NOT ADDED (no checkin)
Sunday 2026-08-16 - Found: YES
  check_in: '11:00:00', work: -4
  -> Has valid check_in
  -> ADDED to worked_sundays (status: available)
Sunday 2026-08-23 - Found: YES
  check_in: '11:00:00', work: -4
  -> Has valid check_in
  -> ADDED to worked_sundays (status: available)
Sunday 2026-08-30 - Found: YES
  check_in: '11:00:00', work: -4
  -> Has valid check_in
  -> ADDED to worked_sundays (status: available)
Total worked Sundays: 3

=== WO DEBUG 2026-08-24 14:44:45 ===
User ID: 7929
Person ID: FNM0010
Month: 08, Year: 2026
Sunday 2026-08-02 - Found: YES
  check_in: '', work: 0
  -> NOT ADDED (no checkin)
Sunday 2026-08-09 - Found: YES
  check_in: '', work: 0
  -> NOT ADDED (no checkin)
Sunday 2026-08-16 - Found: YES
  check_in: '11:00:00', work: -4
  -> Has valid check_in
  -> ADDED to worked_sundays (status: available)
Sunday 2026-08-23 - Found: YES
  check_in: '11:00:00', work: -4
  -> Has valid check_in
  -> ADDED to worked_sundays (status: available)
Sunday 2026-08-30 - Found: YES
  check_in: '11:00:00', work: -4
  -> Has valid check_in
  -> ADDED to worked_sundays (status: available)
Total worked Sundays: 3

=== WO DEBUG 2026-08-24 14:49:46 ===
User ID: 7929
Person ID: FNM0010
Month: 08, Year: 2026
Sunday 2026-08-02 - Found: YES
  check_in: '', work: 0
  -> NOT ADDED (no checkin)
Sunday 2026-08-09 - Found: YES
  check_in: '', work: 0
  -> NOT ADDED (no checkin)
Sunday 2026-08-16 - Found: YES
  check_in: '11:00:00', work: -4
  -> Has valid check_in
  -> ADDED to worked_sundays (status: available)
Sunday 2026-08-23 - Found: YES
  check_in: '11:00:00', work: -4
  -> Has valid check_in
  -> ADDED to worked_sundays (status: available)
Sunday 2026-08-30 - Found: YES
  check_in: '11:00:00', work: -4
  -> Has valid check_in
  -> ADDED to worked_sundays (status: available)
Total worked Sundays: 3

=== WO DEBUG 2026-08-24 14:54:47 ===
User ID: 7929
Person ID: FNM0010
Month: 08, Year: 2026
Sunday 2026-08-02 - Found: YES
  check_in: '', work: 0
  -> NOT ADDED (no checkin)
Sunday 2026-08-09 - Found: YES
  check_in: '', work: 0
  -> NOT ADDED (no checkin)
Sunday 2026-08-16 - Found: YES
  check_in: '11:00:00', work: -4
  -> Has valid check_in
  -> ADDED to worked_sundays (status: available)
Sunday 2026-08-23 - Found: YES
  check_in: '11:00:00', work: -4
  -> Has valid check_in
  -> ADDED to worked_sundays (status: available)
Sunday 2026-08-30 - Found: YES
  check_in: '11:00:00', work: -4
  -> Has valid check_in
  -> ADDED to worked_sundays (status: available)
Total worked Sundays: 3

=== WO DEBUG 2026-08-24 15:00:35 ===
User ID: 7929
Person ID: FNM0010
Month: 08, Year: 2026
Sunday 2026-08-02 - Found: YES
  check_in: '', work: 0
  -> NOT ADDED (no checkin)
Sunday 2026-08-09 - Found: YES
  check_in: '', work: 0
  -> NOT ADDED (no checkin)
Sunday 2026-08-16 - Found: YES
  check_in: '11:00:00', work: -4
  -> Has valid check_in
  -> ADDED to worked_sundays (status: available)
Sunday 2026-08-23 - Found: YES
  check_in: '11:00:00', work: -4
  -> Has valid check_in
  -> ADDED to worked_sundays (status: available)
Sunday 2026-08-30 - Found: YES
  check_in: '11:00:00', work: -4
  -> Has valid check_in
  -> ADDED to worked_sundays (status: available)
Total worked Sundays: 3

=== WO DEBUG 2026-08-24 15:05:36 ===
User ID: 7929
Person ID: FNM0010
Month: 08, Year: 2026
Sunday 2026-08-02 - Found: YES
  check_in: '', work: 0
  -> NOT ADDED (no checkin)
Sunday 2026-08-09 - Found: YES
  check_in: '', work: 0
  -> NOT ADDED (no checkin)
Sunday 2026-08-16 - Found: YES
  check_in: '11:00:00', work: -4
  -> Has valid check_in
  -> ADDED to worked_sundays (status: available)
Sunday 2026-08-23 - Found: YES
  check_in: '11:00:00', work: -4
  -> Has valid check_in
  -> ADDED to worked_sundays (status: available)
Sunday 2026-08-30 - Found: YES
  check_in: '11:00:00', work: -4
  -> Has valid check_in
  -> ADDED to worked_sundays (status: available)
Total worked Sundays: 3

=== WO DEBUG 2026-08-24 15:10:37 ===
User ID: 7929
Person ID: FNM0010
Month: 08, Year: 2026
Sunday 2026-08-02 - Found: YES
  check_in: '', work: 0
  -> NOT ADDED (no checkin)
Sunday 2026-08-09 - Found: YES
  check_in: '', work: 0
  -> NOT ADDED (no checkin)
Sunday 2026-08-16 - Found: YES
  check_in: '11:00:00', work: -4
  -> Has valid check_in
  -> ADDED to worked_sundays (status: available)
Sunday 2026-08-23 - Found: YES
  check_in: '11:00:00', work: -4
  -> Has valid check_in
  -> ADDED to worked_sundays (status: available)
Sunday 2026-08-30 - Found: YES
  check_in: '11:00:00', work: -4
  -> Has valid check_in
  -> ADDED to worked_sundays (status: available)
Total worked Sundays: 3

=== WO DEBUG 2026-08-24 15:15:38 ===
User ID: 7929
Person ID: FNM0010
Month: 08, Year: 2026
Sunday 2026-08-02 - Found: YES
  check_in: '', work: 0
  -> NOT ADDED (no checkin)
Sunday 2026-08-09 - Found: YES
  check_in: '', work: 0
  -> NOT ADDED (no checkin)
Sunday 2026-08-16 - Found: YES
  check_in: '11:00:00', work: -4
  -> Has valid check_in
  -> ADDED to worked_sundays (status: available)
Sunday 2026-08-23 - Found: YES
  check_in: '11:00:00', work: -4
  -> Has valid check_in
  -> ADDED to worked_sundays (status: available)
Sunday 2026-08-30 - Found: YES
  check_in: '11:00:00', work: -4
  -> Has valid check_in
  -> ADDED to worked_sundays (status: available)
Total worked Sundays: 3

=== WO DEBUG 2026-08-24 15:20:39 ===
User ID: 7929
Person ID: FNM0010
Month: 08, Year: 2026
Sunday 2026-08-02 - Found: YES
  check_in: '', work: 0
  -> NOT ADDED (no checkin)
Sunday 2026-08-09 - Found: YES
  check_in: '', work: 0
  -> NOT ADDED (no checkin)
Sunday 2026-08-16 - Found: YES
  check_in: '11:00:00', work: -4
  -> Has valid check_in
  -> ADDED to worked_sundays (status: available)
Sunday 2026-08-23 - Found: YES
  check_in: '11:00:00', work: -4
  -> Has valid check_in
  -> ADDED to worked_sundays (status: available)
Sunday 2026-08-30 - Found: YES
  check_in: '11:00:00', work: -4
  -> Has valid check_in
  -> ADDED to worked_sundays (status: available)
Total worked Sundays: 3

=== WO DEBUG 2026-08-24 15:24:18 ===
User ID: 8737
Person ID: FNM1924
Month: 08, Year: 2026
Sunday 2026-08-02 - Found: YES
  check_in: '', work: 0
  -> NOT ADDED (no checkin)
Sunday 2026-08-09 - Found: YES
  check_in: '09:23:59', work: 9.28
  -> Has valid check_in
  -> Has work hours > 0
  -> ADDED to worked_sundays (status: approved)
Sunday 2026-08-16 - Found: YES
  check_in: '09:00:00', work: -3
  -> Has valid check_in
  -> ADDED to worked_sundays (status: available)
Sunday 2026-08-23 - Found: NO
  -> NOT ADDED (no checkin)
Sunday 2026-08-30 - Found: NO
  -> NOT ADDED (no checkin)
Total worked Sundays: 2

=== WO DEBUG 2026-08-24 15:24:19 ===
User ID: 8737
Person ID: FNM1924
Month: 08, Year: 2026
Sunday 2026-08-02 - Found: YES
  check_in: '', work: 0
  -> NOT ADDED (no checkin)
Sunday 2026-08-09 - Found: YES
  check_in: '09:23:59', work: 9.28
  -> Has valid check_in
  -> Has work hours > 0
  -> ADDED to worked_sundays (status: approved)
Sunday 2026-08-16 - Found: YES
  check_in: '09:00:00', work: -3
  -> Has valid check_in
  -> ADDED to worked_sundays (status: available)
Sunday 2026-08-23 - Found: NO
  -> NOT ADDED (no checkin)
Sunday 2026-08-30 - Found: NO
  -> NOT ADDED (no checkin)
Total worked Sundays: 2

=== WO DEBUG 2026-08-24 15:25:40 ===
User ID: 7929
Person ID: FNM0010
Month: 08, Year: 2026
Sunday 2026-08-02 - Found: YES
  check_in: '', work: 0
  -> NOT ADDED (no checkin)
Sunday 2026-08-09 - Found: YES
  check_in: '', work: 0
  -> NOT ADDED (no checkin)
Sunday 2026-08-16 - Found: YES
  check_in: '11:00:00', work: -4
  -> Has valid check_in
  -> ADDED to worked_sundays (status: available)
Sunday 2026-08-23 - Found: YES
  check_in: '11:00:00', work: -4
  -> Has valid check_in
  -> ADDED to worked_sundays (status: available)
Sunday 2026-08-30 - Found: YES
  check_in: '11:00:00', work: -4
  -> Has valid check_in
  -> ADDED to worked_sundays (status: available)
Total worked Sundays: 3

=== WO DEBUG 2026-08-24 15:28:20 ===
User ID: 8737
Person ID: FNM1924
Month: 08, Year: 2026
Sunday 2026-08-02 - Found: YES
  check_in: '', work: 0
  -> NOT ADDED (no checkin)
Sunday 2026-08-09 - Found: YES
  check_in: '09:23:59', work: 9.28
  -> Has valid check_in
  -> Has work hours > 0
  -> ADDED to worked_sundays (status: approved)
Sunday 2026-08-16 - Found: YES
  check_in: '09:00:00', work: -3
  -> Has valid check_in
  -> ADDED to worked_sundays (status: available)
Sunday 2026-08-23 - Found: NO
  -> NOT ADDED (no checkin)
Sunday 2026-08-30 - Found: NO
  -> NOT ADDED (no checkin)
Total worked Sundays: 2

=== WO DEBUG 2026-08-24 15:30:41 ===
User ID: 7929
Person ID: FNM0010
Month: 08, Year: 2026
Sunday 2026-08-02 - Found: YES
  check_in: '', work: 0
  -> NOT ADDED (no checkin)
Sunday 2026-08-09 - Found: YES
  check_in: '', work: 0
  -> NOT ADDED (no checkin)
Sunday 2026-08-16 - Found: YES
  check_in: '11:00:00', work: -4
  -> Has valid check_in
  -> ADDED to worked_sundays (status: available)
Sunday 2026-08-23 - Found: YES
  check_in: '11:00:00', work: -4
  -> Has valid check_in
  -> ADDED to worked_sundays (status: available)
Sunday 2026-08-30 - Found: YES
  check_in: '11:00:00', work: -4
  -> Has valid check_in
  -> ADDED to worked_sundays (status: available)
Total worked Sundays: 3

=== WO DEBUG 2026-08-24 15:33:20 ===
User ID: 8737
Person ID: FNM1924
Month: 08, Year: 2026
Sunday 2026-08-02 - Found: YES
  check_in: '', work: 0
  -> NOT ADDED (no checkin)
Sunday 2026-08-09 - Found: YES
  check_in: '09:23:59', work: 9.28
  -> Has valid check_in
  -> Has work hours > 0
  -> ADDED to worked_sundays (status: approved)
Sunday 2026-08-16 - Found: YES
  check_in: '09:00:00', work: -3
  -> Has valid check_in
  -> ADDED to worked_sundays (status: available)
Sunday 2026-08-23 - Found: NO
  -> NOT ADDED (no checkin)
Sunday 2026-08-30 - Found: NO
  -> NOT ADDED (no checkin)
Total worked Sundays: 2

=== WO DEBUG 2026-08-24 15:35:34 ===
User ID: 8737
Person ID: FNM1924
Month: 08, Year: 2026
Sunday 2026-08-02 - Found: YES
  check_in: '', work: 0
  -> NOT ADDED (no checkin)
Sunday 2026-08-09 - Found: YES
  check_in: '09:23:59', work: 9.28
  -> Has valid check_in
  -> Has work hours > 0
  -> ADDED to worked_sundays (status: approved)
Sunday 2026-08-16 - Found: YES
  check_in: '09:00:00', work: -3
  -> Has valid check_in
  -> ADDED to worked_sundays (status: available)
Sunday 2026-08-23 - Found: NO
  -> NOT ADDED (no checkin)
Sunday 2026-08-30 - Found: NO
  -> NOT ADDED (no checkin)
Total worked Sundays: 2

=== WO DEBUG 2026-08-24 15:35:42 ===
User ID: 7929
Person ID: FNM0010
Month: 08, Year: 2026
Sunday 2026-08-02 - Found: YES
  check_in: '', work: 0
  -> NOT ADDED (no checkin)
Sunday 2026-08-09 - Found: YES
  check_in: '', work: 0
  -> NOT ADDED (no checkin)
Sunday 2026-08-16 - Found: YES
  check_in: '11:00:00', work: -4
  -> Has valid check_in
  -> ADDED to worked_sundays (status: available)
Sunday 2026-08-23 - Found: YES
  check_in: '11:00:00', work: -4
  -> Has valid check_in
  -> ADDED to worked_sundays (status: available)
Sunday 2026-08-30 - Found: YES
  check_in: '11:00:00', work: -4
  -> Has valid check_in
  -> ADDED to worked_sundays (status: available)
Total worked Sundays: 3

=== WO DEBUG 2026-08-24 15:36:13 ===
User ID: 8737
Person ID: FNM1924
Month: 08, Year: 2026
Sunday 2026-08-02 - Found: YES
  check_in: '', work: 0
  -> NOT ADDED (no checkin)
Sunday 2026-08-09 - Found: YES
  check_in: '09:23:59', work: 9.28
  -> Has valid check_in
  -> Has work hours > 0
  -> ADDED to worked_sundays (status: approved)
Sunday 2026-08-16 - Found: YES
  check_in: '09:00:00', work: -3
  -> Has valid check_in
  -> ADDED to worked_sundays (status: available)
Sunday 2026-08-23 - Found: NO
  -> NOT ADDED (no checkin)
Sunday 2026-08-30 - Found: NO
  -> NOT ADDED (no checkin)
Total worked Sundays: 2

=== WO DEBUG 2026-08-24 15:37:03 ===
User ID: 8737
Person ID: FNM1924
Month: 08, Year: 2026
Sunday 2026-08-02 - Found: YES
  check_in: '', work: 0
  -> NOT ADDED (no checkin)
Sunday 2026-08-09 - Found: YES
  check_in: '09:23:59', work: 9.28
  -> Has valid check_in
  -> Has work hours > 0
  -> ADDED to worked_sundays (status: approved)
Sunday 2026-08-16 - Found: YES
  check_in: '09:00:00', work: -3
  -> Has valid check_in
  -> ADDED to worked_sundays (status: available)
Sunday 2026-08-23 - Found: NO
  -> NOT ADDED (no checkin)
Sunday 2026-08-30 - Found: NO
  -> NOT ADDED (no checkin)
Total worked Sundays: 2

=== WO DEBUG 2026-08-24 15:39:31 ===
User ID: 8737
Person ID: FNM1924
Month: 08, Year: 2026
Sunday 2026-08-02 - Found: YES
  check_in: '', work: 0
  -> NOT ADDED (no checkin)
Sunday 2026-08-09 - Found: YES
  check_in: '09:23:59', work: 9.28
  -> Has valid check_in
  -> Has work hours > 0
  -> ADDED to worked_sundays (status: approved)
Sunday 2026-08-16 - Found: YES
  check_in: '09:00:00', work: -3
  -> Has valid check_in
  -> ADDED to worked_sundays (status: available)
Sunday 2026-08-23 - Found: NO
  -> NOT ADDED (no checkin)
Sunday 2026-08-30 - Found: NO
  -> NOT ADDED (no checkin)
Total worked Sundays: 2

=== WO DEBUG 2026-08-24 15:40:43 ===
User ID: 7929
Person ID: FNM0010
Month: 08, Year: 2026
Sunday 2026-08-02 - Found: YES
  check_in: '', work: 0
  -> NOT ADDED (no checkin)
Sunday 2026-08-09 - Found: YES
  check_in: '', work: 0
  -> NOT ADDED (no checkin)
Sunday 2026-08-16 - Found: YES
  check_in: '11:00:00', work: -4
  -> Has valid check_in
  -> ADDED to worked_sundays (status: available)
Sunday 2026-08-23 - Found: YES
  check_in: '11:00:00', work: -4
  -> Has valid check_in
  -> ADDED to worked_sundays (status: available)
Sunday 2026-08-30 - Found: YES
  check_in: '11:00:00', work: -4
  -> Has valid check_in
  -> ADDED to worked_sundays (status: available)
Total worked Sundays: 3

=== WO DEBUG 2026-08-24 15:41:32 ===
User ID: 8737
Person ID: FNM1924
Month: 08, Year: 2026
Sunday 2026-08-02 - Found: YES
  check_in: '', work: 0
  -> NOT ADDED (no checkin)
Sunday 2026-08-09 - Found: YES
  check_in: '09:23:59', work: 9.28
  -> Has valid check_in
  -> Has work hours > 0
  -> ADDED to worked_sundays (status: approved)
Sunday 2026-08-16 - Found: YES
  check_in: '09:00:00', work: -3
  -> Has valid check_in
  -> ADDED to worked_sundays (status: available)
Sunday 2026-08-23 - Found: NO
  -> NOT ADDED (no checkin)
Sunday 2026-08-30 - Found: NO
  -> NOT ADDED (no checkin)
Total worked Sundays: 2

=== WO DEBUG 2026-08-24 15:45:29 ===
User ID: 8737
Person ID: FNM1924
Month: 08, Year: 2026
Sunday 2026-08-02 - Found: YES
  check_in: '', work: 0
  -> NOT ADDED (no checkin)
Sunday 2026-08-09 - Found: YES
  check_in: '09:23:59', work: 9.28
  -> Has valid check_in
  -> Has work hours > 0
  -> ADDED to worked_sundays (status: approved)
Sunday 2026-08-16 - Found: YES
  check_in: '09:00:00', work: -3
  -> Has valid check_in
  -> ADDED to worked_sundays (status: available)
Sunday 2026-08-23 - Found: NO
  -> NOT ADDED (no checkin)
Sunday 2026-08-30 - Found: NO
  -> NOT ADDED (no checkin)
Total worked Sundays: 2

=== WO DEBUG 2026-08-24 15:45:44 ===
User ID: 7929
Person ID: FNM0010
Month: 08, Year: 2026
Sunday 2026-08-02 - Found: YES
  check_in: '', work: 0
  -> NOT ADDED (no checkin)
Sunday 2026-08-09 - Found: YES
  check_in: '', work: 0
  -> NOT ADDED (no checkin)
Sunday 2026-08-16 - Found: YES
  check_in: '11:00:00', work: -4
  -> Has valid check_in
  -> ADDED to worked_sundays (status: available)
Sunday 2026-08-23 - Found: YES
  check_in: '11:00:00', work: -4
  -> Has valid check_in
  -> ADDED to worked_sundays (status: available)
Sunday 2026-08-30 - Found: YES
  check_in: '11:00:00', work: -4
  -> Has valid check_in
  -> ADDED to worked_sundays (status: available)
Total worked Sundays: 3

=== WO DEBUG 2026-08-24 15:48:20 ===
User ID: 8737
Person ID: FNM1924
Month: 08, Year: 2026
Sunday 2026-08-02 - Found: YES
  check_in: '', work: 0
  -> NOT ADDED (no checkin)
Sunday 2026-08-09 - Found: YES
  check_in: '09:23:59', work: 9.28
  -> Has valid check_in
  -> Has work hours > 0
  -> ADDED to worked_sundays (status: approved)
Sunday 2026-08-16 - Found: YES
  check_in: '09:00:00', work: -3
  -> Has valid check_in
  -> ADDED to worked_sundays (status: available)
Sunday 2026-08-23 - Found: NO
  -> NOT ADDED (no checkin)
Sunday 2026-08-30 - Found: NO
  -> NOT ADDED (no checkin)
Total worked Sundays: 2

=== WO DEBUG 2026-08-24 15:50:14 ===
User ID: 8737
Person ID: FNM1924
Month: 08, Year: 2026
Sunday 2026-08-02 - Found: YES
  check_in: '', work: 0
  -> NOT ADDED (no checkin)
Sunday 2026-08-09 - Found: YES
  check_in: '09:23:59', work: 9.28
  -> Has valid check_in
  -> Has work hours > 0
  -> ADDED to worked_sundays (status: approved)
Sunday 2026-08-16 - Found: YES
  check_in: '09:00:00', work: -3
  -> Has valid check_in
  -> ADDED to worked_sundays (status: available)
Sunday 2026-08-23 - Found: NO
  -> NOT ADDED (no checkin)
Sunday 2026-08-30 - Found: NO
  -> NOT ADDED (no checkin)
Total worked Sundays: 2

=== WO DEBUG 2026-08-24 15:50:45 ===
User ID: 7929
Person ID: FNM0010
Month: 08, Year: 2026
Sunday 2026-08-02 - Found: YES
  check_in: '', work: 0
  -> NOT ADDED (no checkin)
Sunday 2026-08-09 - Found: YES
  check_in: '', work: 0
  -> NOT ADDED (no checkin)
Sunday 2026-08-16 - Found: YES
  check_in: '11:00:00', work: -4
  -> Has valid check_in
  -> ADDED to worked_sundays (status: available)
Sunday 2026-08-23 - Found: YES
  check_in: '11:00:00', work: -4
  -> Has valid check_in
  -> ADDED to worked_sundays (status: available)
Sunday 2026-08-30 - Found: YES
  check_in: '11:00:00', work: -4
  -> Has valid check_in
  -> ADDED to worked_sundays (status: available)
Total worked Sundays: 3

=== WO DEBUG 2026-08-24 15:51:51 ===
User ID: 8737
Person ID: FNM1924
Month: 08, Year: 2026
Sunday 2026-08-02 - Found: YES
  check_in: '', work: 0
  -> NOT ADDED (no checkin)
Sunday 2026-08-09 - Found: YES
  check_in: '09:23:59', work: 9.28
  -> Has valid check_in
  -> Has work hours > 0
  -> ADDED to worked_sundays (status: approved)
Sunday 2026-08-16 - Found: YES
  check_in: '09:00:00', work: -3
  -> Has valid check_in
  -> ADDED to worked_sundays (status: available)
Sunday 2026-08-23 - Found: NO
  -> NOT ADDED (no checkin)
Sunday 2026-08-30 - Found: NO
  -> NOT ADDED (no checkin)
Total worked Sundays: 2

=== WO DEBUG 2026-08-24 15:55:46 ===
User ID: 7929
Person ID: FNM0010
Month: 08, Year: 2026
Sunday 2026-08-02 - Found: YES
  check_in: '', work: 0
  -> NOT ADDED (no checkin)
Sunday 2026-08-09 - Found: YES
  check_in: '', work: 0
  -> NOT ADDED (no checkin)
Sunday 2026-08-16 - Found: YES
  check_in: '11:00:00', work: -4
  -> Has valid check_in
  -> ADDED to worked_sundays (status: available)
Sunday 2026-08-23 - Found: YES
  check_in: '11:00:00', work: -4
  -> Has valid check_in
  -> ADDED to worked_sundays (status: available)
Sunday 2026-08-30 - Found: YES
  check_in: '11:00:00', work: -4
  -> Has valid check_in
  -> ADDED to worked_sundays (status: available)
Total worked Sundays: 3

=== WO DEBUG 2026-08-24 15:56:47 ===
User ID: 8737
Person ID: FNM1924
Month: 08, Year: 2026
Sunday 2026-08-02 - Found: YES
  check_in: '', work: 0
  -> NOT ADDED (no checkin)
Sunday 2026-08-09 - Found: YES
  check_in: '09:23:59', work: 9.28
  -> Has valid check_in
  -> Has work hours > 0
  -> ADDED to worked_sundays (status: approved)
Sunday 2026-08-16 - Found: YES
  check_in: '09:00:00', work: -3
  -> Has valid check_in
  -> ADDED to worked_sundays (status: available)
Sunday 2026-08-23 - Found: NO
  -> NOT ADDED (no checkin)
Sunday 2026-08-30 - Found: NO
  -> NOT ADDED (no checkin)
Total worked Sundays: 2

=== WO DEBUG 2026-08-24 15:58:35 ===
User ID: 8737
Person ID: FNM1924
Month: 08, Year: 2026
Sunday 2026-08-02 - Found: YES
  check_in: '', work: 0
  -> NOT ADDED (no checkin)
Sunday 2026-08-09 - Found: YES
  check_in: '09:23:59', work: 9.28
  -> Has valid check_in
  -> Has work hours > 0
  -> ADDED to worked_sundays (status: approved)
Sunday 2026-08-16 - Found: YES
  check_in: '09:00:00', work: -3
  -> Has valid check_in
  -> ADDED to worked_sundays (status: available)
Sunday 2026-08-23 - Found: NO
  -> NOT ADDED (no checkin)
Sunday 2026-08-30 - Found: NO
  -> NOT ADDED (no checkin)
Total worked Sundays: 2

=== WO DEBUG 2026-08-24 16:00:47 ===
User ID: 7929
Person ID: FNM0010
Month: 08, Year: 2026
Sunday 2026-08-02 - Found: YES
  check_in: '', work: 0
  -> NOT ADDED (no checkin)
Sunday 2026-08-09 - Found: YES
  check_in: '', work: 0
  -> NOT ADDED (no checkin)
Sunday 2026-08-16 - Found: YES
  check_in: '11:00:00', work: -4
  -> Has valid check_in
  -> ADDED to worked_sundays (status: available)
Sunday 2026-08-23 - Found: YES
  check_in: '11:00:00', work: -4
  -> Has valid check_in
  -> ADDED to worked_sundays (status: available)
Sunday 2026-08-30 - Found: YES
  check_in: '11:00:00', work: -4
  -> Has valid check_in
  -> ADDED to worked_sundays (status: available)
Total worked Sundays: 3

=== WO DEBUG 2026-08-24 16:03:35 ===
User ID: 8737
Person ID: FNM1924
Month: 08, Year: 2026
Sunday 2026-08-02 - Found: YES
  check_in: '', work: 0
  -> NOT ADDED (no checkin)
Sunday 2026-08-09 - Found: YES
  check_in: '09:23:59', work: 9.28
  -> Has valid check_in
  -> Has work hours > 0
  -> ADDED to worked_sundays (status: approved)
Sunday 2026-08-16 - Found: YES
  check_in: '09:00:00', work: -3
  -> Has valid check_in
  -> ADDED to worked_sundays (status: available)
Sunday 2026-08-23 - Found: NO
  -> NOT ADDED (no checkin)
Sunday 2026-08-30 - Found: NO
  -> NOT ADDED (no checkin)
Total worked Sundays: 2

=== WO DEBUG 2026-08-24 16:05:48 ===
User ID: 7929
Person ID: FNM0010
Month: 08, Year: 2026
Sunday 2026-08-02 - Found: YES
  check_in: '', work: 0
  -> NOT ADDED (no checkin)
Sunday 2026-08-09 - Found: YES
  check_in: '', work: 0
  -> NOT ADDED (no checkin)
Sunday 2026-08-16 - Found: YES
  check_in: '11:00:00', work: -4
  -> Has valid check_in
  -> ADDED to worked_sundays (status: available)
Sunday 2026-08-23 - Found: YES
  check_in: '11:00:00', work: -4
  -> Has valid check_in
  -> ADDED to worked_sundays (status: available)
Sunday 2026-08-30 - Found: YES
  check_in: '11:00:00', work: -4
  -> Has valid check_in
  -> ADDED to worked_sundays (status: available)
Total worked Sundays: 3

=== WO DEBUG 2026-08-24 16:08:36 ===
User ID: 8737
Person ID: FNM1924
Month: 08, Year: 2026
Sunday 2026-08-02 - Found: YES
  check_in: '', work: 0
  -> NOT ADDED (no checkin)
Sunday 2026-08-09 - Found: YES
  check_in: '09:23:59', work: 9.28
  -> Has valid check_in
  -> Has work hours > 0
  -> ADDED to worked_sundays (status: approved)
Sunday 2026-08-16 - Found: YES
  check_in: '09:00:00', work: -3
  -> Has valid check_in
  -> ADDED to worked_sundays (status: available)
Sunday 2026-08-23 - Found: NO
  -> NOT ADDED (no checkin)
Sunday 2026-08-30 - Found: NO
  -> NOT ADDED (no checkin)
Total worked Sundays: 2

=== WO DEBUG 2026-08-24 16:08:47 ===
User ID: 8737
Person ID: FNM1924
Month: 08, Year: 2026
Sunday 2026-08-02 - Found: YES
  check_in: '', work: 0
  -> NOT ADDED (no checkin)
Sunday 2026-08-09 - Found: YES
  check_in: '09:23:59', work: 9.28
  -> Has valid check_in
  -> Has work hours > 0
  -> ADDED to worked_sundays (status: approved)
Sunday 2026-08-16 - Found: YES
  check_in: '09:00:00', work: -3
  -> Has valid check_in
  -> ADDED to worked_sundays (status: available)
Sunday 2026-08-23 - Found: NO
  -> NOT ADDED (no checkin)
Sunday 2026-08-30 - Found: NO
  -> NOT ADDED (no checkin)
Total worked Sundays: 2

=== WO DEBUG 2026-08-24 16:10:49 ===
User ID: 7929
Person ID: FNM0010
Month: 08, Year: 2026
Sunday 2026-08-02 - Found: YES
  check_in: '', work: 0
  -> NOT ADDED (no checkin)
Sunday 2026-08-09 - Found: YES
  check_in: '', work: 0
  -> NOT ADDED (no checkin)
Sunday 2026-08-16 - Found: YES
  check_in: '11:00:00', work: -4
  -> Has valid check_in
  -> ADDED to worked_sundays (status: available)
Sunday 2026-08-23 - Found: YES
  check_in: '11:00:00', work: -4
  -> Has valid check_in
  -> ADDED to worked_sundays (status: available)
Sunday 2026-08-30 - Found: YES
  check_in: '11:00:00', work: -4
  -> Has valid check_in
  -> ADDED to worked_sundays (status: available)
Total worked Sundays: 3

=== WO DEBUG 2026-08-24 16:15:50 ===
User ID: 7929
Person ID: FNM0010
Month: 08, Year: 2026
Sunday 2026-08-02 - Found: YES
  check_in: '', work: 0
  -> NOT ADDED (no checkin)
Sunday 2026-08-09 - Found: YES
  check_in: '', work: 0
  -> NOT ADDED (no checkin)
Sunday 2026-08-16 - Found: YES
  check_in: '11:00:00', work: -4
  -> Has valid check_in
  -> ADDED to worked_sundays (status: available)
Sunday 2026-08-23 - Found: YES
  check_in: '11:00:00', work: -4
  -> Has valid check_in
  -> ADDED to worked_sundays (status: available)
Sunday 2026-08-30 - Found: YES
  check_in: '11:00:00', work: -4
  -> Has valid check_in
  -> ADDED to worked_sundays (status: available)
Total worked Sundays: 3

=== WO DEBUG 2026-08-24 16:20:52 ===
User ID: 7929
Person ID: FNM0010
Month: 08, Year: 2026
Sunday 2026-08-02 - Found: YES
  check_in: '', work: 0
  -> NOT ADDED (no checkin)
Sunday 2026-08-09 - Found: YES
  check_in: '', work: 0
  -> NOT ADDED (no checkin)
Sunday 2026-08-16 - Found: YES
  check_in: '11:00:00', work: -4
  -> Has valid check_in
  -> ADDED to worked_sundays (status: available)
Sunday 2026-08-23 - Found: YES
  check_in: '11:00:00', work: -4
  -> Has valid check_in
  -> ADDED to worked_sundays (status: available)
Sunday 2026-08-30 - Found: YES
  check_in: '11:00:00', work: -4
  -> Has valid check_in
  -> ADDED to worked_sundays (status: available)
Total worked Sundays: 3

=== WO DEBUG 2026-08-24 16:25:53 ===
User ID: 7929
Person ID: FNM0010
Month: 08, Year: 2026
Sunday 2026-08-02 - Found: YES
  check_in: '', work: 0
  -> NOT ADDED (no checkin)
Sunday 2026-08-09 - Found: YES
  check_in: '', work: 0
  -> NOT ADDED (no checkin)
Sunday 2026-08-16 - Found: YES
  check_in: '11:00:00', work: -4
  -> Has valid check_in
  -> ADDED to worked_sundays (status: available)
Sunday 2026-08-23 - Found: YES
  check_in: '11:00:00', work: -4
  -> Has valid check_in
  -> ADDED to worked_sundays (status: available)
Sunday 2026-08-30 - Found: YES
  check_in: '11:00:00', work: -4
  -> Has valid check_in
  -> ADDED to worked_sundays (status: available)
Total worked Sundays: 3

=== WO DEBUG 2026-08-24 16:30:54 ===
User ID: 7929
Person ID: FNM0010
Month: 08, Year: 2026
Sunday 2026-08-02 - Found: YES
  check_in: '', work: 0
  -> NOT ADDED (no checkin)
Sunday 2026-08-09 - Found: YES
  check_in: '', work: 0
  -> NOT ADDED (no checkin)
Sunday 2026-08-16 - Found: YES
  check_in: '11:00:00', work: -4
  -> Has valid check_in
  -> ADDED to worked_sundays (status: available)
Sunday 2026-08-23 - Found: YES
  check_in: '11:00:00', work: -4
  -> Has valid check_in
  -> ADDED to worked_sundays (status: available)
Sunday 2026-08-30 - Found: YES
  check_in: '11:00:00', work: -4
  -> Has valid check_in
  -> ADDED to worked_sundays (status: available)
Total worked Sundays: 3

=== WO DEBUG 2026-08-24 16:35:55 ===
User ID: 7929
Person ID: FNM0010
Month: 08, Year: 2026
Sunday 2026-08-02 - Found: YES
  check_in: '', work: 0
  -> NOT ADDED (no checkin)
Sunday 2026-08-09 - Found: YES
  check_in: '', work: 0
  -> NOT ADDED (no checkin)
Sunday 2026-08-16 - Found: YES
  check_in: '11:00:00', work: -4
  -> Has valid check_in
  -> ADDED to worked_sundays (status: available)
Sunday 2026-08-23 - Found: YES
  check_in: '11:00:00', work: -4
  -> Has valid check_in
  -> ADDED to worked_sundays (status: available)
Sunday 2026-08-30 - Found: YES
  check_in: '11:00:00', work: -4
  -> Has valid check_in
  -> ADDED to worked_sundays (status: available)
Total worked Sundays: 3

=== WO DEBUG 2026-08-24 16:40:56 ===
User ID: 7929
Person ID: FNM0010
Month: 08, Year: 2026
Sunday 2026-08-02 - Found: YES
  check_in: '', work: 0
  -> NOT ADDED (no checkin)
Sunday 2026-08-09 - Found: YES
  check_in: '', work: 0
  -> NOT ADDED (no checkin)
Sunday 2026-08-16 - Found: YES
  check_in: '11:00:00', work: -4
  -> Has valid check_in
  -> ADDED to worked_sundays (status: available)
Sunday 2026-08-23 - Found: YES
  check_in: '11:00:00', work: -4
  -> Has valid check_in
  -> ADDED to worked_sundays (status: available)
Sunday 2026-08-30 - Found: YES
  check_in: '11:00:00', work: -4
  -> Has valid check_in
  -> ADDED to worked_sundays (status: available)
Total worked Sundays: 3

=== WO DEBUG 2026-08-24 16:45:57 ===
User ID: 7929
Person ID: FNM0010
Month: 08, Year: 2026
Sunday 2026-08-02 - Found: YES
  check_in: '', work: 0
  -> NOT ADDED (no checkin)
Sunday 2026-08-09 - Found: YES
  check_in: '', work: 0
  -> NOT ADDED (no checkin)
Sunday 2026-08-16 - Found: YES
  check_in: '11:00:00', work: -4
  -> Has valid check_in
  -> ADDED to worked_sundays (status: available)
Sunday 2026-08-23 - Found: YES
  check_in: '11:00:00', work: -4
  -> Has valid check_in
  -> ADDED to worked_sundays (status: available)
Sunday 2026-08-30 - Found: YES
  check_in: '11:00:00', work: -4
  -> Has valid check_in
  -> ADDED to worked_sundays (status: available)
Total worked Sundays: 3

=== WO DEBUG 2026-08-24 16:50:58 ===
User ID: 7929
Person ID: FNM0010
Month: 08, Year: 2026
Sunday 2026-08-02 - Found: YES
  check_in: '', work: 0
  -> NOT ADDED (no checkin)
Sunday 2026-08-09 - Found: YES
  check_in: '', work: 0
  -> NOT ADDED (no checkin)
Sunday 2026-08-16 - Found: YES
  check_in: '11:00:00', work: -4
  -> Has valid check_in
  -> ADDED to worked_sundays (status: available)
Sunday 2026-08-23 - Found: YES
  check_in: '11:00:00', work: -4
  -> Has valid check_in
  -> ADDED to worked_sundays (status: available)
Sunday 2026-08-30 - Found: YES
  check_in: '11:00:00', work: -4
  -> Has valid check_in
  -> ADDED to worked_sundays (status: available)
Total worked Sundays: 3

=== WO DEBUG 2026-08-24 16:55:59 ===
User ID: 7929
Person ID: FNM0010
Month: 08, Year: 2026
Sunday 2026-08-02 - Found: YES
  check_in: '', work: 0
  -> NOT ADDED (no checkin)
Sunday 2026-08-09 - Found: YES
  check_in: '', work: 0
  -> NOT ADDED (no checkin)
Sunday 2026-08-16 - Found: YES
  check_in: '11:00:00', work: -4
  -> Has valid check_in
  -> ADDED to worked_sundays (status: available)
Sunday 2026-08-23 - Found: YES
  check_in: '11:00:00', work: -4
  -> Has valid check_in
  -> ADDED to worked_sundays (status: available)
Sunday 2026-08-30 - Found: YES
  check_in: '11:00:00', work: -4
  -> Has valid check_in
  -> ADDED to worked_sundays (status: available)
Total worked Sundays: 3

=== WO DEBUG 2026-08-24 17:01:00 ===
User ID: 7929
Person ID: FNM0010
Month: 08, Year: 2026
Sunday 2026-08-02 - Found: YES
  check_in: '', work: 0
  -> NOT ADDED (no checkin)
Sunday 2026-08-09 - Found: YES
  check_in: '', work: 0
  -> NOT ADDED (no checkin)
Sunday 2026-08-16 - Found: YES
  check_in: '11:00:00', work: -4
  -> Has valid check_in
  -> ADDED to worked_sundays (status: available)
Sunday 2026-08-23 - Found: YES
  check_in: '11:00:00', work: -4
  -> Has valid check_in
  -> ADDED to worked_sundays (status: available)
Sunday 2026-08-30 - Found: YES
  check_in: '11:00:00', work: -4
  -> Has valid check_in
  -> ADDED to worked_sundays (status: available)
Total worked Sundays: 3

=== WO DEBUG 2026-08-24 17:06:01 ===
User ID: 7929
Person ID: FNM0010
Month: 08, Year: 2026
Sunday 2026-08-02 - Found: YES
  check_in: '', work: 0
  -> NOT ADDED (no checkin)
Sunday 2026-08-09 - Found: YES
  check_in: '', work: 0
  -> NOT ADDED (no checkin)
Sunday 2026-08-16 - Found: YES
  check_in: '11:00:00', work: -4
  -> Has valid check_in
  -> ADDED to worked_sundays (status: available)
Sunday 2026-08-23 - Found: YES
  check_in: '11:00:00', work: -4
  -> Has valid check_in
  -> ADDED to worked_sundays (status: available)
Sunday 2026-08-30 - Found: YES
  check_in: '11:00:00', work: -4
  -> Has valid check_in
  -> ADDED to worked_sundays (status: available)
Total worked Sundays: 3

=== WO DEBUG 2026-08-24 17:11:02 ===
User ID: 7929
Person ID: FNM0010
Month: 08, Year: 2026
Sunday 2026-08-02 - Found: YES
  check_in: '', work: 0
  -> NOT ADDED (no checkin)
Sunday 2026-08-09 - Found: YES
  check_in: '', work: 0
  -> NOT ADDED (no checkin)
Sunday 2026-08-16 - Found: YES
  check_in: '11:00:00', work: -4
  -> Has valid check_in
  -> ADDED to worked_sundays (status: available)
Sunday 2026-08-23 - Found: YES
  check_in: '11:00:00', work: -4
  -> Has valid check_in
  -> ADDED to worked_sundays (status: available)
Sunday 2026-08-30 - Found: YES
  check_in: '11:00:00', work: -4
  -> Has valid check_in
  -> ADDED to worked_sundays (status: available)
Total worked Sundays: 3

=== WO DEBUG 2026-08-24 17:16:03 ===
User ID: 7929
Person ID: FNM0010
Month: 08, Year: 2026
Sunday 2026-08-02 - Found: YES
  check_in: '', work: 0
  -> NOT ADDED (no checkin)
Sunday 2026-08-09 - Found: YES
  check_in: '', work: 0
  -> NOT ADDED (no checkin)
Sunday 2026-08-16 - Found: YES
  check_in: '11:00:00', work: -4
  -> Has valid check_in
  -> ADDED to worked_sundays (status: available)
Sunday 2026-08-23 - Found: YES
  check_in: '11:00:00', work: -4
  -> Has valid check_in
  -> ADDED to worked_sundays (status: available)
Sunday 2026-08-30 - Found: YES
  check_in: '11:00:00', work: -4
  -> Has valid check_in
  -> ADDED to worked_sundays (status: available)
Total worked Sundays: 3

=== WO DEBUG 2026-08-24 17:21:04 ===
User ID: 7929
Person ID: FNM0010
Month: 08, Year: 2026
Sunday 2026-08-02 - Found: YES
  check_in: '', work: 0
  -> NOT ADDED (no checkin)
Sunday 2026-08-09 - Found: YES
  check_in: '', work: 0
  -> NOT ADDED (no checkin)
Sunday 2026-08-16 - Found: YES
  check_in: '11:00:00', work: -4
  -> Has valid check_in
  -> ADDED to worked_sundays (status: available)
Sunday 2026-08-23 - Found: YES
  check_in: '11:00:00', work: -4
  -> Has valid check_in
  -> ADDED to worked_sundays (status: available)
Sunday 2026-08-30 - Found: YES
  check_in: '11:00:00', work: -4
  -> Has valid check_in
  -> ADDED to worked_sundays (status: available)
Total worked Sundays: 3

=== WO DEBUG 2026-08-24 17:26:05 ===
User ID: 7929
Person ID: FNM0010
Month: 08, Year: 2026
Sunday 2026-08-02 - Found: YES
  check_in: '', work: 0
  -> NOT ADDED (no checkin)
Sunday 2026-08-09 - Found: YES
  check_in: '', work: 0
  -> NOT ADDED (no checkin)
Sunday 2026-08-16 - Found: YES
  check_in: '11:00:00', work: -4
  -> Has valid check_in
  -> ADDED to worked_sundays (status: available)
Sunday 2026-08-23 - Found: YES
  check_in: '11:00:00', work: -4
  -> Has valid check_in
  -> ADDED to worked_sundays (status: available)
Sunday 2026-08-30 - Found: YES
  check_in: '11:00:00', work: -4
  -> Has valid check_in
  -> ADDED to worked_sundays (status: available)
Total worked Sundays: 3

=== WO DEBUG 2026-08-24 17:31:06 ===
User ID: 7929
Person ID: FNM0010
Month: 08, Year: 2026
Sunday 2026-08-02 - Found: YES
  check_in: '', work: 0
  -> NOT ADDED (no checkin)
Sunday 2026-08-09 - Found: YES
  check_in: '', work: 0
  -> NOT ADDED (no checkin)
Sunday 2026-08-16 - Found: YES
  check_in: '11:00:00', work: -4
  -> Has valid check_in
  -> ADDED to worked_sundays (status: available)
Sunday 2026-08-23 - Found: YES
  check_in: '11:00:00', work: -4
  -> Has valid check_in
  -> ADDED to worked_sundays (status: available)
Sunday 2026-08-30 - Found: YES
  check_in: '11:00:00', work: -4
  -> Has valid check_in
  -> ADDED to worked_sundays (status: available)
Total worked Sundays: 3

=== WO DEBUG 2026-08-24 17:36:07 ===
User ID: 7929
Person ID: FNM0010
Month: 08, Year: 2026
Sunday 2026-08-02 - Found: YES
  check_in: '', work: 0
  -> NOT ADDED (no checkin)
Sunday 2026-08-09 - Found: YES
  check_in: '', work: 0
  -> NOT ADDED (no checkin)
Sunday 2026-08-16 - Found: YES
  check_in: '11:00:00', work: -4
  -> Has valid check_in
  -> ADDED to worked_sundays (status: available)
Sunday 2026-08-23 - Found: YES
  check_in: '11:00:00', work: -4
  -> Has valid check_in
  -> ADDED to worked_sundays (status: available)
Sunday 2026-08-30 - Found: YES
  check_in: '11:00:00', work: -4
  -> Has valid check_in
  -> ADDED to worked_sundays (status: available)
Total worked Sundays: 3

=== WO DEBUG 2026-08-24 17:41:08 ===
User ID: 7929
Person ID: FNM0010
Month: 08, Year: 2026
Sunday 2026-08-02 - Found: YES
  check_in: '', work: 0
  -> NOT ADDED (no checkin)
Sunday 2026-08-09 - Found: YES
  check_in: '', work: 0
  -> NOT ADDED (no checkin)
Sunday 2026-08-16 - Found: YES
  check_in: '11:00:00', work: -4
  -> Has valid check_in
  -> ADDED to worked_sundays (status: available)
Sunday 2026-08-23 - Found: YES
  check_in: '11:00:00', work: -4
  -> Has valid check_in
  -> ADDED to worked_sundays (status: available)
Sunday 2026-08-30 - Found: YES
  check_in: '11:00:00', work: -4
  -> Has valid check_in
  -> ADDED to worked_sundays (status: available)
Total worked Sundays: 3

=== WO DEBUG 2026-08-24 17:46:09 ===
User ID: 7929
Person ID: FNM0010
Month: 08, Year: 2026
Sunday 2026-08-02 - Found: YES
  check_in: '', work: 0
  -> NOT ADDED (no checkin)
Sunday 2026-08-09 - Found: YES
  check_in: '', work: 0
  -> NOT ADDED (no checkin)
Sunday 2026-08-16 - Found: YES
  check_in: '11:00:00', work: -4
  -> Has valid check_in
  -> ADDED to worked_sundays (status: available)
Sunday 2026-08-23 - Found: YES
  check_in: '11:00:00', work: -4
  -> Has valid check_in
  -> ADDED to worked_sundays (status: available)
Sunday 2026-08-30 - Found: YES
  check_in: '11:00:00', work: -4
  -> Has valid check_in
  -> ADDED to worked_sundays (status: available)
Total worked Sundays: 3

=== WO DEBUG 2026-08-24 17:51:10 ===
User ID: 7929
Person ID: FNM0010
Month: 08, Year: 2026
Sunday 2026-08-02 - Found: YES
  check_in: '', work: 0
  -> NOT ADDED (no checkin)
Sunday 2026-08-09 - Found: YES
  check_in: '', work: 0
  -> NOT ADDED (no checkin)
Sunday 2026-08-16 - Found: YES
  check_in: '11:00:00', work: -4
  -> Has valid check_in
  -> ADDED to worked_sundays (status: available)
Sunday 2026-08-23 - Found: YES
  check_in: '11:00:00', work: -4
  -> Has valid check_in
  -> ADDED to worked_sundays (status: available)
Sunday 2026-08-30 - Found: YES
  check_in: '11:00:00', work: -4
  -> Has valid check_in
  -> ADDED to worked_sundays (status: available)
Total worked Sundays: 3

=== WO DEBUG 2026-08-24 17:56:11 ===
User ID: 7929
Person ID: FNM0010
Month: 08, Year: 2026
Sunday 2026-08-02 - Found: YES
  check_in: '', work: 0
  -> NOT ADDED (no checkin)
Sunday 2026-08-09 - Found: YES
  check_in: '', work: 0
  -> NOT ADDED (no checkin)
Sunday 2026-08-16 - Found: YES
  check_in: '11:00:00', work: -4
  -> Has valid check_in
  -> ADDED to worked_sundays (status: available)
Sunday 2026-08-23 - Found: YES
  check_in: '11:00:00', work: -4
  -> Has valid check_in
  -> ADDED to worked_sundays (status: available)
Sunday 2026-08-30 - Found: YES
  check_in: '11:00:00', work: -4
  -> Has valid check_in
  -> ADDED to worked_sundays (status: available)
Total worked Sundays: 3

=== WO DEBUG 2026-08-24 18:01:12 ===
User ID: 7929
Person ID: FNM0010
Month: 08, Year: 2026
Sunday 2026-08-02 - Found: YES
  check_in: '', work: 0
  -> NOT ADDED (no checkin)
Sunday 2026-08-09 - Found: YES
  check_in: '', work: 0
  -> NOT ADDED (no checkin)
Sunday 2026-08-16 - Found: YES
  check_in: '11:00:00', work: -4
  -> Has valid check_in
  -> ADDED to worked_sundays (status: available)
Sunday 2026-08-23 - Found: YES
  check_in: '11:00:00', work: -4
  -> Has valid check_in
  -> ADDED to worked_sundays (status: available)
Sunday 2026-08-30 - Found: YES
  check_in: '11:00:00', work: -4
  -> Has valid check_in
  -> ADDED to worked_sundays (status: available)
Total worked Sundays: 3

=== WO DEBUG 2026-08-24 18:06:13 ===
User ID: 7929
Person ID: FNM0010
Month: 08, Year: 2026
Sunday 2026-08-02 - Found: YES
  check_in: '', work: 0
  -> NOT ADDED (no checkin)
Sunday 2026-08-09 - Found: YES
  check_in: '', work: 0
  -> NOT ADDED (no checkin)
Sunday 2026-08-16 - Found: YES
  check_in: '11:00:00', work: -4
  -> Has valid check_in
  -> ADDED to worked_sundays (status: available)
Sunday 2026-08-23 - Found: YES
  check_in: '11:00:00', work: -4
  -> Has valid check_in
  -> ADDED to worked_sundays (status: available)
Sunday 2026-08-30 - Found: YES
  check_in: '11:00:00', work: -4
  -> Has valid check_in
  -> ADDED to worked_sundays (status: available)
Total worked Sundays: 3

=== WO DEBUG 2026-08-24 18:11:14 ===
User ID: 7929
Person ID: FNM0010
Month: 08, Year: 2026
Sunday 2026-08-02 - Found: YES
  check_in: '', work: 0
  -> NOT ADDED (no checkin)
Sunday 2026-08-09 - Found: YES
  check_in: '', work: 0
  -> NOT ADDED (no checkin)
Sunday 2026-08-16 - Found: YES
  check_in: '11:00:00', work: -4
  -> Has valid check_in
  -> ADDED to worked_sundays (status: available)
Sunday 2026-08-23 - Found: YES
  check_in: '11:00:00', work: -4
  -> Has valid check_in
  -> ADDED to worked_sundays (status: available)
Sunday 2026-08-30 - Found: YES
  check_in: '11:00:00', work: -4
  -> Has valid check_in
  -> ADDED to worked_sundays (status: available)
Total worked Sundays: 3

=== WO DEBUG 2026-08-24 18:16:15 ===
User ID: 7929
Person ID: FNM0010
Month: 08, Year: 2026
Sunday 2026-08-02 - Found: YES
  check_in: '', work: 0
  -> NOT ADDED (no checkin)
Sunday 2026-08-09 - Found: YES
  check_in: '', work: 0
  -> NOT ADDED (no checkin)
Sunday 2026-08-16 - Found: YES
  check_in: '11:00:00', work: -4
  -> Has valid check_in
  -> ADDED to worked_sundays (status: available)
Sunday 2026-08-23 - Found: YES
  check_in: '11:00:00', work: -4
  -> Has valid check_in
  -> ADDED to worked_sundays (status: available)
Sunday 2026-08-30 - Found: YES
  check_in: '11:00:00', work: -4
  -> Has valid check_in
  -> ADDED to worked_sundays (status: available)
Total worked Sundays: 3

=== WO DEBUG 2026-08-24 18:21:16 ===
User ID: 7929
Person ID: FNM0010
Month: 08, Year: 2026
Sunday 2026-08-02 - Found: YES
  check_in: '', work: 0
  -> NOT ADDED (no checkin)
Sunday 2026-08-09 - Found: YES
  check_in: '', work: 0
  -> NOT ADDED (no checkin)
Sunday 2026-08-16 - Found: YES
  check_in: '11:00:00', work: -4
  -> Has valid check_in
  -> ADDED to worked_sundays (status: available)
Sunday 2026-08-23 - Found: YES
  check_in: '11:00:00', work: -4
  -> Has valid check_in
  -> ADDED to worked_sundays (status: available)
Sunday 2026-08-30 - Found: YES
  check_in: '11:00:00', work: -4
  -> Has valid check_in
  -> ADDED to worked_sundays (status: available)
Total worked Sundays: 3

=== WO DEBUG 2026-08-24 18:26:17 ===
User ID: 7929
Person ID: FNM0010
Month: 08, Year: 2026
Sunday 2026-08-02 - Found: YES
  check_in: '', work: 0
  -> NOT ADDED (no checkin)
Sunday 2026-08-09 - Found: YES
  check_in: '', work: 0
  -> NOT ADDED (no checkin)
Sunday 2026-08-16 - Found: YES
  check_in: '11:00:00', work: -4
  -> Has valid check_in
  -> ADDED to worked_sundays (status: available)
Sunday 2026-08-23 - Found: YES
  check_in: '11:00:00', work: -4
  -> Has valid check_in
  -> ADDED to worked_sundays (status: available)
Sunday 2026-08-30 - Found: YES
  check_in: '11:00:00', work: -4
  -> Has valid check_in
  -> ADDED to worked_sundays (status: available)
Total worked Sundays: 3

=== WO DEBUG 2026-08-24 18:31:18 ===
User ID: 7929
Person ID: FNM0010
Month: 08, Year: 2026
Sunday 2026-08-02 - Found: YES
  check_in: '', work: 0
  -> NOT ADDED (no checkin)
Sunday 2026-08-09 - Found: YES
  check_in: '', work: 0
  -> NOT ADDED (no checkin)
Sunday 2026-08-16 - Found: YES
  check_in: '11:00:00', work: -4
  -> Has valid check_in
  -> ADDED to worked_sundays (status: available)
Sunday 2026-08-23 - Found: YES
  check_in: '11:00:00', work: -4
  -> Has valid check_in
  -> ADDED to worked_sundays (status: available)
Sunday 2026-08-30 - Found: YES
  check_in: '11:00:00', work: -4
  -> Has valid check_in
  -> ADDED to worked_sundays (status: available)
Total worked Sundays: 3

=== WO DEBUG 2026-08-24 18:36:18 ===
User ID: 7929
Person ID: FNM0010
Month: 08, Year: 2026
Sunday 2026-08-02 - Found: YES
  check_in: '', work: 0
  -> NOT ADDED (no checkin)
Sunday 2026-08-09 - Found: YES
  check_in: '', work: 0
  -> NOT ADDED (no checkin)
Sunday 2026-08-16 - Found: YES
  check_in: '11:00:00', work: -4
  -> Has valid check_in
  -> ADDED to worked_sundays (status: available)
Sunday 2026-08-23 - Found: YES
  check_in: '11:00:00', work: -4
  -> Has valid check_in
  -> ADDED to worked_sundays (status: available)
Sunday 2026-08-30 - Found: YES
  check_in: '11:00:00', work: -4
  -> Has valid check_in
  -> ADDED to worked_sundays (status: available)
Total worked Sundays: 3

=== WO DEBUG 2026-08-24 18:41:19 ===
User ID: 7929
Person ID: FNM0010
Month: 08, Year: 2026
Sunday 2026-08-02 - Found: YES
  check_in: '', work: 0
  -> NOT ADDED (no checkin)
Sunday 2026-08-09 - Found: YES
  check_in: '', work: 0
  -> NOT ADDED (no checkin)
Sunday 2026-08-16 - Found: YES
  check_in: '11:00:00', work: -4
  -> Has valid check_in
  -> ADDED to worked_sundays (status: available)
Sunday 2026-08-23 - Found: YES
  check_in: '11:00:00', work: -4
  -> Has valid check_in
  -> ADDED to worked_sundays (status: available)
Sunday 2026-08-30 - Found: YES
  check_in: '11:00:00', work: -4
  -> Has valid check_in
  -> ADDED to worked_sundays (status: available)
Total worked Sundays: 3

=== WO DEBUG 2026-08-24 18:46:20 ===
User ID: 7929
Person ID: FNM0010
Month: 08, Year: 2026
Sunday 2026-08-02 - Found: YES
  check_in: '', work: 0
  -> NOT ADDED (no checkin)
Sunday 2026-08-09 - Found: YES
  check_in: '', work: 0
  -> NOT ADDED (no checkin)
Sunday 2026-08-16 - Found: YES
  check_in: '11:00:00', work: -4
  -> Has valid check_in
  -> ADDED to worked_sundays (status: available)
Sunday 2026-08-23 - Found: YES
  check_in: '11:00:00', work: -4
  -> Has valid check_in
  -> ADDED to worked_sundays (status: available)
Sunday 2026-08-30 - Found: YES
  check_in: '11:00:00', work: -4
  -> Has valid check_in
  -> ADDED to worked_sundays (status: available)
Total worked Sundays: 3

=== WO DEBUG 2026-08-24 18:51:21 ===
User ID: 7929
Person ID: FNM0010
Month: 08, Year: 2026
Sunday 2026-08-02 - Found: YES
  check_in: '', work: 0
  -> NOT ADDED (no checkin)
Sunday 2026-08-09 - Found: YES
  check_in: '', work: 0
  -> NOT ADDED (no checkin)
Sunday 2026-08-16 - Found: YES
  check_in: '11:00:00', work: -4
  -> Has valid check_in
  -> ADDED to worked_sundays (status: available)
Sunday 2026-08-23 - Found: YES
  check_in: '11:00:00', work: -4
  -> Has valid check_in
  -> ADDED to worked_sundays (status: available)
Sunday 2026-08-30 - Found: YES
  check_in: '11:00:00', work: -4
  -> Has valid check_in
  -> ADDED to worked_sundays (status: available)
Total worked Sundays: 3

=== WO DEBUG 2026-08-24 18:56:22 ===
User ID: 7929
Person ID: FNM0010
Month: 08, Year: 2026
Sunday 2026-08-02 - Found: YES
  check_in: '', work: 0
  -> NOT ADDED (no checkin)
Sunday 2026-08-09 - Found: YES
  check_in: '', work: 0
  -> NOT ADDED (no checkin)
Sunday 2026-08-16 - Found: YES
  check_in: '11:00:00', work: -4
  -> Has valid check_in
  -> ADDED to worked_sundays (status: available)
Sunday 2026-08-23 - Found: YES
  check_in: '11:00:00', work: -4
  -> Has valid check_in
  -> ADDED to worked_sundays (status: available)
Sunday 2026-08-30 - Found: YES
  check_in: '11:00:00', work: -4
  -> Has valid check_in
  -> ADDED to worked_sundays (status: available)
Total worked Sundays: 3

=== WO DEBUG 2026-08-24 19:01:23 ===
User ID: 7929
Person ID: FNM0010
Month: 08, Year: 2026
Sunday 2026-08-02 - Found: YES
  check_in: '', work: 0
  -> NOT ADDED (no checkin)
Sunday 2026-08-09 - Found: YES
  check_in: '', work: 0
  -> NOT ADDED (no checkin)
Sunday 2026-08-16 - Found: YES
  check_in: '11:00:00', work: -4
  -> Has valid check_in
  -> ADDED to worked_sundays (status: available)
Sunday 2026-08-23 - Found: YES
  check_in: '11:00:00', work: -4
  -> Has valid check_in
  -> ADDED to worked_sundays (status: available)
Sunday 2026-08-30 - Found: YES
  check_in: '11:00:00', work: -4
  -> Has valid check_in
  -> ADDED to worked_sundays (status: available)
Total worked Sundays: 3

=== WO DEBUG 2026-08-24 19:06:24 ===
User ID: 7929
Person ID: FNM0010
Month: 08, Year: 2026
Sunday 2026-08-02 - Found: YES
  check_in: '', work: 0
  -> NOT ADDED (no checkin)
Sunday 2026-08-09 - Found: YES
  check_in: '', work: 0
  -> NOT ADDED (no checkin)
Sunday 2026-08-16 - Found: YES
  check_in: '11:00:00', work: -4
  -> Has valid check_in
  -> ADDED to worked_sundays (status: available)
Sunday 2026-08-23 - Found: YES
  check_in: '11:00:00', work: -4
  -> Has valid check_in
  -> ADDED to worked_sundays (status: available)
Sunday 2026-08-30 - Found: YES
  check_in: '11:00:00', work: -4
  -> Has valid check_in
  -> ADDED to worked_sundays (status: available)
Total worked Sundays: 3

=== WO DEBUG 2026-08-25 16:12:31 ===
User ID: 1
Person ID: FNM001
Month: 08, Year: 2026
Sunday 2026-08-02 - Found: NO
  -> NOT ADDED (no checkin)
Sunday 2026-08-09 - Found: NO
  -> NOT ADDED (no checkin)
Sunday 2026-08-16 - Found: NO
  -> NOT ADDED (no checkin)
Sunday 2026-08-23 - Found: NO
  -> NOT ADDED (no checkin)
Sunday 2026-08-30 - Found: NO
  -> NOT ADDED (no checkin)
Total worked Sundays: 0

=== WO DEBUG 2026-08-25 16:12:40 ===
User ID: 1
Person ID: FNM001
Month: 08, Year: 2026
Sunday 2026-08-02 - Found: NO
  -> NOT ADDED (no checkin)
Sunday 2026-08-09 - Found: NO
  -> NOT ADDED (no checkin)
Sunday 2026-08-16 - Found: NO
  -> NOT ADDED (no checkin)
Sunday 2026-08-23 - Found: NO
  -> NOT ADDED (no checkin)
Sunday 2026-08-30 - Found: NO
  -> NOT ADDED (no checkin)
Total worked Sundays: 0

=== WO DEBUG 2026-08-25 16:13:12 ===
User ID: 1
Person ID: FNM001
Month: 08, Year: 2026
Sunday 2026-08-02 - Found: NO
  -> NOT ADDED (no checkin)
Sunday 2026-08-09 - Found: NO
  -> NOT ADDED (no checkin)
Sunday 2026-08-16 - Found: NO
  -> NOT ADDED (no checkin)
Sunday 2026-08-23 - Found: NO
  -> NOT ADDED (no checkin)
Sunday 2026-08-30 - Found: NO
  -> NOT ADDED (no checkin)
Total worked Sundays: 0

=== WO DEBUG 2026-08-25 16:18:13 ===
User ID: 1
Person ID: FNM001
Month: 08, Year: 2026
Sunday 2026-08-02 - Found: NO
  -> NOT ADDED (no checkin)
Sunday 2026-08-09 - Found: NO
  -> NOT ADDED (no checkin)
Sunday 2026-08-16 - Found: NO
  -> NOT ADDED (no checkin)
Sunday 2026-08-23 - Found: NO
  -> NOT ADDED (no checkin)
Sunday 2026-08-30 - Found: NO
  -> NOT ADDED (no checkin)
Total worked Sundays: 0

=== WO DEBUG 2026-08-25 16:23:14 ===
User ID: 1
Person ID: FNM001
Month: 08, Year: 2026
Sunday 2026-08-02 - Found: NO
  -> NOT ADDED (no checkin)
Sunday 2026-08-09 - Found: NO
  -> NOT ADDED (no checkin)
Sunday 2026-08-16 - Found: NO
  -> NOT ADDED (no checkin)
Sunday 2026-08-23 - Found: NO
  -> NOT ADDED (no checkin)
Sunday 2026-08-30 - Found: NO
  -> NOT ADDED (no checkin)
Total worked Sundays: 0

=== WO DEBUG 2026-08-25 16:28:15 ===
User ID: 1
Person ID: FNM001
Month: 08, Year: 2026
Sunday 2026-08-02 - Found: NO
  -> NOT ADDED (no checkin)
Sunday 2026-08-09 - Found: NO
  -> NOT ADDED (no checkin)
Sunday 2026-08-16 - Found: NO
  -> NOT ADDED (no checkin)
Sunday 2026-08-23 - Found: NO
  -> NOT ADDED (no checkin)
Sunday 2026-08-30 - Found: NO
  -> NOT ADDED (no checkin)
Total worked Sundays: 0

=== WO DEBUG 2026-08-25 16:30:17 ===
User ID: 8737
Person ID: FNM1924
Month: 08, Year: 2026
Sunday 2026-08-02 - Found: YES
  check_in: '', work: 0
  -> NOT ADDED (no checkin)
Sunday 2026-08-09 - Found: YES
  check_in: '09:23:59', work: 9.28
  -> Has valid check_in
  -> Has work hours > 0
  -> ADDED to worked_sundays (status: approved)
Sunday 2026-08-16 - Found: YES
  check_in: '09:00:00', work: -3
  -> Has valid check_in
  -> ADDED to worked_sundays (status: available)
Sunday 2026-08-23 - Found: NO
  -> NOT ADDED (no checkin)
Sunday 2026-08-30 - Found: NO
  -> NOT ADDED (no checkin)
Total worked Sundays: 2

=== WO DEBUG 2026-08-25 16:35:18 ===
User ID: 8737
Person ID: FNM1924
Month: 08, Year: 2026
Sunday 2026-08-02 - Found: YES
  check_in: '', work: 0
  -> NOT ADDED (no checkin)
Sunday 2026-08-09 - Found: YES
  check_in: '09:23:59', work: 9.28
  -> Has valid check_in
  -> Has work hours > 0
  -> ADDED to worked_sundays (status: approved)
Sunday 2026-08-16 - Found: YES
  check_in: '09:00:00', work: -3
  -> Has valid check_in
  -> ADDED to worked_sundays (status: available)
Sunday 2026-08-23 - Found: NO
  -> NOT ADDED (no checkin)
Sunday 2026-08-30 - Found: NO
  -> NOT ADDED (no checkin)
Total worked Sundays: 2

=== WO DEBUG 2026-08-25 16:40:19 ===
User ID: 8737
Person ID: FNM1924
Month: 08, Year: 2026
Sunday 2026-08-02 - Found: YES
  check_in: '', work: 0
  -> NOT ADDED (no checkin)
Sunday 2026-08-09 - Found: YES
  check_in: '09:23:59', work: 9.28
  -> Has valid check_in
  -> Has work hours > 0
  -> ADDED to worked_sundays (status: approved)
Sunday 2026-08-16 - Found: YES
  check_in: '09:00:00', work: -3
  -> Has valid check_in
  -> ADDED to worked_sundays (status: available)
Sunday 2026-08-23 - Found: NO
  -> NOT ADDED (no checkin)
Sunday 2026-08-30 - Found: NO
  -> NOT ADDED (no checkin)
Total worked Sundays: 2

=== WO DEBUG 2026-08-25 16:45:20 ===
User ID: 8737
Person ID: FNM1924
Month: 08, Year: 2026
Sunday 2026-08-02 - Found: YES
  check_in: '', work: 0
  -> NOT ADDED (no checkin)
Sunday 2026-08-09 - Found: YES
  check_in: '09:23:59', work: 9.28
  -> Has valid check_in
  -> Has work hours > 0
  -> ADDED to worked_sundays (status: approved)
Sunday 2026-08-16 - Found: YES
  check_in: '09:00:00', work: -3
  -> Has valid check_in
  -> ADDED to worked_sundays (status: available)
Sunday 2026-08-23 - Found: NO
  -> NOT ADDED (no checkin)
Sunday 2026-08-30 - Found: NO
  -> NOT ADDED (no checkin)
Total worked Sundays: 2

=== WO DEBUG 2026-08-25 16:50:21 ===
User ID: 8737
Person ID: FNM1924
Month: 08, Year: 2026
Sunday 2026-08-02 - Found: YES
  check_in: '', work: 0
  -> NOT ADDED (no checkin)
Sunday 2026-08-09 - Found: YES
  check_in: '09:23:59', work: 9.28
  -> Has valid check_in
  -> Has work hours > 0
  -> ADDED to worked_sundays (status: approved)
Sunday 2026-08-16 - Found: YES
  check_in: '09:00:00', work: -3
  -> Has valid check_in
  -> ADDED to worked_sundays (status: available)
Sunday 2026-08-23 - Found: NO
  -> NOT ADDED (no checkin)
Sunday 2026-08-30 - Found: NO
  -> NOT ADDED (no checkin)
Total worked Sundays: 2

=== WO DEBUG 2026-08-25 16:55:22 ===
User ID: 8737
Person ID: FNM1924
Month: 08, Year: 2026
Sunday 2026-08-02 - Found: YES
  check_in: '', work: 0
  -> NOT ADDED (no checkin)
Sunday 2026-08-09 - Found: YES
  check_in: '09:23:59', work: 9.28
  -> Has valid check_in
  -> Has work hours > 0
  -> ADDED to worked_sundays (status: approved)
Sunday 2026-08-16 - Found: YES
  check_in: '09:00:00', work: -3
  -> Has valid check_in
  -> ADDED to worked_sundays (status: available)
Sunday 2026-08-23 - Found: NO
  -> NOT ADDED (no checkin)
Sunday 2026-08-30 - Found: NO
  -> NOT ADDED (no checkin)
Total worked Sundays: 2

=== WO DEBUG 2026-08-25 17:00:23 ===
User ID: 8737
Person ID: FNM1924
Month: 08, Year: 2026
Sunday 2026-08-02 - Found: YES
  check_in: '', work: 0
  -> NOT ADDED (no checkin)
Sunday 2026-08-09 - Found: YES
  check_in: '09:23:59', work: 9.28
  -> Has valid check_in
  -> Has work hours > 0
  -> ADDED to worked_sundays (status: approved)
Sunday 2026-08-16 - Found: YES
  check_in: '09:00:00', work: -3
  -> Has valid check_in
  -> ADDED to worked_sundays (status: available)
Sunday 2026-08-23 - Found: NO
  -> NOT ADDED (no checkin)
Sunday 2026-08-30 - Found: NO
  -> NOT ADDED (no checkin)
Total worked Sundays: 2

=== WO DEBUG 2026-08-25 17:05:24 ===
User ID: 8737
Person ID: FNM1924
Month: 08, Year: 2026
Sunday 2026-08-02 - Found: YES
  check_in: '', work: 0
  -> NOT ADDED (no checkin)
Sunday 2026-08-09 - Found: YES
  check_in: '09:23:59', work: 9.28
  -> Has valid check_in
  -> Has work hours > 0
  -> ADDED to worked_sundays (status: approved)
Sunday 2026-08-16 - Found: YES
  check_in: '09:00:00', work: -3
  -> Has valid check_in
  -> ADDED to worked_sundays (status: available)
Sunday 2026-08-23 - Found: NO
  -> NOT ADDED (no checkin)
Sunday 2026-08-30 - Found: NO
  -> NOT ADDED (no checkin)
Total worked Sundays: 2

=== WO DEBUG 2026-08-25 17:10:25 ===
User ID: 8737
Person ID: FNM1924
Month: 08, Year: 2026
Sunday 2026-08-02 - Found: YES
  check_in: '', work: 0
  -> NOT ADDED (no checkin)
Sunday 2026-08-09 - Found: YES
  check_in: '09:23:59', work: 9.28
  -> Has valid check_in
  -> Has work hours > 0
  -> ADDED to worked_sundays (status: approved)
Sunday 2026-08-16 - Found: YES
  check_in: '09:00:00', work: -3
  -> Has valid check_in
  -> ADDED to worked_sundays (status: available)
Sunday 2026-08-23 - Found: NO
  -> NOT ADDED (no checkin)
Sunday 2026-08-30 - Found: NO
  -> NOT ADDED (no checkin)
Total worked Sundays: 2

=== WO DEBUG 2026-08-25 17:15:00 ===
User ID: 8737
Person ID: FNM1924
Month: 08, Year: 2026
Sunday 2026-08-02 - Found: YES
  check_in: '', work: 0
  -> NOT ADDED (no checkin)
Sunday 2026-08-09 - Found: YES
  check_in: '09:23:59', work: 9.28
  -> Has valid check_in
  -> Has work hours > 0
  -> ADDED to worked_sundays (status: approved)
Sunday 2026-08-16 - Found: YES
  check_in: '09:00:00', work: -3
  -> Has valid check_in
  -> ADDED to worked_sundays (status: available)
Sunday 2026-08-23 - Found: NO
  -> NOT ADDED (no checkin)
Sunday 2026-08-30 - Found: NO
  -> NOT ADDED (no checkin)
Total worked Sundays: 2

=== WO DEBUG 2026-08-25 17:16:10 ===
User ID: 8737
Person ID: FNM1924
Month: 08, Year: 2026
Sunday 2026-08-02 - Found: YES
  check_in: '', work: 0
  -> NOT ADDED (no checkin)
Sunday 2026-08-09 - Found: YES
  check_in: '09:23:59', work: 9.28
  -> Has valid check_in
  -> Has work hours > 0
  -> ADDED to worked_sundays (status: approved)
Sunday 2026-08-16 - Found: YES
  check_in: '09:00:00', work: -3
  -> Has valid check_in
  -> ADDED to worked_sundays (status: available)
Sunday 2026-08-23 - Found: NO
  -> NOT ADDED (no checkin)
Sunday 2026-08-30 - Found: NO
  -> NOT ADDED (no checkin)
Total worked Sundays: 2

=== WO DEBUG 2026-08-25 17:16:11 ===
User ID: 8737
Person ID: FNM1924
Month: 08, Year: 2026
Sunday 2026-08-02 - Found: YES
  check_in: '', work: 0
  -> NOT ADDED (no checkin)
Sunday 2026-08-09 - Found: YES
  check_in: '09:23:59', work: 9.28
  -> Has valid check_in
  -> Has work hours > 0
  -> ADDED to worked_sundays (status: approved)
Sunday 2026-08-16 - Found: YES
  check_in: '09:00:00', work: -3
  -> Has valid check_in
  -> ADDED to worked_sundays (status: available)
Sunday 2026-08-23 - Found: NO
  -> NOT ADDED (no checkin)
Sunday 2026-08-30 - Found: NO
  -> NOT ADDED (no checkin)
Total worked Sundays: 2

=== WO DEBUG 2026-08-25 17:21:12 ===
User ID: 8737
Person ID: FNM1924
Month: 08, Year: 2026
Sunday 2026-08-02 - Found: YES
  check_in: '', work: 0
  -> NOT ADDED (no checkin)
Sunday 2026-08-09 - Found: YES
  check_in: '09:23:59', work: 9.28
  -> Has valid check_in
  -> Has work hours > 0
  -> ADDED to worked_sundays (status: approved)
Sunday 2026-08-16 - Found: YES
  check_in: '09:00:00', work: -3
  -> Has valid check_in
  -> ADDED to worked_sundays (status: available)
Sunday 2026-08-23 - Found: NO
  -> NOT ADDED (no checkin)
Sunday 2026-08-30 - Found: NO
  -> NOT ADDED (no checkin)
Total worked Sundays: 2

=== WO DEBUG 2026-08-25 17:26:13 ===
User ID: 8737
Person ID: FNM1924
Month: 08, Year: 2026
Sunday 2026-08-02 - Found: YES
  check_in: '', work: 0
  -> NOT ADDED (no checkin)
Sunday 2026-08-09 - Found: YES
  check_in: '09:23:59', work: 9.28
  -> Has valid check_in
  -> Has work hours > 0
  -> ADDED to worked_sundays (status: approved)
Sunday 2026-08-16 - Found: YES
  check_in: '09:00:00', work: -3
  -> Has valid check_in
  -> ADDED to worked_sundays (status: available)
Sunday 2026-08-23 - Found: NO
  -> NOT ADDED (no checkin)
Sunday 2026-08-30 - Found: NO
  -> NOT ADDED (no checkin)
Total worked Sundays: 2

=== WO DEBUG 2026-08-25 17:31:14 ===
User ID: 8737
Person ID: FNM1924
Month: 08, Year: 2026
Sunday 2026-08-02 - Found: YES
  check_in: '', work: 0
  -> NOT ADDED (no checkin)
Sunday 2026-08-09 - Found: YES
  check_in: '09:23:59', work: 9.28
  -> Has valid check_in
  -> Has work hours > 0
  -> ADDED to worked_sundays (status: approved)
Sunday 2026-08-16 - Found: YES
  check_in: '09:00:00', work: -3
  -> Has valid check_in
  -> ADDED to worked_sundays (status: available)
Sunday 2026-08-23 - Found: NO
  -> NOT ADDED (no checkin)
Sunday 2026-08-30 - Found: NO
  -> NOT ADDED (no checkin)
Total worked Sundays: 2

=== WO DEBUG 2026-08-25 17:36:15 ===
User ID: 8737
Person ID: FNM1924
Month: 08, Year: 2026
Sunday 2026-08-02 - Found: YES
  check_in: '', work: 0
  -> NOT ADDED (no checkin)
Sunday 2026-08-09 - Found: YES
  check_in: '09:23:59', work: 9.28
  -> Has valid check_in
  -> Has work hours > 0
  -> ADDED to worked_sundays (status: approved)
Sunday 2026-08-16 - Found: YES
  check_in: '09:00:00', work: -3
  -> Has valid check_in
  -> ADDED to worked_sundays (status: available)
Sunday 2026-08-23 - Found: NO
  -> NOT ADDED (no checkin)
Sunday 2026-08-30 - Found: NO
  -> NOT ADDED (no checkin)
Total worked Sundays: 2

=== WO DEBUG 2026-08-25 17:41:16 ===
User ID: 8737
Person ID: FNM1924
Month: 08, Year: 2026
Sunday 2026-08-02 - Found: YES
  check_in: '', work: 0
  -> NOT ADDED (no checkin)
Sunday 2026-08-09 - Found: YES
  check_in: '09:23:59', work: 9.28
  -> Has valid check_in
  -> Has work hours > 0
  -> ADDED to worked_sundays (status: approved)
Sunday 2026-08-16 - Found: YES
  check_in: '09:00:00', work: -3
  -> Has valid check_in
  -> ADDED to worked_sundays (status: available)
Sunday 2026-08-23 - Found: NO
  -> NOT ADDED (no checkin)
Sunday 2026-08-30 - Found: NO
  -> NOT ADDED (no checkin)
Total worked Sundays: 2

=== WO DEBUG 2026-08-25 17:46:17 ===
User ID: 8737
Person ID: FNM1924
Month: 08, Year: 2026
Sunday 2026-08-02 - Found: YES
  check_in: '', work: 0
  -> NOT ADDED (no checkin)
Sunday 2026-08-09 - Found: YES
  check_in: '09:23:59', work: 9.28
  -> Has valid check_in
  -> Has work hours > 0
  -> ADDED to worked_sundays (status: approved)
Sunday 2026-08-16 - Found: YES
  check_in: '09:00:00', work: -3
  -> Has valid check_in
  -> ADDED to worked_sundays (status: available)
Sunday 2026-08-23 - Found: NO
  -> NOT ADDED (no checkin)
Sunday 2026-08-30 - Found: NO
  -> NOT ADDED (no checkin)
Total worked Sundays: 2

=== WO DEBUG 2026-08-25 17:51:18 ===
User ID: 8737
Person ID: FNM1924
Month: 08, Year: 2026
Sunday 2026-08-02 - Found: YES
  check_in: '', work: 0
  -> NOT ADDED (no checkin)
Sunday 2026-08-09 - Found: YES
  check_in: '09:23:59', work: 9.28
  -> Has valid check_in
  -> Has work hours > 0
  -> ADDED to worked_sundays (status: approved)
Sunday 2026-08-16 - Found: YES
  check_in: '09:00:00', work: -3
  -> Has valid check_in
  -> ADDED to worked_sundays (status: available)
Sunday 2026-08-23 - Found: NO
  -> NOT ADDED (no checkin)
Sunday 2026-08-30 - Found: NO
  -> NOT ADDED (no checkin)
Total worked Sundays: 2

=== WO DEBUG 2026-08-25 17:54:52 ===
User ID: 8737
Person ID: FNM1924
Month: 08, Year: 2026
Sunday 2026-08-02 - Found: YES
  check_in: '', work: 0
  -> NOT ADDED (no checkin)
Sunday 2026-08-09 - Found: YES
  check_in: '09:23:59', work: 9.28
  -> Has valid check_in
  -> Has work hours > 0
  -> ADDED to worked_sundays (status: approved)
Sunday 2026-08-16 - Found: YES
  check_in: '09:00:00', work: -3
  -> Has valid check_in
  -> ADDED to worked_sundays (status: available)
Sunday 2026-08-23 - Found: NO
  -> NOT ADDED (no checkin)
Sunday 2026-08-30 - Found: NO
  -> NOT ADDED (no checkin)
Total worked Sundays: 2

=== WO DEBUG 2026-08-25 17:55:21 ===
User ID: 8737
Person ID: FNM1924
Month: 08, Year: 2026
Sunday 2026-08-02 - Found: YES
  check_in: '', work: 0
  -> NOT ADDED (no checkin)
Sunday 2026-08-09 - Found: YES
  check_in: '09:23:59', work: 9.28
  -> Has valid check_in
  -> Has work hours > 0
  -> ADDED to worked_sundays (status: approved)
Sunday 2026-08-16 - Found: YES
  check_in: '09:00:00', work: -3
  -> Has valid check_in
  -> ADDED to worked_sundays (status: available)
Sunday 2026-08-23 - Found: NO
  -> NOT ADDED (no checkin)
Sunday 2026-08-30 - Found: NO
  -> NOT ADDED (no checkin)
Total worked Sundays: 2

=== WO DEBUG 2026-08-25 17:55:25 ===
User ID: 8737
Person ID: FNM1924
Month: 08, Year: 2026
Sunday 2026-08-02 - Found: YES
  check_in: '', work: 0
  -> NOT ADDED (no checkin)
Sunday 2026-08-09 - Found: YES
  check_in: '09:23:59', work: 9.28
  -> Has valid check_in
  -> Has work hours > 0
  -> ADDED to worked_sundays (status: approved)
Sunday 2026-08-16 - Found: YES
  check_in: '09:00:00', work: -3
  -> Has valid check_in
  -> ADDED to worked_sundays (status: available)
Sunday 2026-08-23 - Found: NO
  -> NOT ADDED (no checkin)
Sunday 2026-08-30 - Found: NO
  -> NOT ADDED (no checkin)
Total worked Sundays: 2

=== WO DEBUG 2026-08-25 17:55:29 ===
User ID: 8737
Person ID: FNM1924
Month: 08, Year: 2026
Sunday 2026-08-02 - Found: YES
  check_in: '', work: 0
  -> NOT ADDED (no checkin)
Sunday 2026-08-09 - Found: YES
  check_in: '09:23:59', work: 9.28
  -> Has valid check_in
  -> Has work hours > 0
  -> ADDED to worked_sundays (status: approved)
Sunday 2026-08-16 - Found: YES
  check_in: '09:00:00', work: -3
  -> Has valid check_in
  -> ADDED to worked_sundays (status: available)
Sunday 2026-08-23 - Found: NO
  -> NOT ADDED (no checkin)
Sunday 2026-08-30 - Found: NO
  -> NOT ADDED (no checkin)
Total worked Sundays: 2

=== WO DEBUG 2026-08-25 18:00:30 ===
User ID: 8737
Person ID: FNM1924
Month: 08, Year: 2026
Sunday 2026-08-02 - Found: YES
  check_in: '', work: 0
  -> NOT ADDED (no checkin)
Sunday 2026-08-09 - Found: YES
  check_in: '09:23:59', work: 9.28
  -> Has valid check_in
  -> Has work hours > 0
  -> ADDED to worked_sundays (status: approved)
Sunday 2026-08-16 - Found: YES
  check_in: '09:00:00', work: -3
  -> Has valid check_in
  -> ADDED to worked_sundays (status: available)
Sunday 2026-08-23 - Found: NO
  -> NOT ADDED (no checkin)
Sunday 2026-08-30 - Found: NO
  -> NOT ADDED (no checkin)
Total worked Sundays: 2

=== WO DEBUG 2026-08-25 18:05:31 ===
User ID: 8737
Person ID: FNM1924
Month: 08, Year: 2026
Sunday 2026-08-02 - Found: YES
  check_in: '', work: 0
  -> NOT ADDED (no checkin)
Sunday 2026-08-09 - Found: YES
  check_in: '09:23:59', work: 9.28
  -> Has valid check_in
  -> Has work hours > 0
  -> ADDED to worked_sundays (status: approved)
Sunday 2026-08-16 - Found: YES
  check_in: '09:00:00', work: -3
  -> Has valid check_in
  -> ADDED to worked_sundays (status: available)
Sunday 2026-08-23 - Found: NO
  -> NOT ADDED (no checkin)
Sunday 2026-08-30 - Found: NO
  -> NOT ADDED (no checkin)
Total worked Sundays: 2

=== WO DEBUG 2026-08-25 18:06:20 ===
User ID: 8737
Person ID: FNM1924
Month: 08, Year: 2026
Sunday 2026-08-02 - Found: YES
  check_in: '', work: 0
  -> NOT ADDED (no checkin)
Sunday 2026-08-09 - Found: YES
  check_in: '09:23:59', work: 9.28
  -> Has valid check_in
  -> Has work hours > 0
  -> ADDED to worked_sundays (status: approved)
Sunday 2026-08-16 - Found: YES
  check_in: '09:00:00', work: -3
  -> Has valid check_in
  -> ADDED to worked_sundays (status: available)
Sunday 2026-08-23 - Found: NO
  -> NOT ADDED (no checkin)
Sunday 2026-08-30 - Found: NO
  -> NOT ADDED (no checkin)
Total worked Sundays: 2

=== WO DEBUG 2026-08-25 18:06:24 ===
User ID: 8737
Person ID: FNM1924
Month: 08, Year: 2026
Sunday 2026-08-02 - Found: YES
  check_in: '', work: 0
  -> NOT ADDED (no checkin)
Sunday 2026-08-09 - Found: YES
  check_in: '09:23:59', work: 9.28
  -> Has valid check_in
  -> Has work hours > 0
  -> ADDED to worked_sundays (status: approved)
Sunday 2026-08-16 - Found: YES
  check_in: '09:00:00', work: -3
  -> Has valid check_in
  -> ADDED to worked_sundays (status: available)
Sunday 2026-08-23 - Found: NO
  -> NOT ADDED (no checkin)
Sunday 2026-08-30 - Found: NO
  -> NOT ADDED (no checkin)
Total worked Sundays: 2

=== WO DEBUG 2026-08-25 18:07:04 ===
User ID: 8737
Person ID: FNM1924
Month: 08, Year: 2026
Sunday 2026-08-02 - Found: YES
  check_in: '', work: 0
  -> NOT ADDED (no checkin)
Sunday 2026-08-09 - Found: YES
  check_in: '09:23:59', work: 9.28
  -> Has valid check_in
  -> Has work hours > 0
  -> ADDED to worked_sundays (status: approved)
Sunday 2026-08-16 - Found: YES
  check_in: '09:00:00', work: -3
  -> Has valid check_in
  -> ADDED to worked_sundays (status: available)
Sunday 2026-08-23 - Found: NO
  -> NOT ADDED (no checkin)
Sunday 2026-08-30 - Found: NO
  -> NOT ADDED (no checkin)
Total worked Sundays: 2

=== WO DEBUG 2026-08-25 18:07:08 ===
User ID: 8737
Person ID: FNM1924
Month: 08, Year: 2026
Sunday 2026-08-02 - Found: YES
  check_in: '', work: 0
  -> NOT ADDED (no checkin)
Sunday 2026-08-09 - Found: YES
  check_in: '09:23:59', work: 9.28
  -> Has valid check_in
  -> Has work hours > 0
  -> ADDED to worked_sundays (status: approved)
Sunday 2026-08-16 - Found: YES
  check_in: '09:00:00', work: -3
  -> Has valid check_in
  -> ADDED to worked_sundays (status: available)
Sunday 2026-08-23 - Found: NO
  -> NOT ADDED (no checkin)
Sunday 2026-08-30 - Found: NO
  -> NOT ADDED (no checkin)
Total worked Sundays: 2

=== WO DEBUG 2026-08-25 18:07:13 ===
User ID: 8737
Person ID: FNM1924
Month: 08, Year: 2026
Sunday 2026-08-02 - Found: YES
  check_in: '', work: 0
  -> NOT ADDED (no checkin)
Sunday 2026-08-09 - Found: YES
  check_in: '09:23:59', work: 9.28
  -> Has valid check_in
  -> Has work hours > 0
  -> ADDED to worked_sundays (status: approved)
Sunday 2026-08-16 - Found: YES
  check_in: '09:00:00', work: -3
  -> Has valid check_in
  -> ADDED to worked_sundays (status: available)
Sunday 2026-08-23 - Found: NO
  -> NOT ADDED (no checkin)
Sunday 2026-08-30 - Found: NO
  -> NOT ADDED (no checkin)
Total worked Sundays: 2

=== WO DEBUG 2026-08-25 18:07:18 ===
User ID: 8737
Person ID: FNM1924
Month: 08, Year: 2026
Sunday 2026-08-02 - Found: YES
  check_in: '', work: 0
  -> NOT ADDED (no checkin)
Sunday 2026-08-09 - Found: YES
  check_in: '09:23:59', work: 9.28
  -> Has valid check_in
  -> Has work hours > 0
  -> ADDED to worked_sundays (status: approved)
Sunday 2026-08-16 - Found: YES
  check_in: '09:00:00', work: -3
  -> Has valid check_in
  -> ADDED to worked_sundays (status: available)
Sunday 2026-08-23 - Found: NO
  -> NOT ADDED (no checkin)
Sunday 2026-08-30 - Found: NO
  -> NOT ADDED (no checkin)
Total worked Sundays: 2

=== WO DEBUG 2026-08-25 18:07:20 ===
User ID: 8737
Person ID: FNM1924
Month: 08, Year: 2026
Sunday 2026-08-02 - Found: YES
  check_in: '', work: 0
  -> NOT ADDED (no checkin)
Sunday 2026-08-09 - Found: YES
  check_in: '09:23:59', work: 9.28
  -> Has valid check_in
  -> Has work hours > 0
  -> ADDED to worked_sundays (status: approved)
Sunday 2026-08-16 - Found: YES
  check_in: '09:00:00', work: -3
  -> Has valid check_in
  -> ADDED to worked_sundays (status: available)
Sunday 2026-08-23 - Found: NO
  -> NOT ADDED (no checkin)
Sunday 2026-08-30 - Found: NO
  -> NOT ADDED (no checkin)
Total worked Sundays: 2

=== WO DEBUG 2026-08-25 18:07:21 ===
User ID: 8737
Person ID: FNM1924
Month: 08, Year: 2026
Sunday 2026-08-02 - Found: YES
  check_in: '', work: 0
  -> NOT ADDED (no checkin)
Sunday 2026-08-09 - Found: YES
  check_in: '09:23:59', work: 9.28
  -> Has valid check_in
  -> Has work hours > 0
  -> ADDED to worked_sundays (status: approved)
Sunday 2026-08-16 - Found: YES
  check_in: '09:00:00', work: -3
  -> Has valid check_in
  -> ADDED to worked_sundays (status: available)
Sunday 2026-08-23 - Found: NO
  -> NOT ADDED (no checkin)
Sunday 2026-08-30 - Found: NO
  -> NOT ADDED (no checkin)
Total worked Sundays: 2

=== WO DEBUG 2026-08-25 18:07:26 ===
User ID: 8737
Person ID: FNM1924
Month: 08, Year: 2026
Sunday 2026-08-02 - Found: YES
  check_in: '', work: 0
  -> NOT ADDED (no checkin)
Sunday 2026-08-09 - Found: YES
  check_in: '09:23:59', work: 9.28
  -> Has valid check_in
  -> Has work hours > 0
  -> ADDED to worked_sundays (status: approved)
Sunday 2026-08-16 - Found: YES
  check_in: '09:00:00', work: -3
  -> Has valid check_in
  -> ADDED to worked_sundays (status: available)
Sunday 2026-08-23 - Found: NO
  -> NOT ADDED (no checkin)
Sunday 2026-08-30 - Found: NO
  -> NOT ADDED (no checkin)
Total worked Sundays: 2

=== WO DEBUG 2026-08-25 18:12:27 ===
User ID: 8737
Person ID: FNM1924
Month: 08, Year: 2026
Sunday 2026-08-02 - Found: YES
  check_in: '', work: 0
  -> NOT ADDED (no checkin)
Sunday 2026-08-09 - Found: YES
  check_in: '09:23:59', work: 9.28
  -> Has valid check_in
  -> Has work hours > 0
  -> ADDED to worked_sundays (status: approved)
Sunday 2026-08-16 - Found: YES
  check_in: '09:00:00', work: -3
  -> Has valid check_in
  -> ADDED to worked_sundays (status: available)
Sunday 2026-08-23 - Found: NO
  -> NOT ADDED (no checkin)
Sunday 2026-08-30 - Found: NO
  -> NOT ADDED (no checkin)
Total worked Sundays: 2

=== WO DEBUG 2026-08-25 18:17:28 ===
User ID: 8737
Person ID: FNM1924
Month: 08, Year: 2026
Sunday 2026-08-02 - Found: YES
  check_in: '', work: 0
  -> NOT ADDED (no checkin)
Sunday 2026-08-09 - Found: YES
  check_in: '09:23:59', work: 9.28
  -> Has valid check_in
  -> Has work hours > 0
  -> ADDED to worked_sundays (status: approved)
Sunday 2026-08-16 - Found: YES
  check_in: '09:00:00', work: -3
  -> Has valid check_in
  -> ADDED to worked_sundays (status: available)
Sunday 2026-08-23 - Found: NO
  -> NOT ADDED (no checkin)
Sunday 2026-08-30 - Found: NO
  -> NOT ADDED (no checkin)
Total worked Sundays: 2

=== WO DEBUG 2026-08-25 18:22:29 ===
User ID: 8737
Person ID: FNM1924
Month: 08, Year: 2026
Sunday 2026-08-02 - Found: YES
  check_in: '', work: 0
  -> NOT ADDED (no checkin)
Sunday 2026-08-09 - Found: YES
  check_in: '09:23:59', work: 9.28
  -> Has valid check_in
  -> Has work hours > 0
  -> ADDED to worked_sundays (status: approved)
Sunday 2026-08-16 - Found: YES
  check_in: '09:00:00', work: -3
  -> Has valid check_in
  -> ADDED to worked_sundays (status: available)
Sunday 2026-08-23 - Found: NO
  -> NOT ADDED (no checkin)
Sunday 2026-08-30 - Found: NO
  -> NOT ADDED (no checkin)
Total worked Sundays: 2

=== WO DEBUG 2026-08-25 18:27:30 ===
User ID: 8737
Person ID: FNM1924
Month: 08, Year: 2026
Sunday 2026-08-02 - Found: YES
  check_in: '', work: 0
  -> NOT ADDED (no checkin)
Sunday 2026-08-09 - Found: YES
  check_in: '09:23:59', work: 9.28
  -> Has valid check_in
  -> Has work hours > 0
  -> ADDED to worked_sundays (status: approved)
Sunday 2026-08-16 - Found: YES
  check_in: '09:00:00', work: -3
  -> Has valid check_in
  -> ADDED to worked_sundays (status: available)
Sunday 2026-08-23 - Found: NO
  -> NOT ADDED (no checkin)
Sunday 2026-08-30 - Found: NO
  -> NOT ADDED (no checkin)
Total worked Sundays: 2

=== WO DEBUG 2026-08-25 18:32:31 ===
User ID: 8737
Person ID: FNM1924
Month: 08, Year: 2026
Sunday 2026-08-02 - Found: YES
  check_in: '', work: 0
  -> NOT ADDED (no checkin)
Sunday 2026-08-09 - Found: YES
  check_in: '09:23:59', work: 9.28
  -> Has valid check_in
  -> Has work hours > 0
  -> ADDED to worked_sundays (status: approved)
Sunday 2026-08-16 - Found: YES
  check_in: '09:00:00', work: -3
  -> Has valid check_in
  -> ADDED to worked_sundays (status: available)
Sunday 2026-08-23 - Found: NO
  -> NOT ADDED (no checkin)
Sunday 2026-08-30 - Found: NO
  -> NOT ADDED (no checkin)
Total worked Sundays: 2

=== WO DEBUG 2026-08-25 18:37:32 ===
User ID: 8737
Person ID: FNM1924
Month: 08, Year: 2026
Sunday 2026-08-02 - Found: YES
  check_in: '', work: 0
  -> NOT ADDED (no checkin)
Sunday 2026-08-09 - Found: YES
  check_in: '09:23:59', work: 9.28
  -> Has valid check_in
  -> Has work hours > 0
  -> ADDED to worked_sundays (status: approved)
Sunday 2026-08-16 - Found: YES
  check_in: '09:00:00', work: -3
  -> Has valid check_in
  -> ADDED to worked_sundays (status: available)
Sunday 2026-08-23 - Found: NO
  -> NOT ADDED (no checkin)
Sunday 2026-08-30 - Found: NO
  -> NOT ADDED (no checkin)
Total worked Sundays: 2

=== WO DEBUG 2026-08-25 18:42:33 ===
User ID: 8737
Person ID: FNM1924
Month: 08, Year: 2026
Sunday 2026-08-02 - Found: YES
  check_in: '', work: 0
  -> NOT ADDED (no checkin)
Sunday 2026-08-09 - Found: YES
  check_in: '09:23:59', work: 9.28
  -> Has valid check_in
  -> Has work hours > 0
  -> ADDED to worked_sundays (status: approved)
Sunday 2026-08-16 - Found: YES
  check_in: '09:00:00', work: -3
  -> Has valid check_in
  -> ADDED to worked_sundays (status: available)
Sunday 2026-08-23 - Found: NO
  -> NOT ADDED (no checkin)
Sunday 2026-08-30 - Found: NO
  -> NOT ADDED (no checkin)
Total worked Sundays: 2

=== WO DEBUG 2026-08-25 18:47:34 ===
User ID: 8737
Person ID: FNM1924
Month: 08, Year: 2026
Sunday 2026-08-02 - Found: YES
  check_in: '', work: 0
  -> NOT ADDED (no checkin)
Sunday 2026-08-09 - Found: YES
  check_in: '09:23:59', work: 9.28
  -> Has valid check_in
  -> Has work hours > 0
  -> ADDED to worked_sundays (status: approved)
Sunday 2026-08-16 - Found: YES
  check_in: '09:00:00', work: -3
  -> Has valid check_in
  -> ADDED to worked_sundays (status: available)
Sunday 2026-08-23 - Found: NO
  -> NOT ADDED (no checkin)
Sunday 2026-08-30 - Found: NO
  -> NOT ADDED (no checkin)
Total worked Sundays: 2

=== WO DEBUG 2026-08-25 18:52:35 ===
User ID: 8737
Person ID: FNM1924
Month: 08, Year: 2026
Sunday 2026-08-02 - Found: YES
  check_in: '', work: 0
  -> NOT ADDED (no checkin)
Sunday 2026-08-09 - Found: YES
  check_in: '09:23:59', work: 9.28
  -> Has valid check_in
  -> Has work hours > 0
  -> ADDED to worked_sundays (status: approved)
Sunday 2026-08-16 - Found: YES
  check_in: '09:00:00', work: -3
  -> Has valid check_in
  -> ADDED to worked_sundays (status: available)
Sunday 2026-08-23 - Found: NO
  -> NOT ADDED (no checkin)
Sunday 2026-08-30 - Found: NO
  -> NOT ADDED (no checkin)
Total worked Sundays: 2

=== WO DEBUG 2026-08-25 18:57:36 ===
User ID: 8737
Person ID: FNM1924
Month: 08, Year: 2026
Sunday 2026-08-02 - Found: YES
  check_in: '', work: 0
  -> NOT ADDED (no checkin)
Sunday 2026-08-09 - Found: YES
  check_in: '09:23:59', work: 9.28
  -> Has valid check_in
  -> Has work hours > 0
  -> ADDED to worked_sundays (status: approved)
Sunday 2026-08-16 - Found: YES
  check_in: '09:00:00', work: -3
  -> Has valid check_in
  -> ADDED to worked_sundays (status: available)
Sunday 2026-08-23 - Found: NO
  -> NOT ADDED (no checkin)
Sunday 2026-08-30 - Found: NO
  -> NOT ADDED (no checkin)
Total worked Sundays: 2

=== WO DEBUG 2026-08-25 19:02:37 ===
User ID: 8737
Person ID: FNM1924
Month: 08, Year: 2026
Sunday 2026-08-02 - Found: YES
  check_in: '', work: 0
  -> NOT ADDED (no checkin)
Sunday 2026-08-09 - Found: YES
  check_in: '09:23:59', work: 9.28
  -> Has valid check_in
  -> Has work hours > 0
  -> ADDED to worked_sundays (status: approved)
Sunday 2026-08-16 - Found: YES
  check_in: '09:00:00', work: -3
  -> Has valid check_in
  -> ADDED to worked_sundays (status: available)
Sunday 2026-08-23 - Found: NO
  -> NOT ADDED (no checkin)
Sunday 2026-08-30 - Found: NO
  -> NOT ADDED (no checkin)
Total worked Sundays: 2

=== WO DEBUG 2026-08-25 19:07:38 ===
User ID: 8737
Person ID: FNM1924
Month: 08, Year: 2026
Sunday 2026-08-02 - Found: YES
  check_in: '', work: 0
  -> NOT ADDED (no checkin)
Sunday 2026-08-09 - Found: YES
  check_in: '09:23:59', work: 9.28
  -> Has valid check_in
  -> Has work hours > 0
  -> ADDED to worked_sundays (status: approved)
Sunday 2026-08-16 - Found: YES
  check_in: '09:00:00', work: -3
  -> Has valid check_in
  -> ADDED to worked_sundays (status: available)
Sunday 2026-08-23 - Found: NO
  -> NOT ADDED (no checkin)
Sunday 2026-08-30 - Found: NO
  -> NOT ADDED (no checkin)
Total worked Sundays: 2

=== WO DEBUG 2026-08-25 19:12:39 ===
User ID: 8737
Person ID: FNM1924
Month: 08, Year: 2026
Sunday 2026-08-02 - Found: YES
  check_in: '', work: 0
  -> NOT ADDED (no checkin)
Sunday 2026-08-09 - Found: YES
  check_in: '09:23:59', work: 9.28
  -> Has valid check_in
  -> Has work hours > 0
  -> ADDED to worked_sundays (status: approved)
Sunday 2026-08-16 - Found: YES
  check_in: '09:00:00', work: -3
  -> Has valid check_in
  -> ADDED to worked_sundays (status: available)
Sunday 2026-08-23 - Found: NO
  -> NOT ADDED (no checkin)
Sunday 2026-08-30 - Found: NO
  -> NOT ADDED (no checkin)
Total worked Sundays: 2

=== WO DEBUG 2026-08-25 19:17:40 ===
User ID: 8737
Person ID: FNM1924
Month: 08, Year: 2026
Sunday 2026-08-02 - Found: YES
  check_in: '', work: 0
  -> NOT ADDED (no checkin)
Sunday 2026-08-09 - Found: YES
  check_in: '09:23:59', work: 9.28
  -> Has valid check_in
  -> Has work hours > 0
  -> ADDED to worked_sundays (status: approved)
Sunday 2026-08-16 - Found: YES
  check_in: '09:00:00', work: -3
  -> Has valid check_in
  -> ADDED to worked_sundays (status: available)
Sunday 2026-08-23 - Found: NO
  -> NOT ADDED (no checkin)
Sunday 2026-08-30 - Found: NO
  -> NOT ADDED (no checkin)
Total worked Sundays: 2

=== WO DEBUG 2026-08-25 19:22:41 ===
User ID: 8737
Person ID: FNM1924
Month: 08, Year: 2026
Sunday 2026-08-02 - Found: YES
  check_in: '', work: 0
  -> NOT ADDED (no checkin)
Sunday 2026-08-09 - Found: YES
  check_in: '09:23:59', work: 9.28
  -> Has valid check_in
  -> Has work hours > 0
  -> ADDED to worked_sundays (status: approved)
Sunday 2026-08-16 - Found: YES
  check_in: '09:00:00', work: -3
  -> Has valid check_in
  -> ADDED to worked_sundays (status: available)
Sunday 2026-08-23 - Found: NO
  -> NOT ADDED (no checkin)
Sunday 2026-08-30 - Found: NO
  -> NOT ADDED (no checkin)
Total worked Sundays: 2

=== WO DEBUG 2026-08-25 19:27:42 ===
User ID: 8737
Person ID: FNM1924
Month: 08, Year: 2026
Sunday 2026-08-02 - Found: YES
  check_in: '', work: 0
  -> NOT ADDED (no checkin)
Sunday 2026-08-09 - Found: YES
  check_in: '09:23:59', work: 9.28
  -> Has valid check_in
  -> Has work hours > 0
  -> ADDED to worked_sundays (status: approved)
Sunday 2026-08-16 - Found: YES
  check_in: '09:00:00', work: -3
  -> Has valid check_in
  -> ADDED to worked_sundays (status: available)
Sunday 2026-08-23 - Found: NO
  -> NOT ADDED (no checkin)
Sunday 2026-08-30 - Found: NO
  -> NOT ADDED (no checkin)
Total worked Sundays: 2

=== WO DEBUG 2026-08-27 10:14:02 ===
User ID: 8737
Person ID: FNM1924
Month: 08, Year: 2026
Sunday 2026-08-02 - Found: YES
  check_in: '', work: 0
  -> NOT ADDED (no checkin)
Sunday 2026-08-09 - Found: YES
  check_in: '09:23:59', work: 9.28
  -> Has valid check_in
  -> Has work hours > 0
  -> ADDED to worked_sundays (status: approved)
Sunday 2026-08-16 - Found: YES
  check_in: '09:00:00', work: -3
  -> Has valid check_in
  -> ADDED to worked_sundays (status: available)
Sunday 2026-08-23 - Found: NO
  -> NOT ADDED (no checkin)
Sunday 2026-08-30 - Found: NO
  -> NOT ADDED (no checkin)
Total worked Sundays: 2

=== WO DEBUG 2026-08-27 10:19:02 ===
User ID: 8737
Person ID: FNM1924
Month: 08, Year: 2026
Sunday 2026-08-02 - Found: YES
  check_in: '', work: 0
  -> NOT ADDED (no checkin)
Sunday 2026-08-09 - Found: YES
  check_in: '09:23:59', work: 9.28
  -> Has valid check_in
  -> Has work hours > 0
  -> ADDED to worked_sundays (status: approved)
Sunday 2026-08-16 - Found: YES
  check_in: '09:00:00', work: -3
  -> Has valid check_in
  -> ADDED to worked_sundays (status: available)
Sunday 2026-08-23 - Found: NO
  -> NOT ADDED (no checkin)
Sunday 2026-08-30 - Found: NO
  -> NOT ADDED (no checkin)
Total worked Sundays: 2

=== WO DEBUG 2026-08-27 10:24:03 ===
User ID: 8737
Person ID: FNM1924
Month: 08, Year: 2026
Sunday 2026-08-02 - Found: YES
  check_in: '', work: 0
  -> NOT ADDED (no checkin)
Sunday 2026-08-09 - Found: YES
  check_in: '09:23:59', work: 9.28
  -> Has valid check_in
  -> Has work hours > 0
  -> ADDED to worked_sundays (status: approved)
Sunday 2026-08-16 - Found: YES
  check_in: '09:00:00', work: -3
  -> Has valid check_in
  -> ADDED to worked_sundays (status: available)
Sunday 2026-08-23 - Found: NO
  -> NOT ADDED (no checkin)
Sunday 2026-08-30 - Found: NO
  -> NOT ADDED (no checkin)
Total worked Sundays: 2

=== WO DEBUG 2026-08-27 10:29:04 ===
User ID: 8737
Person ID: FNM1924
Month: 08, Year: 2026
Sunday 2026-08-02 - Found: YES
  check_in: '', work: 0
  -> NOT ADDED (no checkin)
Sunday 2026-08-09 - Found: YES
  check_in: '09:23:59', work: 9.28
  -> Has valid check_in
  -> Has work hours > 0
  -> ADDED to worked_sundays (status: approved)
Sunday 2026-08-16 - Found: YES
  check_in: '09:00:00', work: -3
  -> Has valid check_in
  -> ADDED to worked_sundays (status: available)
Sunday 2026-08-23 - Found: NO
  -> NOT ADDED (no checkin)
Sunday 2026-08-30 - Found: NO
  -> NOT ADDED (no checkin)
Total worked Sundays: 2

=== WO DEBUG 2026-08-27 10:34:05 ===
User ID: 8737
Person ID: FNM1924
Month: 08, Year: 2026
Sunday 2026-08-02 - Found: YES
  check_in: '', work: 0
  -> NOT ADDED (no checkin)
Sunday 2026-08-09 - Found: YES
  check_in: '09:23:59', work: 9.28
  -> Has valid check_in
  -> Has work hours > 0
  -> ADDED to worked_sundays (status: approved)
Sunday 2026-08-16 - Found: YES
  check_in: '09:00:00', work: -3
  -> Has valid check_in
  -> ADDED to worked_sundays (status: available)
Sunday 2026-08-23 - Found: NO
  -> NOT ADDED (no checkin)
Sunday 2026-08-30 - Found: NO
  -> NOT ADDED (no checkin)
Total worked Sundays: 2

=== WO DEBUG 2026-08-27 10:39:06 ===
User ID: 8737
Person ID: FNM1924
Month: 08, Year: 2026
Sunday 2026-08-02 - Found: YES
  check_in: '', work: 0
  -> NOT ADDED (no checkin)
Sunday 2026-08-09 - Found: YES
  check_in: '09:23:59', work: 9.28
  -> Has valid check_in
  -> Has work hours > 0
  -> ADDED to worked_sundays (status: approved)
Sunday 2026-08-16 - Found: YES
  check_in: '09:00:00', work: -3
  -> Has valid check_in
  -> ADDED to worked_sundays (status: available)
Sunday 2026-08-23 - Found: NO
  -> NOT ADDED (no checkin)
Sunday 2026-08-30 - Found: NO
  -> NOT ADDED (no checkin)
Total worked Sundays: 2

=== WO DEBUG 2026-08-27 10:44:07 ===
User ID: 8737
Person ID: FNM1924
Month: 08, Year: 2026
Sunday 2026-08-02 - Found: YES
  check_in: '', work: 0
  -> NOT ADDED (no checkin)
Sunday 2026-08-09 - Found: YES
  check_in: '09:23:59', work: 9.28
  -> Has valid check_in
  -> Has work hours > 0
  -> ADDED to worked_sundays (status: approved)
Sunday 2026-08-16 - Found: YES
  check_in: '09:00:00', work: -3
  -> Has valid check_in
  -> ADDED to worked_sundays (status: available)
Sunday 2026-08-23 - Found: NO
  -> NOT ADDED (no checkin)
Sunday 2026-08-30 - Found: NO
  -> NOT ADDED (no checkin)
Total worked Sundays: 2

=== WO DEBUG 2026-08-27 10:49:08 ===
User ID: 8737
Person ID: FNM1924
Month: 08, Year: 2026
Sunday 2026-08-02 - Found: YES
  check_in: '', work: 0
  -> NOT ADDED (no checkin)
Sunday 2026-08-09 - Found: YES
  check_in: '09:23:59', work: 9.28
  -> Has valid check_in
  -> Has work hours > 0
  -> ADDED to worked_sundays (status: approved)
Sunday 2026-08-16 - Found: YES
  check_in: '09:00:00', work: -3
  -> Has valid check_in
  -> ADDED to worked_sundays (status: available)
Sunday 2026-08-23 - Found: NO
  -> NOT ADDED (no checkin)
Sunday 2026-08-30 - Found: NO
  -> NOT ADDED (no checkin)
Total worked Sundays: 2

=== WO DEBUG 2026-08-27 10:54:09 ===
User ID: 8737
Person ID: FNM1924
Month: 08, Year: 2026
Sunday 2026-08-02 - Found: YES
  check_in: '', work: 0
  -> NOT ADDED (no checkin)
Sunday 2026-08-09 - Found: YES
  check_in: '09:23:59', work: 9.28
  -> Has valid check_in
  -> Has work hours > 0
  -> ADDED to worked_sundays (status: approved)
Sunday 2026-08-16 - Found: YES
  check_in: '09:00:00', work: -3
  -> Has valid check_in
  -> ADDED to worked_sundays (status: available)
Sunday 2026-08-23 - Found: NO
  -> NOT ADDED (no checkin)
Sunday 2026-08-30 - Found: NO
  -> NOT ADDED (no checkin)
Total worked Sundays: 2

=== WO DEBUG 2026-08-27 10:59:10 ===
User ID: 8737
Person ID: FNM1924
Month: 08, Year: 2026
Sunday 2026-08-02 - Found: YES
  check_in: '', work: 0
  -> NOT ADDED (no checkin)
Sunday 2026-08-09 - Found: YES
  check_in: '09:23:59', work: 9.28
  -> Has valid check_in
  -> Has work hours > 0
  -> ADDED to worked_sundays (status: approved)
Sunday 2026-08-16 - Found: YES
  check_in: '09:00:00', work: -3
  -> Has valid check_in
  -> ADDED to worked_sundays (status: available)
Sunday 2026-08-23 - Found: NO
  -> NOT ADDED (no checkin)
Sunday 2026-08-30 - Found: NO
  -> NOT ADDED (no checkin)
Total worked Sundays: 2

=== WO DEBUG 2026-08-27 11:04:11 ===
User ID: 8737
Person ID: FNM1924
Month: 08, Year: 2026
Sunday 2026-08-02 - Found: YES
  check_in: '', work: 0
  -> NOT ADDED (no checkin)
Sunday 2026-08-09 - Found: YES
  check_in: '09:23:59', work: 9.28
  -> Has valid check_in
  -> Has work hours > 0
  -> ADDED to worked_sundays (status: approved)
Sunday 2026-08-16 - Found: YES
  check_in: '09:00:00', work: -3
  -> Has valid check_in
  -> ADDED to worked_sundays (status: available)
Sunday 2026-08-23 - Found: NO
  -> NOT ADDED (no checkin)
Sunday 2026-08-30 - Found: NO
  -> NOT ADDED (no checkin)
Total worked Sundays: 2

=== WO DEBUG 2026-08-27 11:09:12 ===
User ID: 8737
Person ID: FNM1924
Month: 08, Year: 2026
Sunday 2026-08-02 - Found: YES
  check_in: '', work: 0
  -> NOT ADDED (no checkin)
Sunday 2026-08-09 - Found: YES
  check_in: '09:23:59', work: 9.28
  -> Has valid check_in
  -> Has work hours > 0
  -> ADDED to worked_sundays (status: approved)
Sunday 2026-08-16 - Found: YES
  check_in: '09:00:00', work: -3
  -> Has valid check_in
  -> ADDED to worked_sundays (status: available)
Sunday 2026-08-23 - Found: NO
  -> NOT ADDED (no checkin)
Sunday 2026-08-30 - Found: NO
  -> NOT ADDED (no checkin)
Total worked Sundays: 2

=== WO DEBUG 2026-08-27 11:14:13 ===
User ID: 8737
Person ID: FNM1924
Month: 08, Year: 2026
Sunday 2026-08-02 - Found: YES
  check_in: '', work: 0
  -> NOT ADDED (no checkin)
Sunday 2026-08-09 - Found: YES
  check_in: '09:23:59', work: 9.28
  -> Has valid check_in
  -> Has work hours > 0
  -> ADDED to worked_sundays (status: approved)
Sunday 2026-08-16 - Found: YES
  check_in: '09:00:00', work: -3
  -> Has valid check_in
  -> ADDED to worked_sundays (status: available)
Sunday 2026-08-23 - Found: NO
  -> NOT ADDED (no checkin)
Sunday 2026-08-30 - Found: NO
  -> NOT ADDED (no checkin)
Total worked Sundays: 2

=== WO DEBUG 2026-08-27 11:19:14 ===
User ID: 8737
Person ID: FNM1924
Month: 08, Year: 2026
Sunday 2026-08-02 - Found: YES
  check_in: '', work: 0
  -> NOT ADDED (no checkin)
Sunday 2026-08-09 - Found: YES
  check_in: '09:23:59', work: 9.28
  -> Has valid check_in
  -> Has work hours > 0
  -> ADDED to worked_sundays (status: approved)
Sunday 2026-08-16 - Found: YES
  check_in: '09:00:00', work: -3
  -> Has valid check_in
  -> ADDED to worked_sundays (status: available)
Sunday 2026-08-23 - Found: NO
  -> NOT ADDED (no checkin)
Sunday 2026-08-30 - Found: NO
  -> NOT ADDED (no checkin)
Total worked Sundays: 2

=== WO DEBUG 2026-08-27 11:24:15 ===
User ID: 8737
Person ID: FNM1924
Month: 08, Year: 2026
Sunday 2026-08-02 - Found: YES
  check_in: '', work: 0
  -> NOT ADDED (no checkin)
Sunday 2026-08-09 - Found: YES
  check_in: '09:23:59', work: 9.28
  -> Has valid check_in
  -> Has work hours > 0
  -> ADDED to worked_sundays (status: approved)
Sunday 2026-08-16 - Found: YES
  check_in: '09:00:00', work: -3
  -> Has valid check_in
  -> ADDED to worked_sundays (status: available)
Sunday 2026-08-23 - Found: NO
  -> NOT ADDED (no checkin)
Sunday 2026-08-30 - Found: NO
  -> NOT ADDED (no checkin)
Total worked Sundays: 2

=== WO DEBUG 2026-08-27 11:29:16 ===
User ID: 8737
Person ID: FNM1924
Month: 08, Year: 2026
Sunday 2026-08-02 - Found: YES
  check_in: '', work: 0
  -> NOT ADDED (no checkin)
Sunday 2026-08-09 - Found: YES
  check_in: '09:23:59', work: 9.28
  -> Has valid check_in
  -> Has work hours > 0
  -> ADDED to worked_sundays (status: approved)
Sunday 2026-08-16 - Found: YES
  check_in: '09:00:00', work: -3
  -> Has valid check_in
  -> ADDED to worked_sundays (status: available)
Sunday 2026-08-23 - Found: NO
  -> NOT ADDED (no checkin)
Sunday 2026-08-30 - Found: NO
  -> NOT ADDED (no checkin)
Total worked Sundays: 2

=== WO DEBUG 2026-08-27 11:34:17 ===
User ID: 8737
Person ID: FNM1924
Month: 08, Year: 2026
Sunday 2026-08-02 - Found: YES
  check_in: '', work: 0
  -> NOT ADDED (no checkin)
Sunday 2026-08-09 - Found: YES
  check_in: '09:23:59', work: 9.28
  -> Has valid check_in
  -> Has work hours > 0
  -> ADDED to worked_sundays (status: approved)
Sunday 2026-08-16 - Found: YES
  check_in: '09:00:00', work: -3
  -> Has valid check_in
  -> ADDED to worked_sundays (status: available)
Sunday 2026-08-23 - Found: NO
  -> NOT ADDED (no checkin)
Sunday 2026-08-30 - Found: NO
  -> NOT ADDED (no checkin)
Total worked Sundays: 2

=== WO DEBUG 2026-08-27 11:39:18 ===
User ID: 8737
Person ID: FNM1924
Month: 08, Year: 2026
Sunday 2026-08-02 - Found: YES
  check_in: '', work: 0
  -> NOT ADDED (no checkin)
Sunday 2026-08-09 - Found: YES
  check_in: '09:23:59', work: 9.28
  -> Has valid check_in
  -> Has work hours > 0
  -> ADDED to worked_sundays (status: approved)
Sunday 2026-08-16 - Found: YES
  check_in: '09:00:00', work: -3
  -> Has valid check_in
  -> ADDED to worked_sundays (status: available)
Sunday 2026-08-23 - Found: NO
  -> NOT ADDED (no checkin)
Sunday 2026-08-30 - Found: NO
  -> NOT ADDED (no checkin)
Total worked Sundays: 2

=== WO DEBUG 2026-08-27 11:44:01 ===
User ID: 8737
Person ID: FNM1924
Month: 08, Year: 2026
Sunday 2026-08-02 - Found: YES
  check_in: '', work: 0
  -> NOT ADDED (no checkin)
Sunday 2026-08-09 - Found: YES
  check_in: '09:23:59', work: 9.28
  -> Has valid check_in
  -> Has work hours > 0
  -> ADDED to worked_sundays (status: approved)
Sunday 2026-08-16 - Found: YES
  check_in: '09:00:00', work: -3
  -> Has valid check_in
  -> ADDED to worked_sundays (status: available)
Sunday 2026-08-23 - Found: NO
  -> NOT ADDED (no checkin)
Sunday 2026-08-30 - Found: NO
  -> NOT ADDED (no checkin)
Total worked Sundays: 2

=== WO DEBUG 2026-08-27 11:48:21 ===
User ID: 8737
Person ID: FNM1924
Month: 08, Year: 2026
Sunday 2026-08-02 - Found: YES
  check_in: '', work: 0
  -> NOT ADDED (no checkin)
Sunday 2026-08-09 - Found: YES
  check_in: '09:23:59', work: 9.28
  -> Has valid check_in
  -> Has work hours > 0
  -> ADDED to worked_sundays (status: approved)
Sunday 2026-08-16 - Found: YES
  check_in: '09:00:00', work: -3
  -> Has valid check_in
  -> ADDED to worked_sundays (status: available)
Sunday 2026-08-23 - Found: NO
  -> NOT ADDED (no checkin)
Sunday 2026-08-30 - Found: NO
  -> NOT ADDED (no checkin)
Total worked Sundays: 2

=== WO DEBUG 2026-08-27 11:48:30 ===
User ID: 8737
Person ID: FNM1924
Month: 08, Year: 2026
Sunday 2026-08-02 - Found: YES
  check_in: '', work: 0
  -> NOT ADDED (no checkin)
Sunday 2026-08-09 - Found: YES
  check_in: '09:23:59', work: 9.28
  -> Has valid check_in
  -> Has work hours > 0
  -> ADDED to worked_sundays (status: approved)
Sunday 2026-08-16 - Found: YES
  check_in: '09:00:00', work: -3
  -> Has valid check_in
  -> ADDED to worked_sundays (status: available)
Sunday 2026-08-23 - Found: NO
  -> NOT ADDED (no checkin)
Sunday 2026-08-30 - Found: NO
  -> NOT ADDED (no checkin)
Total worked Sundays: 2

=== WO DEBUG 2026-08-27 11:51:06 ===
User ID: 8737
Person ID: FNM1924
Month: 08, Year: 2026
Sunday 2026-08-02 - Found: YES
  check_in: '', work: 0
  -> NOT ADDED (no checkin)
Sunday 2026-08-09 - Found: YES
  check_in: '09:23:59', work: 9.28
  -> Has valid check_in
  -> Has work hours > 0
  -> ADDED to worked_sundays (status: approved)
Sunday 2026-08-16 - Found: YES
  check_in: '09:00:00', work: -3
  -> Has valid check_in
  -> ADDED to worked_sundays (status: available)
Sunday 2026-08-23 - Found: NO
  -> NOT ADDED (no checkin)
Sunday 2026-08-30 - Found: NO
  -> NOT ADDED (no checkin)
Total worked Sundays: 2

=== WO DEBUG 2026-08-27 11:56:07 ===
User ID: 8737
Person ID: FNM1924
Month: 08, Year: 2026
Sunday 2026-08-02 - Found: YES
  check_in: '', work: 0
  -> NOT ADDED (no checkin)
Sunday 2026-08-09 - Found: YES
  check_in: '09:23:59', work: 9.28
  -> Has valid check_in
  -> Has work hours > 0
  -> ADDED to worked_sundays (status: approved)
Sunday 2026-08-16 - Found: YES
  check_in: '09:00:00', work: -3
  -> Has valid check_in
  -> ADDED to worked_sundays (status: available)
Sunday 2026-08-23 - Found: NO
  -> NOT ADDED (no checkin)
Sunday 2026-08-30 - Found: NO
  -> NOT ADDED (no checkin)
Total worked Sundays: 2

=== WO DEBUG 2026-08-27 12:01:08 ===
User ID: 8737
Person ID: FNM1924
Month: 08, Year: 2026
Sunday 2026-08-02 - Found: YES
  check_in: '', work: 0
  -> NOT ADDED (no checkin)
Sunday 2026-08-09 - Found: YES
  check_in: '09:23:59', work: 9.28
  -> Has valid check_in
  -> Has work hours > 0
  -> ADDED to worked_sundays (status: approved)
Sunday 2026-08-16 - Found: YES
  check_in: '09:00:00', work: -3
  -> Has valid check_in
  -> ADDED to worked_sundays (status: available)
Sunday 2026-08-23 - Found: NO
  -> NOT ADDED (no checkin)
Sunday 2026-08-30 - Found: NO
  -> NOT ADDED (no checkin)
Total worked Sundays: 2

=== WO DEBUG 2026-08-27 12:06:09 ===
User ID: 8737
Person ID: FNM1924
Month: 08, Year: 2026
Sunday 2026-08-02 - Found: YES
  check_in: '', work: 0
  -> NOT ADDED (no checkin)
Sunday 2026-08-09 - Found: YES
  check_in: '09:23:59', work: 9.28
  -> Has valid check_in
  -> Has work hours > 0
  -> ADDED to worked_sundays (status: approved)
Sunday 2026-08-16 - Found: YES
  check_in: '09:00:00', work: -3
  -> Has valid check_in
  -> ADDED to worked_sundays (status: available)
Sunday 2026-08-23 - Found: NO
  -> NOT ADDED (no checkin)
Sunday 2026-08-30 - Found: NO
  -> NOT ADDED (no checkin)
Total worked Sundays: 2

=== WO DEBUG 2026-08-27 12:07:18 ===
User ID: 8737
Person ID: FNM1924
Month: 08, Year: 2026
Sunday 2026-08-02 - Found: YES
  check_in: '', work: 0
  -> NOT ADDED (no checkin)
Sunday 2026-08-09 - Found: YES
  check_in: '09:23:59', work: 9.28
  -> Has valid check_in
  -> Has work hours > 0
  -> ADDED to worked_sundays (status: approved)
Sunday 2026-08-16 - Found: YES
  check_in: '09:00:00', work: -3
  -> Has valid check_in
  -> ADDED to worked_sundays (status: available)
Sunday 2026-08-23 - Found: NO
  -> NOT ADDED (no checkin)
Sunday 2026-08-30 - Found: NO
  -> NOT ADDED (no checkin)
Total worked Sundays: 2

=== WO DEBUG 2026-08-27 12:07:25 ===
User ID: 8737
Person ID: FNM1924
Month: 08, Year: 2026
Sunday 2026-08-02 - Found: YES
  check_in: '', work: 0
  -> NOT ADDED (no checkin)
Sunday 2026-08-09 - Found: YES
  check_in: '09:23:59', work: 9.28
  -> Has valid check_in
  -> Has work hours > 0
  -> ADDED to worked_sundays (status: approved)
Sunday 2026-08-16 - Found: YES
  check_in: '09:00:00', work: -3
  -> Has valid check_in
  -> ADDED to worked_sundays (status: available)
Sunday 2026-08-23 - Found: NO
  -> NOT ADDED (no checkin)
Sunday 2026-08-30 - Found: NO
  -> NOT ADDED (no checkin)
Total worked Sundays: 2

=== WO DEBUG 2026-08-27 12:09:54 ===
User ID: 8737
Person ID: FNM1924
Month: 08, Year: 2026
Sunday 2026-08-02 - Found: YES
  check_in: '', work: 0
  -> NOT ADDED (no checkin)
Sunday 2026-08-09 - Found: YES
  check_in: '09:23:59', work: 9.28
  -> Has valid check_in
  -> Has work hours > 0
  -> ADDED to worked_sundays (status: approved)
Sunday 2026-08-16 - Found: YES
  check_in: '09:00:00', work: -3
  -> Has valid check_in
  -> ADDED to worked_sundays (status: available)
Sunday 2026-08-23 - Found: NO
  -> NOT ADDED (no checkin)
Sunday 2026-08-30 - Found: NO
  -> NOT ADDED (no checkin)
Total worked Sundays: 2

=== WO DEBUG 2026-08-27 12:12:03 ===
User ID: 8737
Person ID: FNM1924
Month: 08, Year: 2026
Sunday 2026-08-02 - Found: YES
  check_in: '', work: 0
  -> NOT ADDED (no checkin)
Sunday 2026-08-09 - Found: YES
  check_in: '09:23:59', work: 9.28
  -> Has valid check_in
  -> Has work hours > 0
  -> ADDED to worked_sundays (status: approved)
Sunday 2026-08-16 - Found: YES
  check_in: '09:00:00', work: -3
  -> Has valid check_in
  -> ADDED to worked_sundays (status: available)
Sunday 2026-08-23 - Found: NO
  -> NOT ADDED (no checkin)
Sunday 2026-08-30 - Found: NO
  -> NOT ADDED (no checkin)
Total worked Sundays: 2

=== WO DEBUG 2026-08-27 12:17:03 ===
User ID: 8737
Person ID: FNM1924
Month: 08, Year: 2026
Sunday 2026-08-02 - Found: YES
  check_in: '', work: 0
  -> NOT ADDED (no checkin)
Sunday 2026-08-09 - Found: YES
  check_in: '09:23:59', work: 9.28
  -> Has valid check_in
  -> Has work hours > 0
  -> ADDED to worked_sundays (status: approved)
Sunday 2026-08-16 - Found: YES
  check_in: '09:00:00', work: -3
  -> Has valid check_in
  -> ADDED to worked_sundays (status: available)
Sunday 2026-08-23 - Found: NO
  -> NOT ADDED (no checkin)
Sunday 2026-08-30 - Found: NO
  -> NOT ADDED (no checkin)
Total worked Sundays: 2

=== WO DEBUG 2026-08-27 12:19:40 ===
User ID: 8737
Person ID: FNM1924
Month: 08, Year: 2026
Sunday 2026-08-02 - Found: YES
  check_in: '', work: 0
  -> NOT ADDED (no checkin)
Sunday 2026-08-09 - Found: YES
  check_in: '09:23:59', work: 9.28
  -> Has valid check_in
  -> Has work hours > 0
  -> ADDED to worked_sundays (status: approved)
Sunday 2026-08-16 - Found: YES
  check_in: '09:00:00', work: -3
  -> Has valid check_in
  -> ADDED to worked_sundays (status: available)
Sunday 2026-08-23 - Found: NO
  -> NOT ADDED (no checkin)
Sunday 2026-08-30 - Found: NO
  -> NOT ADDED (no checkin)
Total worked Sundays: 2

=== WO DEBUG 2026-08-27 12:24:40 ===
User ID: 8737
Person ID: FNM1924
Month: 08, Year: 2026
Sunday 2026-08-02 - Found: YES
  check_in: '', work: 0
  -> NOT ADDED (no checkin)
Sunday 2026-08-09 - Found: YES
  check_in: '09:23:59', work: 9.28
  -> Has valid check_in
  -> Has work hours > 0
  -> ADDED to worked_sundays (status: approved)
Sunday 2026-08-16 - Found: YES
  check_in: '09:00:00', work: -3
  -> Has valid check_in
  -> ADDED to worked_sundays (status: available)
Sunday 2026-08-23 - Found: NO
  -> NOT ADDED (no checkin)
Sunday 2026-08-30 - Found: NO
  -> NOT ADDED (no checkin)
Total worked Sundays: 2

=== WO DEBUG 2026-08-27 12:27:01 ===
User ID: 8737
Person ID: FNM1924
Month: 08, Year: 2026
Sunday 2026-08-02 - Found: YES
  check_in: '', work: 0
  -> NOT ADDED (no checkin)
Sunday 2026-08-09 - Found: YES
  check_in: '09:23:59', work: 9.28
  -> Has valid check_in
  -> Has work hours > 0
  -> ADDED to worked_sundays (status: approved)
Sunday 2026-08-16 - Found: YES
  check_in: '09:00:00', work: -3
  -> Has valid check_in
  -> ADDED to worked_sundays (status: available)
Sunday 2026-08-23 - Found: NO
  -> NOT ADDED (no checkin)
Sunday 2026-08-30 - Found: NO
  -> NOT ADDED (no checkin)
Total worked Sundays: 2

=== WO DEBUG 2026-08-27 12:32:02 ===
User ID: 8737
Person ID: FNM1924
Month: 08, Year: 2026
Sunday 2026-08-02 - Found: YES
  check_in: '', work: 0
  -> NOT ADDED (no checkin)
Sunday 2026-08-09 - Found: YES
  check_in: '09:23:59', work: 9.28
  -> Has valid check_in
  -> Has work hours > 0
  -> ADDED to worked_sundays (status: approved)
Sunday 2026-08-16 - Found: YES
  check_in: '09:00:00', work: -3
  -> Has valid check_in
  -> ADDED to worked_sundays (status: available)
Sunday 2026-08-23 - Found: NO
  -> NOT ADDED (no checkin)
Sunday 2026-08-30 - Found: NO
  -> NOT ADDED (no checkin)
Total worked Sundays: 2

=== WO DEBUG 2026-08-27 12:36:32 ===
User ID: 8737
Person ID: FNM1924
Month: 08, Year: 2026
Sunday 2026-08-02 - Found: YES
  check_in: '', work: 0
  -> NOT ADDED (no checkin)
Sunday 2026-08-09 - Found: YES
  check_in: '09:23:59', work: 9.28
  -> Has valid check_in
  -> Has work hours > 0
  -> ADDED to worked_sundays (status: approved)
Sunday 2026-08-16 - Found: YES
  check_in: '09:00:00', work: -3
  -> Has valid check_in
  -> ADDED to worked_sundays (status: available)
Sunday 2026-08-23 - Found: NO
  -> NOT ADDED (no checkin)
Sunday 2026-08-30 - Found: NO
  -> NOT ADDED (no checkin)
Total worked Sundays: 2

=== WO DEBUG 2026-08-27 12:36:47 ===
User ID: 8737
Person ID: FNM1924
Month: 08, Year: 2026
Sunday 2026-08-02 - Found: YES
  check_in: '', work: 0
  -> NOT ADDED (no checkin)
Sunday 2026-08-09 - Found: YES
  check_in: '09:23:59', work: 9.28
  -> Has valid check_in
  -> Has work hours > 0
  -> ADDED to worked_sundays (status: approved)
Sunday 2026-08-16 - Found: YES
  check_in: '09:00:00', work: -3
  -> Has valid check_in
  -> ADDED to worked_sundays (status: available)
Sunday 2026-08-23 - Found: NO
  -> NOT ADDED (no checkin)
Sunday 2026-08-30 - Found: NO
  -> NOT ADDED (no checkin)
Total worked Sundays: 2

=== WO DEBUG 2026-08-27 12:37:20 ===
User ID: 8737
Person ID: FNM1924
Month: 08, Year: 2026
Sunday 2026-08-02 - Found: YES
  check_in: '', work: 0
  -> NOT ADDED (no checkin)
Sunday 2026-08-09 - Found: YES
  check_in: '09:23:59', work: 9.28
  -> Has valid check_in
  -> Has work hours > 0
  -> ADDED to worked_sundays (status: approved)
Sunday 2026-08-16 - Found: YES
  check_in: '09:00:00', work: -3
  -> Has valid check_in
  -> ADDED to worked_sundays (status: available)
Sunday 2026-08-23 - Found: NO
  -> NOT ADDED (no checkin)
Sunday 2026-08-30 - Found: NO
  -> NOT ADDED (no checkin)
Total worked Sundays: 2

=== WO DEBUG 2026-08-27 12:37:28 ===
User ID: 8737
Person ID: FNM1924
Month: 08, Year: 2026
Sunday 2026-08-02 - Found: YES
  check_in: '', work: 0
  -> NOT ADDED (no checkin)
Sunday 2026-08-09 - Found: YES
  check_in: '09:23:59', work: 9.28
  -> Has valid check_in
  -> Has work hours > 0
  -> ADDED to worked_sundays (status: approved)
Sunday 2026-08-16 - Found: YES
  check_in: '09:00:00', work: -3
  -> Has valid check_in
  -> ADDED to worked_sundays (status: available)
Sunday 2026-08-23 - Found: NO
  -> NOT ADDED (no checkin)
Sunday 2026-08-30 - Found: NO
  -> NOT ADDED (no checkin)
Total worked Sundays: 2

=== WO DEBUG 2026-08-27 12:37:41 ===
User ID: 8737
Person ID: FNM1924
Month: 08, Year: 2026
Sunday 2026-08-02 - Found: YES
  check_in: '', work: 0
  -> NOT ADDED (no checkin)
Sunday 2026-08-09 - Found: YES
  check_in: '09:23:59', work: 9.28
  -> Has valid check_in
  -> Has work hours > 0
  -> ADDED to worked_sundays (status: approved)
Sunday 2026-08-16 - Found: YES
  check_in: '09:00:00', work: -3
  -> Has valid check_in
  -> ADDED to worked_sundays (status: available)
Sunday 2026-08-23 - Found: NO
  -> NOT ADDED (no checkin)
Sunday 2026-08-30 - Found: NO
  -> NOT ADDED (no checkin)
Total worked Sundays: 2

=== WO DEBUG 2026-08-27 12:38:01 ===
User ID: 7929
Person ID: FNM0010
Month: 08, Year: 2026
Sunday 2026-08-02 - Found: YES
  check_in: '', work: 0
  -> NOT ADDED (no checkin)
Sunday 2026-08-09 - Found: YES
  check_in: '', work: 0
  -> NOT ADDED (no checkin)
Sunday 2026-08-16 - Found: YES
  check_in: '11:00:00', work: -4
  -> Has valid check_in
  -> ADDED to worked_sundays (status: available)
Sunday 2026-08-23 - Found: YES
  check_in: '11:00:00', work: -4
  -> Has valid check_in
  -> ADDED to worked_sundays (status: available)
Sunday 2026-08-30 - Found: YES
  check_in: '11:00:00', work: -4
  -> Has valid check_in
  -> ADDED to worked_sundays (status: available)
Total worked Sundays: 3

=== WO DEBUG 2026-08-27 12:38:06 ===
User ID: 7929
Person ID: FNM0010
Month: 08, Year: 2026
Sunday 2026-08-02 - Found: YES
  check_in: '', work: 0
  -> NOT ADDED (no checkin)
Sunday 2026-08-09 - Found: YES
  check_in: '', work: 0
  -> NOT ADDED (no checkin)
Sunday 2026-08-16 - Found: YES
  check_in: '11:00:00', work: -4
  -> Has valid check_in
  -> ADDED to worked_sundays (status: available)
Sunday 2026-08-23 - Found: YES
  check_in: '11:00:00', work: -4
  -> Has valid check_in
  -> ADDED to worked_sundays (status: available)
Sunday 2026-08-30 - Found: YES
  check_in: '11:00:00', work: -4
  -> Has valid check_in
  -> ADDED to worked_sundays (status: available)
Total worked Sundays: 3

=== WO DEBUG 2026-08-27 12:38:09 ===
User ID: 8737
Person ID: FNM1924
Month: 08, Year: 2026
Sunday 2026-08-02 - Found: YES
  check_in: '', work: 0
  -> NOT ADDED (no checkin)
Sunday 2026-08-09 - Found: YES
  check_in: '09:23:59', work: 9.28
  -> Has valid check_in
  -> Has work hours > 0
  -> ADDED to worked_sundays (status: approved)
Sunday 2026-08-16 - Found: YES
  check_in: '09:00:00', work: -3
  -> Has valid check_in
  -> ADDED to worked_sundays (status: available)
Sunday 2026-08-23 - Found: NO
  -> NOT ADDED (no checkin)
Sunday 2026-08-30 - Found: NO
  -> NOT ADDED (no checkin)
Total worked Sundays: 2

=== WO DEBUG 2026-08-27 12:43:06 ===
User ID: 7929
Person ID: FNM0010
Month: 08, Year: 2026
Sunday 2026-08-02 - Found: YES
  check_in: '', work: 0
  -> NOT ADDED (no checkin)
Sunday 2026-08-09 - Found: YES
  check_in: '', work: 0
  -> NOT ADDED (no checkin)
Sunday 2026-08-16 - Found: YES
  check_in: '11:00:00', work: -4
  -> Has valid check_in
  -> ADDED to worked_sundays (status: available)
Sunday 2026-08-23 - Found: YES
  check_in: '11:00:00', work: -4
  -> Has valid check_in
  -> ADDED to worked_sundays (status: available)
Sunday 2026-08-30 - Found: YES
  check_in: '11:00:00', work: -4
  -> Has valid check_in
  -> ADDED to worked_sundays (status: available)
Total worked Sundays: 3

=== WO DEBUG 2026-08-27 12:43:09 ===
User ID: 8737
Person ID: FNM1924
Month: 08, Year: 2026
Sunday 2026-08-02 - Found: YES
  check_in: '', work: 0
  -> NOT ADDED (no checkin)
Sunday 2026-08-09 - Found: YES
  check_in: '09:23:59', work: 9.28
  -> Has valid check_in
  -> Has work hours > 0
  -> ADDED to worked_sundays (status: approved)
Sunday 2026-08-16 - Found: YES
  check_in: '09:00:00', work: -3
  -> Has valid check_in
  -> ADDED to worked_sundays (status: available)
Sunday 2026-08-23 - Found: NO
  -> NOT ADDED (no checkin)
Sunday 2026-08-30 - Found: NO
  -> NOT ADDED (no checkin)
Total worked Sundays: 2

=== WO DEBUG 2026-08-27 12:47:07 ===
User ID: 8737
Person ID: FNM1924
Month: 08, Year: 2026
Sunday 2026-08-02 - Found: YES
  check_in: '', work: 0
  -> NOT ADDED (no checkin)
Sunday 2026-08-09 - Found: YES
  check_in: '09:23:59', work: 9.28
  -> Has valid check_in
  -> Has work hours > 0
  -> ADDED to worked_sundays (status: approved)
Sunday 2026-08-16 - Found: YES
  check_in: '09:00:00', work: -3
  -> Has valid check_in
  -> ADDED to worked_sundays (status: available)
Sunday 2026-08-23 - Found: NO
  -> NOT ADDED (no checkin)
Sunday 2026-08-30 - Found: NO
  -> NOT ADDED (no checkin)
Total worked Sundays: 2

=== WO DEBUG 2026-08-27 12:47:16 ===
User ID: 8737
Person ID: FNM1924
Month: 08, Year: 2026
Sunday 2026-08-02 - Found: YES
  check_in: '', work: 0
  -> NOT ADDED (no checkin)
Sunday 2026-08-09 - Found: YES
  check_in: '09:23:59', work: 9.28
  -> Has valid check_in
  -> Has work hours > 0
  -> ADDED to worked_sundays (status: approved)
Sunday 2026-08-16 - Found: YES
  check_in: '09:00:00', work: -3
  -> Has valid check_in
  -> ADDED to worked_sundays (status: available)
Sunday 2026-08-23 - Found: NO
  -> NOT ADDED (no checkin)
Sunday 2026-08-30 - Found: NO
  -> NOT ADDED (no checkin)
Total worked Sundays: 2

=== WO DEBUG 2026-08-27 12:47:20 ===
User ID: 7929
Person ID: FNM0010
Month: 08, Year: 2026
Sunday 2026-08-02 - Found: YES
  check_in: '', work: 0
  -> NOT ADDED (no checkin)
Sunday 2026-08-09 - Found: YES
  check_in: '', work: 0
  -> NOT ADDED (no checkin)
Sunday 2026-08-16 - Found: YES
  check_in: '11:00:00', work: -4
  -> Has valid check_in
  -> ADDED to worked_sundays (status: available)
Sunday 2026-08-23 - Found: YES
  check_in: '11:00:00', work: -4
  -> Has valid check_in
  -> ADDED to worked_sundays (status: available)
Sunday 2026-08-30 - Found: YES
  check_in: '11:00:00', work: -4
  -> Has valid check_in
  -> ADDED to worked_sundays (status: available)
Total worked Sundays: 3

=== WO DEBUG 2026-08-27 12:47:26 ===
User ID: 7929
Person ID: FNM0010
Month: 08, Year: 2026
Sunday 2026-08-02 - Found: YES
  check_in: '', work: 0
  -> NOT ADDED (no checkin)
Sunday 2026-08-09 - Found: YES
  check_in: '', work: 0
  -> NOT ADDED (no checkin)
Sunday 2026-08-16 - Found: YES
  check_in: '11:00:00', work: -4
  -> Has valid check_in
  -> ADDED to worked_sundays (status: available)
Sunday 2026-08-23 - Found: YES
  check_in: '11:00:00', work: -4
  -> Has valid check_in
  -> ADDED to worked_sundays (status: available)
Sunday 2026-08-30 - Found: YES
  check_in: '11:00:00', work: -4
  -> Has valid check_in
  -> ADDED to worked_sundays (status: available)
Total worked Sundays: 3

=== WO DEBUG 2026-08-27 12:47:31 ===
User ID: 8737
Person ID: FNM1924
Month: 08, Year: 2026
Sunday 2026-08-02 - Found: YES
  check_in: '', work: 0
  -> NOT ADDED (no checkin)
Sunday 2026-08-09 - Found: YES
  check_in: '09:23:59', work: 9.28
  -> Has valid check_in
  -> Has work hours > 0
  -> ADDED to worked_sundays (status: approved)
Sunday 2026-08-16 - Found: YES
  check_in: '09:00:00', work: -3
  -> Has valid check_in
  -> ADDED to worked_sundays (status: available)
Sunday 2026-08-23 - Found: NO
  -> NOT ADDED (no checkin)
Sunday 2026-08-30 - Found: NO
  -> NOT ADDED (no checkin)
Total worked Sundays: 2

=== WO DEBUG 2026-08-27 12:51:01 ===
User ID: 8737
Person ID: FNM1924
Month: 08, Year: 2026
Sunday 2026-08-02 - Found: YES
  check_in: '', work: 0
  -> NOT ADDED (no checkin)
Sunday 2026-08-09 - Found: YES
  check_in: '09:23:59', work: 9.28
  -> Has valid check_in
  -> Has work hours > 0
  -> ADDED to worked_sundays (status: approved)
Sunday 2026-08-16 - Found: YES
  check_in: '', work: 0
  -> NOT ADDED (no checkin)
Sunday 2026-08-23 - Found: NO
  -> NOT ADDED (no checkin)
Sunday 2026-08-30 - Found: NO
  -> NOT ADDED (no checkin)
Total worked Sundays: 1

=== WO DEBUG 2026-08-27 12:52:26 ===
User ID: 7929
Person ID: FNM0010
Month: 08, Year: 2026
Sunday 2026-08-02 - Found: YES
  check_in: '', work: 0
  -> NOT ADDED (no checkin)
Sunday 2026-08-09 - Found: YES
  check_in: '', work: 0
  -> NOT ADDED (no checkin)
Sunday 2026-08-16 - Found: YES
  check_in: '11:00:00', work: -4
  -> Has valid check_in
  -> ADDED to worked_sundays (status: available)
Sunday 2026-08-23 - Found: YES
  check_in: '11:00:00', work: -4
  -> Has valid check_in
  -> ADDED to worked_sundays (status: available)
Sunday 2026-08-30 - Found: YES
  check_in: '11:00:00', work: -4
  -> Has valid check_in
  -> ADDED to worked_sundays (status: available)
Total worked Sundays: 3

=== WO DEBUG 2026-08-27 12:56:01 ===
User ID: 8737
Person ID: FNM1924
Month: 08, Year: 2026
Sunday 2026-08-02 - Found: YES
  check_in: '', work: 0
  -> NOT ADDED (no checkin)
Sunday 2026-08-09 - Found: YES
  check_in: '09:23:59', work: 9.28
  -> Has valid check_in
  -> Has work hours > 0
  -> ADDED to worked_sundays (status: approved)
Sunday 2026-08-16 - Found: YES
  check_in: '', work: 0
  -> NOT ADDED (no checkin)
Sunday 2026-08-23 - Found: NO
  -> NOT ADDED (no checkin)
Sunday 2026-08-30 - Found: NO
  -> NOT ADDED (no checkin)
Total worked Sundays: 1

=== WO DEBUG 2026-08-27 12:57:27 ===
User ID: 7929
Person ID: FNM0010
Month: 08, Year: 2026
Sunday 2026-08-02 - Found: YES
  check_in: '', work: 0
  -> NOT ADDED (no checkin)
Sunday 2026-08-09 - Found: YES
  check_in: '', work: 0
  -> NOT ADDED (no checkin)
Sunday 2026-08-16 - Found: YES
  check_in: '11:00:00', work: -4
  -> Has valid check_in
  -> ADDED to worked_sundays (status: available)
Sunday 2026-08-23 - Found: YES
  check_in: '11:00:00', work: -4
  -> Has valid check_in
  -> ADDED to worked_sundays (status: available)
Sunday 2026-08-30 - Found: YES
  check_in: '11:00:00', work: -4
  -> Has valid check_in
  -> ADDED to worked_sundays (status: available)
Total worked Sundays: 3

=== WO DEBUG 2026-08-27 12:57:36 ===
User ID: 8737
Person ID: FNM1924
Month: 08, Year: 2026
Sunday 2026-08-02 - Found: YES
  check_in: '', work: 0
  -> NOT ADDED (no checkin)
Sunday 2026-08-09 - Found: YES
  check_in: '09:23:59', work: 9.28
  -> Has valid check_in
  -> Has work hours > 0
  -> ADDED to worked_sundays (status: approved)
Sunday 2026-08-16 - Found: YES
  check_in: '', work: 0
  -> NOT ADDED (no checkin)
Sunday 2026-08-23 - Found: NO
  -> NOT ADDED (no checkin)
Sunday 2026-08-30 - Found: NO
  -> NOT ADDED (no checkin)
Total worked Sundays: 1

=== WO DEBUG 2026-08-27 12:57:40 ===
User ID: 8737
Person ID: FNM1924
Month: 08, Year: 2026
Sunday 2026-08-02 - Found: YES
  check_in: '', work: 0
  -> NOT ADDED (no checkin)
Sunday 2026-08-09 - Found: YES
  check_in: '09:23:59', work: 9.28
  -> Has valid check_in
  -> Has work hours > 0
  -> ADDED to worked_sundays (status: approved)
Sunday 2026-08-16 - Found: YES
  check_in: '', work: 0
  -> NOT ADDED (no checkin)
Sunday 2026-08-23 - Found: NO
  -> NOT ADDED (no checkin)
Sunday 2026-08-30 - Found: NO
  -> NOT ADDED (no checkin)
Total worked Sundays: 1

=== WO DEBUG 2026-08-27 12:57:51 ===
User ID: 8737
Person ID: FNM1924
Month: 08, Year: 2026
Sunday 2026-08-02 - Found: YES
  check_in: '', work: 0
  -> NOT ADDED (no checkin)
Sunday 2026-08-09 - Found: YES
  check_in: '09:23:59', work: 9.28
  -> Has valid check_in
  -> Has work hours > 0
  -> ADDED to worked_sundays (status: approved)
Sunday 2026-08-16 - Found: YES
  check_in: '', work: 0
  -> NOT ADDED (no checkin)
Sunday 2026-08-23 - Found: NO
  -> NOT ADDED (no checkin)
Sunday 2026-08-30 - Found: NO
  -> NOT ADDED (no checkin)
Total worked Sundays: 1

=== WO DEBUG 2026-08-27 12:57:56 ===
User ID: 7929
Person ID: FNM0010
Month: 08, Year: 2026
Sunday 2026-08-02 - Found: YES
  check_in: '', work: 0
  -> NOT ADDED (no checkin)
Sunday 2026-08-09 - Found: YES
  check_in: '', work: 0
  -> NOT ADDED (no checkin)
Sunday 2026-08-16 - Found: YES
  check_in: '11:00:00', work: -4
  -> Has valid check_in
  -> ADDED to worked_sundays (status: available)
Sunday 2026-08-23 - Found: YES
  check_in: '11:00:00', work: -4
  -> Has valid check_in
  -> ADDED to worked_sundays (status: available)
Sunday 2026-08-30 - Found: YES
  check_in: '11:00:00', work: -4
  -> Has valid check_in
  -> ADDED to worked_sundays (status: available)
Total worked Sundays: 3

=== WO DEBUG 2026-08-27 12:58:01 ===
User ID: 7929
Person ID: FNM0010
Month: 08, Year: 2026
Sunday 2026-08-02 - Found: YES
  check_in: '', work: 0
  -> NOT ADDED (no checkin)
Sunday 2026-08-09 - Found: YES
  check_in: '', work: 0
  -> NOT ADDED (no checkin)
Sunday 2026-08-16 - Found: YES
  check_in: '11:00:00', work: -4
  -> Has valid check_in
  -> ADDED to worked_sundays (status: available)
Sunday 2026-08-23 - Found: YES
  check_in: '11:00:00', work: -4
  -> Has valid check_in
  -> ADDED to worked_sundays (status: available)
Sunday 2026-08-30 - Found: YES
  check_in: '11:00:00', work: -4
  -> Has valid check_in
  -> ADDED to worked_sundays (status: available)
Total worked Sundays: 3

=== WO DEBUG 2026-08-27 12:58:05 ===
User ID: 8737
Person ID: FNM1924
Month: 08, Year: 2026
Sunday 2026-08-02 - Found: YES
  check_in: '', work: 0
  -> NOT ADDED (no checkin)
Sunday 2026-08-09 - Found: YES
  check_in: '09:23:59', work: 9.28
  -> Has valid check_in
  -> Has work hours > 0
  -> ADDED to worked_sundays (status: approved)
Sunday 2026-08-16 - Found: YES
  check_in: '', work: 0
  -> NOT ADDED (no checkin)
Sunday 2026-08-23 - Found: NO
  -> NOT ADDED (no checkin)
Sunday 2026-08-30 - Found: NO
  -> NOT ADDED (no checkin)
Total worked Sundays: 1

=== WO DEBUG 2026-08-27 12:58:06 ===
User ID: 8737
Person ID: FNM1924
Month: 08, Year: 2026
Sunday 2026-08-02 - Found: YES
  check_in: '', work: 0
  -> NOT ADDED (no checkin)
Sunday 2026-08-09 - Found: YES
  check_in: '09:23:59', work: 9.28
  -> Has valid check_in
  -> Has work hours > 0
  -> ADDED to worked_sundays (status: approved)
Sunday 2026-08-16 - Found: YES
  check_in: '', work: 0
  -> NOT ADDED (no checkin)
Sunday 2026-08-23 - Found: NO
  -> NOT ADDED (no checkin)
Sunday 2026-08-30 - Found: NO
  -> NOT ADDED (no checkin)
Total worked Sundays: 1

=== WO DEBUG 2026-08-27 12:58:08 ===
User ID: 8737
Person ID: FNM1924
Month: 08, Year: 2026
Sunday 2026-08-02 - Found: YES
  check_in: '', work: 0
  -> NOT ADDED (no checkin)
Sunday 2026-08-09 - Found: YES
  check_in: '09:23:59', work: 9.28
  -> Has valid check_in
  -> Has work hours > 0
  -> ADDED to worked_sundays (status: approved)
Sunday 2026-08-16 - Found: YES
  check_in: '', work: 0
  -> NOT ADDED (no checkin)
Sunday 2026-08-23 - Found: NO
  -> NOT ADDED (no checkin)
Sunday 2026-08-30 - Found: NO
  -> NOT ADDED (no checkin)
Total worked Sundays: 1

=== WO DEBUG 2026-08-27 12:58:08 ===
User ID: 8737
Person ID: FNM1924
Month: 08, Year: 2026
Sunday 2026-08-02 - Found: YES
  check_in: '', work: 0
  -> NOT ADDED (no checkin)
Sunday 2026-08-09 - Found: YES
  check_in: '09:23:59', work: 9.28
  -> Has valid check_in
  -> Has work hours > 0
  -> ADDED to worked_sundays (status: approved)
Sunday 2026-08-16 - Found: YES
  check_in: '', work: 0
  -> NOT ADDED (no checkin)
Sunday 2026-08-23 - Found: NO
  -> NOT ADDED (no checkin)
Sunday 2026-08-30 - Found: NO
  -> NOT ADDED (no checkin)
Total worked Sundays: 1

=== WO DEBUG 2026-08-27 12:58:09 ===
User ID: 8737
Person ID: FNM1924
Month: 08, Year: 2026
Sunday 2026-08-02 - Found: YES
  check_in: '', work: 0
  -> NOT ADDED (no checkin)
Sunday 2026-08-09 - Found: YES
  check_in: '09:23:59', work: 9.28
  -> Has valid check_in
  -> Has work hours > 0
  -> ADDED to worked_sundays (status: approved)
Sunday 2026-08-16 - Found: YES
  check_in: '', work: 0
  -> NOT ADDED (no checkin)
Sunday 2026-08-23 - Found: NO
  -> NOT ADDED (no checkin)
Sunday 2026-08-30 - Found: NO
  -> NOT ADDED (no checkin)
Total worked Sundays: 1

=== WO DEBUG 2026-08-27 13:03:01 ===
User ID: 7929
Person ID: FNM0010
Month: 08, Year: 2026
Sunday 2026-08-02 - Found: YES
  check_in: '', work: 0
  -> NOT ADDED (no checkin)
Sunday 2026-08-09 - Found: YES
  check_in: '', work: 0
  -> NOT ADDED (no checkin)
Sunday 2026-08-16 - Found: YES
  check_in: '11:00:00', work: -4
  -> Has valid check_in
  -> ADDED to worked_sundays (status: available)
Sunday 2026-08-23 - Found: YES
  check_in: '11:00:00', work: -4
  -> Has valid check_in
  -> ADDED to worked_sundays (status: available)
Sunday 2026-08-30 - Found: YES
  check_in: '11:00:00', work: -4
  -> Has valid check_in
  -> ADDED to worked_sundays (status: available)
Total worked Sundays: 3

=== WO DEBUG 2026-08-27 13:03:10 ===
User ID: 8737
Person ID: FNM1924
Month: 08, Year: 2026
Sunday 2026-08-02 - Found: YES
  check_in: '', work: 0
  -> NOT ADDED (no checkin)
Sunday 2026-08-09 - Found: YES
  check_in: '09:23:59', work: 9.28
  -> Has valid check_in
  -> Has work hours > 0
  -> ADDED to worked_sundays (status: approved)
Sunday 2026-08-16 - Found: YES
  check_in: '', work: 0
  -> NOT ADDED (no checkin)
Sunday 2026-08-23 - Found: NO
  -> NOT ADDED (no checkin)
Sunday 2026-08-30 - Found: NO
  -> NOT ADDED (no checkin)
Total worked Sundays: 1

=== WO DEBUG 2026-08-27 13:07:01 ===
User ID: 8737
Person ID: FNM1924
Month: 08, Year: 2026
Sunday 2026-08-02 - Found: YES
  check_in: '', work: 0
  -> NOT ADDED (no checkin)
Sunday 2026-08-09 - Found: YES
  check_in: '09:23:59', work: 9.28
  -> Has valid check_in
  -> Has work hours > 0
  -> ADDED to worked_sundays (status: approved)
Sunday 2026-08-16 - Found: YES
  check_in: '', work: 0
  -> NOT ADDED (no checkin)
Sunday 2026-08-23 - Found: NO
  -> NOT ADDED (no checkin)
Sunday 2026-08-30 - Found: NO
  -> NOT ADDED (no checkin)
Total worked Sundays: 1

=== WO DEBUG 2026-08-27 13:07:16 ===
User ID: 8737
Person ID: FNM1924
Month: 08, Year: 2026
Sunday 2026-08-02 - Found: YES
  check_in: '', work: 0
  -> NOT ADDED (no checkin)
Sunday 2026-08-09 - Found: YES
  check_in: '09:23:59', work: 9.28
  -> Has valid check_in
  -> Has work hours > 0
  -> ADDED to worked_sundays (status: approved)
Sunday 2026-08-16 - Found: YES
  check_in: '', work: 0
  -> NOT ADDED (no checkin)
Sunday 2026-08-23 - Found: NO
  -> NOT ADDED (no checkin)
Sunday 2026-08-30 - Found: NO
  -> NOT ADDED (no checkin)
Total worked Sundays: 1

=== WO DEBUG 2026-08-27 13:07:21 ===
User ID: 7929
Person ID: FNM0010
Month: 08, Year: 2026
Sunday 2026-08-02 - Found: YES
  check_in: '', work: 0
  -> NOT ADDED (no checkin)
Sunday 2026-08-09 - Found: YES
  check_in: '', work: 0
  -> NOT ADDED (no checkin)
Sunday 2026-08-16 - Found: YES
  check_in: '11:00:00', work: -4
  -> Has valid check_in
  -> ADDED to worked_sundays (status: available)
Sunday 2026-08-23 - Found: YES
  check_in: '11:00:00', work: -4
  -> Has valid check_in
  -> ADDED to worked_sundays (status: available)
Sunday 2026-08-30 - Found: YES
  check_in: '11:00:00', work: -4
  -> Has valid check_in
  -> ADDED to worked_sundays (status: available)
Total worked Sundays: 3

=== WO DEBUG 2026-08-27 13:07:27 ===
User ID: 7929
Person ID: FNM0010
Month: 08, Year: 2026
Sunday 2026-08-02 - Found: YES
  check_in: '', work: 0
  -> NOT ADDED (no checkin)
Sunday 2026-08-09 - Found: YES
  check_in: '', work: 0
  -> NOT ADDED (no checkin)
Sunday 2026-08-16 - Found: YES
  check_in: '11:00:00', work: -4
  -> Has valid check_in
  -> ADDED to worked_sundays (status: available)
Sunday 2026-08-23 - Found: YES
  check_in: '11:00:00', work: -4
  -> Has valid check_in
  -> ADDED to worked_sundays (status: available)
Sunday 2026-08-30 - Found: YES
  check_in: '11:00:00', work: -4
  -> Has valid check_in
  -> ADDED to worked_sundays (status: available)
Total worked Sundays: 3

=== WO DEBUG 2026-08-27 13:07:35 ===
User ID: 8737
Person ID: FNM1924
Month: 08, Year: 2026
Sunday 2026-08-02 - Found: YES
  check_in: '', work: 0
  -> NOT ADDED (no checkin)
Sunday 2026-08-09 - Found: YES
  check_in: '09:23:59', work: 9.28
  -> Has valid check_in
  -> Has work hours > 0
  -> ADDED to worked_sundays (status: approved)
Sunday 2026-08-16 - Found: YES
  check_in: '', work: 0
  -> NOT ADDED (no checkin)
Sunday 2026-08-23 - Found: NO
  -> NOT ADDED (no checkin)
Sunday 2026-08-30 - Found: NO
  -> NOT ADDED (no checkin)
Total worked Sundays: 1

=== WO DEBUG 2026-08-27 13:12:27 ===
User ID: 7929
Person ID: FNM0010
Month: 08, Year: 2026
Sunday 2026-08-02 - Found: YES
  check_in: '', work: 0
  -> NOT ADDED (no checkin)
Sunday 2026-08-09 - Found: YES
  check_in: '', work: 0
  -> NOT ADDED (no checkin)
Sunday 2026-08-16 - Found: YES
  check_in: '11:00:00', work: -4
  -> Has valid check_in
  -> ADDED to worked_sundays (status: available)
Sunday 2026-08-23 - Found: YES
  check_in: '11:00:00', work: -4
  -> Has valid check_in
  -> ADDED to worked_sundays (status: available)
Sunday 2026-08-30 - Found: YES
  check_in: '11:00:00', work: -4
  -> Has valid check_in
  -> ADDED to worked_sundays (status: available)
Total worked Sundays: 3

=== WO DEBUG 2026-08-27 13:12:36 ===
User ID: 8737
Person ID: FNM1924
Month: 08, Year: 2026
Sunday 2026-08-02 - Found: YES
  check_in: '', work: 0
  -> NOT ADDED (no checkin)
Sunday 2026-08-09 - Found: YES
  check_in: '09:23:59', work: 9.28
  -> Has valid check_in
  -> Has work hours > 0
  -> ADDED to worked_sundays (status: approved)
Sunday 2026-08-16 - Found: YES
  check_in: '', work: 0
  -> NOT ADDED (no checkin)
Sunday 2026-08-23 - Found: NO
  -> NOT ADDED (no checkin)
Sunday 2026-08-30 - Found: NO
  -> NOT ADDED (no checkin)
Total worked Sundays: 1

=== WO DEBUG 2026-08-27 13:17:28 ===
User ID: 7929
Person ID: FNM0010
Month: 08, Year: 2026
Sunday 2026-08-02 - Found: YES
  check_in: '', work: 0
  -> NOT ADDED (no checkin)
Sunday 2026-08-09 - Found: YES
  check_in: '', work: 0
  -> NOT ADDED (no checkin)
Sunday 2026-08-16 - Found: YES
  check_in: '11:00:00', work: -4
  -> Has valid check_in
  -> ADDED to worked_sundays (status: available)
Sunday 2026-08-23 - Found: YES
  check_in: '11:00:00', work: -4
  -> Has valid check_in
  -> ADDED to worked_sundays (status: available)
Sunday 2026-08-30 - Found: YES
  check_in: '11:00:00', work: -4
  -> Has valid check_in
  -> ADDED to worked_sundays (status: available)
Total worked Sundays: 3

=== WO DEBUG 2026-08-27 13:17:37 ===
User ID: 8737
Person ID: FNM1924
Month: 08, Year: 2026
Sunday 2026-08-02 - Found: YES
  check_in: '', work: 0
  -> NOT ADDED (no checkin)
Sunday 2026-08-09 - Found: YES
  check_in: '09:23:59', work: 9.28
  -> Has valid check_in
  -> Has work hours > 0
  -> ADDED to worked_sundays (status: approved)
Sunday 2026-08-16 - Found: YES
  check_in: '', work: 0
  -> NOT ADDED (no checkin)
Sunday 2026-08-23 - Found: NO
  -> NOT ADDED (no checkin)
Sunday 2026-08-30 - Found: NO
  -> NOT ADDED (no checkin)
Total worked Sundays: 1

=== WO DEBUG 2026-08-27 13:19:52 ===
User ID: 8737
Person ID: FNM1924
Month: 08, Year: 2026
Sunday 2026-08-02 - Found: YES
  check_in: '', work: 0
  -> NOT ADDED (no checkin)
Sunday 2026-08-09 - Found: YES
  check_in: '09:23:59', work: 9.28
  -> Has valid check_in
  -> Has work hours > 0
  -> ADDED to worked_sundays (status: approved)
Sunday 2026-08-16 - Found: YES
  check_in: '', work: 0
  -> NOT ADDED (no checkin)
Sunday 2026-08-23 - Found: NO
  -> NOT ADDED (no checkin)
Sunday 2026-08-30 - Found: NO
  -> NOT ADDED (no checkin)
Total worked Sundays: 1

=== WO DEBUG 2026-08-27 13:19:53 ===
User ID: 8737
Person ID: FNM1924
Month: 08, Year: 2026
Sunday 2026-08-02 - Found: YES
  check_in: '', work: 0
  -> NOT ADDED (no checkin)
Sunday 2026-08-09 - Found: YES
  check_in: '09:23:59', work: 9.28
  -> Has valid check_in
  -> Has work hours > 0
  -> ADDED to worked_sundays (status: approved)
Sunday 2026-08-16 - Found: YES
  check_in: '', work: 0
  -> NOT ADDED (no checkin)
Sunday 2026-08-23 - Found: NO
  -> NOT ADDED (no checkin)
Sunday 2026-08-30 - Found: NO
  -> NOT ADDED (no checkin)
Total worked Sundays: 1

=== WO DEBUG 2026-08-27 13:20:17 ===
User ID: 8737
Person ID: FNM1924
Month: 08, Year: 2026
Sunday 2026-08-02 - Found: YES
  check_in: '', work: 0
  -> NOT ADDED (no checkin)
Sunday 2026-08-09 - Found: YES
  check_in: '09:23:59', work: 9.28
  -> Has valid check_in
  -> Has work hours > 0
  -> ADDED to worked_sundays (status: approved)
Sunday 2026-08-16 - Found: YES
  check_in: '', work: 0
  -> NOT ADDED (no checkin)
Sunday 2026-08-23 - Found: NO
  -> NOT ADDED (no checkin)
Sunday 2026-08-30 - Found: NO
  -> NOT ADDED (no checkin)
Total worked Sundays: 1

=== WO DEBUG 2026-08-27 13:20:21 ===
User ID: 7929
Person ID: FNM0010
Month: 08, Year: 2026
Sunday 2026-08-02 - Found: YES
  check_in: '', work: 0
  -> NOT ADDED (no checkin)
Sunday 2026-08-09 - Found: YES
  check_in: '', work: 0
  -> NOT ADDED (no checkin)
Sunday 2026-08-16 - Found: YES
  check_in: '11:00:00', work: -4
  -> Has valid check_in
  -> ADDED to worked_sundays (status: available)
Sunday 2026-08-23 - Found: YES
  check_in: '11:00:00', work: -4
  -> Has valid check_in
  -> ADDED to worked_sundays (status: available)
Sunday 2026-08-30 - Found: YES
  check_in: '11:00:00', work: -4
  -> Has valid check_in
  -> ADDED to worked_sundays (status: available)
Total worked Sundays: 3

=== WO DEBUG 2026-08-27 13:20:26 ===
User ID: 7929
Person ID: FNM0010
Month: 08, Year: 2026
Sunday 2026-08-02 - Found: YES
  check_in: '', work: 0
  -> NOT ADDED (no checkin)
Sunday 2026-08-09 - Found: YES
  check_in: '', work: 0
  -> NOT ADDED (no checkin)
Sunday 2026-08-16 - Found: YES
  check_in: '11:00:00', work: -4
  -> Has valid check_in
  -> ADDED to worked_sundays (status: available)
Sunday 2026-08-23 - Found: YES
  check_in: '11:00:00', work: -4
  -> Has valid check_in
  -> ADDED to worked_sundays (status: available)
Sunday 2026-08-30 - Found: YES
  check_in: '11:00:00', work: -4
  -> Has valid check_in
  -> ADDED to worked_sundays (status: available)
Total worked Sundays: 3

=== WO DEBUG 2026-08-27 13:20:29 ===
User ID: 8737
Person ID: FNM1924
Month: 08, Year: 2026
Sunday 2026-08-02 - Found: YES
  check_in: '', work: 0
  -> NOT ADDED (no checkin)
Sunday 2026-08-09 - Found: YES
  check_in: '09:23:59', work: 9.28
  -> Has valid check_in
  -> Has work hours > 0
  -> ADDED to worked_sundays (status: approved)
Sunday 2026-08-16 - Found: YES
  check_in: '', work: 0
  -> NOT ADDED (no checkin)
Sunday 2026-08-23 - Found: NO
  -> NOT ADDED (no checkin)
Sunday 2026-08-30 - Found: NO
  -> NOT ADDED (no checkin)
Total worked Sundays: 1

=== WO DEBUG 2026-08-27 13:22:58 ===
User ID: 8737
Person ID: FNM1924
Month: 08, Year: 2026
Sunday 2026-08-02 - Found: YES
  check_in: '', work: 0
  -> NOT ADDED (no checkin)
Sunday 2026-08-09 - Found: YES
  check_in: '09:23:59', work: 9.28
  -> Has valid check_in
  -> Has work hours > 0
  -> ADDED to worked_sundays (status: approved)
Sunday 2026-08-16 - Found: YES
  check_in: '', work: 0
  -> NOT ADDED (no checkin)
Sunday 2026-08-23 - Found: NO
  -> NOT ADDED (no checkin)
Sunday 2026-08-30 - Found: NO
  -> NOT ADDED (no checkin)
Total worked Sundays: 1

=== WO DEBUG 2026-08-27 13:23:55 ===
User ID: 8737
Person ID: FNM1924
Month: 08, Year: 2026
Sunday 2026-08-02 - Found: YES
  check_in: '', work: 0
  -> NOT ADDED (no checkin)
Sunday 2026-08-09 - Found: YES
  check_in: '09:23:59', work: 9.28
  -> Has valid check_in
  -> Has work hours > 0
  -> ADDED to worked_sundays (status: approved)
Sunday 2026-08-16 - Found: YES
  check_in: '', work: 0
  -> NOT ADDED (no checkin)
Sunday 2026-08-23 - Found: NO
  -> NOT ADDED (no checkin)
Sunday 2026-08-30 - Found: NO
  -> NOT ADDED (no checkin)
Total worked Sundays: 1

