PHP Warning:  PHP Startup: Unable to load dynamic library 'fileinfo.so' (tried: /usr/lib64/php7/extensions/fileinfo.so (/usr/lib64/php7/extensions/fileinfo.so: cannot open shared object file: No such file or directory), /usr/lib64/php7/extensions/fileinfo.so.so (/usr/lib64/php7/extensions/fileinfo.so.so: cannot open shared object file: No such file or directory)) in Unknown on line 0
PHP Warning:  Module 'pdo_pgsql' already loaded in Unknown on line 0
PHP Warning:  Module 'pgsql' already loaded in Unknown on line 0
PHP Warning:  Module 'Phar' already loaded in Unknown on line 0
--- RUNNING INCREMENTAL SYNC (Yesterday & Today) ---
Done! Processed 663 records for range 2026-08-28 to 2026-08-29.
PHP Warning:  PHP Startup: Unable to load dynamic library 'fileinfo.so' (tried: /usr/lib64/php7/extensions/fileinfo.so (/usr/lib64/php7/extensions/fileinfo.so: cannot open shared object file: No such file or directory), /usr/lib64/php7/extensions/fileinfo.so.so (/usr/lib64/php7/extensions/fileinfo.so.so: cannot open shared object file: No such file or directory)) in Unknown on line 0
PHP Warning:  Module 'pdo_pgsql' already loaded in Unknown on line 0
PHP Warning:  Module 'pgsql' already loaded in Unknown on line 0
PHP Warning:  Module 'Phar' already loaded in Unknown on line 0
--- RUNNING INCREMENTAL SYNC (Yesterday & Today) ---
Done! Processed 666 records for range 2026-08-28 to 2026-08-29.
PHP Warning:  PHP Startup: Unable to load dynamic library 'fileinfo.so' (tried: /usr/lib64/php7/extensions/fileinfo.so (/usr/lib64/php7/extensions/fileinfo.so: cannot open shared object file: No such file or directory), /usr/lib64/php7/extensions/fileinfo.so.so (/usr/lib64/php7/extensions/fileinfo.so.so: cannot open shared object file: No such file or directory)) in Unknown on line 0
PHP Warning:  Module 'pdo_pgsql' already loaded in Unknown on line 0
PHP Warning:  Module 'pgsql' already loaded in Unknown on line 0
PHP Warning:  Module 'Phar' already loaded in Unknown on line 0
--- RUNNING INCREMENTAL SYNC (Yesterday & Today) ---
Done! Processed 666 records for range 2026-08-28 to 2026-08-29.
PHP Warning:  PHP Startup: Unable to load dynamic library 'fileinfo.so' (tried: /usr/lib64/php7/extensions/fileinfo.so (/usr/lib64/php7/extensions/fileinfo.so: cannot open shared object file: No such file or directory), /usr/lib64/php7/extensions/fileinfo.so.so (/usr/lib64/php7/extensions/fileinfo.so.so: cannot open shared object file: No such file or directory)) in Unknown on line 0
PHP Warning:  Module 'pdo_pgsql' already loaded in Unknown on line 0
PHP Warning:  Module 'pgsql' already loaded in Unknown on line 0
PHP Warning:  Module 'Phar' already loaded in Unknown on line 0
--- RUNNING INCREMENTAL SYNC (Yesterday & Today) ---
Done! Processed 666 records for range 2026-08-28 to 2026-08-29.
PHP Warning:  PHP Startup: Unable to load dynamic library 'fileinfo.so' (tried: /usr/lib64/php7/extensions/fileinfo.so (/usr/lib64/php7/extensions/fileinfo.so: cannot open shared object file: No such file or directory), /usr/lib64/php7/extensions/fileinfo.so.so (/usr/lib64/php7/extensions/fileinfo.so.so: cannot open shared object file: No such file or directory)) in Unknown on line 0
PHP Warning:  Module 'pdo_pgsql' already loaded in Unknown on line 0
PHP Warning:  Module 'pgsql' already loaded in Unknown on line 0
PHP Warning:  Module 'Phar' already loaded in Unknown on line 0
--- RUNNING INCREMENTAL SYNC (Yesterday & Today) ---
Done! Processed 664 records for range 2026-08-28 to 2026-08-29.
PHP Warning:  PHP Startup: Unable to load dynamic library 'fileinfo.so' (tried: /usr/lib64/php7/extensions/fileinfo.so (/usr/lib64/php7/extensions/fileinfo.so: cannot open shared object file: No such file or directory), /usr/lib64/php7/extensions/fileinfo.so.so (/usr/lib64/php7/extensions/fileinfo.so.so: cannot open shared object file: No such file or directory)) in Unknown on line 0
PHP Warning:  Module 'pdo_pgsql' already loaded in Unknown on line 0
PHP Warning:  Module 'pgsql' already loaded in Unknown on line 0
PHP Warning:  Module 'Phar' already loaded in Unknown on line 0
--- RUNNING INCREMENTAL SYNC (Yesterday & Today) ---
ERROR: SQLSTATE[HY000]: General error: 1205 Lock wait timeout exceeded; try restarting transactionPHP Warning:  PHP Startup: Unable to load dynamic library 'fileinfo.so' (tried: /usr/lib64/php7/extensions/fileinfo.so (/usr/lib64/php7/extensions/fileinfo.so: cannot open shared object file: No such file or directory), /usr/lib64/php7/extensions/fileinfo.so.so (/usr/lib64/php7/extensions/fileinfo.so.so: cannot open shared object file: No such file or directory)) in Unknown on line 0
PHP Warning:  Module 'pdo_pgsql' already loaded in Unknown on line 0
PHP Warning:  Module 'pgsql' already loaded in Unknown on line 0
PHP Warning:  Module 'Phar' already loaded in Unknown on line 0
--- RUNNING INCREMENTAL SYNC (Yesterday & Today) ---
Done! Processed 666 records for range 2026-08-28 to 2026-08-29.
PHP Warning:  PHP Startup: Unable to load dynamic library 'fileinfo.so' (tried: /usr/lib64/php7/extensions/fileinfo.so (/usr/lib64/php7/extensions/fileinfo.so: cannot open shared object file: No such file or directory), /usr/lib64/php7/extensions/fileinfo.so.so (/usr/lib64/php7/extensions/fileinfo.so.so: cannot open shared object file: No such file or directory)) in Unknown on line 0
PHP Warning:  Module 'pdo_pgsql' already loaded in Unknown on line 0
PHP Warning:  Module 'pgsql' already loaded in Unknown on line 0
PHP Warning:  Module 'Phar' already loaded in Unknown on line 0
--- RUNNING INCREMENTAL SYNC (Yesterday & Today) ---
ERROR: SQLSTATE[HY000]: General error: 1205 Lock wait timeout exceeded; try restarting transactionPHP Warning:  PHP Startup: Unable to load dynamic library 'fileinfo.so' (tried: /usr/lib64/php7/extensions/fileinfo.so (/usr/lib64/php7/extensions/fileinfo.so: cannot open shared object file: No such file or directory), /usr/lib64/php7/extensions/fileinfo.so.so (/usr/lib64/php7/extensions/fileinfo.so.so: cannot open shared object file: No such file or directory)) in Unknown on line 0
PHP Warning:  Module 'pdo_pgsql' already loaded in Unknown on line 0
PHP Warning:  Module 'pgsql' already loaded in Unknown on line 0
PHP Warning:  Module 'Phar' already loaded in Unknown on line 0
--- RUNNING INCREMENTAL SYNC (Yesterday & Today) ---
Done! Processed 667 records for range 2026-08-28 to 2026-08-29.
PHP Warning:  PHP Startup: Unable to load dynamic library 'fileinfo.so' (tried: /usr/lib64/php7/extensions/fileinfo.so (/usr/lib64/php7/extensions/fileinfo.so: cannot open shared object file: No such file or directory), /usr/lib64/php7/extensions/fileinfo.so.so (/usr/lib64/php7/extensions/fileinfo.so.so: cannot open shared object file: No such file or directory)) in Unknown on line 0
PHP Warning:  Module 'pdo_pgsql' already loaded in Unknown on line 0
PHP Warning:  Module 'pgsql' already loaded in Unknown on line 0
PHP Warning:  Module 'Phar' already loaded in Unknown on line 0
--- RUNNING INCREMENTAL SYNC (Yesterday & Today) ---
ERROR: SQLSTATE[HY000]: General error: 1205 Lock wait timeout exceeded; try restarting transactionPHP Warning:  PHP Startup: Unable to load dynamic library 'fileinfo.so' (tried: /usr/lib64/php7/extensions/fileinfo.so (/usr/lib64/php7/extensions/fileinfo.so: cannot open shared object file: No such file or directory), /usr/lib64/php7/extensions/fileinfo.so.so (/usr/lib64/php7/extensions/fileinfo.so.so: cannot open shared object file: No such file or directory)) in Unknown on line 0
PHP Warning:  Module 'pdo_pgsql' already loaded in Unknown on line 0
PHP Warning:  Module 'pgsql' already loaded in Unknown on line 0
PHP Warning:  Module 'Phar' already loaded in Unknown on line 0
--- RUNNING INCREMENTAL SYNC (Yesterday & Today) ---
Done! Processed 668 records for range 2026-08-28 to 2026-08-29.
PHP Warning:  PHP Startup: Unable to load dynamic library 'fileinfo.so' (tried: /usr/lib64/php7/extensions/fileinfo.so (/usr/lib64/php7/extensions/fileinfo.so: cannot open shared object file: No such file or directory), /usr/lib64/php7/extensions/fileinfo.so.so (/usr/lib64/php7/extensions/fileinfo.so.so: cannot open shared object file: No such file or directory)) in Unknown on line 0
PHP Warning:  Module 'pdo_pgsql' already loaded in Unknown on line 0
PHP Warning:  Module 'pgsql' already loaded in Unknown on line 0
PHP Warning:  Module 'Phar' already loaded in Unknown on line 0
--- RUNNING INCREMENTAL SYNC (Yesterday & Today) ---
ERROR: SQLSTATE[HY000]: General error: 1205 Lock wait timeout exceeded; try restarting transactionPHP Warning:  PHP Startup: Unable to load dynamic library 'fileinfo.so' (tried: /usr/lib64/php7/extensions/fileinfo.so (/usr/lib64/php7/extensions/fileinfo.so: cannot open shared object file: No such file or directory), /usr/lib64/php7/extensions/fileinfo.so.so (/usr/lib64/php7/extensions/fileinfo.so.so: cannot open shared object file: No such file or directory)) in Unknown on line 0
PHP Warning:  Module 'pdo_pgsql' already loaded in Unknown on line 0
PHP Warning:  Module 'pgsql' already loaded in Unknown on line 0
PHP Warning:  Module 'Phar' already loaded in Unknown on line 0
--- RUNNING INCREMENTAL SYNC (Yesterday & Today) ---
Done! Processed 668 records for range 2026-08-28 to 2026-08-29.
PHP Warning:  PHP Startup: Unable to load dynamic library 'fileinfo.so' (tried: /usr/lib64/php7/extensions/fileinfo.so (/usr/lib64/php7/extensions/fileinfo.so: cannot open shared object file: No such file or directory), /usr/lib64/php7/extensions/fileinfo.so.so (/usr/lib64/php7/extensions/fileinfo.so.so: cannot open shared object file: No such file or directory)) in Unknown on line 0
PHP Warning:  Module 'pdo_pgsql' already loaded in Unknown on line 0
PHP Warning:  Module 'pgsql' already loaded in Unknown on line 0
PHP Warning:  Module 'Phar' already loaded in Unknown on line 0
--- RUNNING INCREMENTAL SYNC (Yesterday & Today) ---
ERROR: SQLSTATE[HY000]: General error: 1205 Lock wait timeout exceeded; try restarting transactionPHP Warning:  PHP Startup: Unable to load dynamic library 'fileinfo.so' (tried: /usr/lib64/php7/extensions/fileinfo.so (/usr/lib64/php7/extensions/fileinfo.so: cannot open shared object file: No such file or directory), /usr/lib64/php7/extensions/fileinfo.so.so (/usr/lib64/php7/extensions/fileinfo.so.so: cannot open shared object file: No such file or directory)) in Unknown on line 0
PHP Warning:  Module 'pdo_pgsql' already loaded in Unknown on line 0
PHP Warning:  Module 'pgsql' already loaded in Unknown on line 0
PHP Warning:  Module 'Phar' already loaded in Unknown on line 0
--- RUNNING INCREMENTAL SYNC (Yesterday & Today) ---
Done! Processed 668 records for range 2026-08-28 to 2026-08-29.
PHP Warning:  PHP Startup: Unable to load dynamic library 'fileinfo.so' (tried: /usr/lib64/php7/extensions/fileinfo.so (/usr/lib64/php7/extensions/fileinfo.so: cannot open shared object file: No such file or directory), /usr/lib64/php7/extensions/fileinfo.so.so (/usr/lib64/php7/extensions/fileinfo.so.so: cannot open shared object file: No such file or directory)) in Unknown on line 0
PHP Warning:  Module 'pdo_pgsql' already loaded in Unknown on line 0
PHP Warning:  Module 'pgsql' already loaded in Unknown on line 0
PHP Warning:  Module 'Phar' already loaded in Unknown on line 0
--- RUNNING INCREMENTAL SYNC (Yesterday & Today) ---
ERROR: SQLSTATE[HY000]: General error: 1205 Lock wait timeout exceeded; try restarting transactionPHP Warning:  PHP Startup: Unable to load dynamic library 'fileinfo.so' (tried: /usr/lib64/php7/extensions/fileinfo.so (/usr/lib64/php7/extensions/fileinfo.so: cannot open shared object file: No such file or directory), /usr/lib64/php7/extensions/fileinfo.so.so (/usr/lib64/php7/extensions/fileinfo.so.so: cannot open shared object file: No such file or directory)) in Unknown on line 0
PHP Warning:  Module 'pdo_pgsql' already loaded in Unknown on line 0
PHP Warning:  Module 'pgsql' already loaded in Unknown on line 0
PHP Warning:  Module 'Phar' already loaded in Unknown on line 0
--- RUNNING INCREMENTAL SYNC (Yesterday & Today) ---
Done! Processed 668 records for range 2026-08-28 to 2026-08-29.
PHP Warning:  PHP Startup: Unable to load dynamic library 'fileinfo.so' (tried: /usr/lib64/php7/extensions/fileinfo.so (/usr/lib64/php7/extensions/fileinfo.so: cannot open shared object file: No such file or directory), /usr/lib64/php7/extensions/fileinfo.so.so (/usr/lib64/php7/extensions/fileinfo.so.so: cannot open shared object file: No such file or directory)) in Unknown on line 0
PHP Warning:  Module 'pdo_pgsql' already loaded in Unknown on line 0
PHP Warning:  Module 'pgsql' already loaded in Unknown on line 0
PHP Warning:  Module 'Phar' already loaded in Unknown on line 0
--- RUNNING INCREMENTAL SYNC (Yesterday & Today) ---
ERROR: SQLSTATE[HY000]: General error: 1205 Lock wait timeout exceeded; try restarting transactionPHP Warning:  PHP Startup: Unable to load dynamic library 'fileinfo.so' (tried: /usr/lib64/php7/extensions/fileinfo.so (/usr/lib64/php7/extensions/fileinfo.so: cannot open shared object file: No such file or directory), /usr/lib64/php7/extensions/fileinfo.so.so (/usr/lib64/php7/extensions/fileinfo.so.so: cannot open shared object file: No such file or directory)) in Unknown on line 0
PHP Warning:  Module 'pdo_pgsql' already loaded in Unknown on line 0
PHP Warning:  Module 'pgsql' already loaded in Unknown on line 0
PHP Warning:  Module 'Phar' already loaded in Unknown on line 0
--- RUNNING INCREMENTAL SYNC (Yesterday & Today) ---
Done! Processed 668 records for range 2026-08-28 to 2026-08-29.
PHP Warning:  PHP Startup: Unable to load dynamic library 'fileinfo.so' (tried: /usr/lib64/php7/extensions/fileinfo.so (/usr/lib64/php7/extensions/fileinfo.so: cannot open shared object file: No such file or directory), /usr/lib64/php7/extensions/fileinfo.so.so (/usr/lib64/php7/extensions/fileinfo.so.so: cannot open shared object file: No such file or directory)) in Unknown on line 0
PHP Warning:  Module 'pdo_pgsql' already loaded in Unknown on line 0
PHP Warning:  Module 'pgsql' already loaded in Unknown on line 0
PHP Warning:  Module 'Phar' already loaded in Unknown on line 0
--- RUNNING INCREMENTAL SYNC (Yesterday & Today) ---
ERROR: SQLSTATE[HY000]: General error: 1205 Lock wait timeout exceeded; try restarting transactionPHP Warning:  PHP Startup: Unable to load dynamic library 'fileinfo.so' (tried: /usr/lib64/php7/extensions/fileinfo.so (/usr/lib64/php7/extensions/fileinfo.so: cannot open shared object file: No such file or directory), /usr/lib64/php7/extensions/fileinfo.so.so (/usr/lib64/php7/extensions/fileinfo.so.so: cannot open shared object file: No such file or directory)) in Unknown on line 0
PHP Warning:  Module 'pdo_pgsql' already loaded in Unknown on line 0
PHP Warning:  Module 'pgsql' already loaded in Unknown on line 0
PHP Warning:  Module 'Phar' already loaded in Unknown on line 0
--- RUNNING INCREMENTAL SYNC (Yesterday & Today) ---
Done! Processed 668 records for range 2026-08-28 to 2026-08-29.
PHP Warning:  PHP Startup: Unable to load dynamic library 'fileinfo.so' (tried: /usr/lib64/php7/extensions/fileinfo.so (/usr/lib64/php7/extensions/fileinfo.so: cannot open shared object file: No such file or directory), /usr/lib64/php7/extensions/fileinfo.so.so (/usr/lib64/php7/extensions/fileinfo.so.so: cannot open shared object file: No such file or directory)) in Unknown on line 0
PHP Warning:  Module 'pdo_pgsql' already loaded in Unknown on line 0
PHP Warning:  Module 'pgsql' already loaded in Unknown on line 0
PHP Warning:  Module 'Phar' already loaded in Unknown on line 0
--- RUNNING INCREMENTAL SYNC (Yesterday & Today) ---
ERROR: SQLSTATE[HY000]: General error: 1205 Lock wait timeout exceeded; try restarting transactionPHP Warning:  PHP Startup: Unable to load dynamic library 'fileinfo.so' (tried: /usr/lib64/php7/extensions/fileinfo.so (/usr/lib64/php7/extensions/fileinfo.so: cannot open shared object file: No such file or directory), /usr/lib64/php7/extensions/fileinfo.so.so (/usr/lib64/php7/extensions/fileinfo.so.so: cannot open shared object file: No such file or directory)) in Unknown on line 0
PHP Warning:  Module 'pdo_pgsql' already loaded in Unknown on line 0
PHP Warning:  Module 'pgsql' already loaded in Unknown on line 0
PHP Warning:  Module 'Phar' already loaded in Unknown on line 0
--- RUNNING INCREMENTAL SYNC (Yesterday & Today) ---
Done! Processed 668 records for range 2026-08-28 to 2026-08-29.
PHP Warning:  PHP Startup: Unable to load dynamic library 'fileinfo.so' (tried: /usr/lib64/php7/extensions/fileinfo.so (/usr/lib64/php7/extensions/fileinfo.so: cannot open shared object file: No such file or directory), /usr/lib64/php7/extensions/fileinfo.so.so (/usr/lib64/php7/extensions/fileinfo.so.so: cannot open shared object file: No such file or directory)) in Unknown on line 0
PHP Warning:  Module 'pdo_pgsql' already loaded in Unknown on line 0
PHP Warning:  Module 'pgsql' already loaded in Unknown on line 0
PHP Warning:  Module 'Phar' already loaded in Unknown on line 0
--- RUNNING INCREMENTAL SYNC (Yesterday & Today) ---
ERROR: SQLSTATE[HY000]: General error: 1205 Lock wait timeout exceeded; try restarting transactionPHP Warning:  PHP Startup: Unable to load dynamic library 'fileinfo.so' (tried: /usr/lib64/php7/extensions/fileinfo.so (/usr/lib64/php7/extensions/fileinfo.so: cannot open shared object file: No such file or directory), /usr/lib64/php7/extensions/fileinfo.so.so (/usr/lib64/php7/extensions/fileinfo.so.so: cannot open shared object file: No such file or directory)) in Unknown on line 0
PHP Warning:  Module 'pdo_pgsql' already loaded in Unknown on line 0
PHP Warning:  Module 'pgsql' already loaded in Unknown on line 0
PHP Warning:  Module 'Phar' already loaded in Unknown on line 0
--- RUNNING INCREMENTAL SYNC (Yesterday & Today) ---
Done! Processed 668 records for range 2026-08-28 to 2026-08-29.
PHP Warning:  PHP Startup: Unable to load dynamic library 'fileinfo.so' (tried: /usr/lib64/php7/extensions/fileinfo.so (/usr/lib64/php7/extensions/fileinfo.so: cannot open shared object file: No such file or directory), /usr/lib64/php7/extensions/fileinfo.so.so (/usr/lib64/php7/extensions/fileinfo.so.so: cannot open shared object file: No such file or directory)) in Unknown on line 0
PHP Warning:  Module 'pdo_pgsql' already loaded in Unknown on line 0
PHP Warning:  Module 'pgsql' already loaded in Unknown on line 0
PHP Warning:  Module 'Phar' already loaded in Unknown on line 0
--- RUNNING INCREMENTAL SYNC (Yesterday & Today) ---
ERROR: SQLSTATE[HY000]: General error: 1205 Lock wait timeout exceeded; try restarting transactionPHP Warning:  PHP Startup: Unable to load dynamic library 'fileinfo.so' (tried: /usr/lib64/php7/extensions/fileinfo.so (/usr/lib64/php7/extensions/fileinfo.so: cannot open shared object file: No such file or directory), /usr/lib64/php7/extensions/fileinfo.so.so (/usr/lib64/php7/extensions/fileinfo.so.so: cannot open shared object file: No such file or directory)) in Unknown on line 0
PHP Warning:  Module 'pdo_pgsql' already loaded in Unknown on line 0
PHP Warning:  Module 'pgsql' already loaded in Unknown on line 0
PHP Warning:  Module 'Phar' already loaded in Unknown on line 0
--- RUNNING INCREMENTAL SYNC (Yesterday & Today) ---
Done! Processed 668 records for range 2026-08-28 to 2026-08-29.
PHP Warning:  PHP Startup: Unable to load dynamic library 'fileinfo.so' (tried: /usr/lib64/php7/extensions/fileinfo.so (/usr/lib64/php7/extensions/fileinfo.so: cannot open shared object file: No such file or directory), /usr/lib64/php7/extensions/fileinfo.so.so (/usr/lib64/php7/extensions/fileinfo.so.so: cannot open shared object file: No such file or directory)) in Unknown on line 0
PHP Warning:  Module 'pdo_pgsql' already loaded in Unknown on line 0
PHP Warning:  Module 'pgsql' already loaded in Unknown on line 0
PHP Warning:  Module 'Phar' already loaded in Unknown on line 0
--- RUNNING INCREMENTAL SYNC (Yesterday & Today) ---
ERROR: SQLSTATE[HY000]: General error: 1205 Lock wait timeout exceeded; try restarting transactionPHP Warning:  PHP Startup: Unable to load dynamic library 'fileinfo.so' (tried: /usr/lib64/php7/extensions/fileinfo.so (/usr/lib64/php7/extensions/fileinfo.so: cannot open shared object file: No such file or directory), /usr/lib64/php7/extensions/fileinfo.so.so (/usr/lib64/php7/extensions/fileinfo.so.so: cannot open shared object file: No such file or directory)) in Unknown on line 0
PHP Warning:  Module 'pdo_pgsql' already loaded in Unknown on line 0
PHP Warning:  Module 'pgsql' already loaded in Unknown on line 0
PHP Warning:  Module 'Phar' already loaded in Unknown on line 0
--- RUNNING INCREMENTAL SYNC (Yesterday & Today) ---
Done! Processed 668 records for range 2026-08-28 to 2026-08-29.
PHP Warning:  PHP Startup: Unable to load dynamic library 'fileinfo.so' (tried: /usr/lib64/php7/extensions/fileinfo.so (/usr/lib64/php7/extensions/fileinfo.so: cannot open shared object file: No such file or directory), /usr/lib64/php7/extensions/fileinfo.so.so (/usr/lib64/php7/extensions/fileinfo.so.so: cannot open shared object file: No such file or directory)) in Unknown on line 0
PHP Warning:  Module 'pdo_pgsql' already loaded in Unknown on line 0
PHP Warning:  Module 'pgsql' already loaded in Unknown on line 0
PHP Warning:  Module 'Phar' already loaded in Unknown on line 0
--- RUNNING INCREMENTAL SYNC (Yesterday & Today) ---
ERROR: SQLSTATE[HY000]: General error: 1205 Lock wait timeout exceeded; try restarting transactionPHP Warning:  PHP Startup: Unable to load dynamic library 'fileinfo.so' (tried: /usr/lib64/php7/extensions/fileinfo.so (/usr/lib64/php7/extensions/fileinfo.so: cannot open shared object file: No such file or directory), /usr/lib64/php7/extensions/fileinfo.so.so (/usr/lib64/php7/extensions/fileinfo.so.so: cannot open shared object file: No such file or directory)) in Unknown on line 0
PHP Warning:  Module 'pdo_pgsql' already loaded in Unknown on line 0
PHP Warning:  Module 'pgsql' already loaded in Unknown on line 0
PHP Warning:  Module 'Phar' already loaded in Unknown on line 0
--- RUNNING INCREMENTAL SYNC (Yesterday & Today) ---
Done! Processed 668 records for range 2026-08-28 to 2026-08-29.
PHP Warning:  PHP Startup: Unable to load dynamic library 'fileinfo.so' (tried: /usr/lib64/php7/extensions/fileinfo.so (/usr/lib64/php7/extensions/fileinfo.so: cannot open shared object file: No such file or directory), /usr/lib64/php7/extensions/fileinfo.so.so (/usr/lib64/php7/extensions/fileinfo.so.so: cannot open shared object file: No such file or directory)) in Unknown on line 0
PHP Warning:  Module 'pdo_pgsql' already loaded in Unknown on line 0
PHP Warning:  Module 'pgsql' already loaded in Unknown on line 0
PHP Warning:  Module 'Phar' already loaded in Unknown on line 0
--- RUNNING INCREMENTAL SYNC (Yesterday & Today) ---
ERROR: SQLSTATE[HY000]: General error: 1205 Lock wait timeout exceeded; try restarting transactionPHP Warning:  PHP Startup: Unable to load dynamic library 'fileinfo.so' (tried: /usr/lib64/php7/extensions/fileinfo.so (/usr/lib64/php7/extensions/fileinfo.so: cannot open shared object file: No such file or directory), /usr/lib64/php7/extensions/fileinfo.so.so (/usr/lib64/php7/extensions/fileinfo.so.so: cannot open shared object file: No such file or directory)) in Unknown on line 0
PHP Warning:  Module 'pdo_pgsql' already loaded in Unknown on line 0
PHP Warning:  Module 'pgsql' already loaded in Unknown on line 0
PHP Warning:  Module 'Phar' already loaded in Unknown on line 0
--- RUNNING INCREMENTAL SYNC (Yesterday & Today) ---
Done! Processed 668 records for range 2026-08-28 to 2026-08-29.
PHP Warning:  PHP Startup: Unable to load dynamic library 'fileinfo.so' (tried: /usr/lib64/php7/extensions/fileinfo.so (/usr/lib64/php7/extensions/fileinfo.so: cannot open shared object file: No such file or directory), /usr/lib64/php7/extensions/fileinfo.so.so (/usr/lib64/php7/extensions/fileinfo.so.so: cannot open shared object file: No such file or directory)) in Unknown on line 0
PHP Warning:  Module 'pdo_pgsql' already loaded in Unknown on line 0
PHP Warning:  Module 'pgsql' already loaded in Unknown on line 0
PHP Warning:  Module 'Phar' already loaded in Unknown on line 0
--- RUNNING INCREMENTAL SYNC (Yesterday & Today) ---
ERROR: SQLSTATE[HY000]: General error: 1205 Lock wait timeout exceeded; try restarting transactionPHP Warning:  PHP Startup: Unable to load dynamic library 'fileinfo.so' (tried: /usr/lib64/php7/extensions/fileinfo.so (/usr/lib64/php7/extensions/fileinfo.so: cannot open shared object file: No such file or directory), /usr/lib64/php7/extensions/fileinfo.so.so (/usr/lib64/php7/extensions/fileinfo.so.so: cannot open shared object file: No such file or directory)) in Unknown on line 0
PHP Warning:  Module 'pdo_pgsql' already loaded in Unknown on line 0
PHP Warning:  Module 'pgsql' already loaded in Unknown on line 0
PHP Warning:  Module 'Phar' already loaded in Unknown on line 0
--- RUNNING INCREMENTAL SYNC (Yesterday & Today) ---
Done! Processed 668 records for range 2026-08-28 to 2026-08-29.
PHP Warning:  PHP Startup: Unable to load dynamic library 'fileinfo.so' (tried: /usr/lib64/php7/extensions/fileinfo.so (/usr/lib64/php7/extensions/fileinfo.so: cannot open shared object file: No such file or directory), /usr/lib64/php7/extensions/fileinfo.so.so (/usr/lib64/php7/extensions/fileinfo.so.so: cannot open shared object file: No such file or directory)) in Unknown on line 0
PHP Warning:  Module 'pdo_pgsql' already loaded in Unknown on line 0
PHP Warning:  Module 'pgsql' already loaded in Unknown on line 0
PHP Warning:  Module 'Phar' already loaded in Unknown on line 0
--- RUNNING INCREMENTAL SYNC (Yesterday & Today) ---
ERROR: SQLSTATE[HY000]: General error: 1205 Lock wait timeout exceeded; try restarting transactionPHP Warning:  PHP Startup: Unable to load dynamic library 'fileinfo.so' (tried: /usr/lib64/php7/extensions/fileinfo.so (/usr/lib64/php7/extensions/fileinfo.so: cannot open shared object file: No such file or directory), /usr/lib64/php7/extensions/fileinfo.so.so (/usr/lib64/php7/extensions/fileinfo.so.so: cannot open shared object file: No such file or directory)) in Unknown on line 0
PHP Warning:  Module 'pdo_pgsql' already loaded in Unknown on line 0
PHP Warning:  Module 'pgsql' already loaded in Unknown on line 0
PHP Warning:  Module 'Phar' already loaded in Unknown on line 0
--- RUNNING INCREMENTAL SYNC (Yesterday & Today) ---
Done! Processed 668 records for range 2026-08-28 to 2026-08-29.
PHP Warning:  PHP Startup: Unable to load dynamic library 'fileinfo.so' (tried: /usr/lib64/php7/extensions/fileinfo.so (/usr/lib64/php7/extensions/fileinfo.so: cannot open shared object file: No such file or directory), /usr/lib64/php7/extensions/fileinfo.so.so (/usr/lib64/php7/extensions/fileinfo.so.so: cannot open shared object file: No such file or directory)) in Unknown on line 0
PHP Warning:  Module 'pdo_pgsql' already loaded in Unknown on line 0
PHP Warning:  Module 'pgsql' already loaded in Unknown on line 0
PHP Warning:  Module 'Phar' already loaded in Unknown on line 0
--- RUNNING INCREMENTAL SYNC (Yesterday & Today) ---
ERROR: SQLSTATE[HY000]: General error: 1205 Lock wait timeout exceeded; try restarting transactionPHP Warning:  PHP Startup: Unable to load dynamic library 'fileinfo.so' (tried: /usr/lib64/php7/extensions/fileinfo.so (/usr/lib64/php7/extensions/fileinfo.so: cannot open shared object file: No such file or directory), /usr/lib64/php7/extensions/fileinfo.so.so (/usr/lib64/php7/extensions/fileinfo.so.so: cannot open shared object file: No such file or directory)) in Unknown on line 0
PHP Warning:  Module 'pdo_pgsql' already loaded in Unknown on line 0
PHP Warning:  Module 'pgsql' already loaded in Unknown on line 0
PHP Warning:  Module 'Phar' already loaded in Unknown on line 0
--- RUNNING INCREMENTAL SYNC (Yesterday & Today) ---
Done! Processed 668 records for range 2026-08-28 to 2026-08-29.
PHP Warning:  PHP Startup: Unable to load dynamic library 'fileinfo.so' (tried: /usr/lib64/php7/extensions/fileinfo.so (/usr/lib64/php7/extensions/fileinfo.so: cannot open shared object file: No such file or directory), /usr/lib64/php7/extensions/fileinfo.so.so (/usr/lib64/php7/extensions/fileinfo.so.so: cannot open shared object file: No such file or directory)) in Unknown on line 0
PHP Warning:  Module 'pdo_pgsql' already loaded in Unknown on line 0
PHP Warning:  Module 'pgsql' already loaded in Unknown on line 0
PHP Warning:  Module 'Phar' already loaded in Unknown on line 0
--- RUNNING INCREMENTAL SYNC (Yesterday & Today) ---
ERROR: SQLSTATE[HY000]: General error: 1205 Lock wait timeout exceeded; try restarting transactionPHP Warning:  PHP Startup: Unable to load dynamic library 'fileinfo.so' (tried: /usr/lib64/php7/extensions/fileinfo.so (/usr/lib64/php7/extensions/fileinfo.so: cannot open shared object file: No such file or directory), /usr/lib64/php7/extensions/fileinfo.so.so (/usr/lib64/php7/extensions/fileinfo.so.so: cannot open shared object file: No such file or directory)) in Unknown on line 0
PHP Warning:  Module 'pdo_pgsql' already loaded in Unknown on line 0
PHP Warning:  Module 'pgsql' already loaded in Unknown on line 0
PHP Warning:  Module 'Phar' already loaded in Unknown on line 0
--- RUNNING INCREMENTAL SYNC (Yesterday & Today) ---
Done! Processed 668 records for range 2026-08-28 to 2026-08-29.
PHP Warning:  PHP Startup: Unable to load dynamic library 'fileinfo.so' (tried: /usr/lib64/php7/extensions/fileinfo.so (/usr/lib64/php7/extensions/fileinfo.so: cannot open shared object file: No such file or directory), /usr/lib64/php7/extensions/fileinfo.so.so (/usr/lib64/php7/extensions/fileinfo.so.so: cannot open shared object file: No such file or directory)) in Unknown on line 0
PHP Warning:  Module 'pdo_pgsql' already loaded in Unknown on line 0
PHP Warning:  Module 'pgsql' already loaded in Unknown on line 0
PHP Warning:  Module 'Phar' already loaded in Unknown on line 0
--- RUNNING INCREMENTAL SYNC (Yesterday & Today) ---
ERROR: SQLSTATE[HY000]: General error: 1205 Lock wait timeout exceeded; try restarting transactionPHP Warning:  PHP Startup: Unable to load dynamic library 'fileinfo.so' (tried: /usr/lib64/php7/extensions/fileinfo.so (/usr/lib64/php7/extensions/fileinfo.so: cannot open shared object file: No such file or directory), /usr/lib64/php7/extensions/fileinfo.so.so (/usr/lib64/php7/extensions/fileinfo.so.so: cannot open shared object file: No such file or directory)) in Unknown on line 0
PHP Warning:  Module 'pdo_pgsql' already loaded in Unknown on line 0
PHP Warning:  Module 'pgsql' already loaded in Unknown on line 0
PHP Warning:  Module 'Phar' already loaded in Unknown on line 0
--- RUNNING INCREMENTAL SYNC (Yesterday & Today) ---
Done! Processed 668 records for range 2026-08-28 to 2026-08-29.
PHP Warning:  PHP Startup: Unable to load dynamic library 'fileinfo.so' (tried: /usr/lib64/php7/extensions/fileinfo.so (/usr/lib64/php7/extensions/fileinfo.so: cannot open shared object file: No such file or directory), /usr/lib64/php7/extensions/fileinfo.so.so (/usr/lib64/php7/extensions/fileinfo.so.so: cannot open shared object file: No such file or directory)) in Unknown on line 0
PHP Warning:  Module 'pdo_pgsql' already loaded in Unknown on line 0
PHP Warning:  Module 'pgsql' already loaded in Unknown on line 0
PHP Warning:  Module 'Phar' already loaded in Unknown on line 0
--- RUNNING INCREMENTAL SYNC (Yesterday & Today) ---
ERROR: SQLSTATE[HY000]: General error: 1205 Lock wait timeout exceeded; try restarting transactionPHP Warning:  PHP Startup: Unable to load dynamic library 'fileinfo.so' (tried: /usr/lib64/php7/extensions/fileinfo.so (/usr/lib64/php7/extensions/fileinfo.so: cannot open shared object file: No such file or directory), /usr/lib64/php7/extensions/fileinfo.so.so (/usr/lib64/php7/extensions/fileinfo.so.so: cannot open shared object file: No such file or directory)) in Unknown on line 0
PHP Warning:  Module 'pdo_pgsql' already loaded in Unknown on line 0
PHP Warning:  Module 'pgsql' already loaded in Unknown on line 0
PHP Warning:  Module 'Phar' already loaded in Unknown on line 0
--- RUNNING INCREMENTAL SYNC (Yesterday & Today) ---
Done! Processed 668 records for range 2026-08-28 to 2026-08-29.
PHP Warning:  PHP Startup: Unable to load dynamic library 'fileinfo.so' (tried: /usr/lib64/php7/extensions/fileinfo.so (/usr/lib64/php7/extensions/fileinfo.so: cannot open shared object file: No such file or directory), /usr/lib64/php7/extensions/fileinfo.so.so (/usr/lib64/php7/extensions/fileinfo.so.so: cannot open shared object file: No such file or directory)) in Unknown on line 0
PHP Warning:  Module 'pdo_pgsql' already loaded in Unknown on line 0
PHP Warning:  Module 'pgsql' already loaded in Unknown on line 0
PHP Warning:  Module 'Phar' already loaded in Unknown on line 0
--- RUNNING INCREMENTAL SYNC (Yesterday & Today) ---
ERROR: SQLSTATE[HY000]: General error: 1205 Lock wait timeout exceeded; try restarting transactionPHP Warning:  PHP Startup: Unable to load dynamic library 'fileinfo.so' (tried: /usr/lib64/php7/extensions/fileinfo.so (/usr/lib64/php7/extensions/fileinfo.so: cannot open shared object file: No such file or directory), /usr/lib64/php7/extensions/fileinfo.so.so (/usr/lib64/php7/extensions/fileinfo.so.so: cannot open shared object file: No such file or directory)) in Unknown on line 0
PHP Warning:  Module 'pdo_pgsql' already loaded in Unknown on line 0
PHP Warning:  Module 'pgsql' already loaded in Unknown on line 0
PHP Warning:  Module 'Phar' already loaded in Unknown on line 0
--- RUNNING INCREMENTAL SYNC (Yesterday & Today) ---
Done! Processed 668 records for range 2026-08-28 to 2026-08-29.
PHP Warning:  PHP Startup: Unable to load dynamic library 'fileinfo.so' (tried: /usr/lib64/php7/extensions/fileinfo.so (/usr/lib64/php7/extensions/fileinfo.so: cannot open shared object file: No such file or directory), /usr/lib64/php7/extensions/fileinfo.so.so (/usr/lib64/php7/extensions/fileinfo.so.so: cannot open shared object file: No such file or directory)) in Unknown on line 0
PHP Warning:  Module 'pdo_pgsql' already loaded in Unknown on line 0
PHP Warning:  Module 'pgsql' already loaded in Unknown on line 0
PHP Warning:  Module 'Phar' already loaded in Unknown on line 0
--- RUNNING INCREMENTAL SYNC (Yesterday & Today) ---
ERROR: SQLSTATE[HY000]: General error: 1205 Lock wait timeout exceeded; try restarting transactionPHP Warning:  PHP Startup: Unable to load dynamic library 'fileinfo.so' (tried: /usr/lib64/php7/extensions/fileinfo.so (/usr/lib64/php7/extensions/fileinfo.so: cannot open shared object file: No such file or directory), /usr/lib64/php7/extensions/fileinfo.so.so (/usr/lib64/php7/extensions/fileinfo.so.so: cannot open shared object file: No such file or directory)) in Unknown on line 0
PHP Warning:  Module 'pdo_pgsql' already loaded in Unknown on line 0
PHP Warning:  Module 'pgsql' already loaded in Unknown on line 0
PHP Warning:  Module 'Phar' already loaded in Unknown on line 0
--- RUNNING INCREMENTAL SYNC (Yesterday & Today) ---
Done! Processed 668 records for range 2026-08-28 to 2026-08-29.
PHP Warning:  PHP Startup: Unable to load dynamic library 'fileinfo.so' (tried: /usr/lib64/php7/extensions/fileinfo.so (/usr/lib64/php7/extensions/fileinfo.so: cannot open shared object file: No such file or directory), /usr/lib64/php7/extensions/fileinfo.so.so (/usr/lib64/php7/extensions/fileinfo.so.so: cannot open shared object file: No such file or directory)) in Unknown on line 0
PHP Warning:  Module 'pdo_pgsql' already loaded in Unknown on line 0
PHP Warning:  Module 'pgsql' already loaded in Unknown on line 0
PHP Warning:  Module 'Phar' already loaded in Unknown on line 0
--- RUNNING INCREMENTAL SYNC (Yesterday & Today) ---
ERROR: SQLSTATE[HY000]: General error: 1205 Lock wait timeout exceeded; try restarting transactionPHP Warning:  PHP Startup: Unable to load dynamic library 'fileinfo.so' (tried: /usr/lib64/php7/extensions/fileinfo.so (/usr/lib64/php7/extensions/fileinfo.so: cannot open shared object file: No such file or directory), /usr/lib64/php7/extensions/fileinfo.so.so (/usr/lib64/php7/extensions/fileinfo.so.so: cannot open shared object file: No such file or directory)) in Unknown on line 0
PHP Warning:  Module 'pdo_pgsql' already loaded in Unknown on line 0
PHP Warning:  Module 'pgsql' already loaded in Unknown on line 0
PHP Warning:  Module 'Phar' already loaded in Unknown on line 0
--- RUNNING INCREMENTAL SYNC (Yesterday & Today) ---
Done! Processed 668 records for range 2026-08-28 to 2026-08-29.
PHP Warning:  PHP Startup: Unable to load dynamic library 'fileinfo.so' (tried: /usr/lib64/php7/extensions/fileinfo.so (/usr/lib64/php7/extensions/fileinfo.so: cannot open shared object file: No such file or directory), /usr/lib64/php7/extensions/fileinfo.so.so (/usr/lib64/php7/extensions/fileinfo.so.so: cannot open shared object file: No such file or directory)) in Unknown on line 0
PHP Warning:  Module 'pdo_pgsql' already loaded in Unknown on line 0
PHP Warning:  Module 'pgsql' already loaded in Unknown on line 0
PHP Warning:  Module 'Phar' already loaded in Unknown on line 0
--- RUNNING INCREMENTAL SYNC (Yesterday & Today) ---
ERROR: SQLSTATE[HY000]: General error: 1205 Lock wait timeout exceeded; try restarting transactionPHP Warning:  PHP Startup: Unable to load dynamic library 'fileinfo.so' (tried: /usr/lib64/php7/extensions/fileinfo.so (/usr/lib64/php7/extensions/fileinfo.so: cannot open shared object file: No such file or directory), /usr/lib64/php7/extensions/fileinfo.so.so (/usr/lib64/php7/extensions/fileinfo.so.so: cannot open shared object file: No such file or directory)) in Unknown on line 0
PHP Warning:  Module 'pdo_pgsql' already loaded in Unknown on line 0
PHP Warning:  Module 'pgsql' already loaded in Unknown on line 0
PHP Warning:  Module 'Phar' already loaded in Unknown on line 0
--- RUNNING INCREMENTAL SYNC (Yesterday & Today) ---
Done! Processed 668 records for range 2026-08-28 to 2026-08-29.
PHP Warning:  PHP Startup: Unable to load dynamic library 'fileinfo.so' (tried: /usr/lib64/php7/extensions/fileinfo.so (/usr/lib64/php7/extensions/fileinfo.so: cannot open shared object file: No such file or directory), /usr/lib64/php7/extensions/fileinfo.so.so (/usr/lib64/php7/extensions/fileinfo.so.so: cannot open shared object file: No such file or directory)) in Unknown on line 0
PHP Warning:  Module 'pdo_pgsql' already loaded in Unknown on line 0
PHP Warning:  Module 'pgsql' already loaded in Unknown on line 0
PHP Warning:  Module 'Phar' already loaded in Unknown on line 0
--- RUNNING INCREMENTAL SYNC (Yesterday & Today) ---
ERROR: SQLSTATE[HY000]: General error: 1205 Lock wait timeout exceeded; try restarting transactionPHP Warning:  PHP Startup: Unable to load dynamic library 'fileinfo.so' (tried: /usr/lib64/php7/extensions/fileinfo.so (/usr/lib64/php7/extensions/fileinfo.so: cannot open shared object file: No such file or directory), /usr/lib64/php7/extensions/fileinfo.so.so (/usr/lib64/php7/extensions/fileinfo.so.so: cannot open shared object file: No such file or directory)) in Unknown on line 0
PHP Warning:  Module 'pdo_pgsql' already loaded in Unknown on line 0
PHP Warning:  Module 'pgsql' already loaded in Unknown on line 0
PHP Warning:  Module 'Phar' already loaded in Unknown on line 0
--- RUNNING INCREMENTAL SYNC (Yesterday & Today) ---
Done! Processed 668 records for range 2026-08-28 to 2026-08-29.
PHP Warning:  PHP Startup: Unable to load dynamic library 'fileinfo.so' (tried: /usr/lib64/php7/extensions/fileinfo.so (/usr/lib64/php7/extensions/fileinfo.so: cannot open shared object file: No such file or directory), /usr/lib64/php7/extensions/fileinfo.so.so (/usr/lib64/php7/extensions/fileinfo.so.so: cannot open shared object file: No such file or directory)) in Unknown on line 0
PHP Warning:  Module 'pdo_pgsql' already loaded in Unknown on line 0
PHP Warning:  Module 'pgsql' already loaded in Unknown on line 0
PHP Warning:  Module 'Phar' already loaded in Unknown on line 0
--- RUNNING INCREMENTAL SYNC (Yesterday & Today) ---
ERROR: SQLSTATE[HY000]: General error: 1205 Lock wait timeout exceeded; try restarting transactionPHP Warning:  PHP Startup: Unable to load dynamic library 'fileinfo.so' (tried: /usr/lib64/php7/extensions/fileinfo.so (/usr/lib64/php7/extensions/fileinfo.so: cannot open shared object file: No such file or directory), /usr/lib64/php7/extensions/fileinfo.so.so (/usr/lib64/php7/extensions/fileinfo.so.so: cannot open shared object file: No such file or directory)) in Unknown on line 0
PHP Warning:  Module 'pdo_pgsql' already loaded in Unknown on line 0
PHP Warning:  Module 'pgsql' already loaded in Unknown on line 0
PHP Warning:  Module 'Phar' already loaded in Unknown on line 0
--- RUNNING INCREMENTAL SYNC (Yesterday & Today) ---
Done! Processed 668 records for range 2026-08-28 to 2026-08-29.
PHP Warning:  PHP Startup: Unable to load dynamic library 'fileinfo.so' (tried: /usr/lib64/php7/extensions/fileinfo.so (/usr/lib64/php7/extensions/fileinfo.so: cannot open shared object file: No such file or directory), /usr/lib64/php7/extensions/fileinfo.so.so (/usr/lib64/php7/extensions/fileinfo.so.so: cannot open shared object file: No such file or directory)) in Unknown on line 0
PHP Warning:  Module 'pdo_pgsql' already loaded in Unknown on line 0
PHP Warning:  Module 'pgsql' already loaded in Unknown on line 0
PHP Warning:  Module 'Phar' already loaded in Unknown on line 0
--- RUNNING INCREMENTAL SYNC (Yesterday & Today) ---
ERROR: SQLSTATE[HY000]: General error: 1205 Lock wait timeout exceeded; try restarting transactionPHP Warning:  PHP Startup: Unable to load dynamic library 'fileinfo.so' (tried: /usr/lib64/php7/extensions/fileinfo.so (/usr/lib64/php7/extensions/fileinfo.so: cannot open shared object file: No such file or directory), /usr/lib64/php7/extensions/fileinfo.so.so (/usr/lib64/php7/extensions/fileinfo.so.so: cannot open shared object file: No such file or directory)) in Unknown on line 0
PHP Warning:  Module 'pdo_pgsql' already loaded in Unknown on line 0
PHP Warning:  Module 'pgsql' already loaded in Unknown on line 0
PHP Warning:  Module 'Phar' already loaded in Unknown on line 0
--- RUNNING INCREMENTAL SYNC (Yesterday & Today) ---
Done! Processed 668 records for range 2026-08-28 to 2026-08-29.
PHP Warning:  PHP Startup: Unable to load dynamic library 'fileinfo.so' (tried: /usr/lib64/php7/extensions/fileinfo.so (/usr/lib64/php7/extensions/fileinfo.so: cannot open shared object file: No such file or directory), /usr/lib64/php7/extensions/fileinfo.so.so (/usr/lib64/php7/extensions/fileinfo.so.so: cannot open shared object file: No such file or directory)) in Unknown on line 0
PHP Warning:  Module 'pdo_pgsql' already loaded in Unknown on line 0
PHP Warning:  Module 'pgsql' already loaded in Unknown on line 0
PHP Warning:  Module 'Phar' already loaded in Unknown on line 0
--- Sync Started: INCREMENTAL ---
ERROR: SQLSTATE[40001]: Serialization failure: 1213 Deadlock found when trying to get lock; try restarting transactionPHP Warning:  PHP Startup: Unable to load dynamic library 'fileinfo.so' (tried: /usr/lib64/php7/extensions/fileinfo.so (/usr/lib64/php7/extensions/fileinfo.so: cannot open shared object file: No such file or directory), /usr/lib64/php7/extensions/fileinfo.so.so (/usr/lib64/php7/extensions/fileinfo.so.so: cannot open shared object file: No such file or directory)) in Unknown on line 0
PHP Warning:  Module 'pdo_pgsql' already loaded in Unknown on line 0
PHP Warning:  Module 'pgsql' already loaded in Unknown on line 0
PHP Warning:  Module 'Phar' already loaded in Unknown on line 0
--- Sync Started: INCREMENTAL ---
ERROR: SQLSTATE[40001]: Serialization failure: 1213 Deadlock found when trying to get lock; try restarting transactionPHP Warning:  PHP Startup: Unable to load dynamic library 'fileinfo.so' (tried: /usr/lib64/php7/extensions/fileinfo.so (/usr/lib64/php7/extensions/fileinfo.so: cannot open shared object file: No such file or directory), /usr/lib64/php7/extensions/fileinfo.so.so (/usr/lib64/php7/extensions/fileinfo.so.so: cannot open shared object file: No such file or directory)) in Unknown on line 0
PHP Warning:  Module 'pdo_pgsql' already loaded in Unknown on line 0
PHP Warning:  Module 'pgsql' already loaded in Unknown on line 0
PHP Warning:  Module 'Phar' already loaded in Unknown on line 0
--- Sync Started: INCREMENTAL ---
Records found in Dialer: 1573
Successfully updated 1029 rows in Portal.
--- Sync Finished ---
PHP Warning:  PHP Startup: Unable to load dynamic library 'fileinfo.so' (tried: /usr/lib64/php7/extensions/fileinfo.so (/usr/lib64/php7/extensions/fileinfo.so: cannot open shared object file: No such file or directory), /usr/lib64/php7/extensions/fileinfo.so.so (/usr/lib64/php7/extensions/fileinfo.so.so: cannot open shared object file: No such file or directory)) in Unknown on line 0
PHP Warning:  Module 'pdo_pgsql' already loaded in Unknown on line 0
PHP Warning:  Module 'pgsql' already loaded in Unknown on line 0
PHP Warning:  Module 'Phar' already loaded in Unknown on line 0
--- Sync Started: INCREMENTAL ---
Records found in Dialer: 1573
Successfully updated 1029 rows in Portal.
--- Sync Finished ---
PHP Warning:  PHP Startup: Unable to load dynamic library 'fileinfo.so' (tried: /usr/lib64/php7/extensions/fileinfo.so (/usr/lib64/php7/extensions/fileinfo.so: cannot open shared object file: No such file or directory), /usr/lib64/php7/extensions/fileinfo.so.so (/usr/lib64/php7/extensions/fileinfo.so.so: cannot open shared object file: No such file or directory)) in Unknown on line 0
PHP Warning:  Module 'pdo_pgsql' already loaded in Unknown on line 0
PHP Warning:  Module 'pgsql' already loaded in Unknown on line 0
PHP Warning:  Module 'Phar' already loaded in Unknown on line 0
--- RUNNING INCREMENTAL SYNC (Yesterday & Today) ---
Records found in Dialer: 1573
Successfully updated 1029 rows in Portal.
--- Sync Finished ---
PHP Warning:  PHP Startup: Unable to load dynamic library 'fileinfo.so' (tried: /usr/lib64/php7/extensions/fileinfo.so (/usr/lib64/php7/extensions/fileinfo.so: cannot open shared object file: No such file or directory), /usr/lib64/php7/extensions/fileinfo.so.so (/usr/lib64/php7/extensions/fileinfo.so.so: cannot open shared object file: No such file or directory)) in Unknown on line 0
PHP Warning:  Module 'pdo_pgsql' already loaded in Unknown on line 0
PHP Warning:  Module 'pgsql' already loaded in Unknown on line 0
PHP Warning:  Module 'Phar' already loaded in Unknown on line 0
--- RUNNING INCREMENTAL SYNC (Yesterday & Today) ---
Records found in Dialer: 1573
Successfully updated 1029 rows in Portal.
--- Sync Finished ---
PHP Warning:  PHP Startup: Unable to load dynamic library 'fileinfo.so' (tried: /usr/lib64/php7/extensions/fileinfo.so (/usr/lib64/php7/extensions/fileinfo.so: cannot open shared object file: No such file or directory), /usr/lib64/php7/extensions/fileinfo.so.so (/usr/lib64/php7/extensions/fileinfo.so.so: cannot open shared object file: No such file or directory)) in Unknown on line 0
PHP Warning:  Module 'pdo_pgsql' already loaded in Unknown on line 0
PHP Warning:  Module 'pgsql' already loaded in Unknown on line 0
PHP Warning:  Module 'Phar' already loaded in Unknown on line 0
--- RUNNING INCREMENTAL SYNC (Yesterday & Today) ---
Records found in Dialer: 1573
Successfully updated 1029 rows in Portal.
--- Sync Finished ---
PHP Warning:  PHP Startup: Unable to load dynamic library 'fileinfo.so' (tried: /usr/lib64/php7/extensions/fileinfo.so (/usr/lib64/php7/extensions/fileinfo.so: cannot open shared object file: No such file or directory), /usr/lib64/php7/extensions/fileinfo.so.so (/usr/lib64/php7/extensions/fileinfo.so.so: cannot open shared object file: No such file or directory)) in Unknown on line 0
PHP Warning:  Module 'pdo_pgsql' already loaded in Unknown on line 0
PHP Warning:  Module 'pgsql' already loaded in Unknown on line 0
PHP Warning:  Module 'Phar' already loaded in Unknown on line 0
--- RUNNING INCREMENTAL SYNC (Yesterday & Today) ---
Records found in Dialer: 1573
Successfully updated 1029 rows in Portal.
--- Sync Finished ---
PHP Warning:  PHP Startup: Unable to load dynamic library 'fileinfo.so' (tried: /usr/lib64/php7/extensions/fileinfo.so (/usr/lib64/php7/extensions/fileinfo.so: cannot open shared object file: No such file or directory), /usr/lib64/php7/extensions/fileinfo.so.so (/usr/lib64/php7/extensions/fileinfo.so.so: cannot open shared object file: No such file or directory)) in Unknown on line 0
PHP Warning:  Module 'pdo_pgsql' already loaded in Unknown on line 0
PHP Warning:  Module 'pgsql' already loaded in Unknown on line 0
PHP Warning:  Module 'Phar' already loaded in Unknown on line 0
--- RUNNING INCREMENTAL SYNC (Yesterday & Today) ---
Records found in Dialer: 1573
Successfully updated 1029 rows in Portal.
--- Sync Finished ---
PHP Warning:  PHP Startup: Unable to load dynamic library 'fileinfo.so' (tried: /usr/lib64/php7/extensions/fileinfo.so (/usr/lib64/php7/extensions/fileinfo.so: cannot open shared object file: No such file or directory), /usr/lib64/php7/extensions/fileinfo.so.so (/usr/lib64/php7/extensions/fileinfo.so.so: cannot open shared object file: No such file or directory)) in Unknown on line 0
PHP Warning:  Module 'pdo_pgsql' already loaded in Unknown on line 0
PHP Warning:  Module 'pgsql' already loaded in Unknown on line 0
PHP Warning:  Module 'Phar' already loaded in Unknown on line 0
--- RUNNING INCREMENTAL SYNC (Yesterday & Today) ---
Records found in Dialer: 1573
Successfully updated 1029 rows in Portal.
--- Sync Finished ---
PHP Warning:  PHP Startup: Unable to load dynamic library 'fileinfo.so' (tried: /usr/lib64/php7/extensions/fileinfo.so (/usr/lib64/php7/extensions/fileinfo.so: cannot open shared object file: No such file or directory), /usr/lib64/php7/extensions/fileinfo.so.so (/usr/lib64/php7/extensions/fileinfo.so.so: cannot open shared object file: No such file or directory)) in Unknown on line 0
PHP Warning:  Module 'pdo_pgsql' already loaded in Unknown on line 0
PHP Warning:  Module 'pgsql' already loaded in Unknown on line 0
PHP Warning:  Module 'Phar' already loaded in Unknown on line 0
--- RUNNING INCREMENTAL SYNC (Yesterday & Today) ---
Records found in Dialer: 1574
Successfully updated 1029 rows in Portal.
--- Sync Finished ---
PHP Warning:  PHP Startup: Unable to load dynamic library 'fileinfo.so' (tried: /usr/lib64/php7/extensions/fileinfo.so (/usr/lib64/php7/extensions/fileinfo.so: cannot open shared object file: No such file or directory), /usr/lib64/php7/extensions/fileinfo.so.so (/usr/lib64/php7/extensions/fileinfo.so.so: cannot open shared object file: No such file or directory)) in Unknown on line 0
PHP Warning:  Module 'pdo_pgsql' already loaded in Unknown on line 0
PHP Warning:  Module 'pgsql' already loaded in Unknown on line 0
PHP Warning:  Module 'Phar' already loaded in Unknown on line 0
--- RUNNING INCREMENTAL SYNC (Yesterday & Today) ---
Records found in Dialer: 1574
Successfully updated 1029 rows in Portal.
--- Sync Finished ---
PHP Warning:  PHP Startup: Unable to load dynamic library 'fileinfo.so' (tried: /usr/lib64/php7/extensions/fileinfo.so (/usr/lib64/php7/extensions/fileinfo.so: cannot open shared object file: No such file or directory), /usr/lib64/php7/extensions/fileinfo.so.so (/usr/lib64/php7/extensions/fileinfo.so.so: cannot open shared object file: No such file or directory)) in Unknown on line 0
PHP Warning:  Module 'pdo_pgsql' already loaded in Unknown on line 0
PHP Warning:  Module 'pgsql' already loaded in Unknown on line 0
PHP Warning:  Module 'Phar' already loaded in Unknown on line 0
--- RUNNING INCREMENTAL SYNC (Yesterday & Today) ---
Records found in Dialer: 1574
Successfully updated 1029 rows in Portal.
--- Sync Finished ---
PHP Warning:  PHP Startup: Unable to load dynamic library 'fileinfo.so' (tried: /usr/lib64/php7/extensions/fileinfo.so (/usr/lib64/php7/extensions/fileinfo.so: cannot open shared object file: No such file or directory), /usr/lib64/php7/extensions/fileinfo.so.so (/usr/lib64/php7/extensions/fileinfo.so.so: cannot open shared object file: No such file or directory)) in Unknown on line 0
PHP Warning:  Module 'pdo_pgsql' already loaded in Unknown on line 0
PHP Warning:  Module 'pgsql' already loaded in Unknown on line 0
PHP Warning:  Module 'Phar' already loaded in Unknown on line 0
--- RUNNING INCREMENTAL SYNC (Yesterday & Today) ---
Records found in Dialer: 1574
Successfully updated 1029 rows in Portal.
--- Sync Finished ---
PHP Warning:  PHP Startup: Unable to load dynamic library 'fileinfo.so' (tried: /usr/lib64/php7/extensions/fileinfo.so (/usr/lib64/php7/extensions/fileinfo.so: cannot open shared object file: No such file or directory), /usr/lib64/php7/extensions/fileinfo.so.so (/usr/lib64/php7/extensions/fileinfo.so.so: cannot open shared object file: No such file or directory)) in Unknown on line 0
PHP Warning:  Module 'pdo_pgsql' already loaded in Unknown on line 0
PHP Warning:  Module 'pgsql' already loaded in Unknown on line 0
PHP Warning:  Module 'Phar' already loaded in Unknown on line 0
--- RUNNING INCREMENTAL SYNC (Yesterday & Today) ---
Records found in Dialer: 1574
Successfully updated 1029 rows in Portal.
--- Sync Finished ---
PHP Warning:  PHP Startup: Unable to load dynamic library 'fileinfo.so' (tried: /usr/lib64/php7/extensions/fileinfo.so (/usr/lib64/php7/extensions/fileinfo.so: cannot open shared object file: No such file or directory), /usr/lib64/php7/extensions/fileinfo.so.so (/usr/lib64/php7/extensions/fileinfo.so.so: cannot open shared object file: No such file or directory)) in Unknown on line 0
PHP Warning:  Module 'pdo_pgsql' already loaded in Unknown on line 0
PHP Warning:  Module 'pgsql' already loaded in Unknown on line 0
PHP Warning:  Module 'Phar' already loaded in Unknown on line 0
--- RUNNING INCREMENTAL SYNC (Yesterday & Today) ---
Records found in Dialer: 1574
Successfully updated 1029 rows in Portal.
--- Sync Finished ---
PHP Warning:  PHP Startup: Unable to load dynamic library 'fileinfo.so' (tried: /usr/lib64/php7/extensions/fileinfo.so (/usr/lib64/php7/extensions/fileinfo.so: cannot open shared object file: No such file or directory), /usr/lib64/php7/extensions/fileinfo.so.so (/usr/lib64/php7/extensions/fileinfo.so.so: cannot open shared object file: No such file or directory)) in Unknown on line 0
PHP Warning:  Module 'pdo_pgsql' already loaded in Unknown on line 0
PHP Warning:  Module 'pgsql' already loaded in Unknown on line 0
PHP Warning:  Module 'Phar' already loaded in Unknown on line 0
--- RUNNING INCREMENTAL SYNC (Yesterday & Today) ---
Records found in Dialer: 1574
Successfully updated 1029 rows in Portal.
--- Sync Finished ---
PHP Warning:  PHP Startup: Unable to load dynamic library 'fileinfo.so' (tried: /usr/lib64/php7/extensions/fileinfo.so (/usr/lib64/php7/extensions/fileinfo.so: cannot open shared object file: No such file or directory), /usr/lib64/php7/extensions/fileinfo.so.so (/usr/lib64/php7/extensions/fileinfo.so.so: cannot open shared object file: No such file or directory)) in Unknown on line 0
PHP Warning:  Module 'pdo_pgsql' already loaded in Unknown on line 0
PHP Warning:  Module 'pgsql' already loaded in Unknown on line 0
PHP Warning:  Module 'Phar' already loaded in Unknown on line 0
--- RUNNING INCREMENTAL SYNC (Yesterday & Today) ---
Records found in Dialer: 1574
Successfully updated 1029 rows in Portal.
--- Sync Finished ---
PHP Warning:  PHP Startup: Unable to load dynamic library 'fileinfo.so' (tried: /usr/lib64/php7/extensions/fileinfo.so (/usr/lib64/php7/extensions/fileinfo.so: cannot open shared object file: No such file or directory), /usr/lib64/php7/extensions/fileinfo.so.so (/usr/lib64/php7/extensions/fileinfo.so.so: cannot open shared object file: No such file or directory)) in Unknown on line 0
PHP Warning:  Module 'pdo_pgsql' already loaded in Unknown on line 0
PHP Warning:  Module 'pgsql' already loaded in Unknown on line 0
PHP Warning:  Module 'Phar' already loaded in Unknown on line 0
--- RUNNING INCREMENTAL SYNC (Yesterday & Today) ---
Records found in Dialer: 1574
Successfully updated 1029 rows in Portal.
--- Sync Finished ---
PHP Warning:  PHP Startup: Unable to load dynamic library 'fileinfo.so' (tried: /usr/lib64/php7/extensions/fileinfo.so (/usr/lib64/php7/extensions/fileinfo.so: cannot open shared object file: No such file or directory), /usr/lib64/php7/extensions/fileinfo.so.so (/usr/lib64/php7/extensions/fileinfo.so.so: cannot open shared object file: No such file or directory)) in Unknown on line 0
PHP Warning:  Module 'pdo_pgsql' already loaded in Unknown on line 0
PHP Warning:  Module 'pgsql' already loaded in Unknown on line 0
PHP Warning:  Module 'Phar' already loaded in Unknown on line 0
--- RUNNING INCREMENTAL SYNC (Yesterday & Today) ---
Records found in Dialer: 1574
Successfully updated 1029 rows in Portal.
--- Sync Finished ---
PHP Warning:  PHP Startup: Unable to load dynamic library 'fileinfo.so' (tried: /usr/lib64/php7/extensions/fileinfo.so (/usr/lib64/php7/extensions/fileinfo.so: cannot open shared object file: No such file or directory), /usr/lib64/php7/extensions/fileinfo.so.so (/usr/lib64/php7/extensions/fileinfo.so.so: cannot open shared object file: No such file or directory)) in Unknown on line 0
PHP Warning:  Module 'pdo_pgsql' already loaded in Unknown on line 0
PHP Warning:  Module 'pgsql' already loaded in Unknown on line 0
PHP Warning:  Module 'Phar' already loaded in Unknown on line 0
--- RUNNING INCREMENTAL SYNC (Yesterday & Today) ---
Records found in Dialer: 1574
Successfully updated 1029 rows in Portal.
--- Sync Finished ---
PHP Warning:  PHP Startup: Unable to load dynamic library 'fileinfo.so' (tried: /usr/lib64/php7/extensions/fileinfo.so (/usr/lib64/php7/extensions/fileinfo.so: cannot open shared object file: No such file or directory), /usr/lib64/php7/extensions/fileinfo.so.so (/usr/lib64/php7/extensions/fileinfo.so.so: cannot open shared object file: No such file or directory)) in Unknown on line 0
PHP Warning:  Module 'pdo_pgsql' already loaded in Unknown on line 0
PHP Warning:  Module 'pgsql' already loaded in Unknown on line 0
PHP Warning:  Module 'Phar' already loaded in Unknown on line 0
--- RUNNING INCREMENTAL SYNC (Yesterday & Today) ---
Records found in Dialer: 1574
Successfully updated 1029 rows in Portal.
--- Sync Finished ---
PHP Warning:  PHP Startup: Unable to load dynamic library 'fileinfo.so' (tried: /usr/lib64/php7/extensions/fileinfo.so (/usr/lib64/php7/extensions/fileinfo.so: cannot open shared object file: No such file or directory), /usr/lib64/php7/extensions/fileinfo.so.so (/usr/lib64/php7/extensions/fileinfo.so.so: cannot open shared object file: No such file or directory)) in Unknown on line 0
PHP Warning:  Module 'pdo_pgsql' already loaded in Unknown on line 0
PHP Warning:  Module 'pgsql' already loaded in Unknown on line 0
PHP Warning:  Module 'Phar' already loaded in Unknown on line 0
--- RUNNING INCREMENTAL SYNC (Yesterday & Today) ---
Records found in Dialer: 1574
Successfully updated 1029 rows in Portal.
--- Sync Finished ---
PHP Warning:  PHP Startup: Unable to load dynamic library 'fileinfo.so' (tried: /usr/lib64/php7/extensions/fileinfo.so (/usr/lib64/php7/extensions/fileinfo.so: cannot open shared object file: No such file or directory), /usr/lib64/php7/extensions/fileinfo.so.so (/usr/lib64/php7/extensions/fileinfo.so.so: cannot open shared object file: No such file or directory)) in Unknown on line 0
PHP Warning:  Module 'pdo_pgsql' already loaded in Unknown on line 0
PHP Warning:  Module 'pgsql' already loaded in Unknown on line 0
PHP Warning:  Module 'Phar' already loaded in Unknown on line 0
--- RUNNING INCREMENTAL SYNC (Yesterday & Today) ---
Records found in Dialer: 1574
Successfully updated 1029 rows in Portal.
--- Sync Finished ---
PHP Warning:  PHP Startup: Unable to load dynamic library 'fileinfo.so' (tried: /usr/lib64/php7/extensions/fileinfo.so (/usr/lib64/php7/extensions/fileinfo.so: cannot open shared object file: No such file or directory), /usr/lib64/php7/extensions/fileinfo.so.so (/usr/lib64/php7/extensions/fileinfo.so.so: cannot open shared object file: No such file or directory)) in Unknown on line 0
PHP Warning:  Module 'pdo_pgsql' already loaded in Unknown on line 0
PHP Warning:  Module 'pgsql' already loaded in Unknown on line 0
PHP Warning:  Module 'Phar' already loaded in Unknown on line 0
--- RUNNING INCREMENTAL SYNC (Yesterday & Today) ---
Records found in Dialer: 1574
Successfully updated 1029 rows in Portal.
--- Sync Finished ---
PHP Warning:  PHP Startup: Unable to load dynamic library 'fileinfo.so' (tried: /usr/lib64/php7/extensions/fileinfo.so (/usr/lib64/php7/extensions/fileinfo.so: cannot open shared object file: No such file or directory), /usr/lib64/php7/extensions/fileinfo.so.so (/usr/lib64/php7/extensions/fileinfo.so.so: cannot open shared object file: No such file or directory)) in Unknown on line 0
PHP Warning:  Module 'pdo_pgsql' already loaded in Unknown on line 0
PHP Warning:  Module 'pgsql' already loaded in Unknown on line 0
PHP Warning:  Module 'Phar' already loaded in Unknown on line 0
--- RUNNING INCREMENTAL SYNC (Yesterday & Today) ---
Records found in Dialer: 1574
Successfully updated 1029 rows in Portal.
--- Sync Finished ---
PHP Warning:  PHP Startup: Unable to load dynamic library 'fileinfo.so' (tried: /usr/lib64/php7/extensions/fileinfo.so (/usr/lib64/php7/extensions/fileinfo.so: cannot open shared object file: No such file or directory), /usr/lib64/php7/extensions/fileinfo.so.so (/usr/lib64/php7/extensions/fileinfo.so.so: cannot open shared object file: No such file or directory)) in Unknown on line 0
PHP Warning:  Module 'pdo_pgsql' already loaded in Unknown on line 0
PHP Warning:  Module 'pgsql' already loaded in Unknown on line 0
PHP Warning:  Module 'Phar' already loaded in Unknown on line 0
--- RUNNING INCREMENTAL SYNC (Yesterday & Today) ---
Records found in Dialer: 1574
Successfully updated 1029 rows in Portal.
--- Sync Finished ---
PHP Warning:  PHP Startup: Unable to load dynamic library 'fileinfo.so' (tried: /usr/lib64/php7/extensions/fileinfo.so (/usr/lib64/php7/extensions/fileinfo.so: cannot open shared object file: No such file or directory), /usr/lib64/php7/extensions/fileinfo.so.so (/usr/lib64/php7/extensions/fileinfo.so.so: cannot open shared object file: No such file or directory)) in Unknown on line 0
PHP Warning:  Module 'pdo_pgsql' already loaded in Unknown on line 0
PHP Warning:  Module 'pgsql' already loaded in Unknown on line 0
PHP Warning:  Module 'Phar' already loaded in Unknown on line 0
--- RUNNING INCREMENTAL SYNC (Yesterday & Today) ---
Records found in Dialer: 1574
Successfully updated 1029 rows in Portal.
--- Sync Finished ---
PHP Warning:  PHP Startup: Unable to load dynamic library 'fileinfo.so' (tried: /usr/lib64/php7/extensions/fileinfo.so (/usr/lib64/php7/extensions/fileinfo.so: cannot open shared object file: No such file or directory), /usr/lib64/php7/extensions/fileinfo.so.so (/usr/lib64/php7/extensions/fileinfo.so.so: cannot open shared object file: No such file or directory)) in Unknown on line 0
PHP Warning:  Module 'pdo_pgsql' already loaded in Unknown on line 0
PHP Warning:  Module 'pgsql' already loaded in Unknown on line 0
PHP Warning:  Module 'Phar' already loaded in Unknown on line 0
--- RUNNING INCREMENTAL SYNC (Yesterday & Today) ---
Records found in Dialer: 1574
Successfully updated 1029 rows in Portal.
--- Sync Finished ---
PHP Warning:  PHP Startup: Unable to load dynamic library 'fileinfo.so' (tried: /usr/lib64/php7/extensions/fileinfo.so (/usr/lib64/php7/extensions/fileinfo.so: cannot open shared object file: No such file or directory), /usr/lib64/php7/extensions/fileinfo.so.so (/usr/lib64/php7/extensions/fileinfo.so.so: cannot open shared object file: No such file or directory)) in Unknown on line 0
PHP Warning:  Module 'pdo_pgsql' already loaded in Unknown on line 0
PHP Warning:  Module 'pgsql' already loaded in Unknown on line 0
PHP Warning:  Module 'Phar' already loaded in Unknown on line 0
--- RUNNING INCREMENTAL SYNC (Yesterday & Today) ---
Records found in Dialer: 1574
Successfully updated 1029 rows in Portal.
--- Sync Finished ---
PHP Warning:  PHP Startup: Unable to load dynamic library 'fileinfo.so' (tried: /usr/lib64/php7/extensions/fileinfo.so (/usr/lib64/php7/extensions/fileinfo.so: cannot open shared object file: No such file or directory), /usr/lib64/php7/extensions/fileinfo.so.so (/usr/lib64/php7/extensions/fileinfo.so.so: cannot open shared object file: No such file or directory)) in Unknown on line 0
PHP Warning:  Module 'pdo_pgsql' already loaded in Unknown on line 0
PHP Warning:  Module 'pgsql' already loaded in Unknown on line 0
PHP Warning:  Module 'Phar' already loaded in Unknown on line 0
--- RUNNING INCREMENTAL SYNC (Yesterday & Today) ---
Records found in Dialer: 1574
Successfully updated 1029 rows in Portal.
--- Sync Finished ---
PHP Warning:  PHP Startup: Unable to load dynamic library 'fileinfo.so' (tried: /usr/lib64/php7/extensions/fileinfo.so (/usr/lib64/php7/extensions/fileinfo.so: cannot open shared object file: No such file or directory), /usr/lib64/php7/extensions/fileinfo.so.so (/usr/lib64/php7/extensions/fileinfo.so.so: cannot open shared object file: No such file or directory)) in Unknown on line 0
PHP Warning:  Module 'pdo_pgsql' already loaded in Unknown on line 0
PHP Warning:  Module 'pgsql' already loaded in Unknown on line 0
PHP Warning:  Module 'Phar' already loaded in Unknown on line 0
--- RUNNING INCREMENTAL SYNC (Yesterday & Today) ---
Records found in Dialer: 1574
Successfully updated 1029 rows in Portal.
--- Sync Finished ---
PHP Warning:  PHP Startup: Unable to load dynamic library 'fileinfo.so' (tried: /usr/lib64/php7/extensions/fileinfo.so (/usr/lib64/php7/extensions/fileinfo.so: cannot open shared object file: No such file or directory), /usr/lib64/php7/extensions/fileinfo.so.so (/usr/lib64/php7/extensions/fileinfo.so.so: cannot open shared object file: No such file or directory)) in Unknown on line 0
PHP Warning:  Module 'pdo_pgsql' already loaded in Unknown on line 0
PHP Warning:  Module 'pgsql' already loaded in Unknown on line 0
PHP Warning:  Module 'Phar' already loaded in Unknown on line 0
--- RUNNING INCREMENTAL SYNC (Yesterday & Today) ---
Records found in Dialer: 1574
Successfully updated 1029 rows in Portal.
--- Sync Finished ---
PHP Warning:  PHP Startup: Unable to load dynamic library 'fileinfo.so' (tried: /usr/lib64/php7/extensions/fileinfo.so (/usr/lib64/php7/extensions/fileinfo.so: cannot open shared object file: No such file or directory), /usr/lib64/php7/extensions/fileinfo.so.so (/usr/lib64/php7/extensions/fileinfo.so.so: cannot open shared object file: No such file or directory)) in Unknown on line 0
PHP Warning:  Module 'pdo_pgsql' already loaded in Unknown on line 0
PHP Warning:  Module 'pgsql' already loaded in Unknown on line 0
PHP Warning:  Module 'Phar' already loaded in Unknown on line 0
--- RUNNING INCREMENTAL SYNC (Yesterday & Today) ---
Records found in Dialer: 1574
Successfully updated 1029 rows in Portal.
--- Sync Finished ---
PHP Warning:  PHP Startup: Unable to load dynamic library 'fileinfo.so' (tried: /usr/lib64/php7/extensions/fileinfo.so (/usr/lib64/php7/extensions/fileinfo.so: cannot open shared object file: No such file or directory), /usr/lib64/php7/extensions/fileinfo.so.so (/usr/lib64/php7/extensions/fileinfo.so.so: cannot open shared object file: No such file or directory)) in Unknown on line 0
PHP Warning:  Module 'pdo_pgsql' already loaded in Unknown on line 0
PHP Warning:  Module 'pgsql' already loaded in Unknown on line 0
PHP Warning:  Module 'Phar' already loaded in Unknown on line 0
--- RUNNING INCREMENTAL SYNC (Yesterday & Today) ---
Records found in Dialer: 1574
Successfully updated 1029 rows in Portal.
--- Sync Finished ---
PHP Warning:  PHP Startup: Unable to load dynamic library 'fileinfo.so' (tried: /usr/lib64/php7/extensions/fileinfo.so (/usr/lib64/php7/extensions/fileinfo.so: cannot open shared object file: No such file or directory), /usr/lib64/php7/extensions/fileinfo.so.so (/usr/lib64/php7/extensions/fileinfo.so.so: cannot open shared object file: No such file or directory)) in Unknown on line 0
PHP Warning:  Module 'pdo_pgsql' already loaded in Unknown on line 0
PHP Warning:  Module 'pgsql' already loaded in Unknown on line 0
PHP Warning:  Module 'Phar' already loaded in Unknown on line 0
--- RUNNING INCREMENTAL SYNC (Yesterday & Today) ---
Records found in Dialer: 1574
Successfully updated 1029 rows in Portal.
--- Sync Finished ---
PHP Warning:  PHP Startup: Unable to load dynamic library 'fileinfo.so' (tried: /usr/lib64/php7/extensions/fileinfo.so (/usr/lib64/php7/extensions/fileinfo.so: cannot open shared object file: No such file or directory), /usr/lib64/php7/extensions/fileinfo.so.so (/usr/lib64/php7/extensions/fileinfo.so.so: cannot open shared object file: No such file or directory)) in Unknown on line 0
PHP Warning:  Module 'pdo_pgsql' already loaded in Unknown on line 0
PHP Warning:  Module 'pgsql' already loaded in Unknown on line 0
PHP Warning:  Module 'Phar' already loaded in Unknown on line 0
--- RUNNING INCREMENTAL SYNC (Yesterday & Today) ---
Records found in Dialer: 1574
Successfully updated 1029 rows in Portal.
--- Sync Finished ---
PHP Warning:  PHP Startup: Unable to load dynamic library 'fileinfo.so' (tried: /usr/lib64/php7/extensions/fileinfo.so (/usr/lib64/php7/extensions/fileinfo.so: cannot open shared object file: No such file or directory), /usr/lib64/php7/extensions/fileinfo.so.so (/usr/lib64/php7/extensions/fileinfo.so.so: cannot open shared object file: No such file or directory)) in Unknown on line 0
PHP Warning:  Module 'pdo_pgsql' already loaded in Unknown on line 0
PHP Warning:  Module 'pgsql' already loaded in Unknown on line 0
PHP Warning:  Module 'Phar' already loaded in Unknown on line 0
--- RUNNING INCREMENTAL SYNC (Yesterday & Today) ---
Records found in Dialer: 1574
Successfully updated 1029 rows in Portal.
--- Sync Finished ---
PHP Warning:  PHP Startup: Unable to load dynamic library 'fileinfo.so' (tried: /usr/lib64/php7/extensions/fileinfo.so (/usr/lib64/php7/extensions/fileinfo.so: cannot open shared object file: No such file or directory), /usr/lib64/php7/extensions/fileinfo.so.so (/usr/lib64/php7/extensions/fileinfo.so.so: cannot open shared object file: No such file or directory)) in Unknown on line 0
PHP Warning:  Module 'pdo_pgsql' already loaded in Unknown on line 0
PHP Warning:  Module 'pgsql' already loaded in Unknown on line 0
PHP Warning:  Module 'Phar' already loaded in Unknown on line 0
--- RUNNING INCREMENTAL SYNC (Yesterday & Today) ---
Records found in Dialer: 1574
Successfully updated 1029 rows in Portal.
--- Sync Finished ---
PHP Warning:  PHP Startup: Unable to load dynamic library 'fileinfo.so' (tried: /usr/lib64/php7/extensions/fileinfo.so (/usr/lib64/php7/extensions/fileinfo.so: cannot open shared object file: No such file or directory), /usr/lib64/php7/extensions/fileinfo.so.so (/usr/lib64/php7/extensions/fileinfo.so.so: cannot open shared object file: No such file or directory)) in Unknown on line 0
PHP Warning:  Module 'pdo_pgsql' already loaded in Unknown on line 0
PHP Warning:  Module 'pgsql' already loaded in Unknown on line 0
PHP Warning:  Module 'Phar' already loaded in Unknown on line 0
--- RUNNING INCREMENTAL SYNC (Yesterday & Today) ---
Records found in Dialer: 1574
Successfully updated 1029 rows in Portal.
--- Sync Finished ---
PHP Warning:  PHP Startup: Unable to load dynamic library 'fileinfo.so' (tried: /usr/lib64/php7/extensions/fileinfo.so (/usr/lib64/php7/extensions/fileinfo.so: cannot open shared object file: No such file or directory), /usr/lib64/php7/extensions/fileinfo.so.so (/usr/lib64/php7/extensions/fileinfo.so.so: cannot open shared object file: No such file or directory)) in Unknown on line 0
PHP Warning:  Module 'pdo_pgsql' already loaded in Unknown on line 0
PHP Warning:  Module 'pgsql' already loaded in Unknown on line 0
PHP Warning:  Module 'Phar' already loaded in Unknown on line 0
--- RUNNING INCREMENTAL SYNC (Yesterday & Today) ---
Records found in Dialer: 1574
Successfully updated 1029 rows in Portal.
--- Sync Finished ---
PHP Warning:  PHP Startup: Unable to load dynamic library 'fileinfo.so' (tried: /usr/lib64/php7/extensions/fileinfo.so (/usr/lib64/php7/extensions/fileinfo.so: cannot open shared object file: No such file or directory), /usr/lib64/php7/extensions/fileinfo.so.so (/usr/lib64/php7/extensions/fileinfo.so.so: cannot open shared object file: No such file or directory)) in Unknown on line 0
PHP Warning:  Module 'pdo_pgsql' already loaded in Unknown on line 0
PHP Warning:  Module 'pgsql' already loaded in Unknown on line 0
PHP Warning:  Module 'Phar' already loaded in Unknown on line 0
--- RUNNING INCREMENTAL SYNC (Yesterday & Today) ---
Records found in Dialer: 1574
Successfully updated 1029 rows in Portal.
--- Sync Finished ---
PHP Warning:  PHP Startup: Unable to load dynamic library 'fileinfo.so' (tried: /usr/lib64/php7/extensions/fileinfo.so (/usr/lib64/php7/extensions/fileinfo.so: cannot open shared object file: No such file or directory), /usr/lib64/php7/extensions/fileinfo.so.so (/usr/lib64/php7/extensions/fileinfo.so.so: cannot open shared object file: No such file or directory)) in Unknown on line 0
PHP Warning:  Module 'pdo_pgsql' already loaded in Unknown on line 0
PHP Warning:  Module 'pgsql' already loaded in Unknown on line 0
PHP Warning:  Module 'Phar' already loaded in Unknown on line 0
--- RUNNING INCREMENTAL SYNC (Yesterday & Today) ---
Records found in Dialer: 1574
Successfully updated 1029 rows in Portal.
--- Sync Finished ---
PHP Warning:  PHP Startup: Unable to load dynamic library 'fileinfo.so' (tried: /usr/lib64/php7/extensions/fileinfo.so (/usr/lib64/php7/extensions/fileinfo.so: cannot open shared object file: No such file or directory), /usr/lib64/php7/extensions/fileinfo.so.so (/usr/lib64/php7/extensions/fileinfo.so.so: cannot open shared object file: No such file or directory)) in Unknown on line 0
PHP Warning:  Module 'pdo_pgsql' already loaded in Unknown on line 0
PHP Warning:  Module 'pgsql' already loaded in Unknown on line 0
PHP Warning:  Module 'Phar' already loaded in Unknown on line 0
--- RUNNING INCREMENTAL SYNC (Yesterday & Today) ---
Records found in Dialer: 1574
Successfully updated 1029 rows in Portal.
--- Sync Finished ---
PHP Warning:  PHP Startup: Unable to load dynamic library 'fileinfo.so' (tried: /usr/lib64/php7/extensions/fileinfo.so (/usr/lib64/php7/extensions/fileinfo.so: cannot open shared object file: No such file or directory), /usr/lib64/php7/extensions/fileinfo.so.so (/usr/lib64/php7/extensions/fileinfo.so.so: cannot open shared object file: No such file or directory)) in Unknown on line 0
PHP Warning:  Module 'pdo_pgsql' already loaded in Unknown on line 0
PHP Warning:  Module 'pgsql' already loaded in Unknown on line 0
PHP Warning:  Module 'Phar' already loaded in Unknown on line 0
--- RUNNING INCREMENTAL SYNC (Yesterday & Today) ---
Records found in Dialer: 1574
Successfully updated 1029 rows in Portal.
--- Sync Finished ---
PHP Warning:  PHP Startup: Unable to load dynamic library 'fileinfo.so' (tried: /usr/lib64/php7/extensions/fileinfo.so (/usr/lib64/php7/extensions/fileinfo.so: cannot open shared object file: No such file or directory), /usr/lib64/php7/extensions/fileinfo.so.so (/usr/lib64/php7/extensions/fileinfo.so.so: cannot open shared object file: No such file or directory)) in Unknown on line 0
PHP Warning:  Module 'pdo_pgsql' already loaded in Unknown on line 0
PHP Warning:  Module 'pgsql' already loaded in Unknown on line 0
PHP Warning:  Module 'Phar' already loaded in Unknown on line 0
--- RUNNING INCREMENTAL SYNC (Yesterday & Today) ---
Records found in Dialer: 1574
Successfully updated 1029 rows in Portal.
--- Sync Finished ---
PHP Warning:  PHP Startup: Unable to load dynamic library 'fileinfo.so' (tried: /usr/lib64/php7/extensions/fileinfo.so (/usr/lib64/php7/extensions/fileinfo.so: cannot open shared object file: No such file or directory), /usr/lib64/php7/extensions/fileinfo.so.so (/usr/lib64/php7/extensions/fileinfo.so.so: cannot open shared object file: No such file or directory)) in Unknown on line 0
PHP Warning:  Module 'pdo_pgsql' already loaded in Unknown on line 0
PHP Warning:  Module 'pgsql' already loaded in Unknown on line 0
PHP Warning:  Module 'Phar' already loaded in Unknown on line 0
--- RUNNING INCREMENTAL SYNC (Yesterday & Today) ---
Records found in Dialer: 1574
Successfully updated 1029 rows in Portal.
--- Sync Finished ---
PHP Warning:  PHP Startup: Unable to load dynamic library 'fileinfo.so' (tried: /usr/lib64/php7/extensions/fileinfo.so (/usr/lib64/php7/extensions/fileinfo.so: cannot open shared object file: No such file or directory), /usr/lib64/php7/extensions/fileinfo.so.so (/usr/lib64/php7/extensions/fileinfo.so.so: cannot open shared object file: No such file or directory)) in Unknown on line 0
PHP Warning:  Module 'pdo_pgsql' already loaded in Unknown on line 0
PHP Warning:  Module 'pgsql' already loaded in Unknown on line 0
PHP Warning:  Module 'Phar' already loaded in Unknown on line 0
--- RUNNING INCREMENTAL SYNC (Yesterday & Today) ---
Records found in Dialer: 1574
Successfully updated 1029 rows in Portal.
--- Sync Finished ---
PHP Warning:  PHP Startup: Unable to load dynamic library 'fileinfo.so' (tried: /usr/lib64/php7/extensions/fileinfo.so (/usr/lib64/php7/extensions/fileinfo.so: cannot open shared object file: No such file or directory), /usr/lib64/php7/extensions/fileinfo.so.so (/usr/lib64/php7/extensions/fileinfo.so.so: cannot open shared object file: No such file or directory)) in Unknown on line 0
PHP Warning:  Module 'pdo_pgsql' already loaded in Unknown on line 0
PHP Warning:  Module 'pgsql' already loaded in Unknown on line 0
PHP Warning:  Module 'Phar' already loaded in Unknown on line 0
--- RUNNING INCREMENTAL SYNC (Yesterday & Today) ---
Records found in Dialer: 1574
Successfully updated 1029 rows in Portal.
--- Sync Finished ---
PHP Warning:  PHP Startup: Unable to load dynamic library 'fileinfo.so' (tried: /usr/lib64/php7/extensions/fileinfo.so (/usr/lib64/php7/extensions/fileinfo.so: cannot open shared object file: No such file or directory), /usr/lib64/php7/extensions/fileinfo.so.so (/usr/lib64/php7/extensions/fileinfo.so.so: cannot open shared object file: No such file or directory)) in Unknown on line 0
PHP Warning:  Module 'pdo_pgsql' already loaded in Unknown on line 0
PHP Warning:  Module 'pgsql' already loaded in Unknown on line 0
PHP Warning:  Module 'Phar' already loaded in Unknown on line 0
--- RUNNING INCREMENTAL SYNC (Yesterday & Today) ---
Records found in Dialer: 1574
Successfully updated 1029 rows in Portal.
--- Sync Finished ---
PHP Warning:  PHP Startup: Unable to load dynamic library 'fileinfo.so' (tried: /usr/lib64/php7/extensions/fileinfo.so (/usr/lib64/php7/extensions/fileinfo.so: cannot open shared object file: No such file or directory), /usr/lib64/php7/extensions/fileinfo.so.so (/usr/lib64/php7/extensions/fileinfo.so.so: cannot open shared object file: No such file or directory)) in Unknown on line 0
PHP Warning:  Module 'pdo_pgsql' already loaded in Unknown on line 0
PHP Warning:  Module 'pgsql' already loaded in Unknown on line 0
PHP Warning:  Module 'Phar' already loaded in Unknown on line 0
--- RUNNING INCREMENTAL SYNC (Yesterday & Today) ---
Records found in Dialer: 1574
Successfully updated 1029 rows in Portal.
--- Sync Finished ---
PHP Warning:  PHP Startup: Unable to load dynamic library 'fileinfo.so' (tried: /usr/lib64/php7/extensions/fileinfo.so (/usr/lib64/php7/extensions/fileinfo.so: cannot open shared object file: No such file or directory), /usr/lib64/php7/extensions/fileinfo.so.so (/usr/lib64/php7/extensions/fileinfo.so.so: cannot open shared object file: No such file or directory)) in Unknown on line 0
PHP Warning:  Module 'pdo_pgsql' already loaded in Unknown on line 0
PHP Warning:  Module 'pgsql' already loaded in Unknown on line 0
PHP Warning:  Module 'Phar' already loaded in Unknown on line 0
--- RUNNING INCREMENTAL SYNC (Yesterday & Today) ---
Records found in Dialer: 1574
Successfully updated 1029 rows in Portal.
--- Sync Finished ---
PHP Warning:  PHP Startup: Unable to load dynamic library 'fileinfo.so' (tried: /usr/lib64/php7/extensions/fileinfo.so (/usr/lib64/php7/extensions/fileinfo.so: cannot open shared object file: No such file or directory), /usr/lib64/php7/extensions/fileinfo.so.so (/usr/lib64/php7/extensions/fileinfo.so.so: cannot open shared object file: No such file or directory)) in Unknown on line 0
PHP Warning:  Module 'pdo_pgsql' already loaded in Unknown on line 0
PHP Warning:  Module 'pgsql' already loaded in Unknown on line 0
PHP Warning:  Module 'Phar' already loaded in Unknown on line 0
--- RUNNING INCREMENTAL SYNC (Yesterday & Today) ---
Records found in Dialer: 1574
Successfully updated 1029 rows in Portal.
--- Sync Finished ---
PHP Warning:  PHP Startup: Unable to load dynamic library 'fileinfo.so' (tried: /usr/lib64/php7/extensions/fileinfo.so (/usr/lib64/php7/extensions/fileinfo.so: cannot open shared object file: No such file or directory), /usr/lib64/php7/extensions/fileinfo.so.so (/usr/lib64/php7/extensions/fileinfo.so.so: cannot open shared object file: No such file or directory)) in Unknown on line 0
PHP Warning:  Module 'pdo_pgsql' already loaded in Unknown on line 0
PHP Warning:  Module 'pgsql' already loaded in Unknown on line 0
PHP Warning:  Module 'Phar' already loaded in Unknown on line 0
--- RUNNING INCREMENTAL SYNC (Yesterday & Today) ---
Records found in Dialer: 1574
Successfully updated 1029 rows in Portal.
--- Sync Finished ---
PHP Warning:  PHP Startup: Unable to load dynamic library 'fileinfo.so' (tried: /usr/lib64/php7/extensions/fileinfo.so (/usr/lib64/php7/extensions/fileinfo.so: cannot open shared object file: No such file or directory), /usr/lib64/php7/extensions/fileinfo.so.so (/usr/lib64/php7/extensions/fileinfo.so.so: cannot open shared object file: No such file or directory)) in Unknown on line 0
PHP Warning:  Module 'pdo_pgsql' already loaded in Unknown on line 0
PHP Warning:  Module 'pgsql' already loaded in Unknown on line 0
PHP Warning:  Module 'Phar' already loaded in Unknown on line 0
--- RUNNING INCREMENTAL SYNC (Yesterday & Today) ---
Records found in Dialer: 1574
Successfully updated 1029 rows in Portal.
--- Sync Finished ---
PHP Warning:  PHP Startup: Unable to load dynamic library 'fileinfo.so' (tried: /usr/lib64/php7/extensions/fileinfo.so (/usr/lib64/php7/extensions/fileinfo.so: cannot open shared object file: No such file or directory), /usr/lib64/php7/extensions/fileinfo.so.so (/usr/lib64/php7/extensions/fileinfo.so.so: cannot open shared object file: No such file or directory)) in Unknown on line 0
PHP Warning:  Module 'pdo_pgsql' already loaded in Unknown on line 0
PHP Warning:  Module 'pgsql' already loaded in Unknown on line 0
PHP Warning:  Module 'Phar' already loaded in Unknown on line 0
--- RUNNING INCREMENTAL SYNC (Yesterday & Today) ---
Records found in Dialer: 1574
Successfully updated 1029 rows in Portal.
--- Sync Finished ---
PHP Warning:  PHP Startup: Unable to load dynamic library 'fileinfo.so' (tried: /usr/lib64/php7/extensions/fileinfo.so (/usr/lib64/php7/extensions/fileinfo.so: cannot open shared object file: No such file or directory), /usr/lib64/php7/extensions/fileinfo.so.so (/usr/lib64/php7/extensions/fileinfo.so.so: cannot open shared object file: No such file or directory)) in Unknown on line 0
PHP Warning:  Module 'pdo_pgsql' already loaded in Unknown on line 0
PHP Warning:  Module 'pgsql' already loaded in Unknown on line 0
PHP Warning:  Module 'Phar' already loaded in Unknown on line 0
--- RUNNING INCREMENTAL SYNC (Yesterday & Today) ---
Records found in Dialer: 1574
Successfully updated 1029 rows in Portal.
--- Sync Finished ---
PHP Warning:  PHP Startup: Unable to load dynamic library 'fileinfo.so' (tried: /usr/lib64/php7/extensions/fileinfo.so (/usr/lib64/php7/extensions/fileinfo.so: cannot open shared object file: No such file or directory), /usr/lib64/php7/extensions/fileinfo.so.so (/usr/lib64/php7/extensions/fileinfo.so.so: cannot open shared object file: No such file or directory)) in Unknown on line 0
PHP Warning:  Module 'pdo_pgsql' already loaded in Unknown on line 0
PHP Warning:  Module 'pgsql' already loaded in Unknown on line 0
PHP Warning:  Module 'Phar' already loaded in Unknown on line 0
--- RUNNING INCREMENTAL SYNC (Yesterday & Today) ---
Records found in Dialer: 1574
Successfully updated 1029 rows in Portal.
--- Sync Finished ---
PHP Warning:  PHP Startup: Unable to load dynamic library 'fileinfo.so' (tried: /usr/lib64/php7/extensions/fileinfo.so (/usr/lib64/php7/extensions/fileinfo.so: cannot open shared object file: No such file or directory), /usr/lib64/php7/extensions/fileinfo.so.so (/usr/lib64/php7/extensions/fileinfo.so.so: cannot open shared object file: No such file or directory)) in Unknown on line 0
PHP Warning:  Module 'pdo_pgsql' already loaded in Unknown on line 0
PHP Warning:  Module 'pgsql' already loaded in Unknown on line 0
PHP Warning:  Module 'Phar' already loaded in Unknown on line 0
--- RUNNING INCREMENTAL SYNC (Yesterday & Today) ---
Records found in Dialer: 1574
Successfully updated 1029 rows in Portal.
--- Sync Finished ---
PHP Warning:  PHP Startup: Unable to load dynamic library 'fileinfo.so' (tried: /usr/lib64/php7/extensions/fileinfo.so (/usr/lib64/php7/extensions/fileinfo.so: cannot open shared object file: No such file or directory), /usr/lib64/php7/extensions/fileinfo.so.so (/usr/lib64/php7/extensions/fileinfo.so.so: cannot open shared object file: No such file or directory)) in Unknown on line 0
PHP Warning:  Module 'pdo_pgsql' already loaded in Unknown on line 0
PHP Warning:  Module 'pgsql' already loaded in Unknown on line 0
PHP Warning:  Module 'Phar' already loaded in Unknown on line 0
--- RUNNING INCREMENTAL SYNC (Yesterday & Today) ---
Records found in Dialer: 1574
Successfully updated 1029 rows in Portal.
--- Sync Finished ---
PHP Warning:  PHP Startup: Unable to load dynamic library 'fileinfo.so' (tried: /usr/lib64/php7/extensions/fileinfo.so (/usr/lib64/php7/extensions/fileinfo.so: cannot open shared object file: No such file or directory), /usr/lib64/php7/extensions/fileinfo.so.so (/usr/lib64/php7/extensions/fileinfo.so.so: cannot open shared object file: No such file or directory)) in Unknown on line 0
PHP Warning:  Module 'pdo_pgsql' already loaded in Unknown on line 0
PHP Warning:  Module 'pgsql' already loaded in Unknown on line 0
PHP Warning:  Module 'Phar' already loaded in Unknown on line 0
--- RUNNING INCREMENTAL SYNC (Yesterday & Today) ---
Records found in Dialer: 1574
Successfully updated 1029 rows in Portal.
--- Sync Finished ---
PHP Warning:  PHP Startup: Unable to load dynamic library 'fileinfo.so' (tried: /usr/lib64/php7/extensions/fileinfo.so (/usr/lib64/php7/extensions/fileinfo.so: cannot open shared object file: No such file or directory), /usr/lib64/php7/extensions/fileinfo.so.so (/usr/lib64/php7/extensions/fileinfo.so.so: cannot open shared object file: No such file or directory)) in Unknown on line 0
PHP Warning:  Module 'pdo_pgsql' already loaded in Unknown on line 0
PHP Warning:  Module 'pgsql' already loaded in Unknown on line 0
PHP Warning:  Module 'Phar' already loaded in Unknown on line 0
--- RUNNING INCREMENTAL SYNC (Yesterday & Today) ---
Records found in Dialer: 1574
Successfully updated 1029 rows in Portal.
--- Sync Finished ---
PHP Warning:  PHP Startup: Unable to load dynamic library 'fileinfo.so' (tried: /usr/lib64/php7/extensions/fileinfo.so (/usr/lib64/php7/extensions/fileinfo.so: cannot open shared object file: No such file or directory), /usr/lib64/php7/extensions/fileinfo.so.so (/usr/lib64/php7/extensions/fileinfo.so.so: cannot open shared object file: No such file or directory)) in Unknown on line 0
PHP Warning:  Module 'pdo_pgsql' already loaded in Unknown on line 0
PHP Warning:  Module 'pgsql' already loaded in Unknown on line 0
PHP Warning:  Module 'Phar' already loaded in Unknown on line 0
--- RUNNING INCREMENTAL SYNC (Yesterday & Today) ---
Records found in Dialer: 1574
Successfully updated 1029 rows in Portal.
--- Sync Finished ---
PHP Warning:  PHP Startup: Unable to load dynamic library 'fileinfo.so' (tried: /usr/lib64/php7/extensions/fileinfo.so (/usr/lib64/php7/extensions/fileinfo.so: cannot open shared object file: No such file or directory), /usr/lib64/php7/extensions/fileinfo.so.so (/usr/lib64/php7/extensions/fileinfo.so.so: cannot open shared object file: No such file or directory)) in Unknown on line 0
PHP Warning:  Module 'pdo_pgsql' already loaded in Unknown on line 0
PHP Warning:  Module 'pgsql' already loaded in Unknown on line 0
PHP Warning:  Module 'Phar' already loaded in Unknown on line 0
--- RUNNING INCREMENTAL SYNC (Yesterday & Today) ---
Records found in Dialer: 1574
Successfully updated 1029 rows in Portal.
--- Sync Finished ---
PHP Warning:  PHP Startup: Unable to load dynamic library 'fileinfo.so' (tried: /usr/lib64/php7/extensions/fileinfo.so (/usr/lib64/php7/extensions/fileinfo.so: cannot open shared object file: No such file or directory), /usr/lib64/php7/extensions/fileinfo.so.so (/usr/lib64/php7/extensions/fileinfo.so.so: cannot open shared object file: No such file or directory)) in Unknown on line 0
PHP Warning:  Module 'pdo_pgsql' already loaded in Unknown on line 0
PHP Warning:  Module 'pgsql' already loaded in Unknown on line 0
PHP Warning:  Module 'Phar' already loaded in Unknown on line 0
--- RUNNING INCREMENTAL SYNC (Yesterday & Today) ---
Records found in Dialer: 1574
Successfully updated 1029 rows in Portal.
--- Sync Finished ---
PHP Warning:  PHP Startup: Unable to load dynamic library 'fileinfo.so' (tried: /usr/lib64/php7/extensions/fileinfo.so (/usr/lib64/php7/extensions/fileinfo.so: cannot open shared object file: No such file or directory), /usr/lib64/php7/extensions/fileinfo.so.so (/usr/lib64/php7/extensions/fileinfo.so.so: cannot open shared object file: No such file or directory)) in Unknown on line 0
PHP Warning:  Module 'pdo_pgsql' already loaded in Unknown on line 0
PHP Warning:  Module 'pgsql' already loaded in Unknown on line 0
PHP Warning:  Module 'Phar' already loaded in Unknown on line 0
--- RUNNING INCREMENTAL SYNC (Yesterday & Today) ---
Records found in Dialer: 1574
Successfully updated 1029 rows in Portal.
--- Sync Finished ---
PHP Warning:  PHP Startup: Unable to load dynamic library 'fileinfo.so' (tried: /usr/lib64/php7/extensions/fileinfo.so (/usr/lib64/php7/extensions/fileinfo.so: cannot open shared object file: No such file or directory), /usr/lib64/php7/extensions/fileinfo.so.so (/usr/lib64/php7/extensions/fileinfo.so.so: cannot open shared object file: No such file or directory)) in Unknown on line 0
PHP Warning:  Module 'pdo_pgsql' already loaded in Unknown on line 0
PHP Warning:  Module 'pgsql' already loaded in Unknown on line 0
PHP Warning:  Module 'Phar' already loaded in Unknown on line 0
--- RUNNING INCREMENTAL SYNC (Yesterday & Today) ---
Records found in Dialer: 1574
Successfully updated 1029 rows in Portal.
--- Sync Finished ---
PHP Warning:  PHP Startup: Unable to load dynamic library 'fileinfo.so' (tried: /usr/lib64/php7/extensions/fileinfo.so (/usr/lib64/php7/extensions/fileinfo.so: cannot open shared object file: No such file or directory), /usr/lib64/php7/extensions/fileinfo.so.so (/usr/lib64/php7/extensions/fileinfo.so.so: cannot open shared object file: No such file or directory)) in Unknown on line 0
PHP Warning:  Module 'pdo_pgsql' already loaded in Unknown on line 0
PHP Warning:  Module 'pgsql' already loaded in Unknown on line 0
PHP Warning:  Module 'Phar' already loaded in Unknown on line 0
--- RUNNING INCREMENTAL SYNC (Yesterday & Today) ---
Records found in Dialer: 1574
Successfully updated 1029 rows in Portal.
--- Sync Finished ---
PHP Warning:  PHP Startup: Unable to load dynamic library 'fileinfo.so' (tried: /usr/lib64/php7/extensions/fileinfo.so (/usr/lib64/php7/extensions/fileinfo.so: cannot open shared object file: No such file or directory), /usr/lib64/php7/extensions/fileinfo.so.so (/usr/lib64/php7/extensions/fileinfo.so.so: cannot open shared object file: No such file or directory)) in Unknown on line 0
PHP Warning:  Module 'pdo_pgsql' already loaded in Unknown on line 0
PHP Warning:  Module 'pgsql' already loaded in Unknown on line 0
PHP Warning:  Module 'Phar' already loaded in Unknown on line 0
--- RUNNING INCREMENTAL SYNC (Yesterday & Today) ---
Records found in Dialer: 1574
Successfully updated 1029 rows in Portal.
--- Sync Finished ---
PHP Warning:  PHP Startup: Unable to load dynamic library 'fileinfo.so' (tried: /usr/lib64/php7/extensions/fileinfo.so (/usr/lib64/php7/extensions/fileinfo.so: cannot open shared object file: No such file or directory), /usr/lib64/php7/extensions/fileinfo.so.so (/usr/lib64/php7/extensions/fileinfo.so.so: cannot open shared object file: No such file or directory)) in Unknown on line 0
PHP Warning:  Module 'pdo_pgsql' already loaded in Unknown on line 0
PHP Warning:  Module 'pgsql' already loaded in Unknown on line 0
PHP Warning:  Module 'Phar' already loaded in Unknown on line 0
--- RUNNING INCREMENTAL SYNC (Yesterday & Today) ---
Records found in Dialer: 1574
Successfully updated 1029 rows in Portal.
--- Sync Finished ---
PHP Warning:  PHP Startup: Unable to load dynamic library 'fileinfo.so' (tried: /usr/lib64/php7/extensions/fileinfo.so (/usr/lib64/php7/extensions/fileinfo.so: cannot open shared object file: No such file or directory), /usr/lib64/php7/extensions/fileinfo.so.so (/usr/lib64/php7/extensions/fileinfo.so.so: cannot open shared object file: No such file or directory)) in Unknown on line 0
PHP Warning:  Module 'pdo_pgsql' already loaded in Unknown on line 0
PHP Warning:  Module 'pgsql' already loaded in Unknown on line 0
PHP Warning:  Module 'Phar' already loaded in Unknown on line 0
--- RUNNING INCREMENTAL SYNC (Yesterday & Today) ---
Records found in Dialer: 1574
Successfully updated 1029 rows in Portal.
--- Sync Finished ---
PHP Warning:  PHP Startup: Unable to load dynamic library 'fileinfo.so' (tried: /usr/lib64/php7/extensions/fileinfo.so (/usr/lib64/php7/extensions/fileinfo.so: cannot open shared object file: No such file or directory), /usr/lib64/php7/extensions/fileinfo.so.so (/usr/lib64/php7/extensions/fileinfo.so.so: cannot open shared object file: No such file or directory)) in Unknown on line 0
PHP Warning:  Module 'pdo_pgsql' already loaded in Unknown on line 0
PHP Warning:  Module 'pgsql' already loaded in Unknown on line 0
PHP Warning:  Module 'Phar' already loaded in Unknown on line 0
--- RUNNING INCREMENTAL SYNC (Yesterday & Today) ---
Records found in Dialer: 1574
Successfully updated 1029 rows in Portal.
--- Sync Finished ---
PHP Warning:  PHP Startup: Unable to load dynamic library 'fileinfo.so' (tried: /usr/lib64/php7/extensions/fileinfo.so (/usr/lib64/php7/extensions/fileinfo.so: cannot open shared object file: No such file or directory), /usr/lib64/php7/extensions/fileinfo.so.so (/usr/lib64/php7/extensions/fileinfo.so.so: cannot open shared object file: No such file or directory)) in Unknown on line 0
PHP Warning:  Module 'pdo_pgsql' already loaded in Unknown on line 0
PHP Warning:  Module 'pgsql' already loaded in Unknown on line 0
PHP Warning:  Module 'Phar' already loaded in Unknown on line 0
--- RUNNING INCREMENTAL SYNC (Yesterday & Today) ---
Records found in Dialer: 1574
Successfully updated 1029 rows in Portal.
--- Sync Finished ---
PHP Warning:  PHP Startup: Unable to load dynamic library 'fileinfo.so' (tried: /usr/lib64/php7/extensions/fileinfo.so (/usr/lib64/php7/extensions/fileinfo.so: cannot open shared object file: No such file or directory), /usr/lib64/php7/extensions/fileinfo.so.so (/usr/lib64/php7/extensions/fileinfo.so.so: cannot open shared object file: No such file or directory)) in Unknown on line 0
PHP Warning:  Module 'pdo_pgsql' already loaded in Unknown on line 0
PHP Warning:  Module 'pgsql' already loaded in Unknown on line 0
PHP Warning:  Module 'Phar' already loaded in Unknown on line 0
--- RUNNING INCREMENTAL SYNC (Yesterday & Today) ---
Records found in Dialer: 1574
Successfully updated 1029 rows in Portal.
--- Sync Finished ---
PHP Warning:  PHP Startup: Unable to load dynamic library 'fileinfo.so' (tried: /usr/lib64/php7/extensions/fileinfo.so (/usr/lib64/php7/extensions/fileinfo.so: cannot open shared object file: No such file or directory), /usr/lib64/php7/extensions/fileinfo.so.so (/usr/lib64/php7/extensions/fileinfo.so.so: cannot open shared object file: No such file or directory)) in Unknown on line 0
PHP Warning:  Module 'pdo_pgsql' already loaded in Unknown on line 0
PHP Warning:  Module 'pgsql' already loaded in Unknown on line 0
PHP Warning:  Module 'Phar' already loaded in Unknown on line 0
--- RUNNING INCREMENTAL SYNC (Yesterday & Today) ---
Records found in Dialer: 1038
Successfully updated 668 rows in Portal.
--- Sync Finished ---
PHP Warning:  PHP Startup: Unable to load dynamic library 'fileinfo.so' (tried: /usr/lib64/php7/extensions/fileinfo.so (/usr/lib64/php7/extensions/fileinfo.so: cannot open shared object file: No such file or directory), /usr/lib64/php7/extensions/fileinfo.so.so (/usr/lib64/php7/extensions/fileinfo.so.so: cannot open shared object file: No such file or directory)) in Unknown on line 0
PHP Warning:  Module 'pdo_pgsql' already loaded in Unknown on line 0
PHP Warning:  Module 'pgsql' already loaded in Unknown on line 0
PHP Warning:  Module 'Phar' already loaded in Unknown on line 0
--- RUNNING INCREMENTAL SYNC (Yesterday & Today) ---
Records found in Dialer: 1038
Successfully updated 668 rows in Portal.
--- Sync Finished ---
PHP Warning:  PHP Startup: Unable to load dynamic library 'fileinfo.so' (tried: /usr/lib64/php7/extensions/fileinfo.so (/usr/lib64/php7/extensions/fileinfo.so: cannot open shared object file: No such file or directory), /usr/lib64/php7/extensions/fileinfo.so.so (/usr/lib64/php7/extensions/fileinfo.so.so: cannot open shared object file: No such file or directory)) in Unknown on line 0
PHP Warning:  Module 'pdo_pgsql' already loaded in Unknown on line 0
PHP Warning:  Module 'pgsql' already loaded in Unknown on line 0
PHP Warning:  Module 'Phar' already loaded in Unknown on line 0
--- RUNNING INCREMENTAL SYNC (Yesterday & Today) ---
Records found in Dialer: 1038
Successfully updated 668 rows in Portal.
--- Sync Finished ---
PHP Warning:  PHP Startup: Unable to load dynamic library 'fileinfo.so' (tried: /usr/lib64/php7/extensions/fileinfo.so (/usr/lib64/php7/extensions/fileinfo.so: cannot open shared object file: No such file or directory), /usr/lib64/php7/extensions/fileinfo.so.so (/usr/lib64/php7/extensions/fileinfo.so.so: cannot open shared object file: No such file or directory)) in Unknown on line 0
PHP Warning:  Module 'pdo_pgsql' already loaded in Unknown on line 0
PHP Warning:  Module 'pgsql' already loaded in Unknown on line 0
PHP Warning:  Module 'Phar' already loaded in Unknown on line 0
--- RUNNING INCREMENTAL SYNC (Yesterday & Today) ---
Records found in Dialer: 1060
Successfully updated 668 rows in Portal.
--- Sync Finished ---
PHP Warning:  PHP Startup: Unable to load dynamic library 'fileinfo.so' (tried: /usr/lib64/php7/extensions/fileinfo.so (/usr/lib64/php7/extensions/fileinfo.so: cannot open shared object file: No such file or directory), /usr/lib64/php7/extensions/fileinfo.so.so (/usr/lib64/php7/extensions/fileinfo.so.so: cannot open shared object file: No such file or directory)) in Unknown on line 0
PHP Warning:  Module 'pdo_pgsql' already loaded in Unknown on line 0
PHP Warning:  Module 'pgsql' already loaded in Unknown on line 0
PHP Warning:  Module 'Phar' already loaded in Unknown on line 0
--- RUNNING INCREMENTAL SYNC (Yesterday & Today) ---
Records found in Dialer: 1060
Successfully updated 668 rows in Portal.
--- Sync Finished ---
PHP Warning:  PHP Startup: Unable to load dynamic library 'fileinfo.so' (tried: /usr/lib64/php7/extensions/fileinfo.so (/usr/lib64/php7/extensions/fileinfo.so: cannot open shared object file: No such file or directory), /usr/lib64/php7/extensions/fileinfo.so.so (/usr/lib64/php7/extensions/fileinfo.so.so: cannot open shared object file: No such file or directory)) in Unknown on line 0
PHP Warning:  Module 'pdo_pgsql' already loaded in Unknown on line 0
PHP Warning:  Module 'pgsql' already loaded in Unknown on line 0
PHP Warning:  Module 'Phar' already loaded in Unknown on line 0
--- RUNNING INCREMENTAL SYNC (Yesterday & Today) ---
Records found in Dialer: 1060
Successfully updated 668 rows in Portal.
--- Sync Finished ---
PHP Warning:  PHP Startup: Unable to load dynamic library 'fileinfo.so' (tried: /usr/lib64/php7/extensions/fileinfo.so (/usr/lib64/php7/extensions/fileinfo.so: cannot open shared object file: No such file or directory), /usr/lib64/php7/extensions/fileinfo.so.so (/usr/lib64/php7/extensions/fileinfo.so.so: cannot open shared object file: No such file or directory)) in Unknown on line 0
PHP Warning:  Module 'pdo_pgsql' already loaded in Unknown on line 0
PHP Warning:  Module 'pgsql' already loaded in Unknown on line 0
PHP Warning:  Module 'Phar' already loaded in Unknown on line 0
--- RUNNING INCREMENTAL SYNC (Yesterday & Today) ---
Records found in Dialer: 1060
Successfully updated 668 rows in Portal.
--- Sync Finished ---
PHP Warning:  PHP Startup: Unable to load dynamic library 'fileinfo.so' (tried: /usr/lib64/php7/extensions/fileinfo.so (/usr/lib64/php7/extensions/fileinfo.so: cannot open shared object file: No such file or directory), /usr/lib64/php7/extensions/fileinfo.so.so (/usr/lib64/php7/extensions/fileinfo.so.so: cannot open shared object file: No such file or directory)) in Unknown on line 0
PHP Warning:  Module 'pdo_pgsql' already loaded in Unknown on line 0
PHP Warning:  Module 'pgsql' already loaded in Unknown on line 0
PHP Warning:  Module 'Phar' already loaded in Unknown on line 0
--- RUNNING INCREMENTAL SYNC (Yesterday & Today) ---
Records found in Dialer: 1060
Successfully updated 668 rows in Portal.
--- Sync Finished ---
PHP Warning:  PHP Startup: Unable to load dynamic library 'fileinfo.so' (tried: /usr/lib64/php7/extensions/fileinfo.so (/usr/lib64/php7/extensions/fileinfo.so: cannot open shared object file: No such file or directory), /usr/lib64/php7/extensions/fileinfo.so.so (/usr/lib64/php7/extensions/fileinfo.so.so: cannot open shared object file: No such file or directory)) in Unknown on line 0
PHP Warning:  Module 'pdo_pgsql' already loaded in Unknown on line 0
PHP Warning:  Module 'pgsql' already loaded in Unknown on line 0
PHP Warning:  Module 'Phar' already loaded in Unknown on line 0
--- RUNNING INCREMENTAL SYNC (Yesterday & Today) ---
Records found in Dialer: 1060
Successfully updated 668 rows in Portal.
--- Sync Finished ---
PHP Warning:  PHP Startup: Unable to load dynamic library 'fileinfo.so' (tried: /usr/lib64/php7/extensions/fileinfo.so (/usr/lib64/php7/extensions/fileinfo.so: cannot open shared object file: No such file or directory), /usr/lib64/php7/extensions/fileinfo.so.so (/usr/lib64/php7/extensions/fileinfo.so.so: cannot open shared object file: No such file or directory)) in Unknown on line 0
PHP Warning:  Module 'pdo_pgsql' already loaded in Unknown on line 0
PHP Warning:  Module 'pgsql' already loaded in Unknown on line 0
PHP Warning:  Module 'Phar' already loaded in Unknown on line 0
--- RUNNING INCREMENTAL SYNC (Yesterday & Today) ---
Records found in Dialer: 1060
Successfully updated 668 rows in Portal.
--- Sync Finished ---
PHP Warning:  PHP Startup: Unable to load dynamic library 'fileinfo.so' (tried: /usr/lib64/php7/extensions/fileinfo.so (/usr/lib64/php7/extensions/fileinfo.so: cannot open shared object file: No such file or directory), /usr/lib64/php7/extensions/fileinfo.so.so (/usr/lib64/php7/extensions/fileinfo.so.so: cannot open shared object file: No such file or directory)) in Unknown on line 0
PHP Warning:  Module 'pdo_pgsql' already loaded in Unknown on line 0
PHP Warning:  Module 'pgsql' already loaded in Unknown on line 0
PHP Warning:  Module 'Phar' already loaded in Unknown on line 0
--- RUNNING INCREMENTAL SYNC (Yesterday & Today) ---
Records found in Dialer: 1060
Successfully updated 668 rows in Portal.
--- Sync Finished ---
PHP Warning:  PHP Startup: Unable to load dynamic library 'fileinfo.so' (tried: /usr/lib64/php7/extensions/fileinfo.so (/usr/lib64/php7/extensions/fileinfo.so: cannot open shared object file: No such file or directory), /usr/lib64/php7/extensions/fileinfo.so.so (/usr/lib64/php7/extensions/fileinfo.so.so: cannot open shared object file: No such file or directory)) in Unknown on line 0
PHP Warning:  Module 'pdo_pgsql' already loaded in Unknown on line 0
PHP Warning:  Module 'pgsql' already loaded in Unknown on line 0
PHP Warning:  Module 'Phar' already loaded in Unknown on line 0
--- RUNNING INCREMENTAL SYNC (Yesterday & Today) ---
Records found in Dialer: 1060
Successfully updated 668 rows in Portal.
--- Sync Finished ---
PHP Warning:  PHP Startup: Unable to load dynamic library 'fileinfo.so' (tried: /usr/lib64/php7/extensions/fileinfo.so (/usr/lib64/php7/extensions/fileinfo.so: cannot open shared object file: No such file or directory), /usr/lib64/php7/extensions/fileinfo.so.so (/usr/lib64/php7/extensions/fileinfo.so.so: cannot open shared object file: No such file or directory)) in Unknown on line 0
PHP Warning:  Module 'pdo_pgsql' already loaded in Unknown on line 0
PHP Warning:  Module 'pgsql' already loaded in Unknown on line 0
PHP Warning:  Module 'Phar' already loaded in Unknown on line 0
--- RUNNING INCREMENTAL SYNC (Yesterday & Today) ---
Records found in Dialer: 1060
Successfully updated 668 rows in Portal.
--- Sync Finished ---
PHP Warning:  PHP Startup: Unable to load dynamic library 'fileinfo.so' (tried: /usr/lib64/php7/extensions/fileinfo.so (/usr/lib64/php7/extensions/fileinfo.so: cannot open shared object file: No such file or directory), /usr/lib64/php7/extensions/fileinfo.so.so (/usr/lib64/php7/extensions/fileinfo.so.so: cannot open shared object file: No such file or directory)) in Unknown on line 0
PHP Warning:  Module 'pdo_pgsql' already loaded in Unknown on line 0
PHP Warning:  Module 'pgsql' already loaded in Unknown on line 0
PHP Warning:  Module 'Phar' already loaded in Unknown on line 0
--- RUNNING INCREMENTAL SYNC (Yesterday & Today) ---
Records found in Dialer: 1060
Successfully updated 668 rows in Portal.
--- Sync Finished ---
PHP Warning:  PHP Startup: Unable to load dynamic library 'fileinfo.so' (tried: /usr/lib64/php7/extensions/fileinfo.so (/usr/lib64/php7/extensions/fileinfo.so: cannot open shared object file: No such file or directory), /usr/lib64/php7/extensions/fileinfo.so.so (/usr/lib64/php7/extensions/fileinfo.so.so: cannot open shared object file: No such file or directory)) in Unknown on line 0
PHP Warning:  Module 'pdo_pgsql' already loaded in Unknown on line 0
PHP Warning:  Module 'pgsql' already loaded in Unknown on line 0
PHP Warning:  Module 'Phar' already loaded in Unknown on line 0
--- RUNNING INCREMENTAL SYNC (Yesterday & Today) ---
Records found in Dialer: 1060
Successfully updated 668 rows in Portal.
--- Sync Finished ---
PHP Warning:  PHP Startup: Unable to load dynamic library 'fileinfo.so' (tried: /usr/lib64/php7/extensions/fileinfo.so (/usr/lib64/php7/extensions/fileinfo.so: cannot open shared object file: No such file or directory), /usr/lib64/php7/extensions/fileinfo.so.so (/usr/lib64/php7/extensions/fileinfo.so.so: cannot open shared object file: No such file or directory)) in Unknown on line 0
PHP Warning:  Module 'pdo_pgsql' already loaded in Unknown on line 0
PHP Warning:  Module 'pgsql' already loaded in Unknown on line 0
PHP Warning:  Module 'Phar' already loaded in Unknown on line 0
--- RUNNING INCREMENTAL SYNC (Yesterday & Today) ---
Records found in Dialer: 1060
Successfully updated 668 rows in Portal.
--- Sync Finished ---
PHP Warning:  PHP Startup: Unable to load dynamic library 'fileinfo.so' (tried: /usr/lib64/php7/extensions/fileinfo.so (/usr/lib64/php7/extensions/fileinfo.so: cannot open shared object file: No such file or directory), /usr/lib64/php7/extensions/fileinfo.so.so (/usr/lib64/php7/extensions/fileinfo.so.so: cannot open shared object file: No such file or directory)) in Unknown on line 0
PHP Warning:  Module 'pdo_pgsql' already loaded in Unknown on line 0
PHP Warning:  Module 'pgsql' already loaded in Unknown on line 0
PHP Warning:  Module 'Phar' already loaded in Unknown on line 0
--- RUNNING INCREMENTAL SYNC (Yesterday & Today) ---
Records found in Dialer: 1060
Successfully updated 668 rows in Portal.
--- Sync Finished ---
PHP Warning:  PHP Startup: Unable to load dynamic library 'fileinfo.so' (tried: /usr/lib64/php7/extensions/fileinfo.so (/usr/lib64/php7/extensions/fileinfo.so: cannot open shared object file: No such file or directory), /usr/lib64/php7/extensions/fileinfo.so.so (/usr/lib64/php7/extensions/fileinfo.so.so: cannot open shared object file: No such file or directory)) in Unknown on line 0
PHP Warning:  Module 'pdo_pgsql' already loaded in Unknown on line 0
PHP Warning:  Module 'pgsql' already loaded in Unknown on line 0
PHP Warning:  Module 'Phar' already loaded in Unknown on line 0
--- RUNNING INCREMENTAL SYNC (Yesterday & Today) ---
Records found in Dialer: 1060
Successfully updated 668 rows in Portal.
--- Sync Finished ---
PHP Warning:  PHP Startup: Unable to load dynamic library 'fileinfo.so' (tried: /usr/lib64/php7/extensions/fileinfo.so (/usr/lib64/php7/extensions/fileinfo.so: cannot open shared object file: No such file or directory), /usr/lib64/php7/extensions/fileinfo.so.so (/usr/lib64/php7/extensions/fileinfo.so.so: cannot open shared object file: No such file or directory)) in Unknown on line 0
PHP Warning:  Module 'pdo_pgsql' already loaded in Unknown on line 0
PHP Warning:  Module 'pgsql' already loaded in Unknown on line 0
PHP Warning:  Module 'Phar' already loaded in Unknown on line 0
--- RUNNING INCREMENTAL SYNC (Yesterday & Today) ---
Records found in Dialer: 1060
Successfully updated 668 rows in Portal.
--- Sync Finished ---
PHP Warning:  PHP Startup: Unable to load dynamic library 'fileinfo.so' (tried: /usr/lib64/php7/extensions/fileinfo.so (/usr/lib64/php7/extensions/fileinfo.so: cannot open shared object file: No such file or directory), /usr/lib64/php7/extensions/fileinfo.so.so (/usr/lib64/php7/extensions/fileinfo.so.so: cannot open shared object file: No such file or directory)) in Unknown on line 0
PHP Warning:  Module 'pdo_pgsql' already loaded in Unknown on line 0
PHP Warning:  Module 'pgsql' already loaded in Unknown on line 0
PHP Warning:  Module 'Phar' already loaded in Unknown on line 0
--- RUNNING INCREMENTAL SYNC (Yesterday & Today) ---
Records found in Dialer: 1060
Successfully updated 668 rows in Portal.
--- Sync Finished ---
PHP Warning:  PHP Startup: Unable to load dynamic library 'fileinfo.so' (tried: /usr/lib64/php7/extensions/fileinfo.so (/usr/lib64/php7/extensions/fileinfo.so: cannot open shared object file: No such file or directory), /usr/lib64/php7/extensions/fileinfo.so.so (/usr/lib64/php7/extensions/fileinfo.so.so: cannot open shared object file: No such file or directory)) in Unknown on line 0
PHP Warning:  Module 'pdo_pgsql' already loaded in Unknown on line 0
PHP Warning:  Module 'pgsql' already loaded in Unknown on line 0
PHP Warning:  Module 'Phar' already loaded in Unknown on line 0
--- RUNNING INCREMENTAL SYNC (Yesterday & Today) ---
Records found in Dialer: 1060
Successfully updated 668 rows in Portal.
--- Sync Finished ---
PHP Warning:  PHP Startup: Unable to load dynamic library 'fileinfo.so' (tried: /usr/lib64/php7/extensions/fileinfo.so (/usr/lib64/php7/extensions/fileinfo.so: cannot open shared object file: No such file or directory), /usr/lib64/php7/extensions/fileinfo.so.so (/usr/lib64/php7/extensions/fileinfo.so.so: cannot open shared object file: No such file or directory)) in Unknown on line 0
PHP Warning:  Module 'pdo_pgsql' already loaded in Unknown on line 0
PHP Warning:  Module 'pgsql' already loaded in Unknown on line 0
PHP Warning:  Module 'Phar' already loaded in Unknown on line 0
--- RUNNING INCREMENTAL SYNC (Yesterday & Today) ---
Records found in Dialer: 1060
Successfully updated 668 rows in Portal.
--- Sync Finished ---
PHP Warning:  PHP Startup: Unable to load dynamic library 'fileinfo.so' (tried: /usr/lib64/php7/extensions/fileinfo.so (/usr/lib64/php7/extensions/fileinfo.so: cannot open shared object file: No such file or directory), /usr/lib64/php7/extensions/fileinfo.so.so (/usr/lib64/php7/extensions/fileinfo.so.so: cannot open shared object file: No such file or directory)) in Unknown on line 0
PHP Warning:  Module 'pdo_pgsql' already loaded in Unknown on line 0
PHP Warning:  Module 'pgsql' already loaded in Unknown on line 0
PHP Warning:  Module 'Phar' already loaded in Unknown on line 0
--- RUNNING INCREMENTAL SYNC (Yesterday & Today) ---
Records found in Dialer: 1060
Successfully updated 668 rows in Portal.
--- Sync Finished ---
PHP Warning:  PHP Startup: Unable to load dynamic library 'fileinfo.so' (tried: /usr/lib64/php7/extensions/fileinfo.so (/usr/lib64/php7/extensions/fileinfo.so: cannot open shared object file: No such file or directory), /usr/lib64/php7/extensions/fileinfo.so.so (/usr/lib64/php7/extensions/fileinfo.so.so: cannot open shared object file: No such file or directory)) in Unknown on line 0
PHP Warning:  Module 'pdo_pgsql' already loaded in Unknown on line 0
PHP Warning:  Module 'pgsql' already loaded in Unknown on line 0
PHP Warning:  Module 'Phar' already loaded in Unknown on line 0
--- RUNNING INCREMENTAL SYNC (Yesterday & Today) ---
Records found in Dialer: 1060
Successfully updated 668 rows in Portal.
--- Sync Finished ---
PHP Warning:  PHP Startup: Unable to load dynamic library 'fileinfo.so' (tried: /usr/lib64/php7/extensions/fileinfo.so (/usr/lib64/php7/extensions/fileinfo.so: cannot open shared object file: No such file or directory), /usr/lib64/php7/extensions/fileinfo.so.so (/usr/lib64/php7/extensions/fileinfo.so.so: cannot open shared object file: No such file or directory)) in Unknown on line 0
PHP Warning:  Module 'pdo_pgsql' already loaded in Unknown on line 0
PHP Warning:  Module 'pgsql' already loaded in Unknown on line 0
PHP Warning:  Module 'Phar' already loaded in Unknown on line 0
--- RUNNING INCREMENTAL SYNC (Yesterday & Today) ---
Records found in Dialer: 1060
Successfully updated 668 rows in Portal.
--- Sync Finished ---
PHP Warning:  PHP Startup: Unable to load dynamic library 'fileinfo.so' (tried: /usr/lib64/php7/extensions/fileinfo.so (/usr/lib64/php7/extensions/fileinfo.so: cannot open shared object file: No such file or directory), /usr/lib64/php7/extensions/fileinfo.so.so (/usr/lib64/php7/extensions/fileinfo.so.so: cannot open shared object file: No such file or directory)) in Unknown on line 0
PHP Warning:  Module 'pdo_pgsql' already loaded in Unknown on line 0
PHP Warning:  Module 'pgsql' already loaded in Unknown on line 0
PHP Warning:  Module 'Phar' already loaded in Unknown on line 0
--- RUNNING INCREMENTAL SYNC (Yesterday & Today) ---
Records found in Dialer: 1060
Successfully updated 668 rows in Portal.
--- Sync Finished ---
PHP Warning:  PHP Startup: Unable to load dynamic library 'fileinfo.so' (tried: /usr/lib64/php7/extensions/fileinfo.so (/usr/lib64/php7/extensions/fileinfo.so: cannot open shared object file: No such file or directory), /usr/lib64/php7/extensions/fileinfo.so.so (/usr/lib64/php7/extensions/fileinfo.so.so: cannot open shared object file: No such file or directory)) in Unknown on line 0
PHP Warning:  Module 'pdo_pgsql' already loaded in Unknown on line 0
PHP Warning:  Module 'pgsql' already loaded in Unknown on line 0
PHP Warning:  Module 'Phar' already loaded in Unknown on line 0
--- RUNNING INCREMENTAL SYNC (Yesterday & Today) ---
Records found in Dialer: 1060
Successfully updated 668 rows in Portal.
--- Sync Finished ---
PHP Warning:  PHP Startup: Unable to load dynamic library 'fileinfo.so' (tried: /usr/lib64/php7/extensions/fileinfo.so (/usr/lib64/php7/extensions/fileinfo.so: cannot open shared object file: No such file or directory), /usr/lib64/php7/extensions/fileinfo.so.so (/usr/lib64/php7/extensions/fileinfo.so.so: cannot open shared object file: No such file or directory)) in Unknown on line 0
PHP Warning:  Module 'pdo_pgsql' already loaded in Unknown on line 0
PHP Warning:  Module 'pgsql' already loaded in Unknown on line 0
PHP Warning:  Module 'Phar' already loaded in Unknown on line 0
--- RUNNING INCREMENTAL SYNC (Yesterday & Today) ---
Records found in Dialer: 1060
Successfully updated 668 rows in Portal.
--- Sync Finished ---
PHP Warning:  PHP Startup: Unable to load dynamic library 'fileinfo.so' (tried: /usr/lib64/php7/extensions/fileinfo.so (/usr/lib64/php7/extensions/fileinfo.so: cannot open shared object file: No such file or directory), /usr/lib64/php7/extensions/fileinfo.so.so (/usr/lib64/php7/extensions/fileinfo.so.so: cannot open shared object file: No such file or directory)) in Unknown on line 0
PHP Warning:  Module 'pdo_pgsql' already loaded in Unknown on line 0
PHP Warning:  Module 'pgsql' already loaded in Unknown on line 0
PHP Warning:  Module 'Phar' already loaded in Unknown on line 0
--- RUNNING INCREMENTAL SYNC (Yesterday & Today) ---
Records found in Dialer: 1060
Successfully updated 668 rows in Portal.
--- Sync Finished ---
PHP Warning:  PHP Startup: Unable to load dynamic library 'fileinfo.so' (tried: /usr/lib64/php7/extensions/fileinfo.so (/usr/lib64/php7/extensions/fileinfo.so: cannot open shared object file: No such file or directory), /usr/lib64/php7/extensions/fileinfo.so.so (/usr/lib64/php7/extensions/fileinfo.so.so: cannot open shared object file: No such file or directory)) in Unknown on line 0
PHP Warning:  Module 'pdo_pgsql' already loaded in Unknown on line 0
PHP Warning:  Module 'pgsql' already loaded in Unknown on line 0
PHP Warning:  Module 'Phar' already loaded in Unknown on line 0
--- RUNNING INCREMENTAL SYNC (Yesterday & Today) ---
Records found in Dialer: 1060
Successfully updated 668 rows in Portal.
--- Sync Finished ---
PHP Warning:  PHP Startup: Unable to load dynamic library 'fileinfo.so' (tried: /usr/lib64/php7/extensions/fileinfo.so (/usr/lib64/php7/extensions/fileinfo.so: cannot open shared object file: No such file or directory), /usr/lib64/php7/extensions/fileinfo.so.so (/usr/lib64/php7/extensions/fileinfo.so.so: cannot open shared object file: No such file or directory)) in Unknown on line 0
PHP Warning:  Module 'pdo_pgsql' already loaded in Unknown on line 0
PHP Warning:  Module 'pgsql' already loaded in Unknown on line 0
PHP Warning:  Module 'Phar' already loaded in Unknown on line 0
--- RUNNING INCREMENTAL SYNC (Yesterday & Today) ---
Records found in Dialer: 1060
Successfully updated 668 rows in Portal.
--- Sync Finished ---
PHP Warning:  PHP Startup: Unable to load dynamic library 'fileinfo.so' (tried: /usr/lib64/php7/extensions/fileinfo.so (/usr/lib64/php7/extensions/fileinfo.so: cannot open shared object file: No such file or directory), /usr/lib64/php7/extensions/fileinfo.so.so (/usr/lib64/php7/extensions/fileinfo.so.so: cannot open shared object file: No such file or directory)) in Unknown on line 0
PHP Warning:  Module 'pdo_pgsql' already loaded in Unknown on line 0
PHP Warning:  Module 'pgsql' already loaded in Unknown on line 0
PHP Warning:  Module 'Phar' already loaded in Unknown on line 0
--- RUNNING INCREMENTAL SYNC (Yesterday & Today) ---
Records found in Dialer: 1060
Successfully updated 668 rows in Portal.
--- Sync Finished ---
PHP Warning:  PHP Startup: Unable to load dynamic library 'fileinfo.so' (tried: /usr/lib64/php7/extensions/fileinfo.so (/usr/lib64/php7/extensions/fileinfo.so: cannot open shared object file: No such file or directory), /usr/lib64/php7/extensions/fileinfo.so.so (/usr/lib64/php7/extensions/fileinfo.so.so: cannot open shared object file: No such file or directory)) in Unknown on line 0
PHP Warning:  Module 'pdo_pgsql' already loaded in Unknown on line 0
PHP Warning:  Module 'pgsql' already loaded in Unknown on line 0
PHP Warning:  Module 'Phar' already loaded in Unknown on line 0
--- RUNNING INCREMENTAL SYNC (Yesterday & Today) ---
Records found in Dialer: 1060
Successfully updated 668 rows in Portal.
--- Sync Finished ---
PHP Warning:  PHP Startup: Unable to load dynamic library 'fileinfo.so' (tried: /usr/lib64/php7/extensions/fileinfo.so (/usr/lib64/php7/extensions/fileinfo.so: cannot open shared object file: No such file or directory), /usr/lib64/php7/extensions/fileinfo.so.so (/usr/lib64/php7/extensions/fileinfo.so.so: cannot open shared object file: No such file or directory)) in Unknown on line 0
PHP Warning:  Module 'pdo_pgsql' already loaded in Unknown on line 0
PHP Warning:  Module 'pgsql' already loaded in Unknown on line 0
PHP Warning:  Module 'Phar' already loaded in Unknown on line 0
--- RUNNING INCREMENTAL SYNC (Yesterday & Today) ---
Records found in Dialer: 1060
Successfully updated 668 rows in Portal.
--- Sync Finished ---
PHP Warning:  PHP Startup: Unable to load dynamic library 'fileinfo.so' (tried: /usr/lib64/php7/extensions/fileinfo.so (/usr/lib64/php7/extensions/fileinfo.so: cannot open shared object file: No such file or directory), /usr/lib64/php7/extensions/fileinfo.so.so (/usr/lib64/php7/extensions/fileinfo.so.so: cannot open shared object file: No such file or directory)) in Unknown on line 0
PHP Warning:  Module 'pdo_pgsql' already loaded in Unknown on line 0
PHP Warning:  Module 'pgsql' already loaded in Unknown on line 0
PHP Warning:  Module 'Phar' already loaded in Unknown on line 0
--- RUNNING INCREMENTAL SYNC (Yesterday & Today) ---
Records found in Dialer: 1060
Successfully updated 668 rows in Portal.
--- Sync Finished ---
PHP Warning:  PHP Startup: Unable to load dynamic library 'fileinfo.so' (tried: /usr/lib64/php7/extensions/fileinfo.so (/usr/lib64/php7/extensions/fileinfo.so: cannot open shared object file: No such file or directory), /usr/lib64/php7/extensions/fileinfo.so.so (/usr/lib64/php7/extensions/fileinfo.so.so: cannot open shared object file: No such file or directory)) in Unknown on line 0
PHP Warning:  Module 'pdo_pgsql' already loaded in Unknown on line 0
PHP Warning:  Module 'pgsql' already loaded in Unknown on line 0
PHP Warning:  Module 'Phar' already loaded in Unknown on line 0
--- RUNNING INCREMENTAL SYNC (Yesterday & Today) ---
Records found in Dialer: 1060
Successfully updated 668 rows in Portal.
--- Sync Finished ---
PHP Warning:  PHP Startup: Unable to load dynamic library 'fileinfo.so' (tried: /usr/lib64/php7/extensions/fileinfo.so (/usr/lib64/php7/extensions/fileinfo.so: cannot open shared object file: No such file or directory), /usr/lib64/php7/extensions/fileinfo.so.so (/usr/lib64/php7/extensions/fileinfo.so.so: cannot open shared object file: No such file or directory)) in Unknown on line 0
PHP Warning:  Module 'pdo_pgsql' already loaded in Unknown on line 0
PHP Warning:  Module 'pgsql' already loaded in Unknown on line 0
PHP Warning:  Module 'Phar' already loaded in Unknown on line 0
--- RUNNING INCREMENTAL SYNC (Yesterday & Today) ---
Records found in Dialer: 1060
Successfully updated 668 rows in Portal.
--- Sync Finished ---
PHP Warning:  PHP Startup: Unable to load dynamic library 'fileinfo.so' (tried: /usr/lib64/php7/extensions/fileinfo.so (/usr/lib64/php7/extensions/fileinfo.so: cannot open shared object file: No such file or directory), /usr/lib64/php7/extensions/fileinfo.so.so (/usr/lib64/php7/extensions/fileinfo.so.so: cannot open shared object file: No such file or directory)) in Unknown on line 0
PHP Warning:  Module 'pdo_pgsql' already loaded in Unknown on line 0
PHP Warning:  Module 'pgsql' already loaded in Unknown on line 0
PHP Warning:  Module 'Phar' already loaded in Unknown on line 0
--- RUNNING INCREMENTAL SYNC (Yesterday & Today) ---
Records found in Dialer: 1060
Successfully updated 668 rows in Portal.
--- Sync Finished ---
PHP Warning:  PHP Startup: Unable to load dynamic library 'fileinfo.so' (tried: /usr/lib64/php7/extensions/fileinfo.so (/usr/lib64/php7/extensions/fileinfo.so: cannot open shared object file: No such file or directory), /usr/lib64/php7/extensions/fileinfo.so.so (/usr/lib64/php7/extensions/fileinfo.so.so: cannot open shared object file: No such file or directory)) in Unknown on line 0
PHP Warning:  Module 'pdo_pgsql' already loaded in Unknown on line 0
PHP Warning:  Module 'pgsql' already loaded in Unknown on line 0
PHP Warning:  Module 'Phar' already loaded in Unknown on line 0
--- RUNNING INCREMENTAL SYNC (Yesterday & Today) ---
Records found in Dialer: 1060
Successfully updated 668 rows in Portal.
--- Sync Finished ---
PHP Warning:  PHP Startup: Unable to load dynamic library 'fileinfo.so' (tried: /usr/lib64/php7/extensions/fileinfo.so (/usr/lib64/php7/extensions/fileinfo.so: cannot open shared object file: No such file or directory), /usr/lib64/php7/extensions/fileinfo.so.so (/usr/lib64/php7/extensions/fileinfo.so.so: cannot open shared object file: No such file or directory)) in Unknown on line 0
PHP Warning:  Module 'pdo_pgsql' already loaded in Unknown on line 0
PHP Warning:  Module 'pgsql' already loaded in Unknown on line 0
PHP Warning:  Module 'Phar' already loaded in Unknown on line 0
--- RUNNING INCREMENTAL SYNC (Yesterday & Today) ---
Records found in Dialer: 1060
Successfully updated 668 rows in Portal.
--- Sync Finished ---
PHP Warning:  PHP Startup: Unable to load dynamic library 'fileinfo.so' (tried: /usr/lib64/php7/extensions/fileinfo.so (/usr/lib64/php7/extensions/fileinfo.so: cannot open shared object file: No such file or directory), /usr/lib64/php7/extensions/fileinfo.so.so (/usr/lib64/php7/extensions/fileinfo.so.so: cannot open shared object file: No such file or directory)) in Unknown on line 0
PHP Warning:  Module 'pdo_pgsql' already loaded in Unknown on line 0
PHP Warning:  Module 'pgsql' already loaded in Unknown on line 0
PHP Warning:  Module 'Phar' already loaded in Unknown on line 0
--- RUNNING INCREMENTAL SYNC (Yesterday & Today) ---
Records found in Dialer: 1060
Successfully updated 668 rows in Portal.
--- Sync Finished ---
PHP Warning:  PHP Startup: Unable to load dynamic library 'fileinfo.so' (tried: /usr/lib64/php7/extensions/fileinfo.so (/usr/lib64/php7/extensions/fileinfo.so: cannot open shared object file: No such file or directory), /usr/lib64/php7/extensions/fileinfo.so.so (/usr/lib64/php7/extensions/fileinfo.so.so: cannot open shared object file: No such file or directory)) in Unknown on line 0
PHP Warning:  Module 'pdo_pgsql' already loaded in Unknown on line 0
PHP Warning:  Module 'pgsql' already loaded in Unknown on line 0
PHP Warning:  Module 'Phar' already loaded in Unknown on line 0
--- RUNNING INCREMENTAL SYNC (Yesterday & Today) ---
Records found in Dialer: 1060
Successfully updated 668 rows in Portal.
--- Sync Finished ---
PHP Warning:  PHP Startup: Unable to load dynamic library 'fileinfo.so' (tried: /usr/lib64/php7/extensions/fileinfo.so (/usr/lib64/php7/extensions/fileinfo.so: cannot open shared object file: No such file or directory), /usr/lib64/php7/extensions/fileinfo.so.so (/usr/lib64/php7/extensions/fileinfo.so.so: cannot open shared object file: No such file or directory)) in Unknown on line 0
PHP Warning:  Module 'pdo_pgsql' already loaded in Unknown on line 0
PHP Warning:  Module 'pgsql' already loaded in Unknown on line 0
PHP Warning:  Module 'Phar' already loaded in Unknown on line 0
--- RUNNING INCREMENTAL SYNC (Yesterday & Today) ---
Records found in Dialer: 1060
Successfully updated 668 rows in Portal.
--- Sync Finished ---
PHP Warning:  PHP Startup: Unable to load dynamic library 'fileinfo.so' (tried: /usr/lib64/php7/extensions/fileinfo.so (/usr/lib64/php7/extensions/fileinfo.so: cannot open shared object file: No such file or directory), /usr/lib64/php7/extensions/fileinfo.so.so (/usr/lib64/php7/extensions/fileinfo.so.so: cannot open shared object file: No such file or directory)) in Unknown on line 0
PHP Warning:  Module 'pdo_pgsql' already loaded in Unknown on line 0
PHP Warning:  Module 'pgsql' already loaded in Unknown on line 0
PHP Warning:  Module 'Phar' already loaded in Unknown on line 0
--- RUNNING INCREMENTAL SYNC (Yesterday & Today) ---
Records found in Dialer: 1060
Successfully updated 668 rows in Portal.
--- Sync Finished ---
PHP Warning:  PHP Startup: Unable to load dynamic library 'fileinfo.so' (tried: /usr/lib64/php7/extensions/fileinfo.so (/usr/lib64/php7/extensions/fileinfo.so: cannot open shared object file: No such file or directory), /usr/lib64/php7/extensions/fileinfo.so.so (/usr/lib64/php7/extensions/fileinfo.so.so: cannot open shared object file: No such file or directory)) in Unknown on line 0
PHP Warning:  Module 'pdo_pgsql' already loaded in Unknown on line 0
PHP Warning:  Module 'pgsql' already loaded in Unknown on line 0
PHP Warning:  Module 'Phar' already loaded in Unknown on line 0
--- RUNNING INCREMENTAL SYNC (Yesterday & Today) ---
Records found in Dialer: 1060
Successfully updated 668 rows in Portal.
--- Sync Finished ---
PHP Warning:  PHP Startup: Unable to load dynamic library 'fileinfo.so' (tried: /usr/lib64/php7/extensions/fileinfo.so (/usr/lib64/php7/extensions/fileinfo.so: cannot open shared object file: No such file or directory), /usr/lib64/php7/extensions/fileinfo.so.so (/usr/lib64/php7/extensions/fileinfo.so.so: cannot open shared object file: No such file or directory)) in Unknown on line 0
PHP Warning:  Module 'pdo_pgsql' already loaded in Unknown on line 0
PHP Warning:  Module 'pgsql' already loaded in Unknown on line 0
PHP Warning:  Module 'Phar' already loaded in Unknown on line 0
--- RUNNING INCREMENTAL SYNC (Yesterday & Today) ---
Records found in Dialer: 1060
Successfully updated 668 rows in Portal.
--- Sync Finished ---
PHP Warning:  PHP Startup: Unable to load dynamic library 'fileinfo.so' (tried: /usr/lib64/php7/extensions/fileinfo.so (/usr/lib64/php7/extensions/fileinfo.so: cannot open shared object file: No such file or directory), /usr/lib64/php7/extensions/fileinfo.so.so (/usr/lib64/php7/extensions/fileinfo.so.so: cannot open shared object file: No such file or directory)) in Unknown on line 0
PHP Warning:  Module 'pdo_pgsql' already loaded in Unknown on line 0
PHP Warning:  Module 'pgsql' already loaded in Unknown on line 0
PHP Warning:  Module 'Phar' already loaded in Unknown on line 0
--- RUNNING INCREMENTAL SYNC (Yesterday & Today) ---
Records found in Dialer: 1060
Successfully updated 668 rows in Portal.
--- Sync Finished ---
PHP Warning:  PHP Startup: Unable to load dynamic library 'fileinfo.so' (tried: /usr/lib64/php7/extensions/fileinfo.so (/usr/lib64/php7/extensions/fileinfo.so: cannot open shared object file: No such file or directory), /usr/lib64/php7/extensions/fileinfo.so.so (/usr/lib64/php7/extensions/fileinfo.so.so: cannot open shared object file: No such file or directory)) in Unknown on line 0
PHP Warning:  Module 'pdo_pgsql' already loaded in Unknown on line 0
PHP Warning:  Module 'pgsql' already loaded in Unknown on line 0
PHP Warning:  Module 'Phar' already loaded in Unknown on line 0
--- RUNNING INCREMENTAL SYNC (Yesterday & Today) ---
Records found in Dialer: 1060
Successfully updated 668 rows in Portal.
--- Sync Finished ---
PHP Warning:  PHP Startup: Unable to load dynamic library 'fileinfo.so' (tried: /usr/lib64/php7/extensions/fileinfo.so (/usr/lib64/php7/extensions/fileinfo.so: cannot open shared object file: No such file or directory), /usr/lib64/php7/extensions/fileinfo.so.so (/usr/lib64/php7/extensions/fileinfo.so.so: cannot open shared object file: No such file or directory)) in Unknown on line 0
PHP Warning:  Module 'pdo_pgsql' already loaded in Unknown on line 0
PHP Warning:  Module 'pgsql' already loaded in Unknown on line 0
PHP Warning:  Module 'Phar' already loaded in Unknown on line 0
--- RUNNING INCREMENTAL SYNC (Yesterday & Today) ---
Records found in Dialer: 1060
Successfully updated 668 rows in Portal.
--- Sync Finished ---
PHP Warning:  PHP Startup: Unable to load dynamic library 'fileinfo.so' (tried: /usr/lib64/php7/extensions/fileinfo.so (/usr/lib64/php7/extensions/fileinfo.so: cannot open shared object file: No such file or directory), /usr/lib64/php7/extensions/fileinfo.so.so (/usr/lib64/php7/extensions/fileinfo.so.so: cannot open shared object file: No such file or directory)) in Unknown on line 0
PHP Warning:  Module 'pdo_pgsql' already loaded in Unknown on line 0
PHP Warning:  Module 'pgsql' already loaded in Unknown on line 0
PHP Warning:  Module 'Phar' already loaded in Unknown on line 0
--- RUNNING INCREMENTAL SYNC (Yesterday & Today) ---
Records found in Dialer: 1060
Successfully updated 668 rows in Portal.
--- Sync Finished ---
PHP Warning:  PHP Startup: Unable to load dynamic library 'fileinfo.so' (tried: /usr/lib64/php7/extensions/fileinfo.so (/usr/lib64/php7/extensions/fileinfo.so: cannot open shared object file: No such file or directory), /usr/lib64/php7/extensions/fileinfo.so.so (/usr/lib64/php7/extensions/fileinfo.so.so: cannot open shared object file: No such file or directory)) in Unknown on line 0
PHP Warning:  Module 'pdo_pgsql' already loaded in Unknown on line 0
PHP Warning:  Module 'pgsql' already loaded in Unknown on line 0
PHP Warning:  Module 'Phar' already loaded in Unknown on line 0
--- RUNNING INCREMENTAL SYNC (Yesterday & Today) ---
Records found in Dialer: 1060
Successfully updated 668 rows in Portal.
--- Sync Finished ---
PHP Warning:  PHP Startup: Unable to load dynamic library 'fileinfo.so' (tried: /usr/lib64/php7/extensions/fileinfo.so (/usr/lib64/php7/extensions/fileinfo.so: cannot open shared object file: No such file or directory), /usr/lib64/php7/extensions/fileinfo.so.so (/usr/lib64/php7/extensions/fileinfo.so.so: cannot open shared object file: No such file or directory)) in Unknown on line 0
PHP Warning:  Module 'pdo_pgsql' already loaded in Unknown on line 0
PHP Warning:  Module 'pgsql' already loaded in Unknown on line 0
PHP Warning:  Module 'Phar' already loaded in Unknown on line 0
--- RUNNING INCREMENTAL SYNC (Yesterday & Today) ---
Records found in Dialer: 1060
Successfully updated 668 rows in Portal.
--- Sync Finished ---
PHP Warning:  PHP Startup: Unable to load dynamic library 'fileinfo.so' (tried: /usr/lib64/php7/extensions/fileinfo.so (/usr/lib64/php7/extensions/fileinfo.so: cannot open shared object file: No such file or directory), /usr/lib64/php7/extensions/fileinfo.so.so (/usr/lib64/php7/extensions/fileinfo.so.so: cannot open shared object file: No such file or directory)) in Unknown on line 0
PHP Warning:  Module 'pdo_pgsql' already loaded in Unknown on line 0
PHP Warning:  Module 'pgsql' already loaded in Unknown on line 0
PHP Warning:  Module 'Phar' already loaded in Unknown on line 0
--- RUNNING INCREMENTAL SYNC (Yesterday & Today) ---
Records found in Dialer: 1060
Successfully updated 668 rows in Portal.
--- Sync Finished ---
PHP Warning:  PHP Startup: Unable to load dynamic library 'fileinfo.so' (tried: /usr/lib64/php7/extensions/fileinfo.so (/usr/lib64/php7/extensions/fileinfo.so: cannot open shared object file: No such file or directory), /usr/lib64/php7/extensions/fileinfo.so.so (/usr/lib64/php7/extensions/fileinfo.so.so: cannot open shared object file: No such file or directory)) in Unknown on line 0
PHP Warning:  Module 'pdo_pgsql' already loaded in Unknown on line 0
PHP Warning:  Module 'pgsql' already loaded in Unknown on line 0
PHP Warning:  Module 'Phar' already loaded in Unknown on line 0
--- RUNNING INCREMENTAL SYNC (Yesterday & Today) ---
Records found in Dialer: 1060
Successfully updated 668 rows in Portal.
--- Sync Finished ---
PHP Warning:  PHP Startup: Unable to load dynamic library 'fileinfo.so' (tried: /usr/lib64/php7/extensions/fileinfo.so (/usr/lib64/php7/extensions/fileinfo.so: cannot open shared object file: No such file or directory), /usr/lib64/php7/extensions/fileinfo.so.so (/usr/lib64/php7/extensions/fileinfo.so.so: cannot open shared object file: No such file or directory)) in Unknown on line 0
PHP Warning:  Module 'pdo_pgsql' already loaded in Unknown on line 0
PHP Warning:  Module 'pgsql' already loaded in Unknown on line 0
PHP Warning:  Module 'Phar' already loaded in Unknown on line 0
--- RUNNING INCREMENTAL SYNC (Yesterday & Today) ---
Records found in Dialer: 1060
Successfully updated 668 rows in Portal.
--- Sync Finished ---
PHP Warning:  PHP Startup: Unable to load dynamic library 'fileinfo.so' (tried: /usr/lib64/php7/extensions/fileinfo.so (/usr/lib64/php7/extensions/fileinfo.so: cannot open shared object file: No such file or directory), /usr/lib64/php7/extensions/fileinfo.so.so (/usr/lib64/php7/extensions/fileinfo.so.so: cannot open shared object file: No such file or directory)) in Unknown on line 0
PHP Warning:  Module 'pdo_pgsql' already loaded in Unknown on line 0
PHP Warning:  Module 'pgsql' already loaded in Unknown on line 0
PHP Warning:  Module 'Phar' already loaded in Unknown on line 0
--- RUNNING INCREMENTAL SYNC (Yesterday & Today) ---
Records found in Dialer: 1060
Successfully updated 668 rows in Portal.
--- Sync Finished ---
PHP Warning:  PHP Startup: Unable to load dynamic library 'fileinfo.so' (tried: /usr/lib64/php7/extensions/fileinfo.so (/usr/lib64/php7/extensions/fileinfo.so: cannot open shared object file: No such file or directory), /usr/lib64/php7/extensions/fileinfo.so.so (/usr/lib64/php7/extensions/fileinfo.so.so: cannot open shared object file: No such file or directory)) in Unknown on line 0
PHP Warning:  Module 'pdo_pgsql' already loaded in Unknown on line 0
PHP Warning:  Module 'pgsql' already loaded in Unknown on line 0
PHP Warning:  Module 'Phar' already loaded in Unknown on line 0
--- RUNNING INCREMENTAL SYNC (Yesterday & Today) ---
Records found in Dialer: 1060
Successfully updated 668 rows in Portal.
--- Sync Finished ---
PHP Warning:  PHP Startup: Unable to load dynamic library 'fileinfo.so' (tried: /usr/lib64/php7/extensions/fileinfo.so (/usr/lib64/php7/extensions/fileinfo.so: cannot open shared object file: No such file or directory), /usr/lib64/php7/extensions/fileinfo.so.so (/usr/lib64/php7/extensions/fileinfo.so.so: cannot open shared object file: No such file or directory)) in Unknown on line 0
PHP Warning:  Module 'pdo_pgsql' already loaded in Unknown on line 0
PHP Warning:  Module 'pgsql' already loaded in Unknown on line 0
PHP Warning:  Module 'Phar' already loaded in Unknown on line 0
--- RUNNING INCREMENTAL SYNC (Yesterday & Today) ---
Records found in Dialer: 1060
Successfully updated 668 rows in Portal.
--- Sync Finished ---
PHP Warning:  PHP Startup: Unable to load dynamic library 'fileinfo.so' (tried: /usr/lib64/php7/extensions/fileinfo.so (/usr/lib64/php7/extensions/fileinfo.so: cannot open shared object file: No such file or directory), /usr/lib64/php7/extensions/fileinfo.so.so (/usr/lib64/php7/extensions/fileinfo.so.so: cannot open shared object file: No such file or directory)) in Unknown on line 0
PHP Warning:  Module 'pdo_pgsql' already loaded in Unknown on line 0
PHP Warning:  Module 'pgsql' already loaded in Unknown on line 0
PHP Warning:  Module 'Phar' already loaded in Unknown on line 0
--- RUNNING INCREMENTAL SYNC (Yesterday & Today) ---
Records found in Dialer: 1060
Successfully updated 668 rows in Portal.
--- Sync Finished ---
PHP Warning:  PHP Startup: Unable to load dynamic library 'fileinfo.so' (tried: /usr/lib64/php7/extensions/fileinfo.so (/usr/lib64/php7/extensions/fileinfo.so: cannot open shared object file: No such file or directory), /usr/lib64/php7/extensions/fileinfo.so.so (/usr/lib64/php7/extensions/fileinfo.so.so: cannot open shared object file: No such file or directory)) in Unknown on line 0
PHP Warning:  Module 'pdo_pgsql' already loaded in Unknown on line 0
PHP Warning:  Module 'pgsql' already loaded in Unknown on line 0
PHP Warning:  Module 'Phar' already loaded in Unknown on line 0
--- RUNNING INCREMENTAL SYNC (Yesterday & Today) ---
Records found in Dialer: 1060
Successfully updated 668 rows in Portal.
--- Sync Finished ---
PHP Warning:  PHP Startup: Unable to load dynamic library 'fileinfo.so' (tried: /usr/lib64/php7/extensions/fileinfo.so (/usr/lib64/php7/extensions/fileinfo.so: cannot open shared object file: No such file or directory), /usr/lib64/php7/extensions/fileinfo.so.so (/usr/lib64/php7/extensions/fileinfo.so.so: cannot open shared object file: No such file or directory)) in Unknown on line 0
PHP Warning:  Module 'pdo_pgsql' already loaded in Unknown on line 0
PHP Warning:  Module 'pgsql' already loaded in Unknown on line 0
PHP Warning:  Module 'Phar' already loaded in Unknown on line 0
--- RUNNING INCREMENTAL SYNC (Yesterday & Today) ---
Records found in Dialer: 1060
Successfully updated 668 rows in Portal.
--- Sync Finished ---
PHP Warning:  PHP Startup: Unable to load dynamic library 'fileinfo.so' (tried: /usr/lib64/php7/extensions/fileinfo.so (/usr/lib64/php7/extensions/fileinfo.so: cannot open shared object file: No such file or directory), /usr/lib64/php7/extensions/fileinfo.so.so (/usr/lib64/php7/extensions/fileinfo.so.so: cannot open shared object file: No such file or directory)) in Unknown on line 0
PHP Warning:  Module 'pdo_pgsql' already loaded in Unknown on line 0
PHP Warning:  Module 'pgsql' already loaded in Unknown on line 0
PHP Warning:  Module 'Phar' already loaded in Unknown on line 0
--- RUNNING INCREMENTAL SYNC (Yesterday & Today) ---
Records found in Dialer: 1060
Successfully updated 668 rows in Portal.
--- Sync Finished ---
PHP Warning:  PHP Startup: Unable to load dynamic library 'fileinfo.so' (tried: /usr/lib64/php7/extensions/fileinfo.so (/usr/lib64/php7/extensions/fileinfo.so: cannot open shared object file: No such file or directory), /usr/lib64/php7/extensions/fileinfo.so.so (/usr/lib64/php7/extensions/fileinfo.so.so: cannot open shared object file: No such file or directory)) in Unknown on line 0
PHP Warning:  Module 'pdo_pgsql' already loaded in Unknown on line 0
PHP Warning:  Module 'pgsql' already loaded in Unknown on line 0
PHP Warning:  Module 'Phar' already loaded in Unknown on line 0
--- RUNNING INCREMENTAL SYNC (Yesterday & Today) ---
Records found in Dialer: 1060
Successfully updated 668 rows in Portal.
--- Sync Finished ---
PHP Warning:  PHP Startup: Unable to load dynamic library 'fileinfo.so' (tried: /usr/lib64/php7/extensions/fileinfo.so (/usr/lib64/php7/extensions/fileinfo.so: cannot open shared object file: No such file or directory), /usr/lib64/php7/extensions/fileinfo.so.so (/usr/lib64/php7/extensions/fileinfo.so.so: cannot open shared object file: No such file or directory)) in Unknown on line 0
PHP Warning:  Module 'pdo_pgsql' already loaded in Unknown on line 0
PHP Warning:  Module 'pgsql' already loaded in Unknown on line 0
PHP Warning:  Module 'Phar' already loaded in Unknown on line 0
--- RUNNING INCREMENTAL SYNC (Yesterday & Today) ---
Records found in Dialer: 1060
Successfully updated 668 rows in Portal.
--- Sync Finished ---
PHP Warning:  PHP Startup: Unable to load dynamic library 'fileinfo.so' (tried: /usr/lib64/php7/extensions/fileinfo.so (/usr/lib64/php7/extensions/fileinfo.so: cannot open shared object file: No such file or directory), /usr/lib64/php7/extensions/fileinfo.so.so (/usr/lib64/php7/extensions/fileinfo.so.so: cannot open shared object file: No such file or directory)) in Unknown on line 0
PHP Warning:  Module 'pdo_pgsql' already loaded in Unknown on line 0
PHP Warning:  Module 'pgsql' already loaded in Unknown on line 0
PHP Warning:  Module 'Phar' already loaded in Unknown on line 0
--- RUNNING INCREMENTAL SYNC (Yesterday & Today) ---
Records found in Dialer: 1060
Successfully updated 668 rows in Portal.
--- Sync Finished ---
PHP Warning:  PHP Startup: Unable to load dynamic library 'fileinfo.so' (tried: /usr/lib64/php7/extensions/fileinfo.so (/usr/lib64/php7/extensions/fileinfo.so: cannot open shared object file: No such file or directory), /usr/lib64/php7/extensions/fileinfo.so.so (/usr/lib64/php7/extensions/fileinfo.so.so: cannot open shared object file: No such file or directory)) in Unknown on line 0
PHP Warning:  Module 'pdo_pgsql' already loaded in Unknown on line 0
PHP Warning:  Module 'pgsql' already loaded in Unknown on line 0
PHP Warning:  Module 'Phar' already loaded in Unknown on line 0
--- RUNNING INCREMENTAL SYNC (Yesterday & Today) ---
Records found in Dialer: 1060
Successfully updated 668 rows in Portal.
--- Sync Finished ---
PHP Warning:  PHP Startup: Unable to load dynamic library 'fileinfo.so' (tried: /usr/lib64/php7/extensions/fileinfo.so (/usr/lib64/php7/extensions/fileinfo.so: cannot open shared object file: No such file or directory), /usr/lib64/php7/extensions/fileinfo.so.so (/usr/lib64/php7/extensions/fileinfo.so.so: cannot open shared object file: No such file or directory)) in Unknown on line 0
PHP Warning:  Module 'pdo_pgsql' already loaded in Unknown on line 0
PHP Warning:  Module 'pgsql' already loaded in Unknown on line 0
PHP Warning:  Module 'Phar' already loaded in Unknown on line 0
--- RUNNING INCREMENTAL SYNC (Yesterday & Today) ---
Records found in Dialer: 1060
Successfully updated 668 rows in Portal.
--- Sync Finished ---
PHP Warning:  PHP Startup: Unable to load dynamic library 'fileinfo.so' (tried: /usr/lib64/php7/extensions/fileinfo.so (/usr/lib64/php7/extensions/fileinfo.so: cannot open shared object file: No such file or directory), /usr/lib64/php7/extensions/fileinfo.so.so (/usr/lib64/php7/extensions/fileinfo.so.so: cannot open shared object file: No such file or directory)) in Unknown on line 0
PHP Warning:  Module 'pdo_pgsql' already loaded in Unknown on line 0
PHP Warning:  Module 'pgsql' already loaded in Unknown on line 0
PHP Warning:  Module 'Phar' already loaded in Unknown on line 0
--- RUNNING INCREMENTAL SYNC (Yesterday & Today) ---
Records found in Dialer: 1060
Successfully updated 668 rows in Portal.
--- Sync Finished ---
PHP Warning:  PHP Startup: Unable to load dynamic library 'fileinfo.so' (tried: /usr/lib64/php7/extensions/fileinfo.so (/usr/lib64/php7/extensions/fileinfo.so: cannot open shared object file: No such file or directory), /usr/lib64/php7/extensions/fileinfo.so.so (/usr/lib64/php7/extensions/fileinfo.so.so: cannot open shared object file: No such file or directory)) in Unknown on line 0
PHP Warning:  Module 'pdo_pgsql' already loaded in Unknown on line 0
PHP Warning:  Module 'pgsql' already loaded in Unknown on line 0
PHP Warning:  Module 'Phar' already loaded in Unknown on line 0
--- RUNNING INCREMENTAL SYNC (Yesterday & Today) ---
Records found in Dialer: 1060
Successfully updated 668 rows in Portal.
--- Sync Finished ---
PHP Warning:  PHP Startup: Unable to load dynamic library 'fileinfo.so' (tried: /usr/lib64/php7/extensions/fileinfo.so (/usr/lib64/php7/extensions/fileinfo.so: cannot open shared object file: No such file or directory), /usr/lib64/php7/extensions/fileinfo.so.so (/usr/lib64/php7/extensions/fileinfo.so.so: cannot open shared object file: No such file or directory)) in Unknown on line 0
PHP Warning:  Module 'pdo_pgsql' already loaded in Unknown on line 0
PHP Warning:  Module 'pgsql' already loaded in Unknown on line 0
PHP Warning:  Module 'Phar' already loaded in Unknown on line 0
--- RUNNING INCREMENTAL SYNC (Yesterday & Today) ---
Records found in Dialer: 1060
Successfully updated 668 rows in Portal.
--- Sync Finished ---
PHP Warning:  PHP Startup: Unable to load dynamic library 'fileinfo.so' (tried: /usr/lib64/php7/extensions/fileinfo.so (/usr/lib64/php7/extensions/fileinfo.so: cannot open shared object file: No such file or directory), /usr/lib64/php7/extensions/fileinfo.so.so (/usr/lib64/php7/extensions/fileinfo.so.so: cannot open shared object file: No such file or directory)) in Unknown on line 0
PHP Warning:  Module 'pdo_pgsql' already loaded in Unknown on line 0
PHP Warning:  Module 'pgsql' already loaded in Unknown on line 0
PHP Warning:  Module 'Phar' already loaded in Unknown on line 0
--- RUNNING INCREMENTAL SYNC (Yesterday & Today) ---
Records found in Dialer: 1060
Successfully updated 668 rows in Portal.
--- Sync Finished ---
PHP Warning:  PHP Startup: Unable to load dynamic library 'fileinfo.so' (tried: /usr/lib64/php7/extensions/fileinfo.so (/usr/lib64/php7/extensions/fileinfo.so: cannot open shared object file: No such file or directory), /usr/lib64/php7/extensions/fileinfo.so.so (/usr/lib64/php7/extensions/fileinfo.so.so: cannot open shared object file: No such file or directory)) in Unknown on line 0
PHP Warning:  Module 'pdo_pgsql' already loaded in Unknown on line 0
PHP Warning:  Module 'pgsql' already loaded in Unknown on line 0
PHP Warning:  Module 'Phar' already loaded in Unknown on line 0
--- RUNNING INCREMENTAL SYNC (Yesterday & Today) ---
Records found in Dialer: 1060
Successfully updated 668 rows in Portal.
--- Sync Finished ---
PHP Warning:  PHP Startup: Unable to load dynamic library 'fileinfo.so' (tried: /usr/lib64/php7/extensions/fileinfo.so (/usr/lib64/php7/extensions/fileinfo.so: cannot open shared object file: No such file or directory), /usr/lib64/php7/extensions/fileinfo.so.so (/usr/lib64/php7/extensions/fileinfo.so.so: cannot open shared object file: No such file or directory)) in Unknown on line 0
PHP Warning:  Module 'pdo_pgsql' already loaded in Unknown on line 0
PHP Warning:  Module 'pgsql' already loaded in Unknown on line 0
PHP Warning:  Module 'Phar' already loaded in Unknown on line 0
--- RUNNING INCREMENTAL SYNC (Yesterday & Today) ---
Records found in Dialer: 1060
Successfully updated 668 rows in Portal.
--- Sync Finished ---
PHP Warning:  PHP Startup: Unable to load dynamic library 'fileinfo.so' (tried: /usr/lib64/php7/extensions/fileinfo.so (/usr/lib64/php7/extensions/fileinfo.so: cannot open shared object file: No such file or directory), /usr/lib64/php7/extensions/fileinfo.so.so (/usr/lib64/php7/extensions/fileinfo.so.so: cannot open shared object file: No such file or directory)) in Unknown on line 0
PHP Warning:  Module 'pdo_pgsql' already loaded in Unknown on line 0
PHP Warning:  Module 'pgsql' already loaded in Unknown on line 0
PHP Warning:  Module 'Phar' already loaded in Unknown on line 0
--- RUNNING INCREMENTAL SYNC (Yesterday & Today) ---
Records found in Dialer: 1060
Successfully updated 668 rows in Portal.
--- Sync Finished ---
PHP Warning:  PHP Startup: Unable to load dynamic library 'fileinfo.so' (tried: /usr/lib64/php7/extensions/fileinfo.so (/usr/lib64/php7/extensions/fileinfo.so: cannot open shared object file: No such file or directory), /usr/lib64/php7/extensions/fileinfo.so.so (/usr/lib64/php7/extensions/fileinfo.so.so: cannot open shared object file: No such file or directory)) in Unknown on line 0
PHP Warning:  Module 'pdo_pgsql' already loaded in Unknown on line 0
PHP Warning:  Module 'pgsql' already loaded in Unknown on line 0
PHP Warning:  Module 'Phar' already loaded in Unknown on line 0
--- RUNNING INCREMENTAL SYNC (Yesterday & Today) ---
Records found in Dialer: 1060
Successfully updated 668 rows in Portal.
--- Sync Finished ---
PHP Warning:  PHP Startup: Unable to load dynamic library 'fileinfo.so' (tried: /usr/lib64/php7/extensions/fileinfo.so (/usr/lib64/php7/extensions/fileinfo.so: cannot open shared object file: No such file or directory), /usr/lib64/php7/extensions/fileinfo.so.so (/usr/lib64/php7/extensions/fileinfo.so.so: cannot open shared object file: No such file or directory)) in Unknown on line 0
PHP Warning:  Module 'pdo_pgsql' already loaded in Unknown on line 0
PHP Warning:  Module 'pgsql' already loaded in Unknown on line 0
PHP Warning:  Module 'Phar' already loaded in Unknown on line 0
--- RUNNING INCREMENTAL SYNC (Yesterday & Today) ---
Records found in Dialer: 1060
Successfully updated 668 rows in Portal.
--- Sync Finished ---
PHP Warning:  PHP Startup: Unable to load dynamic library 'fileinfo.so' (tried: /usr/lib64/php7/extensions/fileinfo.so (/usr/lib64/php7/extensions/fileinfo.so: cannot open shared object file: No such file or directory), /usr/lib64/php7/extensions/fileinfo.so.so (/usr/lib64/php7/extensions/fileinfo.so.so: cannot open shared object file: No such file or directory)) in Unknown on line 0
PHP Warning:  Module 'pdo_pgsql' already loaded in Unknown on line 0
PHP Warning:  Module 'pgsql' already loaded in Unknown on line 0
PHP Warning:  Module 'Phar' already loaded in Unknown on line 0
--- RUNNING INCREMENTAL SYNC (Yesterday & Today) ---
Records found in Dialer: 1060
Successfully updated 668 rows in Portal.
--- Sync Finished ---
PHP Warning:  PHP Startup: Unable to load dynamic library 'fileinfo.so' (tried: /usr/lib64/php7/extensions/fileinfo.so (/usr/lib64/php7/extensions/fileinfo.so: cannot open shared object file: No such file or directory), /usr/lib64/php7/extensions/fileinfo.so.so (/usr/lib64/php7/extensions/fileinfo.so.so: cannot open shared object file: No such file or directory)) in Unknown on line 0
PHP Warning:  Module 'pdo_pgsql' already loaded in Unknown on line 0
PHP Warning:  Module 'pgsql' already loaded in Unknown on line 0
PHP Warning:  Module 'Phar' already loaded in Unknown on line 0
--- RUNNING INCREMENTAL SYNC (Yesterday & Today) ---
Records found in Dialer: 1060
Successfully updated 668 rows in Portal.
--- Sync Finished ---
PHP Warning:  PHP Startup: Unable to load dynamic library 'fileinfo.so' (tried: /usr/lib64/php7/extensions/fileinfo.so (/usr/lib64/php7/extensions/fileinfo.so: cannot open shared object file: No such file or directory), /usr/lib64/php7/extensions/fileinfo.so.so (/usr/lib64/php7/extensions/fileinfo.so.so: cannot open shared object file: No such file or directory)) in Unknown on line 0
PHP Warning:  Module 'pdo_pgsql' already loaded in Unknown on line 0
PHP Warning:  Module 'pgsql' already loaded in Unknown on line 0
PHP Warning:  Module 'Phar' already loaded in Unknown on line 0
--- RUNNING INCREMENTAL SYNC (Yesterday & Today) ---
Records found in Dialer: 1060
Successfully updated 668 rows in Portal.
--- Sync Finished ---
PHP Warning:  PHP Startup: Unable to load dynamic library 'fileinfo.so' (tried: /usr/lib64/php7/extensions/fileinfo.so (/usr/lib64/php7/extensions/fileinfo.so: cannot open shared object file: No such file or directory), /usr/lib64/php7/extensions/fileinfo.so.so (/usr/lib64/php7/extensions/fileinfo.so.so: cannot open shared object file: No such file or directory)) in Unknown on line 0
PHP Warning:  Module 'pdo_pgsql' already loaded in Unknown on line 0
PHP Warning:  Module 'pgsql' already loaded in Unknown on line 0
PHP Warning:  Module 'Phar' already loaded in Unknown on line 0
--- RUNNING INCREMENTAL SYNC (Yesterday & Today) ---
Records found in Dialer: 1060
Successfully updated 668 rows in Portal.
--- Sync Finished ---
PHP Warning:  PHP Startup: Unable to load dynamic library 'fileinfo.so' (tried: /usr/lib64/php7/extensions/fileinfo.so (/usr/lib64/php7/extensions/fileinfo.so: cannot open shared object file: No such file or directory), /usr/lib64/php7/extensions/fileinfo.so.so (/usr/lib64/php7/extensions/fileinfo.so.so: cannot open shared object file: No such file or directory)) in Unknown on line 0
PHP Warning:  Module 'pdo_pgsql' already loaded in Unknown on line 0
PHP Warning:  Module 'pgsql' already loaded in Unknown on line 0
PHP Warning:  Module 'Phar' already loaded in Unknown on line 0
--- RUNNING INCREMENTAL SYNC (Yesterday & Today) ---
Records found in Dialer: 1060
Successfully updated 668 rows in Portal.
--- Sync Finished ---
PHP Warning:  PHP Startup: Unable to load dynamic library 'fileinfo.so' (tried: /usr/lib64/php7/extensions/fileinfo.so (/usr/lib64/php7/extensions/fileinfo.so: cannot open shared object file: No such file or directory), /usr/lib64/php7/extensions/fileinfo.so.so (/usr/lib64/php7/extensions/fileinfo.so.so: cannot open shared object file: No such file or directory)) in Unknown on line 0
PHP Warning:  Module 'pdo_pgsql' already loaded in Unknown on line 0
PHP Warning:  Module 'pgsql' already loaded in Unknown on line 0
PHP Warning:  Module 'Phar' already loaded in Unknown on line 0
--- RUNNING INCREMENTAL SYNC (Yesterday & Today) ---
Records found in Dialer: 1060
Successfully updated 668 rows in Portal.
--- Sync Finished ---
PHP Warning:  PHP Startup: Unable to load dynamic library 'fileinfo.so' (tried: /usr/lib64/php7/extensions/fileinfo.so (/usr/lib64/php7/extensions/fileinfo.so: cannot open shared object file: No such file or directory), /usr/lib64/php7/extensions/fileinfo.so.so (/usr/lib64/php7/extensions/fileinfo.so.so: cannot open shared object file: No such file or directory)) in Unknown on line 0
PHP Warning:  Module 'pdo_pgsql' already loaded in Unknown on line 0
PHP Warning:  Module 'pgsql' already loaded in Unknown on line 0
PHP Warning:  Module 'Phar' already loaded in Unknown on line 0
--- RUNNING INCREMENTAL SYNC (Yesterday & Today) ---
Records found in Dialer: 1060
Successfully updated 668 rows in Portal.
--- Sync Finished ---
PHP Warning:  PHP Startup: Unable to load dynamic library 'fileinfo.so' (tried: /usr/lib64/php7/extensions/fileinfo.so (/usr/lib64/php7/extensions/fileinfo.so: cannot open shared object file: No such file or directory), /usr/lib64/php7/extensions/fileinfo.so.so (/usr/lib64/php7/extensions/fileinfo.so.so: cannot open shared object file: No such file or directory)) in Unknown on line 0
PHP Warning:  Module 'pdo_pgsql' already loaded in Unknown on line 0
PHP Warning:  Module 'pgsql' already loaded in Unknown on line 0
PHP Warning:  Module 'Phar' already loaded in Unknown on line 0
--- RUNNING INCREMENTAL SYNC (Yesterday & Today) ---
Records found in Dialer: 1060
Successfully updated 668 rows in Portal.
--- Sync Finished ---
PHP Warning:  PHP Startup: Unable to load dynamic library 'fileinfo.so' (tried: /usr/lib64/php7/extensions/fileinfo.so (/usr/lib64/php7/extensions/fileinfo.so: cannot open shared object file: No such file or directory), /usr/lib64/php7/extensions/fileinfo.so.so (/usr/lib64/php7/extensions/fileinfo.so.so: cannot open shared object file: No such file or directory)) in Unknown on line 0
PHP Warning:  Module 'pdo_pgsql' already loaded in Unknown on line 0
PHP Warning:  Module 'pgsql' already loaded in Unknown on line 0
PHP Warning:  Module 'Phar' already loaded in Unknown on line 0
--- RUNNING INCREMENTAL SYNC (Yesterday & Today) ---
Records found in Dialer: 1060
Successfully updated 668 rows in Portal.
--- Sync Finished ---
PHP Warning:  PHP Startup: Unable to load dynamic library 'fileinfo.so' (tried: /usr/lib64/php7/extensions/fileinfo.so (/usr/lib64/php7/extensions/fileinfo.so: cannot open shared object file: No such file or directory), /usr/lib64/php7/extensions/fileinfo.so.so (/usr/lib64/php7/extensions/fileinfo.so.so: cannot open shared object file: No such file or directory)) in Unknown on line 0
PHP Warning:  Module 'pdo_pgsql' already loaded in Unknown on line 0
PHP Warning:  Module 'pgsql' already loaded in Unknown on line 0
PHP Warning:  Module 'Phar' already loaded in Unknown on line 0
--- RUNNING INCREMENTAL SYNC (Yesterday & Today) ---
Records found in Dialer: 1060
Successfully updated 668 rows in Portal.
--- Sync Finished ---
PHP Warning:  PHP Startup: Unable to load dynamic library 'fileinfo.so' (tried: /usr/lib64/php7/extensions/fileinfo.so (/usr/lib64/php7/extensions/fileinfo.so: cannot open shared object file: No such file or directory), /usr/lib64/php7/extensions/fileinfo.so.so (/usr/lib64/php7/extensions/fileinfo.so.so: cannot open shared object file: No such file or directory)) in Unknown on line 0
PHP Warning:  Module 'pdo_pgsql' already loaded in Unknown on line 0
PHP Warning:  Module 'pgsql' already loaded in Unknown on line 0
PHP Warning:  Module 'Phar' already loaded in Unknown on line 0
--- RUNNING INCREMENTAL SYNC (Yesterday & Today) ---
Records found in Dialer: 1060
Successfully updated 668 rows in Portal.
--- Sync Finished ---
PHP Warning:  PHP Startup: Unable to load dynamic library 'fileinfo.so' (tried: /usr/lib64/php7/extensions/fileinfo.so (/usr/lib64/php7/extensions/fileinfo.so: cannot open shared object file: No such file or directory), /usr/lib64/php7/extensions/fileinfo.so.so (/usr/lib64/php7/extensions/fileinfo.so.so: cannot open shared object file: No such file or directory)) in Unknown on line 0
PHP Warning:  Module 'pdo_pgsql' already loaded in Unknown on line 0
PHP Warning:  Module 'pgsql' already loaded in Unknown on line 0
PHP Warning:  Module 'Phar' already loaded in Unknown on line 0
--- RUNNING INCREMENTAL SYNC (Yesterday & Today) ---
Records found in Dialer: 1060
Successfully updated 668 rows in Portal.
--- Sync Finished ---
PHP Warning:  PHP Startup: Unable to load dynamic library 'fileinfo.so' (tried: /usr/lib64/php7/extensions/fileinfo.so (/usr/lib64/php7/extensions/fileinfo.so: cannot open shared object file: No such file or directory), /usr/lib64/php7/extensions/fileinfo.so.so (/usr/lib64/php7/extensions/fileinfo.so.so: cannot open shared object file: No such file or directory)) in Unknown on line 0
PHP Warning:  Module 'pdo_pgsql' already loaded in Unknown on line 0
PHP Warning:  Module 'pgsql' already loaded in Unknown on line 0
PHP Warning:  Module 'Phar' already loaded in Unknown on line 0
--- RUNNING INCREMENTAL SYNC (Yesterday & Today) ---
Records found in Dialer: 1060
Successfully updated 668 rows in Portal.
--- Sync Finished ---
PHP Warning:  PHP Startup: Unable to load dynamic library 'fileinfo.so' (tried: /usr/lib64/php7/extensions/fileinfo.so (/usr/lib64/php7/extensions/fileinfo.so: cannot open shared object file: No such file or directory), /usr/lib64/php7/extensions/fileinfo.so.so (/usr/lib64/php7/extensions/fileinfo.so.so: cannot open shared object file: No such file or directory)) in Unknown on line 0
PHP Warning:  Module 'pdo_pgsql' already loaded in Unknown on line 0
PHP Warning:  Module 'pgsql' already loaded in Unknown on line 0
PHP Warning:  Module 'Phar' already loaded in Unknown on line 0
--- RUNNING INCREMENTAL SYNC (Yesterday & Today) ---
Records found in Dialer: 1060
Successfully updated 668 rows in Portal.
--- Sync Finished ---
PHP Warning:  PHP Startup: Unable to load dynamic library 'fileinfo.so' (tried: /usr/lib64/php7/extensions/fileinfo.so (/usr/lib64/php7/extensions/fileinfo.so: cannot open shared object file: No such file or directory), /usr/lib64/php7/extensions/fileinfo.so.so (/usr/lib64/php7/extensions/fileinfo.so.so: cannot open shared object file: No such file or directory)) in Unknown on line 0
PHP Warning:  Module 'pdo_pgsql' already loaded in Unknown on line 0
PHP Warning:  Module 'pgsql' already loaded in Unknown on line 0
PHP Warning:  Module 'Phar' already loaded in Unknown on line 0
--- RUNNING INCREMENTAL SYNC (Yesterday & Today) ---
Records found in Dialer: 1060
Successfully updated 668 rows in Portal.
--- Sync Finished ---
PHP Warning:  PHP Startup: Unable to load dynamic library 'fileinfo.so' (tried: /usr/lib64/php7/extensions/fileinfo.so (/usr/lib64/php7/extensions/fileinfo.so: cannot open shared object file: No such file or directory), /usr/lib64/php7/extensions/fileinfo.so.so (/usr/lib64/php7/extensions/fileinfo.so.so: cannot open shared object file: No such file or directory)) in Unknown on line 0
PHP Warning:  Module 'pdo_pgsql' already loaded in Unknown on line 0
PHP Warning:  Module 'pgsql' already loaded in Unknown on line 0
PHP Warning:  Module 'Phar' already loaded in Unknown on line 0
--- RUNNING INCREMENTAL SYNC (Yesterday & Today) ---
Records found in Dialer: 1060
Successfully updated 668 rows in Portal.
--- Sync Finished ---
PHP Warning:  PHP Startup: Unable to load dynamic library 'fileinfo.so' (tried: /usr/lib64/php7/extensions/fileinfo.so (/usr/lib64/php7/extensions/fileinfo.so: cannot open shared object file: No such file or directory), /usr/lib64/php7/extensions/fileinfo.so.so (/usr/lib64/php7/extensions/fileinfo.so.so: cannot open shared object file: No such file or directory)) in Unknown on line 0
PHP Warning:  Module 'pdo_pgsql' already loaded in Unknown on line 0
PHP Warning:  Module 'pgsql' already loaded in Unknown on line 0
PHP Warning:  Module 'Phar' already loaded in Unknown on line 0
--- RUNNING INCREMENTAL SYNC (Yesterday & Today) ---
Records found in Dialer: 1060
Successfully updated 668 rows in Portal.
--- Sync Finished ---
PHP Warning:  PHP Startup: Unable to load dynamic library 'fileinfo.so' (tried: /usr/lib64/php7/extensions/fileinfo.so (/usr/lib64/php7/extensions/fileinfo.so: cannot open shared object file: No such file or directory), /usr/lib64/php7/extensions/fileinfo.so.so (/usr/lib64/php7/extensions/fileinfo.so.so: cannot open shared object file: No such file or directory)) in Unknown on line 0
PHP Warning:  Module 'pdo_pgsql' already loaded in Unknown on line 0
PHP Warning:  Module 'pgsql' already loaded in Unknown on line 0
PHP Warning:  Module 'Phar' already loaded in Unknown on line 0
--- RUNNING INCREMENTAL SYNC (Yesterday & Today) ---
Records found in Dialer: 1060
Successfully updated 668 rows in Portal.
--- Sync Finished ---
PHP Warning:  PHP Startup: Unable to load dynamic library 'fileinfo.so' (tried: /usr/lib64/php7/extensions/fileinfo.so (/usr/lib64/php7/extensions/fileinfo.so: cannot open shared object file: No such file or directory), /usr/lib64/php7/extensions/fileinfo.so.so (/usr/lib64/php7/extensions/fileinfo.so.so: cannot open shared object file: No such file or directory)) in Unknown on line 0
PHP Warning:  Module 'pdo_pgsql' already loaded in Unknown on line 0
PHP Warning:  Module 'pgsql' already loaded in Unknown on line 0
PHP Warning:  Module 'Phar' already loaded in Unknown on line 0
--- RUNNING INCREMENTAL SYNC (Yesterday & Today) ---
Records found in Dialer: 1060
Successfully updated 668 rows in Portal.
--- Sync Finished ---
PHP Warning:  PHP Startup: Unable to load dynamic library 'fileinfo.so' (tried: /usr/lib64/php7/extensions/fileinfo.so (/usr/lib64/php7/extensions/fileinfo.so: cannot open shared object file: No such file or directory), /usr/lib64/php7/extensions/fileinfo.so.so (/usr/lib64/php7/extensions/fileinfo.so.so: cannot open shared object file: No such file or directory)) in Unknown on line 0
PHP Warning:  Module 'pdo_pgsql' already loaded in Unknown on line 0
PHP Warning:  Module 'pgsql' already loaded in Unknown on line 0
PHP Warning:  Module 'Phar' already loaded in Unknown on line 0
--- RUNNING INCREMENTAL SYNC (Yesterday & Today) ---
Records found in Dialer: 1060
Successfully updated 668 rows in Portal.
--- Sync Finished ---
PHP Warning:  PHP Startup: Unable to load dynamic library 'fileinfo.so' (tried: /usr/lib64/php7/extensions/fileinfo.so (/usr/lib64/php7/extensions/fileinfo.so: cannot open shared object file: No such file or directory), /usr/lib64/php7/extensions/fileinfo.so.so (/usr/lib64/php7/extensions/fileinfo.so.so: cannot open shared object file: No such file or directory)) in Unknown on line 0
PHP Warning:  Module 'pdo_pgsql' already loaded in Unknown on line 0
PHP Warning:  Module 'pgsql' already loaded in Unknown on line 0
PHP Warning:  Module 'Phar' already loaded in Unknown on line 0
--- RUNNING INCREMENTAL SYNC (Yesterday & Today) ---
Records found in Dialer: 1060
Successfully updated 668 rows in Portal.
--- Sync Finished ---
PHP Warning:  PHP Startup: Unable to load dynamic library 'fileinfo.so' (tried: /usr/lib64/php7/extensions/fileinfo.so (/usr/lib64/php7/extensions/fileinfo.so: cannot open shared object file: No such file or directory), /usr/lib64/php7/extensions/fileinfo.so.so (/usr/lib64/php7/extensions/fileinfo.so.so: cannot open shared object file: No such file or directory)) in Unknown on line 0
PHP Warning:  Module 'pdo_pgsql' already loaded in Unknown on line 0
PHP Warning:  Module 'pgsql' already loaded in Unknown on line 0
PHP Warning:  Module 'Phar' already loaded in Unknown on line 0
--- RUNNING INCREMENTAL SYNC (Yesterday & Today) ---
Records found in Dialer: 1060
Successfully updated 668 rows in Portal.
--- Sync Finished ---
PHP Warning:  PHP Startup: Unable to load dynamic library 'fileinfo.so' (tried: /usr/lib64/php7/extensions/fileinfo.so (/usr/lib64/php7/extensions/fileinfo.so: cannot open shared object file: No such file or directory), /usr/lib64/php7/extensions/fileinfo.so.so (/usr/lib64/php7/extensions/fileinfo.so.so: cannot open shared object file: No such file or directory)) in Unknown on line 0
PHP Warning:  Module 'pdo_pgsql' already loaded in Unknown on line 0
PHP Warning:  Module 'pgsql' already loaded in Unknown on line 0
PHP Warning:  Module 'Phar' already loaded in Unknown on line 0
--- RUNNING INCREMENTAL SYNC (Yesterday & Today) ---
Records found in Dialer: 1060
Successfully updated 668 rows in Portal.
--- Sync Finished ---
PHP Warning:  PHP Startup: Unable to load dynamic library 'fileinfo.so' (tried: /usr/lib64/php7/extensions/fileinfo.so (/usr/lib64/php7/extensions/fileinfo.so: cannot open shared object file: No such file or directory), /usr/lib64/php7/extensions/fileinfo.so.so (/usr/lib64/php7/extensions/fileinfo.so.so: cannot open shared object file: No such file or directory)) in Unknown on line 0
PHP Warning:  Module 'pdo_pgsql' already loaded in Unknown on line 0
PHP Warning:  Module 'pgsql' already loaded in Unknown on line 0
PHP Warning:  Module 'Phar' already loaded in Unknown on line 0
--- RUNNING INCREMENTAL SYNC (Yesterday & Today) ---
Records found in Dialer: 1060
Successfully updated 668 rows in Portal.
--- Sync Finished ---
PHP Warning:  PHP Startup: Unable to load dynamic library 'fileinfo.so' (tried: /usr/lib64/php7/extensions/fileinfo.so (/usr/lib64/php7/extensions/fileinfo.so: cannot open shared object file: No such file or directory), /usr/lib64/php7/extensions/fileinfo.so.so (/usr/lib64/php7/extensions/fileinfo.so.so: cannot open shared object file: No such file or directory)) in Unknown on line 0
PHP Warning:  Module 'pdo_pgsql' already loaded in Unknown on line 0
PHP Warning:  Module 'pgsql' already loaded in Unknown on line 0
PHP Warning:  Module 'Phar' already loaded in Unknown on line 0
--- RUNNING INCREMENTAL SYNC (Yesterday & Today) ---
Records found in Dialer: 1060
Successfully updated 668 rows in Portal.
--- Sync Finished ---
PHP Warning:  PHP Startup: Unable to load dynamic library 'fileinfo.so' (tried: /usr/lib64/php7/extensions/fileinfo.so (/usr/lib64/php7/extensions/fileinfo.so: cannot open shared object file: No such file or directory), /usr/lib64/php7/extensions/fileinfo.so.so (/usr/lib64/php7/extensions/fileinfo.so.so: cannot open shared object file: No such file or directory)) in Unknown on line 0
PHP Warning:  Module 'pdo_pgsql' already loaded in Unknown on line 0
PHP Warning:  Module 'pgsql' already loaded in Unknown on line 0
PHP Warning:  Module 'Phar' already loaded in Unknown on line 0
--- RUNNING INCREMENTAL SYNC (Yesterday & Today) ---
Records found in Dialer: 1060
Successfully updated 668 rows in Portal.
--- Sync Finished ---
PHP Warning:  PHP Startup: Unable to load dynamic library 'fileinfo.so' (tried: /usr/lib64/php7/extensions/fileinfo.so (/usr/lib64/php7/extensions/fileinfo.so: cannot open shared object file: No such file or directory), /usr/lib64/php7/extensions/fileinfo.so.so (/usr/lib64/php7/extensions/fileinfo.so.so: cannot open shared object file: No such file or directory)) in Unknown on line 0
PHP Warning:  Module 'pdo_pgsql' already loaded in Unknown on line 0
PHP Warning:  Module 'pgsql' already loaded in Unknown on line 0
PHP Warning:  Module 'Phar' already loaded in Unknown on line 0
--- RUNNING INCREMENTAL SYNC (Yesterday & Today) ---
Records found in Dialer: 1060
Successfully updated 668 rows in Portal.
--- Sync Finished ---
PHP Warning:  PHP Startup: Unable to load dynamic library 'fileinfo.so' (tried: /usr/lib64/php7/extensions/fileinfo.so (/usr/lib64/php7/extensions/fileinfo.so: cannot open shared object file: No such file or directory), /usr/lib64/php7/extensions/fileinfo.so.so (/usr/lib64/php7/extensions/fileinfo.so.so: cannot open shared object file: No such file or directory)) in Unknown on line 0
PHP Warning:  Module 'pdo_pgsql' already loaded in Unknown on line 0
PHP Warning:  Module 'pgsql' already loaded in Unknown on line 0
PHP Warning:  Module 'Phar' already loaded in Unknown on line 0
--- RUNNING INCREMENTAL SYNC (Yesterday & Today) ---
Records found in Dialer: 1060
Successfully updated 668 rows in Portal.
--- Sync Finished ---
PHP Warning:  PHP Startup: Unable to load dynamic library 'fileinfo.so' (tried: /usr/lib64/php7/extensions/fileinfo.so (/usr/lib64/php7/extensions/fileinfo.so: cannot open shared object file: No such file or directory), /usr/lib64/php7/extensions/fileinfo.so.so (/usr/lib64/php7/extensions/fileinfo.so.so: cannot open shared object file: No such file or directory)) in Unknown on line 0
PHP Warning:  Module 'pdo_pgsql' already loaded in Unknown on line 0
PHP Warning:  Module 'pgsql' already loaded in Unknown on line 0
PHP Warning:  Module 'Phar' already loaded in Unknown on line 0
--- RUNNING INCREMENTAL SYNC (Yesterday & Today) ---
Records found in Dialer: 1060
Successfully updated 668 rows in Portal.
--- Sync Finished ---
PHP Warning:  PHP Startup: Unable to load dynamic library 'fileinfo.so' (tried: /usr/lib64/php7/extensions/fileinfo.so (/usr/lib64/php7/extensions/fileinfo.so: cannot open shared object file: No such file or directory), /usr/lib64/php7/extensions/fileinfo.so.so (/usr/lib64/php7/extensions/fileinfo.so.so: cannot open shared object file: No such file or directory)) in Unknown on line 0
PHP Warning:  Module 'pdo_pgsql' already loaded in Unknown on line 0
PHP Warning:  Module 'pgsql' already loaded in Unknown on line 0
PHP Warning:  Module 'Phar' already loaded in Unknown on line 0
--- RUNNING INCREMENTAL SYNC (Yesterday & Today) ---
Records found in Dialer: 1060
Successfully updated 668 rows in Portal.
--- Sync Finished ---
PHP Warning:  PHP Startup: Unable to load dynamic library 'fileinfo.so' (tried: /usr/lib64/php7/extensions/fileinfo.so (/usr/lib64/php7/extensions/fileinfo.so: cannot open shared object file: No such file or directory), /usr/lib64/php7/extensions/fileinfo.so.so (/usr/lib64/php7/extensions/fileinfo.so.so: cannot open shared object file: No such file or directory)) in Unknown on line 0
PHP Warning:  Module 'pdo_pgsql' already loaded in Unknown on line 0
PHP Warning:  Module 'pgsql' already loaded in Unknown on line 0
PHP Warning:  Module 'Phar' already loaded in Unknown on line 0
--- RUNNING INCREMENTAL SYNC (Yesterday & Today) ---
Records found in Dialer: 1060
Successfully updated 668 rows in Portal.
--- Sync Finished ---
PHP Warning:  PHP Startup: Unable to load dynamic library 'fileinfo.so' (tried: /usr/lib64/php7/extensions/fileinfo.so (/usr/lib64/php7/extensions/fileinfo.so: cannot open shared object file: No such file or directory), /usr/lib64/php7/extensions/fileinfo.so.so (/usr/lib64/php7/extensions/fileinfo.so.so: cannot open shared object file: No such file or directory)) in Unknown on line 0
PHP Warning:  Module 'pdo_pgsql' already loaded in Unknown on line 0
PHP Warning:  Module 'pgsql' already loaded in Unknown on line 0
PHP Warning:  Module 'Phar' already loaded in Unknown on line 0
--- RUNNING INCREMENTAL SYNC (Yesterday & Today) ---
Records found in Dialer: 1063
Successfully updated 670 rows in Portal.
--- Sync Finished ---
PHP Warning:  PHP Startup: Unable to load dynamic library 'fileinfo.so' (tried: /usr/lib64/php7/extensions/fileinfo.so (/usr/lib64/php7/extensions/fileinfo.so: cannot open shared object file: No such file or directory), /usr/lib64/php7/extensions/fileinfo.so.so (/usr/lib64/php7/extensions/fileinfo.so.so: cannot open shared object file: No such file or directory)) in Unknown on line 0
PHP Warning:  Module 'pdo_pgsql' already loaded in Unknown on line 0
PHP Warning:  Module 'pgsql' already loaded in Unknown on line 0
PHP Warning:  Module 'Phar' already loaded in Unknown on line 0
--- RUNNING INCREMENTAL SYNC (Yesterday & Today) ---
Records found in Dialer: 1063
Successfully updated 670 rows in Portal.
--- Sync Finished ---
PHP Warning:  PHP Startup: Unable to load dynamic library 'fileinfo.so' (tried: /usr/lib64/php7/extensions/fileinfo.so (/usr/lib64/php7/extensions/fileinfo.so: cannot open shared object file: No such file or directory), /usr/lib64/php7/extensions/fileinfo.so.so (/usr/lib64/php7/extensions/fileinfo.so.so: cannot open shared object file: No such file or directory)) in Unknown on line 0
PHP Warning:  Module 'pdo_pgsql' already loaded in Unknown on line 0
PHP Warning:  Module 'pgsql' already loaded in Unknown on line 0
PHP Warning:  Module 'Phar' already loaded in Unknown on line 0
--- RUNNING INCREMENTAL SYNC (Yesterday & Today) ---
Records found in Dialer: 1064
Successfully updated 670 rows in Portal.
--- Sync Finished ---
PHP Warning:  PHP Startup: Unable to load dynamic library 'fileinfo.so' (tried: /usr/lib64/php7/extensions/fileinfo.so (/usr/lib64/php7/extensions/fileinfo.so: cannot open shared object file: No such file or directory), /usr/lib64/php7/extensions/fileinfo.so.so (/usr/lib64/php7/extensions/fileinfo.so.so: cannot open shared object file: No such file or directory)) in Unknown on line 0
PHP Warning:  Module 'pdo_pgsql' already loaded in Unknown on line 0
PHP Warning:  Module 'pgsql' already loaded in Unknown on line 0
PHP Warning:  Module 'Phar' already loaded in Unknown on line 0
--- RUNNING INCREMENTAL SYNC (Yesterday & Today) ---
Records found in Dialer: 1067
Successfully updated 673 rows in Portal.
--- Sync Finished ---
PHP Warning:  PHP Startup: Unable to load dynamic library 'fileinfo.so' (tried: /usr/lib64/php7/extensions/fileinfo.so (/usr/lib64/php7/extensions/fileinfo.so: cannot open shared object file: No such file or directory), /usr/lib64/php7/extensions/fileinfo.so.so (/usr/lib64/php7/extensions/fileinfo.so.so: cannot open shared object file: No such file or directory)) in Unknown on line 0
PHP Warning:  Module 'pdo_pgsql' already loaded in Unknown on line 0
PHP Warning:  Module 'pgsql' already loaded in Unknown on line 0
PHP Warning:  Module 'Phar' already loaded in Unknown on line 0
--- RUNNING INCREMENTAL SYNC (Yesterday & Today) ---
Records found in Dialer: 1069
Successfully updated 674 rows in Portal.
--- Sync Finished ---
PHP Warning:  PHP Startup: Unable to load dynamic library 'fileinfo.so' (tried: /usr/lib64/php7/extensions/fileinfo.so (/usr/lib64/php7/extensions/fileinfo.so: cannot open shared object file: No such file or directory), /usr/lib64/php7/extensions/fileinfo.so.so (/usr/lib64/php7/extensions/fileinfo.so.so: cannot open shared object file: No such file or directory)) in Unknown on line 0
PHP Warning:  Module 'pdo_pgsql' already loaded in Unknown on line 0
PHP Warning:  Module 'pgsql' already loaded in Unknown on line 0
PHP Warning:  Module 'Phar' already loaded in Unknown on line 0
--- RUNNING INCREMENTAL SYNC (Yesterday & Today) ---
Records found in Dialer: 1071
Successfully updated 675 rows in Portal.
--- Sync Finished ---
PHP Warning:  PHP Startup: Unable to load dynamic library 'fileinfo.so' (tried: /usr/lib64/php7/extensions/fileinfo.so (/usr/lib64/php7/extensions/fileinfo.so: cannot open shared object file: No such file or directory), /usr/lib64/php7/extensions/fileinfo.so.so (/usr/lib64/php7/extensions/fileinfo.so.so: cannot open shared object file: No such file or directory)) in Unknown on line 0
PHP Warning:  Module 'pdo_pgsql' already loaded in Unknown on line 0
PHP Warning:  Module 'pgsql' already loaded in Unknown on line 0
PHP Warning:  Module 'Phar' already loaded in Unknown on line 0
--- RUNNING INCREMENTAL SYNC (Yesterday & Today) ---
Records found in Dialer: 1075
Successfully updated 680 rows in Portal.
--- Sync Finished ---
PHP Warning:  PHP Startup: Unable to load dynamic library 'fileinfo.so' (tried: /usr/lib64/php7/extensions/fileinfo.so (/usr/lib64/php7/extensions/fileinfo.so: cannot open shared object file: No such file or directory), /usr/lib64/php7/extensions/fileinfo.so.so (/usr/lib64/php7/extensions/fileinfo.so.so: cannot open shared object file: No such file or directory)) in Unknown on line 0
PHP Warning:  Module 'pdo_pgsql' already loaded in Unknown on line 0
PHP Warning:  Module 'pgsql' already loaded in Unknown on line 0
PHP Warning:  Module 'Phar' already loaded in Unknown on line 0
--- RUNNING INCREMENTAL SYNC (Yesterday & Today) ---
Records found in Dialer: 1091
Successfully updated 692 rows in Portal.
--- Sync Finished ---
PHP Warning:  PHP Startup: Unable to load dynamic library 'fileinfo.so' (tried: /usr/lib64/php7/extensions/fileinfo.so (/usr/lib64/php7/extensions/fileinfo.so: cannot open shared object file: No such file or directory), /usr/lib64/php7/extensions/fileinfo.so.so (/usr/lib64/php7/extensions/fileinfo.so.so: cannot open shared object file: No such file or directory)) in Unknown on line 0
PHP Warning:  Module 'pdo_pgsql' already loaded in Unknown on line 0
PHP Warning:  Module 'pgsql' already loaded in Unknown on line 0
PHP Warning:  Module 'Phar' already loaded in Unknown on line 0
--- RUNNING INCREMENTAL SYNC (Yesterday & Today) ---
Records found in Dialer: 1111
Successfully updated 707 rows in Portal.
--- Sync Finished ---
PHP Warning:  PHP Startup: Unable to load dynamic library 'fileinfo.so' (tried: /usr/lib64/php7/extensions/fileinfo.so (/usr/lib64/php7/extensions/fileinfo.so: cannot open shared object file: No such file or directory), /usr/lib64/php7/extensions/fileinfo.so.so (/usr/lib64/php7/extensions/fileinfo.so.so: cannot open shared object file: No such file or directory)) in Unknown on line 0
PHP Warning:  Module 'pdo_pgsql' already loaded in Unknown on line 0
PHP Warning:  Module 'pgsql' already loaded in Unknown on line 0
PHP Warning:  Module 'Phar' already loaded in Unknown on line 0
--- RUNNING INCREMENTAL SYNC (Yesterday & Today) ---
Records found in Dialer: 1130
Successfully updated 726 rows in Portal.
--- Sync Finished ---
PHP Warning:  PHP Startup: Unable to load dynamic library 'fileinfo.so' (tried: /usr/lib64/php7/extensions/fileinfo.so (/usr/lib64/php7/extensions/fileinfo.so: cannot open shared object file: No such file or directory), /usr/lib64/php7/extensions/fileinfo.so.so (/usr/lib64/php7/extensions/fileinfo.so.so: cannot open shared object file: No such file or directory)) in Unknown on line 0
PHP Warning:  Module 'pdo_pgsql' already loaded in Unknown on line 0
PHP Warning:  Module 'pgsql' already loaded in Unknown on line 0
PHP Warning:  Module 'Phar' already loaded in Unknown on line 0
--- RUNNING INCREMENTAL SYNC (Yesterday & Today) ---
Records found in Dialer: 1153
Successfully updated 743 rows in Portal.
--- Sync Finished ---
PHP Warning:  PHP Startup: Unable to load dynamic library 'fileinfo.so' (tried: /usr/lib64/php7/extensions/fileinfo.so (/usr/lib64/php7/extensions/fileinfo.so: cannot open shared object file: No such file or directory), /usr/lib64/php7/extensions/fileinfo.so.so (/usr/lib64/php7/extensions/fileinfo.so.so: cannot open shared object file: No such file or directory)) in Unknown on line 0
PHP Warning:  Module 'pdo_pgsql' already loaded in Unknown on line 0
PHP Warning:  Module 'pgsql' already loaded in Unknown on line 0
PHP Warning:  Module 'Phar' already loaded in Unknown on line 0
--- RUNNING INCREMENTAL SYNC (Yesterday & Today) ---
Records found in Dialer: 1174
Successfully updated 762 rows in Portal.
--- Sync Finished ---
PHP Warning:  PHP Startup: Unable to load dynamic library 'fileinfo.so' (tried: /usr/lib64/php7/extensions/fileinfo.so (/usr/lib64/php7/extensions/fileinfo.so: cannot open shared object file: No such file or directory), /usr/lib64/php7/extensions/fileinfo.so.so (/usr/lib64/php7/extensions/fileinfo.so.so: cannot open shared object file: No such file or directory)) in Unknown on line 0
PHP Warning:  Module 'pdo_pgsql' already loaded in Unknown on line 0
PHP Warning:  Module 'pgsql' already loaded in Unknown on line 0
PHP Warning:  Module 'Phar' already loaded in Unknown on line 0
--- RUNNING INCREMENTAL SYNC (Yesterday & Today) ---
Records found in Dialer: 1189
Successfully updated 773 rows in Portal.
--- Sync Finished ---
PHP Warning:  PHP Startup: Unable to load dynamic library 'fileinfo.so' (tried: /usr/lib64/php7/extensions/fileinfo.so (/usr/lib64/php7/extensions/fileinfo.so: cannot open shared object file: No such file or directory), /usr/lib64/php7/extensions/fileinfo.so.so (/usr/lib64/php7/extensions/fileinfo.so.so: cannot open shared object file: No such file or directory)) in Unknown on line 0
PHP Warning:  Module 'pdo_pgsql' already loaded in Unknown on line 0
PHP Warning:  Module 'pgsql' already loaded in Unknown on line 0
PHP Warning:  Module 'Phar' already loaded in Unknown on line 0
--- RUNNING INCREMENTAL SYNC (Yesterday & Today) ---
Records found in Dialer: 1199
Successfully updated 778 rows in Portal.
--- Sync Finished ---
PHP Warning:  PHP Startup: Unable to load dynamic library 'fileinfo.so' (tried: /usr/lib64/php7/extensions/fileinfo.so (/usr/lib64/php7/extensions/fileinfo.so: cannot open shared object file: No such file or directory), /usr/lib64/php7/extensions/fileinfo.so.so (/usr/lib64/php7/extensions/fileinfo.so.so: cannot open shared object file: No such file or directory)) in Unknown on line 0
PHP Warning:  Module 'pdo_pgsql' already loaded in Unknown on line 0
PHP Warning:  Module 'pgsql' already loaded in Unknown on line 0
PHP Warning:  Module 'Phar' already loaded in Unknown on line 0
--- RUNNING INCREMENTAL SYNC (Yesterday & Today) ---
Records found in Dialer: 1208
Successfully updated 786 rows in Portal.
--- Sync Finished ---
PHP Warning:  PHP Startup: Unable to load dynamic library 'fileinfo.so' (tried: /usr/lib64/php7/extensions/fileinfo.so (/usr/lib64/php7/extensions/fileinfo.so: cannot open shared object file: No such file or directory), /usr/lib64/php7/extensions/fileinfo.so.so (/usr/lib64/php7/extensions/fileinfo.so.so: cannot open shared object file: No such file or directory)) in Unknown on line 0
PHP Warning:  Module 'pdo_pgsql' already loaded in Unknown on line 0
PHP Warning:  Module 'pgsql' already loaded in Unknown on line 0
PHP Warning:  Module 'Phar' already loaded in Unknown on line 0
--- RUNNING INCREMENTAL SYNC (Yesterday & Today) ---
Records found in Dialer: 1212
Successfully updated 788 rows in Portal.
--- Sync Finished ---
PHP Warning:  PHP Startup: Unable to load dynamic library 'fileinfo.so' (tried: /usr/lib64/php7/extensions/fileinfo.so (/usr/lib64/php7/extensions/fileinfo.so: cannot open shared object file: No such file or directory), /usr/lib64/php7/extensions/fileinfo.so.so (/usr/lib64/php7/extensions/fileinfo.so.so: cannot open shared object file: No such file or directory)) in Unknown on line 0
PHP Warning:  Module 'pdo_pgsql' already loaded in Unknown on line 0
PHP Warning:  Module 'pgsql' already loaded in Unknown on line 0
PHP Warning:  Module 'Phar' already loaded in Unknown on line 0
--- RUNNING INCREMENTAL SYNC (Yesterday & Today) ---
Records found in Dialer: 1218
Successfully updated 793 rows in Portal.
--- Sync Finished ---
PHP Warning:  PHP Startup: Unable to load dynamic library 'fileinfo.so' (tried: /usr/lib64/php7/extensions/fileinfo.so (/usr/lib64/php7/extensions/fileinfo.so: cannot open shared object file: No such file or directory), /usr/lib64/php7/extensions/fileinfo.so.so (/usr/lib64/php7/extensions/fileinfo.so.so: cannot open shared object file: No such file or directory)) in Unknown on line 0
PHP Warning:  Module 'pdo_pgsql' already loaded in Unknown on line 0
PHP Warning:  Module 'pgsql' already loaded in Unknown on line 0
PHP Warning:  Module 'Phar' already loaded in Unknown on line 0
--- RUNNING INCREMENTAL SYNC (Yesterday & Today) ---
Records found in Dialer: 1218
Successfully updated 793 rows in Portal.
--- Sync Finished ---
PHP Warning:  PHP Startup: Unable to load dynamic library 'fileinfo.so' (tried: /usr/lib64/php7/extensions/fileinfo.so (/usr/lib64/php7/extensions/fileinfo.so: cannot open shared object file: No such file or directory), /usr/lib64/php7/extensions/fileinfo.so.so (/usr/lib64/php7/extensions/fileinfo.so.so: cannot open shared object file: No such file or directory)) in Unknown on line 0
PHP Warning:  Module 'pdo_pgsql' already loaded in Unknown on line 0
PHP Warning:  Module 'pgsql' already loaded in Unknown on line 0
PHP Warning:  Module 'Phar' already loaded in Unknown on line 0
--- RUNNING INCREMENTAL SYNC (Yesterday & Today) ---
Records found in Dialer: 1218
Successfully updated 793 rows in Portal.
--- Sync Finished ---
PHP Warning:  PHP Startup: Unable to load dynamic library 'fileinfo.so' (tried: /usr/lib64/php7/extensions/fileinfo.so (/usr/lib64/php7/extensions/fileinfo.so: cannot open shared object file: No such file or directory), /usr/lib64/php7/extensions/fileinfo.so.so (/usr/lib64/php7/extensions/fileinfo.so.so: cannot open shared object file: No such file or directory)) in Unknown on line 0
PHP Warning:  Module 'pdo_pgsql' already loaded in Unknown on line 0
PHP Warning:  Module 'pgsql' already loaded in Unknown on line 0
PHP Warning:  Module 'Phar' already loaded in Unknown on line 0
--- RUNNING INCREMENTAL SYNC (Yesterday & Today) ---
Records found in Dialer: 1218
Successfully updated 793 rows in Portal.
--- Sync Finished ---
PHP Warning:  PHP Startup: Unable to load dynamic library 'fileinfo.so' (tried: /usr/lib64/php7/extensions/fileinfo.so (/usr/lib64/php7/extensions/fileinfo.so: cannot open shared object file: No such file or directory), /usr/lib64/php7/extensions/fileinfo.so.so (/usr/lib64/php7/extensions/fileinfo.so.so: cannot open shared object file: No such file or directory)) in Unknown on line 0
PHP Warning:  Module 'pdo_pgsql' already loaded in Unknown on line 0
PHP Warning:  Module 'pgsql' already loaded in Unknown on line 0
PHP Warning:  Module 'Phar' already loaded in Unknown on line 0
--- RUNNING INCREMENTAL SYNC (Yesterday & Today) ---
Records found in Dialer: 1218
Successfully updated 793 rows in Portal.
--- Sync Finished ---
PHP Warning:  PHP Startup: Unable to load dynamic library 'fileinfo.so' (tried: /usr/lib64/php7/extensions/fileinfo.so (/usr/lib64/php7/extensions/fileinfo.so: cannot open shared object file: No such file or directory), /usr/lib64/php7/extensions/fileinfo.so.so (/usr/lib64/php7/extensions/fileinfo.so.so: cannot open shared object file: No such file or directory)) in Unknown on line 0
PHP Warning:  Module 'pdo_pgsql' already loaded in Unknown on line 0
PHP Warning:  Module 'pgsql' already loaded in Unknown on line 0
PHP Warning:  Module 'Phar' already loaded in Unknown on line 0
--- RUNNING INCREMENTAL SYNC (Yesterday & Today) ---
Records found in Dialer: 1219
Successfully updated 793 rows in Portal.
--- Sync Finished ---
PHP Warning:  PHP Startup: Unable to load dynamic library 'fileinfo.so' (tried: /usr/lib64/php7/extensions/fileinfo.so (/usr/lib64/php7/extensions/fileinfo.so: cannot open shared object file: No such file or directory), /usr/lib64/php7/extensions/fileinfo.so.so (/usr/lib64/php7/extensions/fileinfo.so.so: cannot open shared object file: No such file or directory)) in Unknown on line 0
PHP Warning:  Module 'pdo_pgsql' already loaded in Unknown on line 0
PHP Warning:  Module 'pgsql' already loaded in Unknown on line 0
PHP Warning:  Module 'Phar' already loaded in Unknown on line 0
--- RUNNING INCREMENTAL SYNC (Yesterday & Today) ---
Records found in Dialer: 1222
Successfully updated 794 rows in Portal.
--- Sync Finished ---
PHP Warning:  PHP Startup: Unable to load dynamic library 'fileinfo.so' (tried: /usr/lib64/php7/extensions/fileinfo.so (/usr/lib64/php7/extensions/fileinfo.so: cannot open shared object file: No such file or directory), /usr/lib64/php7/extensions/fileinfo.so.so (/usr/lib64/php7/extensions/fileinfo.so.so: cannot open shared object file: No such file or directory)) in Unknown on line 0
PHP Warning:  Module 'pdo_pgsql' already loaded in Unknown on line 0
PHP Warning:  Module 'pgsql' already loaded in Unknown on line 0
PHP Warning:  Module 'Phar' already loaded in Unknown on line 0
--- RUNNING INCREMENTAL SYNC (Yesterday & Today) ---
Records found in Dialer: 1223
Successfully updated 794 rows in Portal.
--- Sync Finished ---
PHP Warning:  PHP Startup: Unable to load dynamic library 'fileinfo.so' (tried: /usr/lib64/php7/extensions/fileinfo.so (/usr/lib64/php7/extensions/fileinfo.so: cannot open shared object file: No such file or directory), /usr/lib64/php7/extensions/fileinfo.so.so (/usr/lib64/php7/extensions/fileinfo.so.so: cannot open shared object file: No such file or directory)) in Unknown on line 0
PHP Warning:  Module 'pdo_pgsql' already loaded in Unknown on line 0
PHP Warning:  Module 'pgsql' already loaded in Unknown on line 0
PHP Warning:  Module 'Phar' already loaded in Unknown on line 0
--- RUNNING INCREMENTAL SYNC (Yesterday & Today) ---
Records found in Dialer: 1223
Successfully updated 794 rows in Portal.
--- Sync Finished ---
PHP Warning:  PHP Startup: Unable to load dynamic library 'fileinfo.so' (tried: /usr/lib64/php7/extensions/fileinfo.so (/usr/lib64/php7/extensions/fileinfo.so: cannot open shared object file: No such file or directory), /usr/lib64/php7/extensions/fileinfo.so.so (/usr/lib64/php7/extensions/fileinfo.so.so: cannot open shared object file: No such file or directory)) in Unknown on line 0
PHP Warning:  Module 'pdo_pgsql' already loaded in Unknown on line 0
PHP Warning:  Module 'pgsql' already loaded in Unknown on line 0
PHP Warning:  Module 'Phar' already loaded in Unknown on line 0
--- RUNNING INCREMENTAL SYNC (Yesterday & Today) ---
Records found in Dialer: 1223
Successfully updated 794 rows in Portal.
--- Sync Finished ---
PHP Warning:  PHP Startup: Unable to load dynamic library 'fileinfo.so' (tried: /usr/lib64/php7/extensions/fileinfo.so (/usr/lib64/php7/extensions/fileinfo.so: cannot open shared object file: No such file or directory), /usr/lib64/php7/extensions/fileinfo.so.so (/usr/lib64/php7/extensions/fileinfo.so.so: cannot open shared object file: No such file or directory)) in Unknown on line 0
PHP Warning:  Module 'pdo_pgsql' already loaded in Unknown on line 0
PHP Warning:  Module 'pgsql' already loaded in Unknown on line 0
PHP Warning:  Module 'Phar' already loaded in Unknown on line 0
--- RUNNING INCREMENTAL SYNC (Yesterday & Today) ---
Records found in Dialer: 1223
Successfully updated 794 rows in Portal.
--- Sync Finished ---
PHP Warning:  PHP Startup: Unable to load dynamic library 'fileinfo.so' (tried: /usr/lib64/php7/extensions/fileinfo.so (/usr/lib64/php7/extensions/fileinfo.so: cannot open shared object file: No such file or directory), /usr/lib64/php7/extensions/fileinfo.so.so (/usr/lib64/php7/extensions/fileinfo.so.so: cannot open shared object file: No such file or directory)) in Unknown on line 0
PHP Warning:  Module 'pdo_pgsql' already loaded in Unknown on line 0
PHP Warning:  Module 'pgsql' already loaded in Unknown on line 0
PHP Warning:  Module 'Phar' already loaded in Unknown on line 0
--- RUNNING INCREMENTAL SYNC (Yesterday & Today) ---
Records found in Dialer: 1224
Successfully updated 794 rows in Portal.
--- Sync Finished ---
PHP Warning:  PHP Startup: Unable to load dynamic library 'fileinfo.so' (tried: /usr/lib64/php7/extensions/fileinfo.so (/usr/lib64/php7/extensions/fileinfo.so: cannot open shared object file: No such file or directory), /usr/lib64/php7/extensions/fileinfo.so.so (/usr/lib64/php7/extensions/fileinfo.so.so: cannot open shared object file: No such file or directory)) in Unknown on line 0
PHP Warning:  Module 'pdo_pgsql' already loaded in Unknown on line 0
PHP Warning:  Module 'pgsql' already loaded in Unknown on line 0
PHP Warning:  Module 'Phar' already loaded in Unknown on line 0
--- RUNNING INCREMENTAL SYNC (Yesterday & Today) ---
Records found in Dialer: 1224
Successfully updated 794 rows in Portal.
--- Sync Finished ---
PHP Warning:  PHP Startup: Unable to load dynamic library 'fileinfo.so' (tried: /usr/lib64/php7/extensions/fileinfo.so (/usr/lib64/php7/extensions/fileinfo.so: cannot open shared object file: No such file or directory), /usr/lib64/php7/extensions/fileinfo.so.so (/usr/lib64/php7/extensions/fileinfo.so.so: cannot open shared object file: No such file or directory)) in Unknown on line 0
PHP Warning:  Module 'pdo_pgsql' already loaded in Unknown on line 0
PHP Warning:  Module 'pgsql' already loaded in Unknown on line 0
PHP Warning:  Module 'Phar' already loaded in Unknown on line 0
--- RUNNING INCREMENTAL SYNC (Yesterday & Today) ---
Records found in Dialer: 1227
Successfully updated 794 rows in Portal.
--- Sync Finished ---
PHP Warning:  PHP Startup: Unable to load dynamic library 'fileinfo.so' (tried: /usr/lib64/php7/extensions/fileinfo.so (/usr/lib64/php7/extensions/fileinfo.so: cannot open shared object file: No such file or directory), /usr/lib64/php7/extensions/fileinfo.so.so (/usr/lib64/php7/extensions/fileinfo.so.so: cannot open shared object file: No such file or directory)) in Unknown on line 0
PHP Warning:  Module 'pdo_pgsql' already loaded in Unknown on line 0
PHP Warning:  Module 'pgsql' already loaded in Unknown on line 0
PHP Warning:  Module 'Phar' already loaded in Unknown on line 0
--- RUNNING INCREMENTAL SYNC (Yesterday & Today) ---
Records found in Dialer: 1227
Successfully updated 794 rows in Portal.
--- Sync Finished ---
PHP Warning:  PHP Startup: Unable to load dynamic library 'fileinfo.so' (tried: /usr/lib64/php7/extensions/fileinfo.so (/usr/lib64/php7/extensions/fileinfo.so: cannot open shared object file: No such file or directory), /usr/lib64/php7/extensions/fileinfo.so.so (/usr/lib64/php7/extensions/fileinfo.so.so: cannot open shared object file: No such file or directory)) in Unknown on line 0
PHP Warning:  Module 'pdo_pgsql' already loaded in Unknown on line 0
PHP Warning:  Module 'pgsql' already loaded in Unknown on line 0
PHP Warning:  Module 'Phar' already loaded in Unknown on line 0
--- RUNNING INCREMENTAL SYNC (Yesterday & Today) ---
Records found in Dialer: 1227
Successfully updated 794 rows in Portal.
--- Sync Finished ---
PHP Warning:  PHP Startup: Unable to load dynamic library 'fileinfo.so' (tried: /usr/lib64/php7/extensions/fileinfo.so (/usr/lib64/php7/extensions/fileinfo.so: cannot open shared object file: No such file or directory), /usr/lib64/php7/extensions/fileinfo.so.so (/usr/lib64/php7/extensions/fileinfo.so.so: cannot open shared object file: No such file or directory)) in Unknown on line 0
PHP Warning:  Module 'pdo_pgsql' already loaded in Unknown on line 0
PHP Warning:  Module 'pgsql' already loaded in Unknown on line 0
PHP Warning:  Module 'Phar' already loaded in Unknown on line 0
--- RUNNING INCREMENTAL SYNC (Yesterday & Today) ---
Records found in Dialer: 1228
Successfully updated 794 rows in Portal.
--- Sync Finished ---
PHP Warning:  PHP Startup: Unable to load dynamic library 'fileinfo.so' (tried: /usr/lib64/php7/extensions/fileinfo.so (/usr/lib64/php7/extensions/fileinfo.so: cannot open shared object file: No such file or directory), /usr/lib64/php7/extensions/fileinfo.so.so (/usr/lib64/php7/extensions/fileinfo.so.so: cannot open shared object file: No such file or directory)) in Unknown on line 0
PHP Warning:  Module 'pdo_pgsql' already loaded in Unknown on line 0
PHP Warning:  Module 'pgsql' already loaded in Unknown on line 0
PHP Warning:  Module 'Phar' already loaded in Unknown on line 0
--- RUNNING INCREMENTAL SYNC (Yesterday & Today) ---
Records found in Dialer: 1228
Successfully updated 794 rows in Portal.
--- Sync Finished ---
PHP Warning:  PHP Startup: Unable to load dynamic library 'fileinfo.so' (tried: /usr/lib64/php7/extensions/fileinfo.so (/usr/lib64/php7/extensions/fileinfo.so: cannot open shared object file: No such file or directory), /usr/lib64/php7/extensions/fileinfo.so.so (/usr/lib64/php7/extensions/fileinfo.so.so: cannot open shared object file: No such file or directory)) in Unknown on line 0
PHP Warning:  Module 'pdo_pgsql' already loaded in Unknown on line 0
PHP Warning:  Module 'pgsql' already loaded in Unknown on line 0
PHP Warning:  Module 'Phar' already loaded in Unknown on line 0
--- RUNNING INCREMENTAL SYNC (Yesterday & Today) ---
Records found in Dialer: 1228
Successfully updated 794 rows in Portal.
--- Sync Finished ---
PHP Warning:  PHP Startup: Unable to load dynamic library 'fileinfo.so' (tried: /usr/lib64/php7/extensions/fileinfo.so (/usr/lib64/php7/extensions/fileinfo.so: cannot open shared object file: No such file or directory), /usr/lib64/php7/extensions/fileinfo.so.so (/usr/lib64/php7/extensions/fileinfo.so.so: cannot open shared object file: No such file or directory)) in Unknown on line 0
PHP Warning:  Module 'pdo_pgsql' already loaded in Unknown on line 0
PHP Warning:  Module 'pgsql' already loaded in Unknown on line 0
PHP Warning:  Module 'Phar' already loaded in Unknown on line 0
--- RUNNING INCREMENTAL SYNC (Yesterday & Today) ---
Records found in Dialer: 1228
Successfully updated 794 rows in Portal.
--- Sync Finished ---
PHP Warning:  PHP Startup: Unable to load dynamic library 'fileinfo.so' (tried: /usr/lib64/php7/extensions/fileinfo.so (/usr/lib64/php7/extensions/fileinfo.so: cannot open shared object file: No such file or directory), /usr/lib64/php7/extensions/fileinfo.so.so (/usr/lib64/php7/extensions/fileinfo.so.so: cannot open shared object file: No such file or directory)) in Unknown on line 0
PHP Warning:  Module 'pdo_pgsql' already loaded in Unknown on line 0
PHP Warning:  Module 'pgsql' already loaded in Unknown on line 0
PHP Warning:  Module 'Phar' already loaded in Unknown on line 0
--- RUNNING INCREMENTAL SYNC (Yesterday & Today) ---
Records found in Dialer: 1228
Successfully updated 794 rows in Portal.
--- Sync Finished ---
PHP Warning:  PHP Startup: Unable to load dynamic library 'fileinfo.so' (tried: /usr/lib64/php7/extensions/fileinfo.so (/usr/lib64/php7/extensions/fileinfo.so: cannot open shared object file: No such file or directory), /usr/lib64/php7/extensions/fileinfo.so.so (/usr/lib64/php7/extensions/fileinfo.so.so: cannot open shared object file: No such file or directory)) in Unknown on line 0
PHP Warning:  Module 'pdo_pgsql' already loaded in Unknown on line 0
PHP Warning:  Module 'pgsql' already loaded in Unknown on line 0
PHP Warning:  Module 'Phar' already loaded in Unknown on line 0
--- RUNNING INCREMENTAL SYNC (Yesterday & Today) ---
Records found in Dialer: 1229
Successfully updated 795 rows in Portal.
--- Sync Finished ---
PHP Warning:  PHP Startup: Unable to load dynamic library 'fileinfo.so' (tried: /usr/lib64/php7/extensions/fileinfo.so (/usr/lib64/php7/extensions/fileinfo.so: cannot open shared object file: No such file or directory), /usr/lib64/php7/extensions/fileinfo.so.so (/usr/lib64/php7/extensions/fileinfo.so.so: cannot open shared object file: No such file or directory)) in Unknown on line 0
PHP Warning:  Module 'pdo_pgsql' already loaded in Unknown on line 0
PHP Warning:  Module 'pgsql' already loaded in Unknown on line 0
PHP Warning:  Module 'Phar' already loaded in Unknown on line 0
--- RUNNING INCREMENTAL SYNC (Yesterday & Today) ---
Records found in Dialer: 1230
Successfully updated 795 rows in Portal.
--- Sync Finished ---
PHP Warning:  PHP Startup: Unable to load dynamic library 'fileinfo.so' (tried: /usr/lib64/php7/extensions/fileinfo.so (/usr/lib64/php7/extensions/fileinfo.so: cannot open shared object file: No such file or directory), /usr/lib64/php7/extensions/fileinfo.so.so (/usr/lib64/php7/extensions/fileinfo.so.so: cannot open shared object file: No such file or directory)) in Unknown on line 0
PHP Warning:  Module 'pdo_pgsql' already loaded in Unknown on line 0
PHP Warning:  Module 'pgsql' already loaded in Unknown on line 0
PHP Warning:  Module 'Phar' already loaded in Unknown on line 0
--- RUNNING INCREMENTAL SYNC (Yesterday & Today) ---
Records found in Dialer: 1231
Successfully updated 795 rows in Portal.
--- Sync Finished ---
PHP Warning:  PHP Startup: Unable to load dynamic library 'fileinfo.so' (tried: /usr/lib64/php7/extensions/fileinfo.so (/usr/lib64/php7/extensions/fileinfo.so: cannot open shared object file: No such file or directory), /usr/lib64/php7/extensions/fileinfo.so.so (/usr/lib64/php7/extensions/fileinfo.so.so: cannot open shared object file: No such file or directory)) in Unknown on line 0
PHP Warning:  Module 'pdo_pgsql' already loaded in Unknown on line 0
PHP Warning:  Module 'pgsql' already loaded in Unknown on line 0
PHP Warning:  Module 'Phar' already loaded in Unknown on line 0
--- RUNNING INCREMENTAL SYNC (Yesterday & Today) ---
Records found in Dialer: 1231
Successfully updated 795 rows in Portal.
--- Sync Finished ---
PHP Warning:  PHP Startup: Unable to load dynamic library 'fileinfo.so' (tried: /usr/lib64/php7/extensions/fileinfo.so (/usr/lib64/php7/extensions/fileinfo.so: cannot open shared object file: No such file or directory), /usr/lib64/php7/extensions/fileinfo.so.so (/usr/lib64/php7/extensions/fileinfo.so.so: cannot open shared object file: No such file or directory)) in Unknown on line 0
PHP Warning:  Module 'pdo_pgsql' already loaded in Unknown on line 0
PHP Warning:  Module 'pgsql' already loaded in Unknown on line 0
PHP Warning:  Module 'Phar' already loaded in Unknown on line 0
--- RUNNING INCREMENTAL SYNC (Yesterday & Today) ---
Records found in Dialer: 1231
Successfully updated 795 rows in Portal.
--- Sync Finished ---
PHP Warning:  PHP Startup: Unable to load dynamic library 'fileinfo.so' (tried: /usr/lib64/php7/extensions/fileinfo.so (/usr/lib64/php7/extensions/fileinfo.so: cannot open shared object file: No such file or directory), /usr/lib64/php7/extensions/fileinfo.so.so (/usr/lib64/php7/extensions/fileinfo.so.so: cannot open shared object file: No such file or directory)) in Unknown on line 0
PHP Warning:  Module 'pdo_pgsql' already loaded in Unknown on line 0
PHP Warning:  Module 'pgsql' already loaded in Unknown on line 0
PHP Warning:  Module 'Phar' already loaded in Unknown on line 0
--- RUNNING INCREMENTAL SYNC (Yesterday & Today) ---
Records found in Dialer: 1231
Successfully updated 795 rows in Portal.
--- Sync Finished ---
PHP Warning:  PHP Startup: Unable to load dynamic library 'fileinfo.so' (tried: /usr/lib64/php7/extensions/fileinfo.so (/usr/lib64/php7/extensions/fileinfo.so: cannot open shared object file: No such file or directory), /usr/lib64/php7/extensions/fileinfo.so.so (/usr/lib64/php7/extensions/fileinfo.so.so: cannot open shared object file: No such file or directory)) in Unknown on line 0
PHP Warning:  Module 'pdo_pgsql' already loaded in Unknown on line 0
PHP Warning:  Module 'pgsql' already loaded in Unknown on line 0
PHP Warning:  Module 'Phar' already loaded in Unknown on line 0
--- RUNNING INCREMENTAL SYNC (Yesterday & Today) ---
Records found in Dialer: 1231
Successfully updated 795 rows in Portal.
--- Sync Finished ---
PHP Warning:  PHP Startup: Unable to load dynamic library 'fileinfo.so' (tried: /usr/lib64/php7/extensions/fileinfo.so (/usr/lib64/php7/extensions/fileinfo.so: cannot open shared object file: No such file or directory), /usr/lib64/php7/extensions/fileinfo.so.so (/usr/lib64/php7/extensions/fileinfo.so.so: cannot open shared object file: No such file or directory)) in Unknown on line 0
PHP Warning:  Module 'pdo_pgsql' already loaded in Unknown on line 0
PHP Warning:  Module 'pgsql' already loaded in Unknown on line 0
PHP Warning:  Module 'Phar' already loaded in Unknown on line 0
--- RUNNING INCREMENTAL SYNC (Yesterday & Today) ---
Records found in Dialer: 1231
Successfully updated 795 rows in Portal.
--- Sync Finished ---
PHP Warning:  PHP Startup: Unable to load dynamic library 'fileinfo.so' (tried: /usr/lib64/php7/extensions/fileinfo.so (/usr/lib64/php7/extensions/fileinfo.so: cannot open shared object file: No such file or directory), /usr/lib64/php7/extensions/fileinfo.so.so (/usr/lib64/php7/extensions/fileinfo.so.so: cannot open shared object file: No such file or directory)) in Unknown on line 0
PHP Warning:  Module 'pdo_pgsql' already loaded in Unknown on line 0
PHP Warning:  Module 'pgsql' already loaded in Unknown on line 0
PHP Warning:  Module 'Phar' already loaded in Unknown on line 0
--- RUNNING INCREMENTAL SYNC (Yesterday & Today) ---
Records found in Dialer: 1231
Successfully updated 795 rows in Portal.
--- Sync Finished ---
PHP Warning:  PHP Startup: Unable to load dynamic library 'fileinfo.so' (tried: /usr/lib64/php7/extensions/fileinfo.so (/usr/lib64/php7/extensions/fileinfo.so: cannot open shared object file: No such file or directory), /usr/lib64/php7/extensions/fileinfo.so.so (/usr/lib64/php7/extensions/fileinfo.so.so: cannot open shared object file: No such file or directory)) in Unknown on line 0
PHP Warning:  Module 'pdo_pgsql' already loaded in Unknown on line 0
PHP Warning:  Module 'pgsql' already loaded in Unknown on line 0
PHP Warning:  Module 'Phar' already loaded in Unknown on line 0
--- RUNNING INCREMENTAL SYNC (Yesterday & Today) ---
Records found in Dialer: 1231
Successfully updated 795 rows in Portal.
--- Sync Finished ---
PHP Warning:  PHP Startup: Unable to load dynamic library 'fileinfo.so' (tried: /usr/lib64/php7/extensions/fileinfo.so (/usr/lib64/php7/extensions/fileinfo.so: cannot open shared object file: No such file or directory), /usr/lib64/php7/extensions/fileinfo.so.so (/usr/lib64/php7/extensions/fileinfo.so.so: cannot open shared object file: No such file or directory)) in Unknown on line 0
PHP Warning:  Module 'pdo_pgsql' already loaded in Unknown on line 0
PHP Warning:  Module 'pgsql' already loaded in Unknown on line 0
PHP Warning:  Module 'Phar' already loaded in Unknown on line 0
--- RUNNING INCREMENTAL SYNC (Yesterday & Today) ---
Records found in Dialer: 1231
Successfully updated 795 rows in Portal.
--- Sync Finished ---
PHP Warning:  PHP Startup: Unable to load dynamic library 'fileinfo.so' (tried: /usr/lib64/php7/extensions/fileinfo.so (/usr/lib64/php7/extensions/fileinfo.so: cannot open shared object file: No such file or directory), /usr/lib64/php7/extensions/fileinfo.so.so (/usr/lib64/php7/extensions/fileinfo.so.so: cannot open shared object file: No such file or directory)) in Unknown on line 0
PHP Warning:  Module 'pdo_pgsql' already loaded in Unknown on line 0
PHP Warning:  Module 'pgsql' already loaded in Unknown on line 0
PHP Warning:  Module 'Phar' already loaded in Unknown on line 0
--- RUNNING INCREMENTAL SYNC (Yesterday & Today) ---
Records found in Dialer: 1231
Successfully updated 795 rows in Portal.
--- Sync Finished ---
PHP Warning:  PHP Startup: Unable to load dynamic library 'fileinfo.so' (tried: /usr/lib64/php7/extensions/fileinfo.so (/usr/lib64/php7/extensions/fileinfo.so: cannot open shared object file: No such file or directory), /usr/lib64/php7/extensions/fileinfo.so.so (/usr/lib64/php7/extensions/fileinfo.so.so: cannot open shared object file: No such file or directory)) in Unknown on line 0
PHP Warning:  Module 'pdo_pgsql' already loaded in Unknown on line 0
PHP Warning:  Module 'pgsql' already loaded in Unknown on line 0
PHP Warning:  Module 'Phar' already loaded in Unknown on line 0
--- RUNNING INCREMENTAL SYNC (Yesterday & Today) ---
Records found in Dialer: 1231
Successfully updated 795 rows in Portal.
--- Sync Finished ---
PHP Warning:  PHP Startup: Unable to load dynamic library 'fileinfo.so' (tried: /usr/lib64/php7/extensions/fileinfo.so (/usr/lib64/php7/extensions/fileinfo.so: cannot open shared object file: No such file or directory), /usr/lib64/php7/extensions/fileinfo.so.so (/usr/lib64/php7/extensions/fileinfo.so.so: cannot open shared object file: No such file or directory)) in Unknown on line 0
PHP Warning:  Module 'pdo_pgsql' already loaded in Unknown on line 0
PHP Warning:  Module 'pgsql' already loaded in Unknown on line 0
PHP Warning:  Module 'Phar' already loaded in Unknown on line 0
--- RUNNING INCREMENTAL SYNC (Yesterday & Today) ---
Records found in Dialer: 1231
Successfully updated 795 rows in Portal.
--- Sync Finished ---
PHP Warning:  PHP Startup: Unable to load dynamic library 'fileinfo.so' (tried: /usr/lib64/php7/extensions/fileinfo.so (/usr/lib64/php7/extensions/fileinfo.so: cannot open shared object file: No such file or directory), /usr/lib64/php7/extensions/fileinfo.so.so (/usr/lib64/php7/extensions/fileinfo.so.so: cannot open shared object file: No such file or directory)) in Unknown on line 0
PHP Warning:  Module 'pdo_pgsql' already loaded in Unknown on line 0
PHP Warning:  Module 'pgsql' already loaded in Unknown on line 0
PHP Warning:  Module 'Phar' already loaded in Unknown on line 0
--- RUNNING INCREMENTAL SYNC (Yesterday & Today) ---
Records found in Dialer: 1231
Successfully updated 795 rows in Portal.
--- Sync Finished ---
PHP Warning:  PHP Startup: Unable to load dynamic library 'fileinfo.so' (tried: /usr/lib64/php7/extensions/fileinfo.so (/usr/lib64/php7/extensions/fileinfo.so: cannot open shared object file: No such file or directory), /usr/lib64/php7/extensions/fileinfo.so.so (/usr/lib64/php7/extensions/fileinfo.so.so: cannot open shared object file: No such file or directory)) in Unknown on line 0
PHP Warning:  Module 'pdo_pgsql' already loaded in Unknown on line 0
PHP Warning:  Module 'pgsql' already loaded in Unknown on line 0
PHP Warning:  Module 'Phar' already loaded in Unknown on line 0
--- RUNNING INCREMENTAL SYNC (Yesterday & Today) ---
Records found in Dialer: 1231
Successfully updated 795 rows in Portal.
--- Sync Finished ---
PHP Warning:  PHP Startup: Unable to load dynamic library 'fileinfo.so' (tried: /usr/lib64/php7/extensions/fileinfo.so (/usr/lib64/php7/extensions/fileinfo.so: cannot open shared object file: No such file or directory), /usr/lib64/php7/extensions/fileinfo.so.so (/usr/lib64/php7/extensions/fileinfo.so.so: cannot open shared object file: No such file or directory)) in Unknown on line 0
PHP Warning:  Module 'pdo_pgsql' already loaded in Unknown on line 0
PHP Warning:  Module 'pgsql' already loaded in Unknown on line 0
PHP Warning:  Module 'Phar' already loaded in Unknown on line 0
--- RUNNING INCREMENTAL SYNC (Yesterday & Today) ---
Records found in Dialer: 1231
Successfully updated 795 rows in Portal.
--- Sync Finished ---
PHP Warning:  PHP Startup: Unable to load dynamic library 'fileinfo.so' (tried: /usr/lib64/php7/extensions/fileinfo.so (/usr/lib64/php7/extensions/fileinfo.so: cannot open shared object file: No such file or directory), /usr/lib64/php7/extensions/fileinfo.so.so (/usr/lib64/php7/extensions/fileinfo.so.so: cannot open shared object file: No such file or directory)) in Unknown on line 0
PHP Warning:  Module 'pdo_pgsql' already loaded in Unknown on line 0
PHP Warning:  Module 'pgsql' already loaded in Unknown on line 0
PHP Warning:  Module 'Phar' already loaded in Unknown on line 0
--- RUNNING INCREMENTAL SYNC (Yesterday & Today) ---
Records found in Dialer: 1231
Successfully updated 795 rows in Portal.
--- Sync Finished ---
PHP Warning:  PHP Startup: Unable to load dynamic library 'fileinfo.so' (tried: /usr/lib64/php7/extensions/fileinfo.so (/usr/lib64/php7/extensions/fileinfo.so: cannot open shared object file: No such file or directory), /usr/lib64/php7/extensions/fileinfo.so.so (/usr/lib64/php7/extensions/fileinfo.so.so: cannot open shared object file: No such file or directory)) in Unknown on line 0
PHP Warning:  Module 'pdo_pgsql' already loaded in Unknown on line 0
PHP Warning:  Module 'pgsql' already loaded in Unknown on line 0
PHP Warning:  Module 'Phar' already loaded in Unknown on line 0
--- RUNNING INCREMENTAL SYNC (Yesterday & Today) ---
Records found in Dialer: 1231
Successfully updated 795 rows in Portal.
--- Sync Finished ---
PHP Warning:  PHP Startup: Unable to load dynamic library 'fileinfo.so' (tried: /usr/lib64/php7/extensions/fileinfo.so (/usr/lib64/php7/extensions/fileinfo.so: cannot open shared object file: No such file or directory), /usr/lib64/php7/extensions/fileinfo.so.so (/usr/lib64/php7/extensions/fileinfo.so.so: cannot open shared object file: No such file or directory)) in Unknown on line 0
PHP Warning:  Module 'pdo_pgsql' already loaded in Unknown on line 0
PHP Warning:  Module 'pgsql' already loaded in Unknown on line 0
PHP Warning:  Module 'Phar' already loaded in Unknown on line 0
--- RUNNING INCREMENTAL SYNC (Yesterday & Today) ---
Records found in Dialer: 1231
Successfully updated 795 rows in Portal.
--- Sync Finished ---
PHP Warning:  PHP Startup: Unable to load dynamic library 'fileinfo.so' (tried: /usr/lib64/php7/extensions/fileinfo.so (/usr/lib64/php7/extensions/fileinfo.so: cannot open shared object file: No such file or directory), /usr/lib64/php7/extensions/fileinfo.so.so (/usr/lib64/php7/extensions/fileinfo.so.so: cannot open shared object file: No such file or directory)) in Unknown on line 0
PHP Warning:  Module 'pdo_pgsql' already loaded in Unknown on line 0
PHP Warning:  Module 'pgsql' already loaded in Unknown on line 0
PHP Warning:  Module 'Phar' already loaded in Unknown on line 0
--- RUNNING INCREMENTAL SYNC (Yesterday & Today) ---
Records found in Dialer: 1231
Successfully updated 795 rows in Portal.
--- Sync Finished ---
PHP Warning:  PHP Startup: Unable to load dynamic library 'fileinfo.so' (tried: /usr/lib64/php7/extensions/fileinfo.so (/usr/lib64/php7/extensions/fileinfo.so: cannot open shared object file: No such file or directory), /usr/lib64/php7/extensions/fileinfo.so.so (/usr/lib64/php7/extensions/fileinfo.so.so: cannot open shared object file: No such file or directory)) in Unknown on line 0
PHP Warning:  Module 'pdo_pgsql' already loaded in Unknown on line 0
PHP Warning:  Module 'pgsql' already loaded in Unknown on line 0
PHP Warning:  Module 'Phar' already loaded in Unknown on line 0
--- RUNNING INCREMENTAL SYNC (Yesterday & Today) ---
Records found in Dialer: 1231
Successfully updated 795 rows in Portal.
--- Sync Finished ---
PHP Warning:  PHP Startup: Unable to load dynamic library 'fileinfo.so' (tried: /usr/lib64/php7/extensions/fileinfo.so (/usr/lib64/php7/extensions/fileinfo.so: cannot open shared object file: No such file or directory), /usr/lib64/php7/extensions/fileinfo.so.so (/usr/lib64/php7/extensions/fileinfo.so.so: cannot open shared object file: No such file or directory)) in Unknown on line 0
PHP Warning:  Module 'pdo_pgsql' already loaded in Unknown on line 0
PHP Warning:  Module 'pgsql' already loaded in Unknown on line 0
PHP Warning:  Module 'Phar' already loaded in Unknown on line 0
--- RUNNING INCREMENTAL SYNC (Yesterday & Today) ---
Records found in Dialer: 1231
Successfully updated 795 rows in Portal.
--- Sync Finished ---
PHP Warning:  PHP Startup: Unable to load dynamic library 'fileinfo.so' (tried: /usr/lib64/php7/extensions/fileinfo.so (/usr/lib64/php7/extensions/fileinfo.so: cannot open shared object file: No such file or directory), /usr/lib64/php7/extensions/fileinfo.so.so (/usr/lib64/php7/extensions/fileinfo.so.so: cannot open shared object file: No such file or directory)) in Unknown on line 0
PHP Warning:  Module 'pdo_pgsql' already loaded in Unknown on line 0
PHP Warning:  Module 'pgsql' already loaded in Unknown on line 0
PHP Warning:  Module 'Phar' already loaded in Unknown on line 0
--- RUNNING INCREMENTAL SYNC (Yesterday & Today) ---
Records found in Dialer: 1231
Successfully updated 795 rows in Portal.
--- Sync Finished ---
PHP Warning:  PHP Startup: Unable to load dynamic library 'fileinfo.so' (tried: /usr/lib64/php7/extensions/fileinfo.so (/usr/lib64/php7/extensions/fileinfo.so: cannot open shared object file: No such file or directory), /usr/lib64/php7/extensions/fileinfo.so.so (/usr/lib64/php7/extensions/fileinfo.so.so: cannot open shared object file: No such file or directory)) in Unknown on line 0
PHP Warning:  Module 'pdo_pgsql' already loaded in Unknown on line 0
PHP Warning:  Module 'pgsql' already loaded in Unknown on line 0
PHP Warning:  Module 'Phar' already loaded in Unknown on line 0
--- RUNNING INCREMENTAL SYNC (Yesterday & Today) ---
Records found in Dialer: 1231
Successfully updated 795 rows in Portal.
--- Sync Finished ---
PHP Warning:  PHP Startup: Unable to load dynamic library 'fileinfo.so' (tried: /usr/lib64/php7/extensions/fileinfo.so (/usr/lib64/php7/extensions/fileinfo.so: cannot open shared object file: No such file or directory), /usr/lib64/php7/extensions/fileinfo.so.so (/usr/lib64/php7/extensions/fileinfo.so.so: cannot open shared object file: No such file or directory)) in Unknown on line 0
PHP Warning:  Module 'pdo_pgsql' already loaded in Unknown on line 0
PHP Warning:  Module 'pgsql' already loaded in Unknown on line 0
PHP Warning:  Module 'Phar' already loaded in Unknown on line 0
--- RUNNING INCREMENTAL SYNC (Yesterday & Today) ---
Records found in Dialer: 1231
Successfully updated 795 rows in Portal.
--- Sync Finished ---
PHP Warning:  PHP Startup: Unable to load dynamic library 'fileinfo.so' (tried: /usr/lib64/php7/extensions/fileinfo.so (/usr/lib64/php7/extensions/fileinfo.so: cannot open shared object file: No such file or directory), /usr/lib64/php7/extensions/fileinfo.so.so (/usr/lib64/php7/extensions/fileinfo.so.so: cannot open shared object file: No such file or directory)) in Unknown on line 0
PHP Warning:  Module 'pdo_pgsql' already loaded in Unknown on line 0
PHP Warning:  Module 'pgsql' already loaded in Unknown on line 0
PHP Warning:  Module 'Phar' already loaded in Unknown on line 0
--- RUNNING INCREMENTAL SYNC (Yesterday & Today) ---
Records found in Dialer: 1231
Successfully updated 795 rows in Portal.
--- Sync Finished ---
PHP Warning:  PHP Startup: Unable to load dynamic library 'fileinfo.so' (tried: /usr/lib64/php7/extensions/fileinfo.so (/usr/lib64/php7/extensions/fileinfo.so: cannot open shared object file: No such file or directory), /usr/lib64/php7/extensions/fileinfo.so.so (/usr/lib64/php7/extensions/fileinfo.so.so: cannot open shared object file: No such file or directory)) in Unknown on line 0
PHP Warning:  Module 'pdo_pgsql' already loaded in Unknown on line 0
PHP Warning:  Module 'pgsql' already loaded in Unknown on line 0
PHP Warning:  Module 'Phar' already loaded in Unknown on line 0
--- RUNNING INCREMENTAL SYNC (Yesterday & Today) ---
Records found in Dialer: 1231
Successfully updated 795 rows in Portal.
--- Sync Finished ---
PHP Warning:  PHP Startup: Unable to load dynamic library 'fileinfo.so' (tried: /usr/lib64/php7/extensions/fileinfo.so (/usr/lib64/php7/extensions/fileinfo.so: cannot open shared object file: No such file or directory), /usr/lib64/php7/extensions/fileinfo.so.so (/usr/lib64/php7/extensions/fileinfo.so.so: cannot open shared object file: No such file or directory)) in Unknown on line 0
PHP Warning:  Module 'pdo_pgsql' already loaded in Unknown on line 0
PHP Warning:  Module 'pgsql' already loaded in Unknown on line 0
PHP Warning:  Module 'Phar' already loaded in Unknown on line 0
--- RUNNING INCREMENTAL SYNC (Yesterday & Today) ---
Records found in Dialer: 1231
Successfully updated 795 rows in Portal.
--- Sync Finished ---
PHP Warning:  PHP Startup: Unable to load dynamic library 'fileinfo.so' (tried: /usr/lib64/php7/extensions/fileinfo.so (/usr/lib64/php7/extensions/fileinfo.so: cannot open shared object file: No such file or directory), /usr/lib64/php7/extensions/fileinfo.so.so (/usr/lib64/php7/extensions/fileinfo.so.so: cannot open shared object file: No such file or directory)) in Unknown on line 0
PHP Warning:  Module 'pdo_pgsql' already loaded in Unknown on line 0
PHP Warning:  Module 'pgsql' already loaded in Unknown on line 0
PHP Warning:  Module 'Phar' already loaded in Unknown on line 0
--- RUNNING INCREMENTAL SYNC (Yesterday & Today) ---
Records found in Dialer: 1231
Successfully updated 795 rows in Portal.
--- Sync Finished ---
PHP Warning:  PHP Startup: Unable to load dynamic library 'fileinfo.so' (tried: /usr/lib64/php7/extensions/fileinfo.so (/usr/lib64/php7/extensions/fileinfo.so: cannot open shared object file: No such file or directory), /usr/lib64/php7/extensions/fileinfo.so.so (/usr/lib64/php7/extensions/fileinfo.so.so: cannot open shared object file: No such file or directory)) in Unknown on line 0
PHP Warning:  Module 'pdo_pgsql' already loaded in Unknown on line 0
PHP Warning:  Module 'pgsql' already loaded in Unknown on line 0
PHP Warning:  Module 'Phar' already loaded in Unknown on line 0
--- RUNNING INCREMENTAL SYNC (Yesterday & Today) ---
Records found in Dialer: 1231
Successfully updated 795 rows in Portal.
--- Sync Finished ---
PHP Warning:  PHP Startup: Unable to load dynamic library 'fileinfo.so' (tried: /usr/lib64/php7/extensions/fileinfo.so (/usr/lib64/php7/extensions/fileinfo.so: cannot open shared object file: No such file or directory), /usr/lib64/php7/extensions/fileinfo.so.so (/usr/lib64/php7/extensions/fileinfo.so.so: cannot open shared object file: No such file or directory)) in Unknown on line 0
PHP Warning:  Module 'pdo_pgsql' already loaded in Unknown on line 0
PHP Warning:  Module 'pgsql' already loaded in Unknown on line 0
PHP Warning:  Module 'Phar' already loaded in Unknown on line 0
--- RUNNING INCREMENTAL SYNC (Yesterday & Today) ---
Records found in Dialer: 1231
Successfully updated 795 rows in Portal.
--- Sync Finished ---
PHP Warning:  PHP Startup: Unable to load dynamic library 'fileinfo.so' (tried: /usr/lib64/php7/extensions/fileinfo.so (/usr/lib64/php7/extensions/fileinfo.so: cannot open shared object file: No such file or directory), /usr/lib64/php7/extensions/fileinfo.so.so (/usr/lib64/php7/extensions/fileinfo.so.so: cannot open shared object file: No such file or directory)) in Unknown on line 0
PHP Warning:  Module 'pdo_pgsql' already loaded in Unknown on line 0
PHP Warning:  Module 'pgsql' already loaded in Unknown on line 0
PHP Warning:  Module 'Phar' already loaded in Unknown on line 0
--- RUNNING INCREMENTAL SYNC (Yesterday & Today) ---
Records found in Dialer: 1231
Successfully updated 795 rows in Portal.
--- Sync Finished ---
PHP Warning:  PHP Startup: Unable to load dynamic library 'fileinfo.so' (tried: /usr/lib64/php7/extensions/fileinfo.so (/usr/lib64/php7/extensions/fileinfo.so: cannot open shared object file: No such file or directory), /usr/lib64/php7/extensions/fileinfo.so.so (/usr/lib64/php7/extensions/fileinfo.so.so: cannot open shared object file: No such file or directory)) in Unknown on line 0
PHP Warning:  Module 'pdo_pgsql' already loaded in Unknown on line 0
PHP Warning:  Module 'pgsql' already loaded in Unknown on line 0
PHP Warning:  Module 'Phar' already loaded in Unknown on line 0
--- RUNNING INCREMENTAL SYNC (Yesterday & Today) ---
Records found in Dialer: 1231
Successfully updated 795 rows in Portal.
--- Sync Finished ---
PHP Warning:  PHP Startup: Unable to load dynamic library 'fileinfo.so' (tried: /usr/lib64/php7/extensions/fileinfo.so (/usr/lib64/php7/extensions/fileinfo.so: cannot open shared object file: No such file or directory), /usr/lib64/php7/extensions/fileinfo.so.so (/usr/lib64/php7/extensions/fileinfo.so.so: cannot open shared object file: No such file or directory)) in Unknown on line 0
PHP Warning:  Module 'pdo_pgsql' already loaded in Unknown on line 0
PHP Warning:  Module 'pgsql' already loaded in Unknown on line 0
PHP Warning:  Module 'Phar' already loaded in Unknown on line 0
--- RUNNING INCREMENTAL SYNC (Yesterday & Today) ---
Records found in Dialer: 1231
Successfully updated 795 rows in Portal.
--- Sync Finished ---
PHP Warning:  PHP Startup: Unable to load dynamic library 'fileinfo.so' (tried: /usr/lib64/php7/extensions/fileinfo.so (/usr/lib64/php7/extensions/fileinfo.so: cannot open shared object file: No such file or directory), /usr/lib64/php7/extensions/fileinfo.so.so (/usr/lib64/php7/extensions/fileinfo.so.so: cannot open shared object file: No such file or directory)) in Unknown on line 0
PHP Warning:  Module 'pdo_pgsql' already loaded in Unknown on line 0
PHP Warning:  Module 'pgsql' already loaded in Unknown on line 0
PHP Warning:  Module 'Phar' already loaded in Unknown on line 0
--- RUNNING INCREMENTAL SYNC (Yesterday & Today) ---
Records found in Dialer: 1231
Successfully updated 795 rows in Portal.
--- Sync Finished ---
PHP Warning:  PHP Startup: Unable to load dynamic library 'fileinfo.so' (tried: /usr/lib64/php7/extensions/fileinfo.so (/usr/lib64/php7/extensions/fileinfo.so: cannot open shared object file: No such file or directory), /usr/lib64/php7/extensions/fileinfo.so.so (/usr/lib64/php7/extensions/fileinfo.so.so: cannot open shared object file: No such file or directory)) in Unknown on line 0
PHP Warning:  Module 'pdo_pgsql' already loaded in Unknown on line 0
PHP Warning:  Module 'pgsql' already loaded in Unknown on line 0
PHP Warning:  Module 'Phar' already loaded in Unknown on line 0
--- RUNNING INCREMENTAL SYNC (Yesterday & Today) ---
Records found in Dialer: 1231
Successfully updated 795 rows in Portal.
--- Sync Finished ---
PHP Warning:  PHP Startup: Unable to load dynamic library 'fileinfo.so' (tried: /usr/lib64/php7/extensions/fileinfo.so (/usr/lib64/php7/extensions/fileinfo.so: cannot open shared object file: No such file or directory), /usr/lib64/php7/extensions/fileinfo.so.so (/usr/lib64/php7/extensions/fileinfo.so.so: cannot open shared object file: No such file or directory)) in Unknown on line 0
PHP Warning:  Module 'pdo_pgsql' already loaded in Unknown on line 0
PHP Warning:  Module 'pgsql' already loaded in Unknown on line 0
PHP Warning:  Module 'Phar' already loaded in Unknown on line 0
--- RUNNING INCREMENTAL SYNC (Yesterday & Today) ---
Records found in Dialer: 1232
Successfully updated 795 rows in Portal.
--- Sync Finished ---
PHP Warning:  PHP Startup: Unable to load dynamic library 'fileinfo.so' (tried: /usr/lib64/php7/extensions/fileinfo.so (/usr/lib64/php7/extensions/fileinfo.so: cannot open shared object file: No such file or directory), /usr/lib64/php7/extensions/fileinfo.so.so (/usr/lib64/php7/extensions/fileinfo.so.so: cannot open shared object file: No such file or directory)) in Unknown on line 0
PHP Warning:  Module 'pdo_pgsql' already loaded in Unknown on line 0
PHP Warning:  Module 'pgsql' already loaded in Unknown on line 0
PHP Warning:  Module 'Phar' already loaded in Unknown on line 0
--- RUNNING INCREMENTAL SYNC (Yesterday & Today) ---
Records found in Dialer: 1232
Successfully updated 795 rows in Portal.
--- Sync Finished ---
PHP Warning:  PHP Startup: Unable to load dynamic library 'fileinfo.so' (tried: /usr/lib64/php7/extensions/fileinfo.so (/usr/lib64/php7/extensions/fileinfo.so: cannot open shared object file: No such file or directory), /usr/lib64/php7/extensions/fileinfo.so.so (/usr/lib64/php7/extensions/fileinfo.so.so: cannot open shared object file: No such file or directory)) in Unknown on line 0
PHP Warning:  Module 'pdo_pgsql' already loaded in Unknown on line 0
PHP Warning:  Module 'pgsql' already loaded in Unknown on line 0
PHP Warning:  Module 'Phar' already loaded in Unknown on line 0
--- RUNNING INCREMENTAL SYNC (Yesterday & Today) ---
Records found in Dialer: 1232
Successfully updated 795 rows in Portal.
--- Sync Finished ---
PHP Warning:  PHP Startup: Unable to load dynamic library 'fileinfo.so' (tried: /usr/lib64/php7/extensions/fileinfo.so (/usr/lib64/php7/extensions/fileinfo.so: cannot open shared object file: No such file or directory), /usr/lib64/php7/extensions/fileinfo.so.so (/usr/lib64/php7/extensions/fileinfo.so.so: cannot open shared object file: No such file or directory)) in Unknown on line 0
PHP Warning:  Module 'pdo_pgsql' already loaded in Unknown on line 0
PHP Warning:  Module 'pgsql' already loaded in Unknown on line 0
PHP Warning:  Module 'Phar' already loaded in Unknown on line 0
--- RUNNING INCREMENTAL SYNC (Yesterday & Today) ---
Records found in Dialer: 1232
Successfully updated 795 rows in Portal.
--- Sync Finished ---
PHP Warning:  PHP Startup: Unable to load dynamic library 'fileinfo.so' (tried: /usr/lib64/php7/extensions/fileinfo.so (/usr/lib64/php7/extensions/fileinfo.so: cannot open shared object file: No such file or directory), /usr/lib64/php7/extensions/fileinfo.so.so (/usr/lib64/php7/extensions/fileinfo.so.so: cannot open shared object file: No such file or directory)) in Unknown on line 0
PHP Warning:  Module 'pdo_pgsql' already loaded in Unknown on line 0
PHP Warning:  Module 'pgsql' already loaded in Unknown on line 0
PHP Warning:  Module 'Phar' already loaded in Unknown on line 0
--- RUNNING INCREMENTAL SYNC (Yesterday & Today) ---
Records found in Dialer: 1232
Successfully updated 795 rows in Portal.
--- Sync Finished ---
PHP Warning:  PHP Startup: Unable to load dynamic library 'fileinfo.so' (tried: /usr/lib64/php7/extensions/fileinfo.so (/usr/lib64/php7/extensions/fileinfo.so: cannot open shared object file: No such file or directory), /usr/lib64/php7/extensions/fileinfo.so.so (/usr/lib64/php7/extensions/fileinfo.so.so: cannot open shared object file: No such file or directory)) in Unknown on line 0
PHP Warning:  Module 'pdo_pgsql' already loaded in Unknown on line 0
PHP Warning:  Module 'pgsql' already loaded in Unknown on line 0
PHP Warning:  Module 'Phar' already loaded in Unknown on line 0
--- RUNNING INCREMENTAL SYNC (Yesterday & Today) ---
Records found in Dialer: 1232
Successfully updated 795 rows in Portal.
--- Sync Finished ---
PHP Warning:  PHP Startup: Unable to load dynamic library 'fileinfo.so' (tried: /usr/lib64/php7/extensions/fileinfo.so (/usr/lib64/php7/extensions/fileinfo.so: cannot open shared object file: No such file or directory), /usr/lib64/php7/extensions/fileinfo.so.so (/usr/lib64/php7/extensions/fileinfo.so.so: cannot open shared object file: No such file or directory)) in Unknown on line 0
PHP Warning:  Module 'pdo_pgsql' already loaded in Unknown on line 0
PHP Warning:  Module 'pgsql' already loaded in Unknown on line 0
PHP Warning:  Module 'Phar' already loaded in Unknown on line 0
--- RUNNING INCREMENTAL SYNC (Yesterday & Today) ---
Records found in Dialer: 1232
Successfully updated 795 rows in Portal.
--- Sync Finished ---
PHP Warning:  PHP Startup: Unable to load dynamic library 'fileinfo.so' (tried: /usr/lib64/php7/extensions/fileinfo.so (/usr/lib64/php7/extensions/fileinfo.so: cannot open shared object file: No such file or directory), /usr/lib64/php7/extensions/fileinfo.so.so (/usr/lib64/php7/extensions/fileinfo.so.so: cannot open shared object file: No such file or directory)) in Unknown on line 0
PHP Warning:  Module 'pdo_pgsql' already loaded in Unknown on line 0
PHP Warning:  Module 'pgsql' already loaded in Unknown on line 0
PHP Warning:  Module 'Phar' already loaded in Unknown on line 0
--- RUNNING INCREMENTAL SYNC (Yesterday & Today) ---
Records found in Dialer: 1232
Successfully updated 795 rows in Portal.
--- Sync Finished ---
PHP Warning:  PHP Startup: Unable to load dynamic library 'fileinfo.so' (tried: /usr/lib64/php7/extensions/fileinfo.so (/usr/lib64/php7/extensions/fileinfo.so: cannot open shared object file: No such file or directory), /usr/lib64/php7/extensions/fileinfo.so.so (/usr/lib64/php7/extensions/fileinfo.so.so: cannot open shared object file: No such file or directory)) in Unknown on line 0
PHP Warning:  Module 'pdo_pgsql' already loaded in Unknown on line 0
PHP Warning:  Module 'pgsql' already loaded in Unknown on line 0
PHP Warning:  Module 'Phar' already loaded in Unknown on line 0
--- RUNNING INCREMENTAL SYNC (Yesterday & Today) ---
Records found in Dialer: 1232
Successfully updated 795 rows in Portal.
--- Sync Finished ---
PHP Warning:  PHP Startup: Unable to load dynamic library 'fileinfo.so' (tried: /usr/lib64/php7/extensions/fileinfo.so (/usr/lib64/php7/extensions/fileinfo.so: cannot open shared object file: No such file or directory), /usr/lib64/php7/extensions/fileinfo.so.so (/usr/lib64/php7/extensions/fileinfo.so.so: cannot open shared object file: No such file or directory)) in Unknown on line 0
PHP Warning:  Module 'pdo_pgsql' already loaded in Unknown on line 0
PHP Warning:  Module 'pgsql' already loaded in Unknown on line 0
PHP Warning:  Module 'Phar' already loaded in Unknown on line 0
--- RUNNING INCREMENTAL SYNC (Yesterday & Today) ---
Records found in Dialer: 1232
Successfully updated 795 rows in Portal.
--- Sync Finished ---
PHP Warning:  PHP Startup: Unable to load dynamic library 'fileinfo.so' (tried: /usr/lib64/php7/extensions/fileinfo.so (/usr/lib64/php7/extensions/fileinfo.so: cannot open shared object file: No such file or directory), /usr/lib64/php7/extensions/fileinfo.so.so (/usr/lib64/php7/extensions/fileinfo.so.so: cannot open shared object file: No such file or directory)) in Unknown on line 0
PHP Warning:  Module 'pdo_pgsql' already loaded in Unknown on line 0
PHP Warning:  Module 'pgsql' already loaded in Unknown on line 0
PHP Warning:  Module 'Phar' already loaded in Unknown on line 0
--- RUNNING INCREMENTAL SYNC (Yesterday & Today) ---
Records found in Dialer: 1232
Successfully updated 795 rows in Portal.
--- Sync Finished ---
PHP Warning:  PHP Startup: Unable to load dynamic library 'fileinfo.so' (tried: /usr/lib64/php7/extensions/fileinfo.so (/usr/lib64/php7/extensions/fileinfo.so: cannot open shared object file: No such file or directory), /usr/lib64/php7/extensions/fileinfo.so.so (/usr/lib64/php7/extensions/fileinfo.so.so: cannot open shared object file: No such file or directory)) in Unknown on line 0
PHP Warning:  Module 'pdo_pgsql' already loaded in Unknown on line 0
PHP Warning:  Module 'pgsql' already loaded in Unknown on line 0
PHP Warning:  Module 'Phar' already loaded in Unknown on line 0
--- RUNNING INCREMENTAL SYNC (Yesterday & Today) ---
Records found in Dialer: 1232
Successfully updated 795 rows in Portal.
--- Sync Finished ---
PHP Warning:  PHP Startup: Unable to load dynamic library 'fileinfo.so' (tried: /usr/lib64/php7/extensions/fileinfo.so (/usr/lib64/php7/extensions/fileinfo.so: cannot open shared object file: No such file or directory), /usr/lib64/php7/extensions/fileinfo.so.so (/usr/lib64/php7/extensions/fileinfo.so.so: cannot open shared object file: No such file or directory)) in Unknown on line 0
PHP Warning:  Module 'pdo_pgsql' already loaded in Unknown on line 0
PHP Warning:  Module 'pgsql' already loaded in Unknown on line 0
PHP Warning:  Module 'Phar' already loaded in Unknown on line 0
--- RUNNING INCREMENTAL SYNC (Yesterday & Today) ---
Records found in Dialer: 1233
Successfully updated 795 rows in Portal.
--- Sync Finished ---
PHP Warning:  PHP Startup: Unable to load dynamic library 'fileinfo.so' (tried: /usr/lib64/php7/extensions/fileinfo.so (/usr/lib64/php7/extensions/fileinfo.so: cannot open shared object file: No such file or directory), /usr/lib64/php7/extensions/fileinfo.so.so (/usr/lib64/php7/extensions/fileinfo.so.so: cannot open shared object file: No such file or directory)) in Unknown on line 0
PHP Warning:  Module 'pdo_pgsql' already loaded in Unknown on line 0
PHP Warning:  Module 'pgsql' already loaded in Unknown on line 0
PHP Warning:  Module 'Phar' already loaded in Unknown on line 0
--- RUNNING INCREMENTAL SYNC (Yesterday & Today) ---
Records found in Dialer: 1233
Successfully updated 795 rows in Portal.
--- Sync Finished ---
PHP Warning:  PHP Startup: Unable to load dynamic library 'fileinfo.so' (tried: /usr/lib64/php7/extensions/fileinfo.so (/usr/lib64/php7/extensions/fileinfo.so: cannot open shared object file: No such file or directory), /usr/lib64/php7/extensions/fileinfo.so.so (/usr/lib64/php7/extensions/fileinfo.so.so: cannot open shared object file: No such file or directory)) in Unknown on line 0
PHP Warning:  Module 'pdo_pgsql' already loaded in Unknown on line 0
PHP Warning:  Module 'pgsql' already loaded in Unknown on line 0
PHP Warning:  Module 'Phar' already loaded in Unknown on line 0
--- RUNNING INCREMENTAL SYNC (Yesterday & Today) ---
Records found in Dialer: 1233
Successfully updated 795 rows in Portal.
--- Sync Finished ---
PHP Warning:  PHP Startup: Unable to load dynamic library 'fileinfo.so' (tried: /usr/lib64/php7/extensions/fileinfo.so (/usr/lib64/php7/extensions/fileinfo.so: cannot open shared object file: No such file or directory), /usr/lib64/php7/extensions/fileinfo.so.so (/usr/lib64/php7/extensions/fileinfo.so.so: cannot open shared object file: No such file or directory)) in Unknown on line 0
PHP Warning:  Module 'pdo_pgsql' already loaded in Unknown on line 0
PHP Warning:  Module 'pgsql' already loaded in Unknown on line 0
PHP Warning:  Module 'Phar' already loaded in Unknown on line 0
--- RUNNING INCREMENTAL SYNC (Yesterday & Today) ---
Records found in Dialer: 1233
Successfully updated 795 rows in Portal.
--- Sync Finished ---
PHP Warning:  PHP Startup: Unable to load dynamic library 'fileinfo.so' (tried: /usr/lib64/php7/extensions/fileinfo.so (/usr/lib64/php7/extensions/fileinfo.so: cannot open shared object file: No such file or directory), /usr/lib64/php7/extensions/fileinfo.so.so (/usr/lib64/php7/extensions/fileinfo.so.so: cannot open shared object file: No such file or directory)) in Unknown on line 0
PHP Warning:  Module 'pdo_pgsql' already loaded in Unknown on line 0
PHP Warning:  Module 'pgsql' already loaded in Unknown on line 0
PHP Warning:  Module 'Phar' already loaded in Unknown on line 0
--- RUNNING INCREMENTAL SYNC (Yesterday & Today) ---
Records found in Dialer: 1233
Successfully updated 795 rows in Portal.
--- Sync Finished ---
PHP Warning:  PHP Startup: Unable to load dynamic library 'fileinfo.so' (tried: /usr/lib64/php7/extensions/fileinfo.so (/usr/lib64/php7/extensions/fileinfo.so: cannot open shared object file: No such file or directory), /usr/lib64/php7/extensions/fileinfo.so.so (/usr/lib64/php7/extensions/fileinfo.so.so: cannot open shared object file: No such file or directory)) in Unknown on line 0
PHP Warning:  Module 'pdo_pgsql' already loaded in Unknown on line 0
PHP Warning:  Module 'pgsql' already loaded in Unknown on line 0
PHP Warning:  Module 'Phar' already loaded in Unknown on line 0
--- RUNNING INCREMENTAL SYNC (Yesterday & Today) ---
Records found in Dialer: 1233
Successfully updated 795 rows in Portal.
--- Sync Finished ---
PHP Warning:  PHP Startup: Unable to load dynamic library 'fileinfo.so' (tried: /usr/lib64/php7/extensions/fileinfo.so (/usr/lib64/php7/extensions/fileinfo.so: cannot open shared object file: No such file or directory), /usr/lib64/php7/extensions/fileinfo.so.so (/usr/lib64/php7/extensions/fileinfo.so.so: cannot open shared object file: No such file or directory)) in Unknown on line 0
PHP Warning:  Module 'pdo_pgsql' already loaded in Unknown on line 0
PHP Warning:  Module 'pgsql' already loaded in Unknown on line 0
PHP Warning:  Module 'Phar' already loaded in Unknown on line 0
--- RUNNING INCREMENTAL SYNC (Yesterday & Today) ---
Records found in Dialer: 1233
Successfully updated 795 rows in Portal.
--- Sync Finished ---
PHP Warning:  PHP Startup: Unable to load dynamic library 'fileinfo.so' (tried: /usr/lib64/php7/extensions/fileinfo.so (/usr/lib64/php7/extensions/fileinfo.so: cannot open shared object file: No such file or directory), /usr/lib64/php7/extensions/fileinfo.so.so (/usr/lib64/php7/extensions/fileinfo.so.so: cannot open shared object file: No such file or directory)) in Unknown on line 0
PHP Warning:  Module 'pdo_pgsql' already loaded in Unknown on line 0
PHP Warning:  Module 'pgsql' already loaded in Unknown on line 0
PHP Warning:  Module 'Phar' already loaded in Unknown on line 0
--- RUNNING INCREMENTAL SYNC (Yesterday & Today) ---
Records found in Dialer: 1233
Successfully updated 795 rows in Portal.
--- Sync Finished ---
PHP Warning:  PHP Startup: Unable to load dynamic library 'fileinfo.so' (tried: /usr/lib64/php7/extensions/fileinfo.so (/usr/lib64/php7/extensions/fileinfo.so: cannot open shared object file: No such file or directory), /usr/lib64/php7/extensions/fileinfo.so.so (/usr/lib64/php7/extensions/fileinfo.so.so: cannot open shared object file: No such file or directory)) in Unknown on line 0
PHP Warning:  Module 'pdo_pgsql' already loaded in Unknown on line 0
PHP Warning:  Module 'pgsql' already loaded in Unknown on line 0
PHP Warning:  Module 'Phar' already loaded in Unknown on line 0
--- RUNNING INCREMENTAL SYNC (Yesterday & Today) ---
Records found in Dialer: 1233
Successfully updated 795 rows in Portal.
--- Sync Finished ---
PHP Warning:  PHP Startup: Unable to load dynamic library 'fileinfo.so' (tried: /usr/lib64/php7/extensions/fileinfo.so (/usr/lib64/php7/extensions/fileinfo.so: cannot open shared object file: No such file or directory), /usr/lib64/php7/extensions/fileinfo.so.so (/usr/lib64/php7/extensions/fileinfo.so.so: cannot open shared object file: No such file or directory)) in Unknown on line 0
PHP Warning:  Module 'pdo_pgsql' already loaded in Unknown on line 0
PHP Warning:  Module 'pgsql' already loaded in Unknown on line 0
PHP Warning:  Module 'Phar' already loaded in Unknown on line 0
--- RUNNING INCREMENTAL SYNC (Yesterday & Today) ---
Records found in Dialer: 1233
Successfully updated 795 rows in Portal.
--- Sync Finished ---
PHP Warning:  PHP Startup: Unable to load dynamic library 'fileinfo.so' (tried: /usr/lib64/php7/extensions/fileinfo.so (/usr/lib64/php7/extensions/fileinfo.so: cannot open shared object file: No such file or directory), /usr/lib64/php7/extensions/fileinfo.so.so (/usr/lib64/php7/extensions/fileinfo.so.so: cannot open shared object file: No such file or directory)) in Unknown on line 0
PHP Warning:  Module 'pdo_pgsql' already loaded in Unknown on line 0
PHP Warning:  Module 'pgsql' already loaded in Unknown on line 0
PHP Warning:  Module 'Phar' already loaded in Unknown on line 0
--- RUNNING INCREMENTAL SYNC (Yesterday & Today) ---
Records found in Dialer: 1233
Successfully updated 795 rows in Portal.
--- Sync Finished ---
PHP Warning:  PHP Startup: Unable to load dynamic library 'fileinfo.so' (tried: /usr/lib64/php7/extensions/fileinfo.so (/usr/lib64/php7/extensions/fileinfo.so: cannot open shared object file: No such file or directory), /usr/lib64/php7/extensions/fileinfo.so.so (/usr/lib64/php7/extensions/fileinfo.so.so: cannot open shared object file: No such file or directory)) in Unknown on line 0
PHP Warning:  Module 'pdo_pgsql' already loaded in Unknown on line 0
PHP Warning:  Module 'pgsql' already loaded in Unknown on line 0
PHP Warning:  Module 'Phar' already loaded in Unknown on line 0
--- RUNNING INCREMENTAL SYNC (Yesterday & Today) ---
Records found in Dialer: 1233
Successfully updated 795 rows in Portal.
--- Sync Finished ---
PHP Warning:  PHP Startup: Unable to load dynamic library 'fileinfo.so' (tried: /usr/lib64/php7/extensions/fileinfo.so (/usr/lib64/php7/extensions/fileinfo.so: cannot open shared object file: No such file or directory), /usr/lib64/php7/extensions/fileinfo.so.so (/usr/lib64/php7/extensions/fileinfo.so.so: cannot open shared object file: No such file or directory)) in Unknown on line 0
PHP Warning:  Module 'pdo_pgsql' already loaded in Unknown on line 0
PHP Warning:  Module 'pgsql' already loaded in Unknown on line 0
PHP Warning:  Module 'Phar' already loaded in Unknown on line 0
--- RUNNING INCREMENTAL SYNC (Yesterday & Today) ---
Records found in Dialer: 1233
Successfully updated 795 rows in Portal.
--- Sync Finished ---
PHP Warning:  PHP Startup: Unable to load dynamic library 'fileinfo.so' (tried: /usr/lib64/php7/extensions/fileinfo.so (/usr/lib64/php7/extensions/fileinfo.so: cannot open shared object file: No such file or directory), /usr/lib64/php7/extensions/fileinfo.so.so (/usr/lib64/php7/extensions/fileinfo.so.so: cannot open shared object file: No such file or directory)) in Unknown on line 0
PHP Warning:  Module 'pdo_pgsql' already loaded in Unknown on line 0
PHP Warning:  Module 'pgsql' already loaded in Unknown on line 0
PHP Warning:  Module 'Phar' already loaded in Unknown on line 0
--- RUNNING INCREMENTAL SYNC (Yesterday & Today) ---
Records found in Dialer: 1234
Successfully updated 795 rows in Portal.
--- Sync Finished ---
PHP Warning:  PHP Startup: Unable to load dynamic library 'fileinfo.so' (tried: /usr/lib64/php7/extensions/fileinfo.so (/usr/lib64/php7/extensions/fileinfo.so: cannot open shared object file: No such file or directory), /usr/lib64/php7/extensions/fileinfo.so.so (/usr/lib64/php7/extensions/fileinfo.so.so: cannot open shared object file: No such file or directory)) in Unknown on line 0
PHP Warning:  Module 'pdo_pgsql' already loaded in Unknown on line 0
PHP Warning:  Module 'pgsql' already loaded in Unknown on line 0
PHP Warning:  Module 'Phar' already loaded in Unknown on line 0
--- RUNNING INCREMENTAL SYNC (Yesterday & Today) ---
Records found in Dialer: 1234
Successfully updated 795 rows in Portal.
--- Sync Finished ---
PHP Warning:  PHP Startup: Unable to load dynamic library 'fileinfo.so' (tried: /usr/lib64/php7/extensions/fileinfo.so (/usr/lib64/php7/extensions/fileinfo.so: cannot open shared object file: No such file or directory), /usr/lib64/php7/extensions/fileinfo.so.so (/usr/lib64/php7/extensions/fileinfo.so.so: cannot open shared object file: No such file or directory)) in Unknown on line 0
PHP Warning:  Module 'pdo_pgsql' already loaded in Unknown on line 0
PHP Warning:  Module 'pgsql' already loaded in Unknown on line 0
PHP Warning:  Module 'Phar' already loaded in Unknown on line 0
--- RUNNING INCREMENTAL SYNC (Yesterday & Today) ---
Records found in Dialer: 1234
Successfully updated 795 rows in Portal.
--- Sync Finished ---
PHP Warning:  PHP Startup: Unable to load dynamic library 'fileinfo.so' (tried: /usr/lib64/php7/extensions/fileinfo.so (/usr/lib64/php7/extensions/fileinfo.so: cannot open shared object file: No such file or directory), /usr/lib64/php7/extensions/fileinfo.so.so (/usr/lib64/php7/extensions/fileinfo.so.so: cannot open shared object file: No such file or directory)) in Unknown on line 0
PHP Warning:  Module 'pdo_pgsql' already loaded in Unknown on line 0
PHP Warning:  Module 'pgsql' already loaded in Unknown on line 0
PHP Warning:  Module 'Phar' already loaded in Unknown on line 0
--- RUNNING INCREMENTAL SYNC (Yesterday & Today) ---
Records found in Dialer: 1234
Successfully updated 795 rows in Portal.
--- Sync Finished ---
PHP Warning:  PHP Startup: Unable to load dynamic library 'fileinfo.so' (tried: /usr/lib64/php7/extensions/fileinfo.so (/usr/lib64/php7/extensions/fileinfo.so: cannot open shared object file: No such file or directory), /usr/lib64/php7/extensions/fileinfo.so.so (/usr/lib64/php7/extensions/fileinfo.so.so: cannot open shared object file: No such file or directory)) in Unknown on line 0
PHP Warning:  Module 'pdo_pgsql' already loaded in Unknown on line 0
PHP Warning:  Module 'pgsql' already loaded in Unknown on line 0
PHP Warning:  Module 'Phar' already loaded in Unknown on line 0
--- RUNNING INCREMENTAL SYNC (Yesterday & Today) ---
Records found in Dialer: 1234
Successfully updated 795 rows in Portal.
--- Sync Finished ---
PHP Warning:  PHP Startup: Unable to load dynamic library 'fileinfo.so' (tried: /usr/lib64/php7/extensions/fileinfo.so (/usr/lib64/php7/extensions/fileinfo.so: cannot open shared object file: No such file or directory), /usr/lib64/php7/extensions/fileinfo.so.so (/usr/lib64/php7/extensions/fileinfo.so.so: cannot open shared object file: No such file or directory)) in Unknown on line 0
PHP Warning:  Module 'pdo_pgsql' already loaded in Unknown on line 0
PHP Warning:  Module 'pgsql' already loaded in Unknown on line 0
PHP Warning:  Module 'Phar' already loaded in Unknown on line 0
--- RUNNING INCREMENTAL SYNC (Yesterday & Today) ---
Records found in Dialer: 1234
Successfully updated 795 rows in Portal.
--- Sync Finished ---
PHP Warning:  PHP Startup: Unable to load dynamic library 'fileinfo.so' (tried: /usr/lib64/php7/extensions/fileinfo.so (/usr/lib64/php7/extensions/fileinfo.so: cannot open shared object file: No such file or directory), /usr/lib64/php7/extensions/fileinfo.so.so (/usr/lib64/php7/extensions/fileinfo.so.so: cannot open shared object file: No such file or directory)) in Unknown on line 0
PHP Warning:  Module 'pdo_pgsql' already loaded in Unknown on line 0
PHP Warning:  Module 'pgsql' already loaded in Unknown on line 0
PHP Warning:  Module 'Phar' already loaded in Unknown on line 0
--- RUNNING INCREMENTAL SYNC (Yesterday & Today) ---
Records found in Dialer: 1234
Successfully updated 795 rows in Portal.
--- Sync Finished ---
PHP Warning:  PHP Startup: Unable to load dynamic library 'fileinfo.so' (tried: /usr/lib64/php7/extensions/fileinfo.so (/usr/lib64/php7/extensions/fileinfo.so: cannot open shared object file: No such file or directory), /usr/lib64/php7/extensions/fileinfo.so.so (/usr/lib64/php7/extensions/fileinfo.so.so: cannot open shared object file: No such file or directory)) in Unknown on line 0
PHP Warning:  Module 'pdo_pgsql' already loaded in Unknown on line 0
PHP Warning:  Module 'pgsql' already loaded in Unknown on line 0
PHP Warning:  Module 'Phar' already loaded in Unknown on line 0
--- RUNNING INCREMENTAL SYNC (Yesterday & Today) ---
Records found in Dialer: 1234
Successfully updated 795 rows in Portal.
--- Sync Finished ---
PHP Warning:  PHP Startup: Unable to load dynamic library 'fileinfo.so' (tried: /usr/lib64/php7/extensions/fileinfo.so (/usr/lib64/php7/extensions/fileinfo.so: cannot open shared object file: No such file or directory), /usr/lib64/php7/extensions/fileinfo.so.so (/usr/lib64/php7/extensions/fileinfo.so.so: cannot open shared object file: No such file or directory)) in Unknown on line 0
PHP Warning:  Module 'pdo_pgsql' already loaded in Unknown on line 0
PHP Warning:  Module 'pgsql' already loaded in Unknown on line 0
PHP Warning:  Module 'Phar' already loaded in Unknown on line 0
--- RUNNING INCREMENTAL SYNC (Yesterday & Today) ---
Records found in Dialer: 1234
Successfully updated 795 rows in Portal.
--- Sync Finished ---
PHP Warning:  PHP Startup: Unable to load dynamic library 'fileinfo.so' (tried: /usr/lib64/php7/extensions/fileinfo.so (/usr/lib64/php7/extensions/fileinfo.so: cannot open shared object file: No such file or directory), /usr/lib64/php7/extensions/fileinfo.so.so (/usr/lib64/php7/extensions/fileinfo.so.so: cannot open shared object file: No such file or directory)) in Unknown on line 0
PHP Warning:  Module 'pdo_pgsql' already loaded in Unknown on line 0
PHP Warning:  Module 'pgsql' already loaded in Unknown on line 0
PHP Warning:  Module 'Phar' already loaded in Unknown on line 0
--- RUNNING INCREMENTAL SYNC (Yesterday & Today) ---
Records found in Dialer: 1234
Successfully updated 795 rows in Portal.
--- Sync Finished ---
PHP Warning:  PHP Startup: Unable to load dynamic library 'fileinfo.so' (tried: /usr/lib64/php7/extensions/fileinfo.so (/usr/lib64/php7/extensions/fileinfo.so: cannot open shared object file: No such file or directory), /usr/lib64/php7/extensions/fileinfo.so.so (/usr/lib64/php7/extensions/fileinfo.so.so: cannot open shared object file: No such file or directory)) in Unknown on line 0
PHP Warning:  Module 'pdo_pgsql' already loaded in Unknown on line 0
PHP Warning:  Module 'pgsql' already loaded in Unknown on line 0
PHP Warning:  Module 'Phar' already loaded in Unknown on line 0
--- RUNNING INCREMENTAL SYNC (Yesterday & Today) ---
Records found in Dialer: 1234
Successfully updated 795 rows in Portal.
--- Sync Finished ---
PHP Warning:  PHP Startup: Unable to load dynamic library 'fileinfo.so' (tried: /usr/lib64/php7/extensions/fileinfo.so (/usr/lib64/php7/extensions/fileinfo.so: cannot open shared object file: No such file or directory), /usr/lib64/php7/extensions/fileinfo.so.so (/usr/lib64/php7/extensions/fileinfo.so.so: cannot open shared object file: No such file or directory)) in Unknown on line 0
PHP Warning:  Module 'pdo_pgsql' already loaded in Unknown on line 0
PHP Warning:  Module 'pgsql' already loaded in Unknown on line 0
PHP Warning:  Module 'Phar' already loaded in Unknown on line 0
--- RUNNING INCREMENTAL SYNC (Yesterday & Today) ---
Records found in Dialer: 1234
Successfully updated 795 rows in Portal.
--- Sync Finished ---
PHP Warning:  PHP Startup: Unable to load dynamic library 'fileinfo.so' (tried: /usr/lib64/php7/extensions/fileinfo.so (/usr/lib64/php7/extensions/fileinfo.so: cannot open shared object file: No such file or directory), /usr/lib64/php7/extensions/fileinfo.so.so (/usr/lib64/php7/extensions/fileinfo.so.so: cannot open shared object file: No such file or directory)) in Unknown on line 0
PHP Warning:  Module 'pdo_pgsql' already loaded in Unknown on line 0
PHP Warning:  Module 'pgsql' already loaded in Unknown on line 0
PHP Warning:  Module 'Phar' already loaded in Unknown on line 0
--- RUNNING INCREMENTAL SYNC (Yesterday & Today) ---
Records found in Dialer: 1234
Successfully updated 795 rows in Portal.
--- Sync Finished ---
PHP Warning:  PHP Startup: Unable to load dynamic library 'fileinfo.so' (tried: /usr/lib64/php7/extensions/fileinfo.so (/usr/lib64/php7/extensions/fileinfo.so: cannot open shared object file: No such file or directory), /usr/lib64/php7/extensions/fileinfo.so.so (/usr/lib64/php7/extensions/fileinfo.so.so: cannot open shared object file: No such file or directory)) in Unknown on line 0
PHP Warning:  Module 'pdo_pgsql' already loaded in Unknown on line 0
PHP Warning:  Module 'pgsql' already loaded in Unknown on line 0
PHP Warning:  Module 'Phar' already loaded in Unknown on line 0
--- RUNNING INCREMENTAL SYNC (Yesterday & Today) ---
Records found in Dialer: 1234
Successfully updated 795 rows in Portal.
--- Sync Finished ---
PHP Warning:  PHP Startup: Unable to load dynamic library 'fileinfo.so' (tried: /usr/lib64/php7/extensions/fileinfo.so (/usr/lib64/php7/extensions/fileinfo.so: cannot open shared object file: No such file or directory), /usr/lib64/php7/extensions/fileinfo.so.so (/usr/lib64/php7/extensions/fileinfo.so.so: cannot open shared object file: No such file or directory)) in Unknown on line 0
PHP Warning:  Module 'pdo_pgsql' already loaded in Unknown on line 0
PHP Warning:  Module 'pgsql' already loaded in Unknown on line 0
PHP Warning:  Module 'Phar' already loaded in Unknown on line 0
--- RUNNING INCREMENTAL SYNC (Yesterday & Today) ---
Records found in Dialer: 1234
Successfully updated 795 rows in Portal.
--- Sync Finished ---
PHP Warning:  PHP Startup: Unable to load dynamic library 'fileinfo.so' (tried: /usr/lib64/php7/extensions/fileinfo.so (/usr/lib64/php7/extensions/fileinfo.so: cannot open shared object file: No such file or directory), /usr/lib64/php7/extensions/fileinfo.so.so (/usr/lib64/php7/extensions/fileinfo.so.so: cannot open shared object file: No such file or directory)) in Unknown on line 0
PHP Warning:  Module 'pdo_pgsql' already loaded in Unknown on line 0
PHP Warning:  Module 'pgsql' already loaded in Unknown on line 0
PHP Warning:  Module 'Phar' already loaded in Unknown on line 0
--- RUNNING INCREMENTAL SYNC (Yesterday & Today) ---
Records found in Dialer: 1234
Successfully updated 795 rows in Portal.
--- Sync Finished ---
PHP Warning:  PHP Startup: Unable to load dynamic library 'fileinfo.so' (tried: /usr/lib64/php7/extensions/fileinfo.so (/usr/lib64/php7/extensions/fileinfo.so: cannot open shared object file: No such file or directory), /usr/lib64/php7/extensions/fileinfo.so.so (/usr/lib64/php7/extensions/fileinfo.so.so: cannot open shared object file: No such file or directory)) in Unknown on line 0
PHP Warning:  Module 'pdo_pgsql' already loaded in Unknown on line 0
PHP Warning:  Module 'pgsql' already loaded in Unknown on line 0
PHP Warning:  Module 'Phar' already loaded in Unknown on line 0
--- RUNNING INCREMENTAL SYNC (Yesterday & Today) ---
Records found in Dialer: 1234
Successfully updated 795 rows in Portal.
--- Sync Finished ---
PHP Warning:  PHP Startup: Unable to load dynamic library 'fileinfo.so' (tried: /usr/lib64/php7/extensions/fileinfo.so (/usr/lib64/php7/extensions/fileinfo.so: cannot open shared object file: No such file or directory), /usr/lib64/php7/extensions/fileinfo.so.so (/usr/lib64/php7/extensions/fileinfo.so.so: cannot open shared object file: No such file or directory)) in Unknown on line 0
PHP Warning:  Module 'pdo_pgsql' already loaded in Unknown on line 0
PHP Warning:  Module 'pgsql' already loaded in Unknown on line 0
PHP Warning:  Module 'Phar' already loaded in Unknown on line 0
--- RUNNING INCREMENTAL SYNC (Yesterday & Today) ---
Records found in Dialer: 1234
Successfully updated 795 rows in Portal.
--- Sync Finished ---
PHP Warning:  PHP Startup: Unable to load dynamic library 'fileinfo.so' (tried: /usr/lib64/php7/extensions/fileinfo.so (/usr/lib64/php7/extensions/fileinfo.so: cannot open shared object file: No such file or directory), /usr/lib64/php7/extensions/fileinfo.so.so (/usr/lib64/php7/extensions/fileinfo.so.so: cannot open shared object file: No such file or directory)) in Unknown on line 0
PHP Warning:  Module 'pdo_pgsql' already loaded in Unknown on line 0
PHP Warning:  Module 'pgsql' already loaded in Unknown on line 0
PHP Warning:  Module 'Phar' already loaded in Unknown on line 0
--- RUNNING INCREMENTAL SYNC (Yesterday & Today) ---
Records found in Dialer: 1234
Successfully updated 795 rows in Portal.
--- Sync Finished ---
PHP Warning:  PHP Startup: Unable to load dynamic library 'fileinfo.so' (tried: /usr/lib64/php7/extensions/fileinfo.so (/usr/lib64/php7/extensions/fileinfo.so: cannot open shared object file: No such file or directory), /usr/lib64/php7/extensions/fileinfo.so.so (/usr/lib64/php7/extensions/fileinfo.so.so: cannot open shared object file: No such file or directory)) in Unknown on line 0
PHP Warning:  Module 'pdo_pgsql' already loaded in Unknown on line 0
PHP Warning:  Module 'pgsql' already loaded in Unknown on line 0
PHP Warning:  Module 'Phar' already loaded in Unknown on line 0
--- RUNNING INCREMENTAL SYNC (Yesterday & Today) ---
Records found in Dialer: 1234
Successfully updated 795 rows in Portal.
--- Sync Finished ---
PHP Warning:  PHP Startup: Unable to load dynamic library 'fileinfo.so' (tried: /usr/lib64/php7/extensions/fileinfo.so (/usr/lib64/php7/extensions/fileinfo.so: cannot open shared object file: No such file or directory), /usr/lib64/php7/extensions/fileinfo.so.so (/usr/lib64/php7/extensions/fileinfo.so.so: cannot open shared object file: No such file or directory)) in Unknown on line 0
PHP Warning:  Module 'pdo_pgsql' already loaded in Unknown on line 0
PHP Warning:  Module 'pgsql' already loaded in Unknown on line 0
PHP Warning:  Module 'Phar' already loaded in Unknown on line 0
--- RUNNING INCREMENTAL SYNC (Yesterday & Today) ---
Records found in Dialer: 1234
Successfully updated 795 rows in Portal.
--- Sync Finished ---
PHP Warning:  PHP Startup: Unable to load dynamic library 'fileinfo.so' (tried: /usr/lib64/php7/extensions/fileinfo.so (/usr/lib64/php7/extensions/fileinfo.so: cannot open shared object file: No such file or directory), /usr/lib64/php7/extensions/fileinfo.so.so (/usr/lib64/php7/extensions/fileinfo.so.so: cannot open shared object file: No such file or directory)) in Unknown on line 0
PHP Warning:  Module 'pdo_pgsql' already loaded in Unknown on line 0
PHP Warning:  Module 'pgsql' already loaded in Unknown on line 0
PHP Warning:  Module 'Phar' already loaded in Unknown on line 0
--- RUNNING INCREMENTAL SYNC (Yesterday & Today) ---
Records found in Dialer: 1234
Successfully updated 795 rows in Portal.
--- Sync Finished ---
PHP Warning:  PHP Startup: Unable to load dynamic library 'fileinfo.so' (tried: /usr/lib64/php7/extensions/fileinfo.so (/usr/lib64/php7/extensions/fileinfo.so: cannot open shared object file: No such file or directory), /usr/lib64/php7/extensions/fileinfo.so.so (/usr/lib64/php7/extensions/fileinfo.so.so: cannot open shared object file: No such file or directory)) in Unknown on line 0
PHP Warning:  Module 'pdo_pgsql' already loaded in Unknown on line 0
PHP Warning:  Module 'pgsql' already loaded in Unknown on line 0
PHP Warning:  Module 'Phar' already loaded in Unknown on line 0
--- RUNNING INCREMENTAL SYNC (Yesterday & Today) ---
Records found in Dialer: 1234
Successfully updated 795 rows in Portal.
--- Sync Finished ---
PHP Warning:  PHP Startup: Unable to load dynamic library 'fileinfo.so' (tried: /usr/lib64/php7/extensions/fileinfo.so (/usr/lib64/php7/extensions/fileinfo.so: cannot open shared object file: No such file or directory), /usr/lib64/php7/extensions/fileinfo.so.so (/usr/lib64/php7/extensions/fileinfo.so.so: cannot open shared object file: No such file or directory)) in Unknown on line 0
PHP Warning:  Module 'pdo_pgsql' already loaded in Unknown on line 0
PHP Warning:  Module 'pgsql' already loaded in Unknown on line 0
PHP Warning:  Module 'Phar' already loaded in Unknown on line 0
--- RUNNING INCREMENTAL SYNC (Yesterday & Today) ---
Records found in Dialer: 1234
Successfully updated 795 rows in Portal.
--- Sync Finished ---
PHP Warning:  PHP Startup: Unable to load dynamic library 'fileinfo.so' (tried: /usr/lib64/php7/extensions/fileinfo.so (/usr/lib64/php7/extensions/fileinfo.so: cannot open shared object file: No such file or directory), /usr/lib64/php7/extensions/fileinfo.so.so (/usr/lib64/php7/extensions/fileinfo.so.so: cannot open shared object file: No such file or directory)) in Unknown on line 0
PHP Warning:  Module 'pdo_pgsql' already loaded in Unknown on line 0
PHP Warning:  Module 'pgsql' already loaded in Unknown on line 0
PHP Warning:  Module 'Phar' already loaded in Unknown on line 0
--- RUNNING INCREMENTAL SYNC (Yesterday & Today) ---
Records found in Dialer: 1234
Successfully updated 795 rows in Portal.
--- Sync Finished ---
PHP Warning:  PHP Startup: Unable to load dynamic library 'fileinfo.so' (tried: /usr/lib64/php7/extensions/fileinfo.so (/usr/lib64/php7/extensions/fileinfo.so: cannot open shared object file: No such file or directory), /usr/lib64/php7/extensions/fileinfo.so.so (/usr/lib64/php7/extensions/fileinfo.so.so: cannot open shared object file: No such file or directory)) in Unknown on line 0
PHP Warning:  Module 'pdo_pgsql' already loaded in Unknown on line 0
PHP Warning:  Module 'pgsql' already loaded in Unknown on line 0
PHP Warning:  Module 'Phar' already loaded in Unknown on line 0
--- RUNNING INCREMENTAL SYNC (Yesterday & Today) ---
Records found in Dialer: 1234
Successfully updated 795 rows in Portal.
--- Sync Finished ---
PHP Warning:  PHP Startup: Unable to load dynamic library 'fileinfo.so' (tried: /usr/lib64/php7/extensions/fileinfo.so (/usr/lib64/php7/extensions/fileinfo.so: cannot open shared object file: No such file or directory), /usr/lib64/php7/extensions/fileinfo.so.so (/usr/lib64/php7/extensions/fileinfo.so.so: cannot open shared object file: No such file or directory)) in Unknown on line 0
PHP Warning:  Module 'pdo_pgsql' already loaded in Unknown on line 0
PHP Warning:  Module 'pgsql' already loaded in Unknown on line 0
PHP Warning:  Module 'Phar' already loaded in Unknown on line 0
--- RUNNING INCREMENTAL SYNC (Yesterday & Today) ---
Records found in Dialer: 1234
Successfully updated 795 rows in Portal.
--- Sync Finished ---
PHP Warning:  PHP Startup: Unable to load dynamic library 'fileinfo.so' (tried: /usr/lib64/php7/extensions/fileinfo.so (/usr/lib64/php7/extensions/fileinfo.so: cannot open shared object file: No such file or directory), /usr/lib64/php7/extensions/fileinfo.so.so (/usr/lib64/php7/extensions/fileinfo.so.so: cannot open shared object file: No such file or directory)) in Unknown on line 0
PHP Warning:  Module 'pdo_pgsql' already loaded in Unknown on line 0
PHP Warning:  Module 'pgsql' already loaded in Unknown on line 0
PHP Warning:  Module 'Phar' already loaded in Unknown on line 0
--- RUNNING INCREMENTAL SYNC (Yesterday & Today) ---
Records found in Dialer: 1234
Successfully updated 795 rows in Portal.
--- Sync Finished ---
PHP Warning:  PHP Startup: Unable to load dynamic library 'fileinfo.so' (tried: /usr/lib64/php7/extensions/fileinfo.so (/usr/lib64/php7/extensions/fileinfo.so: cannot open shared object file: No such file or directory), /usr/lib64/php7/extensions/fileinfo.so.so (/usr/lib64/php7/extensions/fileinfo.so.so: cannot open shared object file: No such file or directory)) in Unknown on line 0
PHP Warning:  Module 'pdo_pgsql' already loaded in Unknown on line 0
PHP Warning:  Module 'pgsql' already loaded in Unknown on line 0
PHP Warning:  Module 'Phar' already loaded in Unknown on line 0
--- RUNNING INCREMENTAL SYNC (Yesterday & Today) ---
Records found in Dialer: 1234
Successfully updated 795 rows in Portal.
--- Sync Finished ---
PHP Warning:  PHP Startup: Unable to load dynamic library 'fileinfo.so' (tried: /usr/lib64/php7/extensions/fileinfo.so (/usr/lib64/php7/extensions/fileinfo.so: cannot open shared object file: No such file or directory), /usr/lib64/php7/extensions/fileinfo.so.so (/usr/lib64/php7/extensions/fileinfo.so.so: cannot open shared object file: No such file or directory)) in Unknown on line 0
PHP Warning:  Module 'pdo_pgsql' already loaded in Unknown on line 0
PHP Warning:  Module 'pgsql' already loaded in Unknown on line 0
PHP Warning:  Module 'Phar' already loaded in Unknown on line 0
--- RUNNING INCREMENTAL SYNC (Yesterday & Today) ---
Records found in Dialer: 1234
Successfully updated 795 rows in Portal.
--- Sync Finished ---
PHP Warning:  PHP Startup: Unable to load dynamic library 'fileinfo.so' (tried: /usr/lib64/php7/extensions/fileinfo.so (/usr/lib64/php7/extensions/fileinfo.so: cannot open shared object file: No such file or directory), /usr/lib64/php7/extensions/fileinfo.so.so (/usr/lib64/php7/extensions/fileinfo.so.so: cannot open shared object file: No such file or directory)) in Unknown on line 0
PHP Warning:  Module 'pdo_pgsql' already loaded in Unknown on line 0
PHP Warning:  Module 'pgsql' already loaded in Unknown on line 0
PHP Warning:  Module 'Phar' already loaded in Unknown on line 0
--- RUNNING INCREMENTAL SYNC (Yesterday & Today) ---
Records found in Dialer: 1234
Successfully updated 795 rows in Portal.
--- Sync Finished ---
PHP Warning:  PHP Startup: Unable to load dynamic library 'fileinfo.so' (tried: /usr/lib64/php7/extensions/fileinfo.so (/usr/lib64/php7/extensions/fileinfo.so: cannot open shared object file: No such file or directory), /usr/lib64/php7/extensions/fileinfo.so.so (/usr/lib64/php7/extensions/fileinfo.so.so: cannot open shared object file: No such file or directory)) in Unknown on line 0
PHP Warning:  Module 'pdo_pgsql' already loaded in Unknown on line 0
PHP Warning:  Module 'pgsql' already loaded in Unknown on line 0
PHP Warning:  Module 'Phar' already loaded in Unknown on line 0
--- RUNNING INCREMENTAL SYNC (Yesterday & Today) ---
Records found in Dialer: 1234
Successfully updated 795 rows in Portal.
--- Sync Finished ---
PHP Warning:  PHP Startup: Unable to load dynamic library 'fileinfo.so' (tried: /usr/lib64/php7/extensions/fileinfo.so (/usr/lib64/php7/extensions/fileinfo.so: cannot open shared object file: No such file or directory), /usr/lib64/php7/extensions/fileinfo.so.so (/usr/lib64/php7/extensions/fileinfo.so.so: cannot open shared object file: No such file or directory)) in Unknown on line 0
PHP Warning:  Module 'pdo_pgsql' already loaded in Unknown on line 0
PHP Warning:  Module 'pgsql' already loaded in Unknown on line 0
PHP Warning:  Module 'Phar' already loaded in Unknown on line 0
--- RUNNING INCREMENTAL SYNC (Yesterday & Today) ---
Records found in Dialer: 1234
Successfully updated 795 rows in Portal.
--- Sync Finished ---
PHP Warning:  PHP Startup: Unable to load dynamic library 'fileinfo.so' (tried: /usr/lib64/php7/extensions/fileinfo.so (/usr/lib64/php7/extensions/fileinfo.so: cannot open shared object file: No such file or directory), /usr/lib64/php7/extensions/fileinfo.so.so (/usr/lib64/php7/extensions/fileinfo.so.so: cannot open shared object file: No such file or directory)) in Unknown on line 0
PHP Warning:  Module 'pdo_pgsql' already loaded in Unknown on line 0
PHP Warning:  Module 'pgsql' already loaded in Unknown on line 0
PHP Warning:  Module 'Phar' already loaded in Unknown on line 0
--- RUNNING INCREMENTAL SYNC (Yesterday & Today) ---
Records found in Dialer: 1234
Successfully updated 795 rows in Portal.
--- Sync Finished ---
PHP Warning:  PHP Startup: Unable to load dynamic library 'fileinfo.so' (tried: /usr/lib64/php7/extensions/fileinfo.so (/usr/lib64/php7/extensions/fileinfo.so: cannot open shared object file: No such file or directory), /usr/lib64/php7/extensions/fileinfo.so.so (/usr/lib64/php7/extensions/fileinfo.so.so: cannot open shared object file: No such file or directory)) in Unknown on line 0
PHP Warning:  Module 'pdo_pgsql' already loaded in Unknown on line 0
PHP Warning:  Module 'pgsql' already loaded in Unknown on line 0
PHP Warning:  Module 'Phar' already loaded in Unknown on line 0
--- RUNNING INCREMENTAL SYNC (Yesterday & Today) ---
Records found in Dialer: 1234
Successfully updated 795 rows in Portal.
--- Sync Finished ---
PHP Warning:  PHP Startup: Unable to load dynamic library 'fileinfo.so' (tried: /usr/lib64/php7/extensions/fileinfo.so (/usr/lib64/php7/extensions/fileinfo.so: cannot open shared object file: No such file or directory), /usr/lib64/php7/extensions/fileinfo.so.so (/usr/lib64/php7/extensions/fileinfo.so.so: cannot open shared object file: No such file or directory)) in Unknown on line 0
PHP Warning:  Module 'pdo_pgsql' already loaded in Unknown on line 0
PHP Warning:  Module 'pgsql' already loaded in Unknown on line 0
PHP Warning:  Module 'Phar' already loaded in Unknown on line 0
--- RUNNING INCREMENTAL SYNC (Yesterday & Today) ---
Records found in Dialer: 1234
Successfully updated 795 rows in Portal.
--- Sync Finished ---
PHP Warning:  PHP Startup: Unable to load dynamic library 'fileinfo.so' (tried: /usr/lib64/php7/extensions/fileinfo.so (/usr/lib64/php7/extensions/fileinfo.so: cannot open shared object file: No such file or directory), /usr/lib64/php7/extensions/fileinfo.so.so (/usr/lib64/php7/extensions/fileinfo.so.so: cannot open shared object file: No such file or directory)) in Unknown on line 0
PHP Warning:  Module 'pdo_pgsql' already loaded in Unknown on line 0
PHP Warning:  Module 'pgsql' already loaded in Unknown on line 0
PHP Warning:  Module 'Phar' already loaded in Unknown on line 0
--- RUNNING INCREMENTAL SYNC (Yesterday & Today) ---
Records found in Dialer: 1234
Successfully updated 795 rows in Portal.
--- Sync Finished ---
PHP Warning:  PHP Startup: Unable to load dynamic library 'fileinfo.so' (tried: /usr/lib64/php7/extensions/fileinfo.so (/usr/lib64/php7/extensions/fileinfo.so: cannot open shared object file: No such file or directory), /usr/lib64/php7/extensions/fileinfo.so.so (/usr/lib64/php7/extensions/fileinfo.so.so: cannot open shared object file: No such file or directory)) in Unknown on line 0
PHP Warning:  Module 'pdo_pgsql' already loaded in Unknown on line 0
PHP Warning:  Module 'pgsql' already loaded in Unknown on line 0
PHP Warning:  Module 'Phar' already loaded in Unknown on line 0
--- RUNNING INCREMENTAL SYNC (Yesterday & Today) ---
Records found in Dialer: 1234
Successfully updated 795 rows in Portal.
--- Sync Finished ---
PHP Warning:  PHP Startup: Unable to load dynamic library 'fileinfo.so' (tried: /usr/lib64/php7/extensions/fileinfo.so (/usr/lib64/php7/extensions/fileinfo.so: cannot open shared object file: No such file or directory), /usr/lib64/php7/extensions/fileinfo.so.so (/usr/lib64/php7/extensions/fileinfo.so.so: cannot open shared object file: No such file or directory)) in Unknown on line 0
PHP Warning:  Module 'pdo_pgsql' already loaded in Unknown on line 0
PHP Warning:  Module 'pgsql' already loaded in Unknown on line 0
PHP Warning:  Module 'Phar' already loaded in Unknown on line 0
--- RUNNING INCREMENTAL SYNC (Yesterday & Today) ---
Records found in Dialer: 1234
Successfully updated 795 rows in Portal.
--- Sync Finished ---
PHP Warning:  PHP Startup: Unable to load dynamic library 'fileinfo.so' (tried: /usr/lib64/php7/extensions/fileinfo.so (/usr/lib64/php7/extensions/fileinfo.so: cannot open shared object file: No such file or directory), /usr/lib64/php7/extensions/fileinfo.so.so (/usr/lib64/php7/extensions/fileinfo.so.so: cannot open shared object file: No such file or directory)) in Unknown on line 0
PHP Warning:  Module 'pdo_pgsql' already loaded in Unknown on line 0
PHP Warning:  Module 'pgsql' already loaded in Unknown on line 0
PHP Warning:  Module 'Phar' already loaded in Unknown on line 0
--- RUNNING INCREMENTAL SYNC (Yesterday & Today) ---
Records found in Dialer: 1234
Successfully updated 795 rows in Portal.
--- Sync Finished ---
PHP Warning:  PHP Startup: Unable to load dynamic library 'fileinfo.so' (tried: /usr/lib64/php7/extensions/fileinfo.so (/usr/lib64/php7/extensions/fileinfo.so: cannot open shared object file: No such file or directory), /usr/lib64/php7/extensions/fileinfo.so.so (/usr/lib64/php7/extensions/fileinfo.so.so: cannot open shared object file: No such file or directory)) in Unknown on line 0
PHP Warning:  Module 'pdo_pgsql' already loaded in Unknown on line 0
PHP Warning:  Module 'pgsql' already loaded in Unknown on line 0
PHP Warning:  Module 'Phar' already loaded in Unknown on line 0
--- RUNNING INCREMENTAL SYNC (Yesterday & Today) ---
Records found in Dialer: 1234
Successfully updated 795 rows in Portal.
--- Sync Finished ---
PHP Warning:  PHP Startup: Unable to load dynamic library 'fileinfo.so' (tried: /usr/lib64/php7/extensions/fileinfo.so (/usr/lib64/php7/extensions/fileinfo.so: cannot open shared object file: No such file or directory), /usr/lib64/php7/extensions/fileinfo.so.so (/usr/lib64/php7/extensions/fileinfo.so.so: cannot open shared object file: No such file or directory)) in Unknown on line 0
PHP Warning:  Module 'pdo_pgsql' already loaded in Unknown on line 0
PHP Warning:  Module 'pgsql' already loaded in Unknown on line 0
PHP Warning:  Module 'Phar' already loaded in Unknown on line 0
--- RUNNING INCREMENTAL SYNC (Yesterday & Today) ---
Records found in Dialer: 1234
Successfully updated 795 rows in Portal.
--- Sync Finished ---
PHP Warning:  PHP Startup: Unable to load dynamic library 'fileinfo.so' (tried: /usr/lib64/php7/extensions/fileinfo.so (/usr/lib64/php7/extensions/fileinfo.so: cannot open shared object file: No such file or directory), /usr/lib64/php7/extensions/fileinfo.so.so (/usr/lib64/php7/extensions/fileinfo.so.so: cannot open shared object file: No such file or directory)) in Unknown on line 0
PHP Warning:  Module 'pdo_pgsql' already loaded in Unknown on line 0
PHP Warning:  Module 'pgsql' already loaded in Unknown on line 0
PHP Warning:  Module 'Phar' already loaded in Unknown on line 0
--- RUNNING INCREMENTAL SYNC (Yesterday & Today) ---
Records found in Dialer: 1234
Successfully updated 795 rows in Portal.
--- Sync Finished ---
PHP Warning:  PHP Startup: Unable to load dynamic library 'fileinfo.so' (tried: /usr/lib64/php7/extensions/fileinfo.so (/usr/lib64/php7/extensions/fileinfo.so: cannot open shared object file: No such file or directory), /usr/lib64/php7/extensions/fileinfo.so.so (/usr/lib64/php7/extensions/fileinfo.so.so: cannot open shared object file: No such file or directory)) in Unknown on line 0
PHP Warning:  Module 'pdo_pgsql' already loaded in Unknown on line 0
PHP Warning:  Module 'pgsql' already loaded in Unknown on line 0
PHP Warning:  Module 'Phar' already loaded in Unknown on line 0
--- RUNNING INCREMENTAL SYNC (Yesterday & Today) ---
Records found in Dialer: 1234
Successfully updated 795 rows in Portal.
--- Sync Finished ---
PHP Warning:  PHP Startup: Unable to load dynamic library 'fileinfo.so' (tried: /usr/lib64/php7/extensions/fileinfo.so (/usr/lib64/php7/extensions/fileinfo.so: cannot open shared object file: No such file or directory), /usr/lib64/php7/extensions/fileinfo.so.so (/usr/lib64/php7/extensions/fileinfo.so.so: cannot open shared object file: No such file or directory)) in Unknown on line 0
PHP Warning:  Module 'pdo_pgsql' already loaded in Unknown on line 0
PHP Warning:  Module 'pgsql' already loaded in Unknown on line 0
PHP Warning:  Module 'Phar' already loaded in Unknown on line 0
--- RUNNING INCREMENTAL SYNC (Yesterday & Today) ---
Records found in Dialer: 1234
Successfully updated 795 rows in Portal.
--- Sync Finished ---
PHP Warning:  PHP Startup: Unable to load dynamic library 'fileinfo.so' (tried: /usr/lib64/php7/extensions/fileinfo.so (/usr/lib64/php7/extensions/fileinfo.so: cannot open shared object file: No such file or directory), /usr/lib64/php7/extensions/fileinfo.so.so (/usr/lib64/php7/extensions/fileinfo.so.so: cannot open shared object file: No such file or directory)) in Unknown on line 0
PHP Warning:  Module 'pdo_pgsql' already loaded in Unknown on line 0
PHP Warning:  Module 'pgsql' already loaded in Unknown on line 0
PHP Warning:  Module 'Phar' already loaded in Unknown on line 0
--- RUNNING INCREMENTAL SYNC (Yesterday & Today) ---
Records found in Dialer: 1234
Successfully updated 795 rows in Portal.
--- Sync Finished ---
PHP Warning:  PHP Startup: Unable to load dynamic library 'fileinfo.so' (tried: /usr/lib64/php7/extensions/fileinfo.so (/usr/lib64/php7/extensions/fileinfo.so: cannot open shared object file: No such file or directory), /usr/lib64/php7/extensions/fileinfo.so.so (/usr/lib64/php7/extensions/fileinfo.so.so: cannot open shared object file: No such file or directory)) in Unknown on line 0
PHP Warning:  Module 'pdo_pgsql' already loaded in Unknown on line 0
PHP Warning:  Module 'pgsql' already loaded in Unknown on line 0
PHP Warning:  Module 'Phar' already loaded in Unknown on line 0
--- RUNNING INCREMENTAL SYNC (Yesterday & Today) ---
Records found in Dialer: 1234
Successfully updated 795 rows in Portal.
--- Sync Finished ---
PHP Warning:  PHP Startup: Unable to load dynamic library 'fileinfo.so' (tried: /usr/lib64/php7/extensions/fileinfo.so (/usr/lib64/php7/extensions/fileinfo.so: cannot open shared object file: No such file or directory), /usr/lib64/php7/extensions/fileinfo.so.so (/usr/lib64/php7/extensions/fileinfo.so.so: cannot open shared object file: No such file or directory)) in Unknown on line 0
PHP Warning:  Module 'pdo_pgsql' already loaded in Unknown on line 0
PHP Warning:  Module 'pgsql' already loaded in Unknown on line 0
PHP Warning:  Module 'Phar' already loaded in Unknown on line 0
--- RUNNING INCREMENTAL SYNC (Yesterday & Today) ---
Records found in Dialer: 1234
Successfully updated 795 rows in Portal.
--- Sync Finished ---
PHP Warning:  PHP Startup: Unable to load dynamic library 'fileinfo.so' (tried: /usr/lib64/php7/extensions/fileinfo.so (/usr/lib64/php7/extensions/fileinfo.so: cannot open shared object file: No such file or directory), /usr/lib64/php7/extensions/fileinfo.so.so (/usr/lib64/php7/extensions/fileinfo.so.so: cannot open shared object file: No such file or directory)) in Unknown on line 0
PHP Warning:  Module 'pdo_pgsql' already loaded in Unknown on line 0
PHP Warning:  Module 'pgsql' already loaded in Unknown on line 0
PHP Warning:  Module 'Phar' already loaded in Unknown on line 0
--- RUNNING INCREMENTAL SYNC (Yesterday & Today) ---
Records found in Dialer: 1234
Successfully updated 795 rows in Portal.
--- Sync Finished ---
PHP Warning:  PHP Startup: Unable to load dynamic library 'fileinfo.so' (tried: /usr/lib64/php7/extensions/fileinfo.so (/usr/lib64/php7/extensions/fileinfo.so: cannot open shared object file: No such file or directory), /usr/lib64/php7/extensions/fileinfo.so.so (/usr/lib64/php7/extensions/fileinfo.so.so: cannot open shared object file: No such file or directory)) in Unknown on line 0
PHP Warning:  Module 'pdo_pgsql' already loaded in Unknown on line 0
PHP Warning:  Module 'pgsql' already loaded in Unknown on line 0
PHP Warning:  Module 'Phar' already loaded in Unknown on line 0
--- RUNNING INCREMENTAL SYNC (Yesterday & Today) ---
Records found in Dialer: 1234
Successfully updated 795 rows in Portal.
--- Sync Finished ---
PHP Warning:  PHP Startup: Unable to load dynamic library 'fileinfo.so' (tried: /usr/lib64/php7/extensions/fileinfo.so (/usr/lib64/php7/extensions/fileinfo.so: cannot open shared object file: No such file or directory), /usr/lib64/php7/extensions/fileinfo.so.so (/usr/lib64/php7/extensions/fileinfo.so.so: cannot open shared object file: No such file or directory)) in Unknown on line 0
PHP Warning:  Module 'pdo_pgsql' already loaded in Unknown on line 0
PHP Warning:  Module 'pgsql' already loaded in Unknown on line 0
PHP Warning:  Module 'Phar' already loaded in Unknown on line 0
--- RUNNING INCREMENTAL SYNC (Yesterday & Today) ---
Records found in Dialer: 1234
Successfully updated 795 rows in Portal.
--- Sync Finished ---
PHP Warning:  PHP Startup: Unable to load dynamic library 'fileinfo.so' (tried: /usr/lib64/php7/extensions/fileinfo.so (/usr/lib64/php7/extensions/fileinfo.so: cannot open shared object file: No such file or directory), /usr/lib64/php7/extensions/fileinfo.so.so (/usr/lib64/php7/extensions/fileinfo.so.so: cannot open shared object file: No such file or directory)) in Unknown on line 0
PHP Warning:  Module 'pdo_pgsql' already loaded in Unknown on line 0
PHP Warning:  Module 'pgsql' already loaded in Unknown on line 0
PHP Warning:  Module 'Phar' already loaded in Unknown on line 0
--- RUNNING INCREMENTAL SYNC (Yesterday & Today) ---
Records found in Dialer: 1234
Successfully updated 795 rows in Portal.
--- Sync Finished ---
PHP Warning:  PHP Startup: Unable to load dynamic library 'fileinfo.so' (tried: /usr/lib64/php7/extensions/fileinfo.so (/usr/lib64/php7/extensions/fileinfo.so: cannot open shared object file: No such file or directory), /usr/lib64/php7/extensions/fileinfo.so.so (/usr/lib64/php7/extensions/fileinfo.so.so: cannot open shared object file: No such file or directory)) in Unknown on line 0
PHP Warning:  Module 'pdo_pgsql' already loaded in Unknown on line 0
PHP Warning:  Module 'pgsql' already loaded in Unknown on line 0
PHP Warning:  Module 'Phar' already loaded in Unknown on line 0
--- RUNNING INCREMENTAL SYNC (Yesterday & Today) ---
Records found in Dialer: 1234
Successfully updated 795 rows in Portal.
--- Sync Finished ---
PHP Warning:  PHP Startup: Unable to load dynamic library 'fileinfo.so' (tried: /usr/lib64/php7/extensions/fileinfo.so (/usr/lib64/php7/extensions/fileinfo.so: cannot open shared object file: No such file or directory), /usr/lib64/php7/extensions/fileinfo.so.so (/usr/lib64/php7/extensions/fileinfo.so.so: cannot open shared object file: No such file or directory)) in Unknown on line 0
PHP Warning:  Module 'pdo_pgsql' already loaded in Unknown on line 0
PHP Warning:  Module 'pgsql' already loaded in Unknown on line 0
PHP Warning:  Module 'Phar' already loaded in Unknown on line 0
--- RUNNING INCREMENTAL SYNC (Yesterday & Today) ---
Records found in Dialer: 1234
Successfully updated 795 rows in Portal.
--- Sync Finished ---
PHP Warning:  PHP Startup: Unable to load dynamic library 'fileinfo.so' (tried: /usr/lib64/php7/extensions/fileinfo.so (/usr/lib64/php7/extensions/fileinfo.so: cannot open shared object file: No such file or directory), /usr/lib64/php7/extensions/fileinfo.so.so (/usr/lib64/php7/extensions/fileinfo.so.so: cannot open shared object file: No such file or directory)) in Unknown on line 0
PHP Warning:  Module 'pdo_pgsql' already loaded in Unknown on line 0
PHP Warning:  Module 'pgsql' already loaded in Unknown on line 0
PHP Warning:  Module 'Phar' already loaded in Unknown on line 0
--- RUNNING INCREMENTAL SYNC (Yesterday & Today) ---
Records found in Dialer: 1234
Successfully updated 795 rows in Portal.
--- Sync Finished ---
PHP Warning:  PHP Startup: Unable to load dynamic library 'fileinfo.so' (tried: /usr/lib64/php7/extensions/fileinfo.so (/usr/lib64/php7/extensions/fileinfo.so: cannot open shared object file: No such file or directory), /usr/lib64/php7/extensions/fileinfo.so.so (/usr/lib64/php7/extensions/fileinfo.so.so: cannot open shared object file: No such file or directory)) in Unknown on line 0
PHP Warning:  Module 'pdo_pgsql' already loaded in Unknown on line 0
PHP Warning:  Module 'pgsql' already loaded in Unknown on line 0
PHP Warning:  Module 'Phar' already loaded in Unknown on line 0
--- RUNNING INCREMENTAL SYNC (Yesterday & Today) ---
Records found in Dialer: 1234
Successfully updated 795 rows in Portal.
--- Sync Finished ---
PHP Warning:  PHP Startup: Unable to load dynamic library 'fileinfo.so' (tried: /usr/lib64/php7/extensions/fileinfo.so (/usr/lib64/php7/extensions/fileinfo.so: cannot open shared object file: No such file or directory), /usr/lib64/php7/extensions/fileinfo.so.so (/usr/lib64/php7/extensions/fileinfo.so.so: cannot open shared object file: No such file or directory)) in Unknown on line 0
PHP Warning:  Module 'pdo_pgsql' already loaded in Unknown on line 0
PHP Warning:  Module 'pgsql' already loaded in Unknown on line 0
PHP Warning:  Module 'Phar' already loaded in Unknown on line 0
--- RUNNING INCREMENTAL SYNC (Yesterday & Today) ---
Records found in Dialer: 1234
Successfully updated 795 rows in Portal.
--- Sync Finished ---
PHP Warning:  PHP Startup: Unable to load dynamic library 'fileinfo.so' (tried: /usr/lib64/php7/extensions/fileinfo.so (/usr/lib64/php7/extensions/fileinfo.so: cannot open shared object file: No such file or directory), /usr/lib64/php7/extensions/fileinfo.so.so (/usr/lib64/php7/extensions/fileinfo.so.so: cannot open shared object file: No such file or directory)) in Unknown on line 0
PHP Warning:  Module 'pdo_pgsql' already loaded in Unknown on line 0
PHP Warning:  Module 'pgsql' already loaded in Unknown on line 0
PHP Warning:  Module 'Phar' already loaded in Unknown on line 0
--- RUNNING INCREMENTAL SYNC (Yesterday & Today) ---
Records found in Dialer: 1234
Successfully updated 795 rows in Portal.
--- Sync Finished ---
PHP Warning:  PHP Startup: Unable to load dynamic library 'fileinfo.so' (tried: /usr/lib64/php7/extensions/fileinfo.so (/usr/lib64/php7/extensions/fileinfo.so: cannot open shared object file: No such file or directory), /usr/lib64/php7/extensions/fileinfo.so.so (/usr/lib64/php7/extensions/fileinfo.so.so: cannot open shared object file: No such file or directory)) in Unknown on line 0
PHP Warning:  Module 'pdo_pgsql' already loaded in Unknown on line 0
PHP Warning:  Module 'pgsql' already loaded in Unknown on line 0
PHP Warning:  Module 'Phar' already loaded in Unknown on line 0
--- RUNNING INCREMENTAL SYNC (Yesterday & Today) ---
Records found in Dialer: 1234
Successfully updated 795 rows in Portal.
--- Sync Finished ---
PHP Warning:  PHP Startup: Unable to load dynamic library 'fileinfo.so' (tried: /usr/lib64/php7/extensions/fileinfo.so (/usr/lib64/php7/extensions/fileinfo.so: cannot open shared object file: No such file or directory), /usr/lib64/php7/extensions/fileinfo.so.so (/usr/lib64/php7/extensions/fileinfo.so.so: cannot open shared object file: No such file or directory)) in Unknown on line 0
PHP Warning:  Module 'pdo_pgsql' already loaded in Unknown on line 0
PHP Warning:  Module 'pgsql' already loaded in Unknown on line 0
PHP Warning:  Module 'Phar' already loaded in Unknown on line 0
--- RUNNING INCREMENTAL SYNC (Yesterday & Today) ---
Records found in Dialer: 1234
Successfully updated 795 rows in Portal.
--- Sync Finished ---
PHP Warning:  PHP Startup: Unable to load dynamic library 'fileinfo.so' (tried: /usr/lib64/php7/extensions/fileinfo.so (/usr/lib64/php7/extensions/fileinfo.so: cannot open shared object file: No such file or directory), /usr/lib64/php7/extensions/fileinfo.so.so (/usr/lib64/php7/extensions/fileinfo.so.so: cannot open shared object file: No such file or directory)) in Unknown on line 0
PHP Warning:  Module 'pdo_pgsql' already loaded in Unknown on line 0
PHP Warning:  Module 'pgsql' already loaded in Unknown on line 0
PHP Warning:  Module 'Phar' already loaded in Unknown on line 0
--- RUNNING INCREMENTAL SYNC (Yesterday & Today) ---
Records found in Dialer: 1234
Successfully updated 795 rows in Portal.
--- Sync Finished ---
PHP Warning:  PHP Startup: Unable to load dynamic library 'fileinfo.so' (tried: /usr/lib64/php7/extensions/fileinfo.so (/usr/lib64/php7/extensions/fileinfo.so: cannot open shared object file: No such file or directory), /usr/lib64/php7/extensions/fileinfo.so.so (/usr/lib64/php7/extensions/fileinfo.so.so: cannot open shared object file: No such file or directory)) in Unknown on line 0
PHP Warning:  Module 'pdo_pgsql' already loaded in Unknown on line 0
PHP Warning:  Module 'pgsql' already loaded in Unknown on line 0
PHP Warning:  Module 'Phar' already loaded in Unknown on line 0
--- RUNNING INCREMENTAL SYNC (Yesterday & Today) ---
Records found in Dialer: 1234
Successfully updated 795 rows in Portal.
--- Sync Finished ---
PHP Warning:  PHP Startup: Unable to load dynamic library 'fileinfo.so' (tried: /usr/lib64/php7/extensions/fileinfo.so (/usr/lib64/php7/extensions/fileinfo.so: cannot open shared object file: No such file or directory), /usr/lib64/php7/extensions/fileinfo.so.so (/usr/lib64/php7/extensions/fileinfo.so.so: cannot open shared object file: No such file or directory)) in Unknown on line 0
PHP Warning:  Module 'pdo_pgsql' already loaded in Unknown on line 0
PHP Warning:  Module 'pgsql' already loaded in Unknown on line 0
PHP Warning:  Module 'Phar' already loaded in Unknown on line 0
--- RUNNING INCREMENTAL SYNC (Yesterday & Today) ---
Records found in Dialer: 1234
Successfully updated 795 rows in Portal.
--- Sync Finished ---
PHP Warning:  PHP Startup: Unable to load dynamic library 'fileinfo.so' (tried: /usr/lib64/php7/extensions/fileinfo.so (/usr/lib64/php7/extensions/fileinfo.so: cannot open shared object file: No such file or directory), /usr/lib64/php7/extensions/fileinfo.so.so (/usr/lib64/php7/extensions/fileinfo.so.so: cannot open shared object file: No such file or directory)) in Unknown on line 0
PHP Warning:  Module 'pdo_pgsql' already loaded in Unknown on line 0
PHP Warning:  Module 'pgsql' already loaded in Unknown on line 0
PHP Warning:  Module 'Phar' already loaded in Unknown on line 0
--- RUNNING INCREMENTAL SYNC (Yesterday & Today) ---
Records found in Dialer: 1234
Successfully updated 795 rows in Portal.
--- Sync Finished ---
PHP Warning:  PHP Startup: Unable to load dynamic library 'fileinfo.so' (tried: /usr/lib64/php7/extensions/fileinfo.so (/usr/lib64/php7/extensions/fileinfo.so: cannot open shared object file: No such file or directory), /usr/lib64/php7/extensions/fileinfo.so.so (/usr/lib64/php7/extensions/fileinfo.so.so: cannot open shared object file: No such file or directory)) in Unknown on line 0
PHP Warning:  Module 'pdo_pgsql' already loaded in Unknown on line 0
PHP Warning:  Module 'pgsql' already loaded in Unknown on line 0
PHP Warning:  Module 'Phar' already loaded in Unknown on line 0
--- RUNNING INCREMENTAL SYNC (Yesterday & Today) ---
Records found in Dialer: 1234
Successfully updated 795 rows in Portal.
--- Sync Finished ---
PHP Warning:  PHP Startup: Unable to load dynamic library 'fileinfo.so' (tried: /usr/lib64/php7/extensions/fileinfo.so (/usr/lib64/php7/extensions/fileinfo.so: cannot open shared object file: No such file or directory), /usr/lib64/php7/extensions/fileinfo.so.so (/usr/lib64/php7/extensions/fileinfo.so.so: cannot open shared object file: No such file or directory)) in Unknown on line 0
PHP Warning:  Module 'pdo_pgsql' already loaded in Unknown on line 0
PHP Warning:  Module 'pgsql' already loaded in Unknown on line 0
PHP Warning:  Module 'Phar' already loaded in Unknown on line 0
--- RUNNING INCREMENTAL SYNC (Yesterday & Today) ---
Records found in Dialer: 1234
Successfully updated 795 rows in Portal.
--- Sync Finished ---
PHP Warning:  PHP Startup: Unable to load dynamic library 'fileinfo.so' (tried: /usr/lib64/php7/extensions/fileinfo.so (/usr/lib64/php7/extensions/fileinfo.so: cannot open shared object file: No such file or directory), /usr/lib64/php7/extensions/fileinfo.so.so (/usr/lib64/php7/extensions/fileinfo.so.so: cannot open shared object file: No such file or directory)) in Unknown on line 0
PHP Warning:  Module 'pdo_pgsql' already loaded in Unknown on line 0
PHP Warning:  Module 'pgsql' already loaded in Unknown on line 0
PHP Warning:  Module 'Phar' already loaded in Unknown on line 0
--- RUNNING INCREMENTAL SYNC (Yesterday & Today) ---
Records found in Dialer: 1234
Successfully updated 795 rows in Portal.
--- Sync Finished ---
PHP Warning:  PHP Startup: Unable to load dynamic library 'fileinfo.so' (tried: /usr/lib64/php7/extensions/fileinfo.so (/usr/lib64/php7/extensions/fileinfo.so: cannot open shared object file: No such file or directory), /usr/lib64/php7/extensions/fileinfo.so.so (/usr/lib64/php7/extensions/fileinfo.so.so: cannot open shared object file: No such file or directory)) in Unknown on line 0
PHP Warning:  Module 'pdo_pgsql' already loaded in Unknown on line 0
PHP Warning:  Module 'pgsql' already loaded in Unknown on line 0
PHP Warning:  Module 'Phar' already loaded in Unknown on line 0
--- RUNNING INCREMENTAL SYNC (Yesterday & Today) ---
Records found in Dialer: 1234
Successfully updated 795 rows in Portal.
--- Sync Finished ---
PHP Warning:  PHP Startup: Unable to load dynamic library 'fileinfo.so' (tried: /usr/lib64/php7/extensions/fileinfo.so (/usr/lib64/php7/extensions/fileinfo.so: cannot open shared object file: No such file or directory), /usr/lib64/php7/extensions/fileinfo.so.so (/usr/lib64/php7/extensions/fileinfo.so.so: cannot open shared object file: No such file or directory)) in Unknown on line 0
PHP Warning:  Module 'pdo_pgsql' already loaded in Unknown on line 0
PHP Warning:  Module 'pgsql' already loaded in Unknown on line 0
PHP Warning:  Module 'Phar' already loaded in Unknown on line 0
--- RUNNING INCREMENTAL SYNC (Yesterday & Today) ---
Records found in Dialer: 1234
Successfully updated 795 rows in Portal.
--- Sync Finished ---
PHP Warning:  PHP Startup: Unable to load dynamic library 'fileinfo.so' (tried: /usr/lib64/php7/extensions/fileinfo.so (/usr/lib64/php7/extensions/fileinfo.so: cannot open shared object file: No such file or directory), /usr/lib64/php7/extensions/fileinfo.so.so (/usr/lib64/php7/extensions/fileinfo.so.so: cannot open shared object file: No such file or directory)) in Unknown on line 0
PHP Warning:  Module 'pdo_pgsql' already loaded in Unknown on line 0
PHP Warning:  Module 'pgsql' already loaded in Unknown on line 0
PHP Warning:  Module 'Phar' already loaded in Unknown on line 0
--- RUNNING INCREMENTAL SYNC (Yesterday & Today) ---
Records found in Dialer: 1234
Successfully updated 795 rows in Portal.
--- Sync Finished ---
PHP Warning:  PHP Startup: Unable to load dynamic library 'fileinfo.so' (tried: /usr/lib64/php7/extensions/fileinfo.so (/usr/lib64/php7/extensions/fileinfo.so: cannot open shared object file: No such file or directory), /usr/lib64/php7/extensions/fileinfo.so.so (/usr/lib64/php7/extensions/fileinfo.so.so: cannot open shared object file: No such file or directory)) in Unknown on line 0
PHP Warning:  Module 'pdo_pgsql' already loaded in Unknown on line 0
PHP Warning:  Module 'pgsql' already loaded in Unknown on line 0
PHP Warning:  Module 'Phar' already loaded in Unknown on line 0
--- RUNNING INCREMENTAL SYNC (Yesterday & Today) ---
Records found in Dialer: 1234
Successfully updated 795 rows in Portal.
--- Sync Finished ---
PHP Warning:  PHP Startup: Unable to load dynamic library 'fileinfo.so' (tried: /usr/lib64/php7/extensions/fileinfo.so (/usr/lib64/php7/extensions/fileinfo.so: cannot open shared object file: No such file or directory), /usr/lib64/php7/extensions/fileinfo.so.so (/usr/lib64/php7/extensions/fileinfo.so.so: cannot open shared object file: No such file or directory)) in Unknown on line 0
PHP Warning:  Module 'pdo_pgsql' already loaded in Unknown on line 0
PHP Warning:  Module 'pgsql' already loaded in Unknown on line 0
PHP Warning:  Module 'Phar' already loaded in Unknown on line 0
--- RUNNING INCREMENTAL SYNC (Yesterday & Today) ---
Records found in Dialer: 1234
Successfully updated 795 rows in Portal.
--- Sync Finished ---
PHP Warning:  PHP Startup: Unable to load dynamic library 'fileinfo.so' (tried: /usr/lib64/php7/extensions/fileinfo.so (/usr/lib64/php7/extensions/fileinfo.so: cannot open shared object file: No such file or directory), /usr/lib64/php7/extensions/fileinfo.so.so (/usr/lib64/php7/extensions/fileinfo.so.so: cannot open shared object file: No such file or directory)) in Unknown on line 0
PHP Warning:  Module 'pdo_pgsql' already loaded in Unknown on line 0
PHP Warning:  Module 'pgsql' already loaded in Unknown on line 0
PHP Warning:  Module 'Phar' already loaded in Unknown on line 0
--- RUNNING INCREMENTAL SYNC (Yesterday & Today) ---
Records found in Dialer: 1234
Successfully updated 795 rows in Portal.
--- Sync Finished ---
PHP Warning:  PHP Startup: Unable to load dynamic library 'fileinfo.so' (tried: /usr/lib64/php7/extensions/fileinfo.so (/usr/lib64/php7/extensions/fileinfo.so: cannot open shared object file: No such file or directory), /usr/lib64/php7/extensions/fileinfo.so.so (/usr/lib64/php7/extensions/fileinfo.so.so: cannot open shared object file: No such file or directory)) in Unknown on line 0
PHP Warning:  Module 'pdo_pgsql' already loaded in Unknown on line 0
PHP Warning:  Module 'pgsql' already loaded in Unknown on line 0
PHP Warning:  Module 'Phar' already loaded in Unknown on line 0
--- RUNNING INCREMENTAL SYNC (Yesterday & Today) ---
Records found in Dialer: 1234
Successfully updated 795 rows in Portal.
--- Sync Finished ---
PHP Warning:  PHP Startup: Unable to load dynamic library 'fileinfo.so' (tried: /usr/lib64/php7/extensions/fileinfo.so (/usr/lib64/php7/extensions/fileinfo.so: cannot open shared object file: No such file or directory), /usr/lib64/php7/extensions/fileinfo.so.so (/usr/lib64/php7/extensions/fileinfo.so.so: cannot open shared object file: No such file or directory)) in Unknown on line 0
PHP Warning:  Module 'pdo_pgsql' already loaded in Unknown on line 0
PHP Warning:  Module 'pgsql' already loaded in Unknown on line 0
PHP Warning:  Module 'Phar' already loaded in Unknown on line 0
--- RUNNING INCREMENTAL SYNC (Yesterday & Today) ---
Records found in Dialer: 1234
Successfully updated 795 rows in Portal.
--- Sync Finished ---
PHP Warning:  PHP Startup: Unable to load dynamic library 'fileinfo.so' (tried: /usr/lib64/php7/extensions/fileinfo.so (/usr/lib64/php7/extensions/fileinfo.so: cannot open shared object file: No such file or directory), /usr/lib64/php7/extensions/fileinfo.so.so (/usr/lib64/php7/extensions/fileinfo.so.so: cannot open shared object file: No such file or directory)) in Unknown on line 0
PHP Warning:  Module 'pdo_pgsql' already loaded in Unknown on line 0
PHP Warning:  Module 'pgsql' already loaded in Unknown on line 0
PHP Warning:  Module 'Phar' already loaded in Unknown on line 0
--- RUNNING INCREMENTAL SYNC (Yesterday & Today) ---
Records found in Dialer: 1234
Successfully updated 795 rows in Portal.
--- Sync Finished ---
PHP Warning:  PHP Startup: Unable to load dynamic library 'fileinfo.so' (tried: /usr/lib64/php7/extensions/fileinfo.so (/usr/lib64/php7/extensions/fileinfo.so: cannot open shared object file: No such file or directory), /usr/lib64/php7/extensions/fileinfo.so.so (/usr/lib64/php7/extensions/fileinfo.so.so: cannot open shared object file: No such file or directory)) in Unknown on line 0
PHP Warning:  Module 'pdo_pgsql' already loaded in Unknown on line 0
PHP Warning:  Module 'pgsql' already loaded in Unknown on line 0
PHP Warning:  Module 'Phar' already loaded in Unknown on line 0
--- RUNNING INCREMENTAL SYNC (Yesterday & Today) ---
Records found in Dialer: 1234
Successfully updated 795 rows in Portal.
--- Sync Finished ---
PHP Warning:  PHP Startup: Unable to load dynamic library 'fileinfo.so' (tried: /usr/lib64/php7/extensions/fileinfo.so (/usr/lib64/php7/extensions/fileinfo.so: cannot open shared object file: No such file or directory), /usr/lib64/php7/extensions/fileinfo.so.so (/usr/lib64/php7/extensions/fileinfo.so.so: cannot open shared object file: No such file or directory)) in Unknown on line 0
PHP Warning:  Module 'pdo_pgsql' already loaded in Unknown on line 0
PHP Warning:  Module 'pgsql' already loaded in Unknown on line 0
PHP Warning:  Module 'Phar' already loaded in Unknown on line 0
--- RUNNING INCREMENTAL SYNC (Yesterday & Today) ---
Records found in Dialer: 1234
Successfully updated 795 rows in Portal.
--- Sync Finished ---
PHP Warning:  PHP Startup: Unable to load dynamic library 'fileinfo.so' (tried: /usr/lib64/php7/extensions/fileinfo.so (/usr/lib64/php7/extensions/fileinfo.so: cannot open shared object file: No such file or directory), /usr/lib64/php7/extensions/fileinfo.so.so (/usr/lib64/php7/extensions/fileinfo.so.so: cannot open shared object file: No such file or directory)) in Unknown on line 0
PHP Warning:  Module 'pdo_pgsql' already loaded in Unknown on line 0
PHP Warning:  Module 'pgsql' already loaded in Unknown on line 0
PHP Warning:  Module 'Phar' already loaded in Unknown on line 0
--- RUNNING INCREMENTAL SYNC (Yesterday & Today) ---
Records found in Dialer: 1234
Successfully updated 795 rows in Portal.
--- Sync Finished ---
PHP Warning:  PHP Startup: Unable to load dynamic library 'fileinfo.so' (tried: /usr/lib64/php7/extensions/fileinfo.so (/usr/lib64/php7/extensions/fileinfo.so: cannot open shared object file: No such file or directory), /usr/lib64/php7/extensions/fileinfo.so.so (/usr/lib64/php7/extensions/fileinfo.so.so: cannot open shared object file: No such file or directory)) in Unknown on line 0
PHP Warning:  Module 'pdo_pgsql' already loaded in Unknown on line 0
PHP Warning:  Module 'pgsql' already loaded in Unknown on line 0
PHP Warning:  Module 'Phar' already loaded in Unknown on line 0
--- RUNNING INCREMENTAL SYNC (Yesterday & Today) ---
Records found in Dialer: 1234
Successfully updated 795 rows in Portal.
--- Sync Finished ---
PHP Warning:  PHP Startup: Unable to load dynamic library 'fileinfo.so' (tried: /usr/lib64/php7/extensions/fileinfo.so (/usr/lib64/php7/extensions/fileinfo.so: cannot open shared object file: No such file or directory), /usr/lib64/php7/extensions/fileinfo.so.so (/usr/lib64/php7/extensions/fileinfo.so.so: cannot open shared object file: No such file or directory)) in Unknown on line 0
PHP Warning:  Module 'pdo_pgsql' already loaded in Unknown on line 0
PHP Warning:  Module 'pgsql' already loaded in Unknown on line 0
PHP Warning:  Module 'Phar' already loaded in Unknown on line 0
--- RUNNING INCREMENTAL SYNC (Yesterday & Today) ---
Records found in Dialer: 1234
Successfully updated 795 rows in Portal.
--- Sync Finished ---
PHP Warning:  PHP Startup: Unable to load dynamic library 'fileinfo.so' (tried: /usr/lib64/php7/extensions/fileinfo.so (/usr/lib64/php7/extensions/fileinfo.so: cannot open shared object file: No such file or directory), /usr/lib64/php7/extensions/fileinfo.so.so (/usr/lib64/php7/extensions/fileinfo.so.so: cannot open shared object file: No such file or directory)) in Unknown on line 0
PHP Warning:  Module 'pdo_pgsql' already loaded in Unknown on line 0
PHP Warning:  Module 'pgsql' already loaded in Unknown on line 0
PHP Warning:  Module 'Phar' already loaded in Unknown on line 0
--- RUNNING INCREMENTAL SYNC (Yesterday & Today) ---
Records found in Dialer: 1234
Successfully updated 795 rows in Portal.
--- Sync Finished ---
PHP Warning:  PHP Startup: Unable to load dynamic library 'fileinfo.so' (tried: /usr/lib64/php7/extensions/fileinfo.so (/usr/lib64/php7/extensions/fileinfo.so: cannot open shared object file: No such file or directory), /usr/lib64/php7/extensions/fileinfo.so.so (/usr/lib64/php7/extensions/fileinfo.so.so: cannot open shared object file: No such file or directory)) in Unknown on line 0
PHP Warning:  Module 'pdo_pgsql' already loaded in Unknown on line 0
PHP Warning:  Module 'pgsql' already loaded in Unknown on line 0
PHP Warning:  Module 'Phar' already loaded in Unknown on line 0
--- RUNNING INCREMENTAL SYNC (Yesterday & Today) ---
Records found in Dialer: 737
Successfully updated 481 rows in Portal.
--- Sync Finished ---
PHP Warning:  PHP Startup: Unable to load dynamic library 'fileinfo.so' (tried: /usr/lib64/php7/extensions/fileinfo.so (/usr/lib64/php7/extensions/fileinfo.so: cannot open shared object file: No such file or directory), /usr/lib64/php7/extensions/fileinfo.so.so (/usr/lib64/php7/extensions/fileinfo.so.so: cannot open shared object file: No such file or directory)) in Unknown on line 0
PHP Warning:  Module 'pdo_pgsql' already loaded in Unknown on line 0
PHP Warning:  Module 'pgsql' already loaded in Unknown on line 0
PHP Warning:  Module 'Phar' already loaded in Unknown on line 0
--- RUNNING INCREMENTAL SYNC (Yesterday & Today) ---
Records found in Dialer: 737
Successfully updated 481 rows in Portal.
--- Sync Finished ---
PHP Warning:  PHP Startup: Unable to load dynamic library 'fileinfo.so' (tried: /usr/lib64/php7/extensions/fileinfo.so (/usr/lib64/php7/extensions/fileinfo.so: cannot open shared object file: No such file or directory), /usr/lib64/php7/extensions/fileinfo.so.so (/usr/lib64/php7/extensions/fileinfo.so.so: cannot open shared object file: No such file or directory)) in Unknown on line 0
PHP Warning:  Module 'pdo_pgsql' already loaded in Unknown on line 0
PHP Warning:  Module 'pgsql' already loaded in Unknown on line 0
PHP Warning:  Module 'Phar' already loaded in Unknown on line 0
--- RUNNING INCREMENTAL SYNC (Yesterday & Today) ---
Records found in Dialer: 737
Successfully updated 481 rows in Portal.
--- Sync Finished ---
PHP Warning:  PHP Startup: Unable to load dynamic library 'fileinfo.so' (tried: /usr/lib64/php7/extensions/fileinfo.so (/usr/lib64/php7/extensions/fileinfo.so: cannot open shared object file: No such file or directory), /usr/lib64/php7/extensions/fileinfo.so.so (/usr/lib64/php7/extensions/fileinfo.so.so: cannot open shared object file: No such file or directory)) in Unknown on line 0
PHP Warning:  Module 'pdo_pgsql' already loaded in Unknown on line 0
PHP Warning:  Module 'pgsql' already loaded in Unknown on line 0
PHP Warning:  Module 'Phar' already loaded in Unknown on line 0
--- RUNNING INCREMENTAL SYNC (Yesterday & Today) ---
Records found in Dialer: 754
Successfully updated 481 rows in Portal.
--- Sync Finished ---
PHP Warning:  PHP Startup: Unable to load dynamic library 'fileinfo.so' (tried: /usr/lib64/php7/extensions/fileinfo.so (/usr/lib64/php7/extensions/fileinfo.so: cannot open shared object file: No such file or directory), /usr/lib64/php7/extensions/fileinfo.so.so (/usr/lib64/php7/extensions/fileinfo.so.so: cannot open shared object file: No such file or directory)) in Unknown on line 0
PHP Warning:  Module 'pdo_pgsql' already loaded in Unknown on line 0
PHP Warning:  Module 'pgsql' already loaded in Unknown on line 0
PHP Warning:  Module 'Phar' already loaded in Unknown on line 0
--- RUNNING INCREMENTAL SYNC (Yesterday & Today) ---
Records found in Dialer: 754
Successfully updated 481 rows in Portal.
--- Sync Finished ---
PHP Warning:  PHP Startup: Unable to load dynamic library 'fileinfo.so' (tried: /usr/lib64/php7/extensions/fileinfo.so (/usr/lib64/php7/extensions/fileinfo.so: cannot open shared object file: No such file or directory), /usr/lib64/php7/extensions/fileinfo.so.so (/usr/lib64/php7/extensions/fileinfo.so.so: cannot open shared object file: No such file or directory)) in Unknown on line 0
PHP Warning:  Module 'pdo_pgsql' already loaded in Unknown on line 0
PHP Warning:  Module 'pgsql' already loaded in Unknown on line 0
PHP Warning:  Module 'Phar' already loaded in Unknown on line 0
--- RUNNING INCREMENTAL SYNC (Yesterday & Today) ---
Records found in Dialer: 754
Successfully updated 481 rows in Portal.
--- Sync Finished ---
PHP Warning:  PHP Startup: Unable to load dynamic library 'fileinfo.so' (tried: /usr/lib64/php7/extensions/fileinfo.so (/usr/lib64/php7/extensions/fileinfo.so: cannot open shared object file: No such file or directory), /usr/lib64/php7/extensions/fileinfo.so.so (/usr/lib64/php7/extensions/fileinfo.so.so: cannot open shared object file: No such file or directory)) in Unknown on line 0
PHP Warning:  Module 'pdo_pgsql' already loaded in Unknown on line 0
PHP Warning:  Module 'pgsql' already loaded in Unknown on line 0
PHP Warning:  Module 'Phar' already loaded in Unknown on line 0
--- RUNNING INCREMENTAL SYNC (Yesterday & Today) ---
Records found in Dialer: 754
Successfully updated 481 rows in Portal.
--- Sync Finished ---
PHP Warning:  PHP Startup: Unable to load dynamic library 'fileinfo.so' (tried: /usr/lib64/php7/extensions/fileinfo.so (/usr/lib64/php7/extensions/fileinfo.so: cannot open shared object file: No such file or directory), /usr/lib64/php7/extensions/fileinfo.so.so (/usr/lib64/php7/extensions/fileinfo.so.so: cannot open shared object file: No such file or directory)) in Unknown on line 0
PHP Warning:  Module 'pdo_pgsql' already loaded in Unknown on line 0
PHP Warning:  Module 'pgsql' already loaded in Unknown on line 0
PHP Warning:  Module 'Phar' already loaded in Unknown on line 0
--- RUNNING INCREMENTAL SYNC (Yesterday & Today) ---
Records found in Dialer: 754
Successfully updated 481 rows in Portal.
--- Sync Finished ---
PHP Warning:  PHP Startup: Unable to load dynamic library 'fileinfo.so' (tried: /usr/lib64/php7/extensions/fileinfo.so (/usr/lib64/php7/extensions/fileinfo.so: cannot open shared object file: No such file or directory), /usr/lib64/php7/extensions/fileinfo.so.so (/usr/lib64/php7/extensions/fileinfo.so.so: cannot open shared object file: No such file or directory)) in Unknown on line 0
PHP Warning:  Module 'pdo_pgsql' already loaded in Unknown on line 0
PHP Warning:  Module 'pgsql' already loaded in Unknown on line 0
PHP Warning:  Module 'Phar' already loaded in Unknown on line 0
--- RUNNING INCREMENTAL SYNC (Yesterday & Today) ---
Records found in Dialer: 754
Successfully updated 481 rows in Portal.
--- Sync Finished ---
PHP Warning:  PHP Startup: Unable to load dynamic library 'fileinfo.so' (tried: /usr/lib64/php7/extensions/fileinfo.so (/usr/lib64/php7/extensions/fileinfo.so: cannot open shared object file: No such file or directory), /usr/lib64/php7/extensions/fileinfo.so.so (/usr/lib64/php7/extensions/fileinfo.so.so: cannot open shared object file: No such file or directory)) in Unknown on line 0
PHP Warning:  Module 'pdo_pgsql' already loaded in Unknown on line 0
PHP Warning:  Module 'pgsql' already loaded in Unknown on line 0
PHP Warning:  Module 'Phar' already loaded in Unknown on line 0
--- RUNNING INCREMENTAL SYNC (Yesterday & Today) ---
Records found in Dialer: 754
Successfully updated 481 rows in Portal.
--- Sync Finished ---
PHP Warning:  PHP Startup: Unable to load dynamic library 'fileinfo.so' (tried: /usr/lib64/php7/extensions/fileinfo.so (/usr/lib64/php7/extensions/fileinfo.so: cannot open shared object file: No such file or directory), /usr/lib64/php7/extensions/fileinfo.so.so (/usr/lib64/php7/extensions/fileinfo.so.so: cannot open shared object file: No such file or directory)) in Unknown on line 0
PHP Warning:  Module 'pdo_pgsql' already loaded in Unknown on line 0
PHP Warning:  Module 'pgsql' already loaded in Unknown on line 0
PHP Warning:  Module 'Phar' already loaded in Unknown on line 0
--- RUNNING INCREMENTAL SYNC (Yesterday & Today) ---
Records found in Dialer: 754
Successfully updated 481 rows in Portal.
--- Sync Finished ---
PHP Warning:  PHP Startup: Unable to load dynamic library 'fileinfo.so' (tried: /usr/lib64/php7/extensions/fileinfo.so (/usr/lib64/php7/extensions/fileinfo.so: cannot open shared object file: No such file or directory), /usr/lib64/php7/extensions/fileinfo.so.so (/usr/lib64/php7/extensions/fileinfo.so.so: cannot open shared object file: No such file or directory)) in Unknown on line 0
PHP Warning:  Module 'pdo_pgsql' already loaded in Unknown on line 0
PHP Warning:  Module 'pgsql' already loaded in Unknown on line 0
PHP Warning:  Module 'Phar' already loaded in Unknown on line 0
--- RUNNING INCREMENTAL SYNC (Yesterday & Today) ---
Records found in Dialer: 754
Successfully updated 481 rows in Portal.
--- Sync Finished ---
PHP Warning:  PHP Startup: Unable to load dynamic library 'fileinfo.so' (tried: /usr/lib64/php7/extensions/fileinfo.so (/usr/lib64/php7/extensions/fileinfo.so: cannot open shared object file: No such file or directory), /usr/lib64/php7/extensions/fileinfo.so.so (/usr/lib64/php7/extensions/fileinfo.so.so: cannot open shared object file: No such file or directory)) in Unknown on line 0
PHP Warning:  Module 'pdo_pgsql' already loaded in Unknown on line 0
PHP Warning:  Module 'pgsql' already loaded in Unknown on line 0
PHP Warning:  Module 'Phar' already loaded in Unknown on line 0
--- RUNNING INCREMENTAL SYNC (Yesterday & Today) ---
Records found in Dialer: 754
Successfully updated 481 rows in Portal.
--- Sync Finished ---
PHP Warning:  PHP Startup: Unable to load dynamic library 'fileinfo.so' (tried: /usr/lib64/php7/extensions/fileinfo.so (/usr/lib64/php7/extensions/fileinfo.so: cannot open shared object file: No such file or directory), /usr/lib64/php7/extensions/fileinfo.so.so (/usr/lib64/php7/extensions/fileinfo.so.so: cannot open shared object file: No such file or directory)) in Unknown on line 0
PHP Warning:  Module 'pdo_pgsql' already loaded in Unknown on line 0
PHP Warning:  Module 'pgsql' already loaded in Unknown on line 0
PHP Warning:  Module 'Phar' already loaded in Unknown on line 0
--- RUNNING INCREMENTAL SYNC (Yesterday & Today) ---
Records found in Dialer: 754
Successfully updated 481 rows in Portal.
--- Sync Finished ---
PHP Warning:  PHP Startup: Unable to load dynamic library 'fileinfo.so' (tried: /usr/lib64/php7/extensions/fileinfo.so (/usr/lib64/php7/extensions/fileinfo.so: cannot open shared object file: No such file or directory), /usr/lib64/php7/extensions/fileinfo.so.so (/usr/lib64/php7/extensions/fileinfo.so.so: cannot open shared object file: No such file or directory)) in Unknown on line 0
PHP Warning:  Module 'pdo_pgsql' already loaded in Unknown on line 0
PHP Warning:  Module 'pgsql' already loaded in Unknown on line 0
PHP Warning:  Module 'Phar' already loaded in Unknown on line 0
--- RUNNING INCREMENTAL SYNC (Yesterday & Today) ---
Records found in Dialer: 754
Successfully updated 481 rows in Portal.
--- Sync Finished ---
PHP Warning:  PHP Startup: Unable to load dynamic library 'fileinfo.so' (tried: /usr/lib64/php7/extensions/fileinfo.so (/usr/lib64/php7/extensions/fileinfo.so: cannot open shared object file: No such file or directory), /usr/lib64/php7/extensions/fileinfo.so.so (/usr/lib64/php7/extensions/fileinfo.so.so: cannot open shared object file: No such file or directory)) in Unknown on line 0
PHP Warning:  Module 'pdo_pgsql' already loaded in Unknown on line 0
PHP Warning:  Module 'pgsql' already loaded in Unknown on line 0
PHP Warning:  Module 'Phar' already loaded in Unknown on line 0
--- RUNNING INCREMENTAL SYNC (Yesterday & Today) ---
Records found in Dialer: 754
Successfully updated 481 rows in Portal.
--- Sync Finished ---
PHP Warning:  PHP Startup: Unable to load dynamic library 'fileinfo.so' (tried: /usr/lib64/php7/extensions/fileinfo.so (/usr/lib64/php7/extensions/fileinfo.so: cannot open shared object file: No such file or directory), /usr/lib64/php7/extensions/fileinfo.so.so (/usr/lib64/php7/extensions/fileinfo.so.so: cannot open shared object file: No such file or directory)) in Unknown on line 0
PHP Warning:  Module 'pdo_pgsql' already loaded in Unknown on line 0
PHP Warning:  Module 'pgsql' already loaded in Unknown on line 0
PHP Warning:  Module 'Phar' already loaded in Unknown on line 0
--- RUNNING INCREMENTAL SYNC (Yesterday & Today) ---
Records found in Dialer: 754
Successfully updated 481 rows in Portal.
--- Sync Finished ---
PHP Warning:  PHP Startup: Unable to load dynamic library 'fileinfo.so' (tried: /usr/lib64/php7/extensions/fileinfo.so (/usr/lib64/php7/extensions/fileinfo.so: cannot open shared object file: No such file or directory), /usr/lib64/php7/extensions/fileinfo.so.so (/usr/lib64/php7/extensions/fileinfo.so.so: cannot open shared object file: No such file or directory)) in Unknown on line 0
PHP Warning:  Module 'pdo_pgsql' already loaded in Unknown on line 0
PHP Warning:  Module 'pgsql' already loaded in Unknown on line 0
PHP Warning:  Module 'Phar' already loaded in Unknown on line 0
--- RUNNING INCREMENTAL SYNC (Yesterday & Today) ---
Records found in Dialer: 754
Successfully updated 481 rows in Portal.
--- Sync Finished ---
PHP Warning:  PHP Startup: Unable to load dynamic library 'fileinfo.so' (tried: /usr/lib64/php7/extensions/fileinfo.so (/usr/lib64/php7/extensions/fileinfo.so: cannot open shared object file: No such file or directory), /usr/lib64/php7/extensions/fileinfo.so.so (/usr/lib64/php7/extensions/fileinfo.so.so: cannot open shared object file: No such file or directory)) in Unknown on line 0
PHP Warning:  Module 'pdo_pgsql' already loaded in Unknown on line 0
PHP Warning:  Module 'pgsql' already loaded in Unknown on line 0
PHP Warning:  Module 'Phar' already loaded in Unknown on line 0
--- RUNNING INCREMENTAL SYNC (Yesterday & Today) ---
Records found in Dialer: 754
Successfully updated 481 rows in Portal.
--- Sync Finished ---
PHP Warning:  PHP Startup: Unable to load dynamic library 'fileinfo.so' (tried: /usr/lib64/php7/extensions/fileinfo.so (/usr/lib64/php7/extensions/fileinfo.so: cannot open shared object file: No such file or directory), /usr/lib64/php7/extensions/fileinfo.so.so (/usr/lib64/php7/extensions/fileinfo.so.so: cannot open shared object file: No such file or directory)) in Unknown on line 0
PHP Warning:  Module 'pdo_pgsql' already loaded in Unknown on line 0
PHP Warning:  Module 'pgsql' already loaded in Unknown on line 0
PHP Warning:  Module 'Phar' already loaded in Unknown on line 0
--- RUNNING INCREMENTAL SYNC (Yesterday & Today) ---
Records found in Dialer: 754
Successfully updated 481 rows in Portal.
--- Sync Finished ---
PHP Warning:  PHP Startup: Unable to load dynamic library 'fileinfo.so' (tried: /usr/lib64/php7/extensions/fileinfo.so (/usr/lib64/php7/extensions/fileinfo.so: cannot open shared object file: No such file or directory), /usr/lib64/php7/extensions/fileinfo.so.so (/usr/lib64/php7/extensions/fileinfo.so.so: cannot open shared object file: No such file or directory)) in Unknown on line 0
PHP Warning:  Module 'pdo_pgsql' already loaded in Unknown on line 0
PHP Warning:  Module 'pgsql' already loaded in Unknown on line 0
PHP Warning:  Module 'Phar' already loaded in Unknown on line 0
--- RUNNING INCREMENTAL SYNC (Yesterday & Today) ---
Records found in Dialer: 754
Successfully updated 481 rows in Portal.
--- Sync Finished ---
PHP Warning:  PHP Startup: Unable to load dynamic library 'fileinfo.so' (tried: /usr/lib64/php7/extensions/fileinfo.so (/usr/lib64/php7/extensions/fileinfo.so: cannot open shared object file: No such file or directory), /usr/lib64/php7/extensions/fileinfo.so.so (/usr/lib64/php7/extensions/fileinfo.so.so: cannot open shared object file: No such file or directory)) in Unknown on line 0
PHP Warning:  Module 'pdo_pgsql' already loaded in Unknown on line 0
PHP Warning:  Module 'pgsql' already loaded in Unknown on line 0
PHP Warning:  Module 'Phar' already loaded in Unknown on line 0
--- RUNNING INCREMENTAL SYNC (Yesterday & Today) ---
Records found in Dialer: 754
Successfully updated 481 rows in Portal.
--- Sync Finished ---
PHP Warning:  PHP Startup: Unable to load dynamic library 'fileinfo.so' (tried: /usr/lib64/php7/extensions/fileinfo.so (/usr/lib64/php7/extensions/fileinfo.so: cannot open shared object file: No such file or directory), /usr/lib64/php7/extensions/fileinfo.so.so (/usr/lib64/php7/extensions/fileinfo.so.so: cannot open shared object file: No such file or directory)) in Unknown on line 0
PHP Warning:  Module 'pdo_pgsql' already loaded in Unknown on line 0
PHP Warning:  Module 'pgsql' already loaded in Unknown on line 0
PHP Warning:  Module 'Phar' already loaded in Unknown on line 0
--- RUNNING INCREMENTAL SYNC (Yesterday & Today) ---
Records found in Dialer: 754
Successfully updated 481 rows in Portal.
--- Sync Finished ---
PHP Warning:  PHP Startup: Unable to load dynamic library 'fileinfo.so' (tried: /usr/lib64/php7/extensions/fileinfo.so (/usr/lib64/php7/extensions/fileinfo.so: cannot open shared object file: No such file or directory), /usr/lib64/php7/extensions/fileinfo.so.so (/usr/lib64/php7/extensions/fileinfo.so.so: cannot open shared object file: No such file or directory)) in Unknown on line 0
PHP Warning:  Module 'pdo_pgsql' already loaded in Unknown on line 0
PHP Warning:  Module 'pgsql' already loaded in Unknown on line 0
PHP Warning:  Module 'Phar' already loaded in Unknown on line 0
--- RUNNING INCREMENTAL SYNC (Yesterday & Today) ---
Records found in Dialer: 754
Successfully updated 481 rows in Portal.
--- Sync Finished ---
PHP Warning:  PHP Startup: Unable to load dynamic library 'fileinfo.so' (tried: /usr/lib64/php7/extensions/fileinfo.so (/usr/lib64/php7/extensions/fileinfo.so: cannot open shared object file: No such file or directory), /usr/lib64/php7/extensions/fileinfo.so.so (/usr/lib64/php7/extensions/fileinfo.so.so: cannot open shared object file: No such file or directory)) in Unknown on line 0
PHP Warning:  Module 'pdo_pgsql' already loaded in Unknown on line 0
PHP Warning:  Module 'pgsql' already loaded in Unknown on line 0
PHP Warning:  Module 'Phar' already loaded in Unknown on line 0
--- RUNNING INCREMENTAL SYNC (Yesterday & Today) ---
Records found in Dialer: 754
Successfully updated 481 rows in Portal.
--- Sync Finished ---
PHP Warning:  PHP Startup: Unable to load dynamic library 'fileinfo.so' (tried: /usr/lib64/php7/extensions/fileinfo.so (/usr/lib64/php7/extensions/fileinfo.so: cannot open shared object file: No such file or directory), /usr/lib64/php7/extensions/fileinfo.so.so (/usr/lib64/php7/extensions/fileinfo.so.so: cannot open shared object file: No such file or directory)) in Unknown on line 0
PHP Warning:  Module 'pdo_pgsql' already loaded in Unknown on line 0
PHP Warning:  Module 'pgsql' already loaded in Unknown on line 0
PHP Warning:  Module 'Phar' already loaded in Unknown on line 0
--- RUNNING INCREMENTAL SYNC (Yesterday & Today) ---
Records found in Dialer: 754
Successfully updated 481 rows in Portal.
--- Sync Finished ---
PHP Warning:  PHP Startup: Unable to load dynamic library 'fileinfo.so' (tried: /usr/lib64/php7/extensions/fileinfo.so (/usr/lib64/php7/extensions/fileinfo.so: cannot open shared object file: No such file or directory), /usr/lib64/php7/extensions/fileinfo.so.so (/usr/lib64/php7/extensions/fileinfo.so.so: cannot open shared object file: No such file or directory)) in Unknown on line 0
PHP Warning:  Module 'pdo_pgsql' already loaded in Unknown on line 0
PHP Warning:  Module 'pgsql' already loaded in Unknown on line 0
PHP Warning:  Module 'Phar' already loaded in Unknown on line 0
--- RUNNING INCREMENTAL SYNC (Yesterday & Today) ---
Records found in Dialer: 754
Successfully updated 481 rows in Portal.
--- Sync Finished ---
PHP Warning:  PHP Startup: Unable to load dynamic library 'fileinfo.so' (tried: /usr/lib64/php7/extensions/fileinfo.so (/usr/lib64/php7/extensions/fileinfo.so: cannot open shared object file: No such file or directory), /usr/lib64/php7/extensions/fileinfo.so.so (/usr/lib64/php7/extensions/fileinfo.so.so: cannot open shared object file: No such file or directory)) in Unknown on line 0
PHP Warning:  Module 'pdo_pgsql' already loaded in Unknown on line 0
PHP Warning:  Module 'pgsql' already loaded in Unknown on line 0
PHP Warning:  Module 'Phar' already loaded in Unknown on line 0
--- RUNNING INCREMENTAL SYNC (Yesterday & Today) ---
Records found in Dialer: 754
Successfully updated 481 rows in Portal.
--- Sync Finished ---
PHP Warning:  PHP Startup: Unable to load dynamic library 'fileinfo.so' (tried: /usr/lib64/php7/extensions/fileinfo.so (/usr/lib64/php7/extensions/fileinfo.so: cannot open shared object file: No such file or directory), /usr/lib64/php7/extensions/fileinfo.so.so (/usr/lib64/php7/extensions/fileinfo.so.so: cannot open shared object file: No such file or directory)) in Unknown on line 0
PHP Warning:  Module 'pdo_pgsql' already loaded in Unknown on line 0
PHP Warning:  Module 'pgsql' already loaded in Unknown on line 0
PHP Warning:  Module 'Phar' already loaded in Unknown on line 0
--- RUNNING INCREMENTAL SYNC (Yesterday & Today) ---
Records found in Dialer: 754
Successfully updated 481 rows in Portal.
--- Sync Finished ---
PHP Warning:  PHP Startup: Unable to load dynamic library 'fileinfo.so' (tried: /usr/lib64/php7/extensions/fileinfo.so (/usr/lib64/php7/extensions/fileinfo.so: cannot open shared object file: No such file or directory), /usr/lib64/php7/extensions/fileinfo.so.so (/usr/lib64/php7/extensions/fileinfo.so.so: cannot open shared object file: No such file or directory)) in Unknown on line 0
PHP Warning:  Module 'pdo_pgsql' already loaded in Unknown on line 0
PHP Warning:  Module 'pgsql' already loaded in Unknown on line 0
PHP Warning:  Module 'Phar' already loaded in Unknown on line 0
--- RUNNING INCREMENTAL SYNC (Yesterday & Today) ---
Records found in Dialer: 754
Successfully updated 481 rows in Portal.
--- Sync Finished ---
PHP Warning:  PHP Startup: Unable to load dynamic library 'fileinfo.so' (tried: /usr/lib64/php7/extensions/fileinfo.so (/usr/lib64/php7/extensions/fileinfo.so: cannot open shared object file: No such file or directory), /usr/lib64/php7/extensions/fileinfo.so.so (/usr/lib64/php7/extensions/fileinfo.so.so: cannot open shared object file: No such file or directory)) in Unknown on line 0
PHP Warning:  Module 'pdo_pgsql' already loaded in Unknown on line 0
PHP Warning:  Module 'pgsql' already loaded in Unknown on line 0
PHP Warning:  Module 'Phar' already loaded in Unknown on line 0
--- RUNNING INCREMENTAL SYNC (Yesterday & Today) ---
Records found in Dialer: 754
Successfully updated 481 rows in Portal.
--- Sync Finished ---
PHP Warning:  PHP Startup: Unable to load dynamic library 'fileinfo.so' (tried: /usr/lib64/php7/extensions/fileinfo.so (/usr/lib64/php7/extensions/fileinfo.so: cannot open shared object file: No such file or directory), /usr/lib64/php7/extensions/fileinfo.so.so (/usr/lib64/php7/extensions/fileinfo.so.so: cannot open shared object file: No such file or directory)) in Unknown on line 0
PHP Warning:  Module 'pdo_pgsql' already loaded in Unknown on line 0
PHP Warning:  Module 'pgsql' already loaded in Unknown on line 0
PHP Warning:  Module 'Phar' already loaded in Unknown on line 0
--- RUNNING INCREMENTAL SYNC (Yesterday & Today) ---
Records found in Dialer: 754
Successfully updated 481 rows in Portal.
--- Sync Finished ---
PHP Warning:  PHP Startup: Unable to load dynamic library 'fileinfo.so' (tried: /usr/lib64/php7/extensions/fileinfo.so (/usr/lib64/php7/extensions/fileinfo.so: cannot open shared object file: No such file or directory), /usr/lib64/php7/extensions/fileinfo.so.so (/usr/lib64/php7/extensions/fileinfo.so.so: cannot open shared object file: No such file or directory)) in Unknown on line 0
PHP Warning:  Module 'pdo_pgsql' already loaded in Unknown on line 0
PHP Warning:  Module 'pgsql' already loaded in Unknown on line 0
PHP Warning:  Module 'Phar' already loaded in Unknown on line 0
--- RUNNING INCREMENTAL SYNC (Yesterday & Today) ---
Records found in Dialer: 754
Successfully updated 481 rows in Portal.
--- Sync Finished ---
PHP Warning:  PHP Startup: Unable to load dynamic library 'fileinfo.so' (tried: /usr/lib64/php7/extensions/fileinfo.so (/usr/lib64/php7/extensions/fileinfo.so: cannot open shared object file: No such file or directory), /usr/lib64/php7/extensions/fileinfo.so.so (/usr/lib64/php7/extensions/fileinfo.so.so: cannot open shared object file: No such file or directory)) in Unknown on line 0
PHP Warning:  Module 'pdo_pgsql' already loaded in Unknown on line 0
PHP Warning:  Module 'pgsql' already loaded in Unknown on line 0
PHP Warning:  Module 'Phar' already loaded in Unknown on line 0
--- RUNNING INCREMENTAL SYNC (Yesterday & Today) ---
Records found in Dialer: 754
Successfully updated 481 rows in Portal.
--- Sync Finished ---
PHP Warning:  PHP Startup: Unable to load dynamic library 'fileinfo.so' (tried: /usr/lib64/php7/extensions/fileinfo.so (/usr/lib64/php7/extensions/fileinfo.so: cannot open shared object file: No such file or directory), /usr/lib64/php7/extensions/fileinfo.so.so (/usr/lib64/php7/extensions/fileinfo.so.so: cannot open shared object file: No such file or directory)) in Unknown on line 0
PHP Warning:  Module 'pdo_pgsql' already loaded in Unknown on line 0
PHP Warning:  Module 'pgsql' already loaded in Unknown on line 0
PHP Warning:  Module 'Phar' already loaded in Unknown on line 0
--- RUNNING INCREMENTAL SYNC (Yesterday & Today) ---
Records found in Dialer: 754
Successfully updated 481 rows in Portal.
--- Sync Finished ---
PHP Warning:  PHP Startup: Unable to load dynamic library 'fileinfo.so' (tried: /usr/lib64/php7/extensions/fileinfo.so (/usr/lib64/php7/extensions/fileinfo.so: cannot open shared object file: No such file or directory), /usr/lib64/php7/extensions/fileinfo.so.so (/usr/lib64/php7/extensions/fileinfo.so.so: cannot open shared object file: No such file or directory)) in Unknown on line 0
PHP Warning:  Module 'pdo_pgsql' already loaded in Unknown on line 0
PHP Warning:  Module 'pgsql' already loaded in Unknown on line 0
PHP Warning:  Module 'Phar' already loaded in Unknown on line 0
--- RUNNING INCREMENTAL SYNC (Yesterday & Today) ---
Records found in Dialer: 754
Successfully updated 481 rows in Portal.
--- Sync Finished ---
PHP Warning:  PHP Startup: Unable to load dynamic library 'fileinfo.so' (tried: /usr/lib64/php7/extensions/fileinfo.so (/usr/lib64/php7/extensions/fileinfo.so: cannot open shared object file: No such file or directory), /usr/lib64/php7/extensions/fileinfo.so.so (/usr/lib64/php7/extensions/fileinfo.so.so: cannot open shared object file: No such file or directory)) in Unknown on line 0
PHP Warning:  Module 'pdo_pgsql' already loaded in Unknown on line 0
PHP Warning:  Module 'pgsql' already loaded in Unknown on line 0
PHP Warning:  Module 'Phar' already loaded in Unknown on line 0
--- RUNNING INCREMENTAL SYNC (Yesterday & Today) ---
Records found in Dialer: 754
Successfully updated 481 rows in Portal.
--- Sync Finished ---
PHP Warning:  PHP Startup: Unable to load dynamic library 'fileinfo.so' (tried: /usr/lib64/php7/extensions/fileinfo.so (/usr/lib64/php7/extensions/fileinfo.so: cannot open shared object file: No such file or directory), /usr/lib64/php7/extensions/fileinfo.so.so (/usr/lib64/php7/extensions/fileinfo.so.so: cannot open shared object file: No such file or directory)) in Unknown on line 0
PHP Warning:  Module 'pdo_pgsql' already loaded in Unknown on line 0
PHP Warning:  Module 'pgsql' already loaded in Unknown on line 0
PHP Warning:  Module 'Phar' already loaded in Unknown on line 0
--- RUNNING INCREMENTAL SYNC (Yesterday & Today) ---
Records found in Dialer: 754
Successfully updated 481 rows in Portal.
--- Sync Finished ---
PHP Warning:  PHP Startup: Unable to load dynamic library 'fileinfo.so' (tried: /usr/lib64/php7/extensions/fileinfo.so (/usr/lib64/php7/extensions/fileinfo.so: cannot open shared object file: No such file or directory), /usr/lib64/php7/extensions/fileinfo.so.so (/usr/lib64/php7/extensions/fileinfo.so.so: cannot open shared object file: No such file or directory)) in Unknown on line 0
PHP Warning:  Module 'pdo_pgsql' already loaded in Unknown on line 0
PHP Warning:  Module 'pgsql' already loaded in Unknown on line 0
PHP Warning:  Module 'Phar' already loaded in Unknown on line 0
--- RUNNING INCREMENTAL SYNC (Yesterday & Today) ---
Records found in Dialer: 754
Successfully updated 481 rows in Portal.
--- Sync Finished ---
PHP Warning:  PHP Startup: Unable to load dynamic library 'fileinfo.so' (tried: /usr/lib64/php7/extensions/fileinfo.so (/usr/lib64/php7/extensions/fileinfo.so: cannot open shared object file: No such file or directory), /usr/lib64/php7/extensions/fileinfo.so.so (/usr/lib64/php7/extensions/fileinfo.so.so: cannot open shared object file: No such file or directory)) in Unknown on line 0
PHP Warning:  Module 'pdo_pgsql' already loaded in Unknown on line 0
PHP Warning:  Module 'pgsql' already loaded in Unknown on line 0
PHP Warning:  Module 'Phar' already loaded in Unknown on line 0
--- RUNNING INCREMENTAL SYNC (Yesterday & Today) ---
Records found in Dialer: 754
Successfully updated 481 rows in Portal.
--- Sync Finished ---
PHP Warning:  PHP Startup: Unable to load dynamic library 'fileinfo.so' (tried: /usr/lib64/php7/extensions/fileinfo.so (/usr/lib64/php7/extensions/fileinfo.so: cannot open shared object file: No such file or directory), /usr/lib64/php7/extensions/fileinfo.so.so (/usr/lib64/php7/extensions/fileinfo.so.so: cannot open shared object file: No such file or directory)) in Unknown on line 0
PHP Warning:  Module 'pdo_pgsql' already loaded in Unknown on line 0
PHP Warning:  Module 'pgsql' already loaded in Unknown on line 0
PHP Warning:  Module 'Phar' already loaded in Unknown on line 0
--- RUNNING INCREMENTAL SYNC (Yesterday & Today) ---
Records found in Dialer: 754
Successfully updated 481 rows in Portal.
--- Sync Finished ---
PHP Warning:  PHP Startup: Unable to load dynamic library 'fileinfo.so' (tried: /usr/lib64/php7/extensions/fileinfo.so (/usr/lib64/php7/extensions/fileinfo.so: cannot open shared object file: No such file or directory), /usr/lib64/php7/extensions/fileinfo.so.so (/usr/lib64/php7/extensions/fileinfo.so.so: cannot open shared object file: No such file or directory)) in Unknown on line 0
PHP Warning:  Module 'pdo_pgsql' already loaded in Unknown on line 0
PHP Warning:  Module 'pgsql' already loaded in Unknown on line 0
PHP Warning:  Module 'Phar' already loaded in Unknown on line 0
--- RUNNING INCREMENTAL SYNC (Yesterday & Today) ---
Records found in Dialer: 754
Successfully updated 481 rows in Portal.
--- Sync Finished ---
PHP Warning:  PHP Startup: Unable to load dynamic library 'fileinfo.so' (tried: /usr/lib64/php7/extensions/fileinfo.so (/usr/lib64/php7/extensions/fileinfo.so: cannot open shared object file: No such file or directory), /usr/lib64/php7/extensions/fileinfo.so.so (/usr/lib64/php7/extensions/fileinfo.so.so: cannot open shared object file: No such file or directory)) in Unknown on line 0
PHP Warning:  Module 'pdo_pgsql' already loaded in Unknown on line 0
PHP Warning:  Module 'pgsql' already loaded in Unknown on line 0
PHP Warning:  Module 'Phar' already loaded in Unknown on line 0
--- RUNNING INCREMENTAL SYNC (Yesterday & Today) ---
Records found in Dialer: 754
Successfully updated 481 rows in Portal.
--- Sync Finished ---
PHP Warning:  PHP Startup: Unable to load dynamic library 'fileinfo.so' (tried: /usr/lib64/php7/extensions/fileinfo.so (/usr/lib64/php7/extensions/fileinfo.so: cannot open shared object file: No such file or directory), /usr/lib64/php7/extensions/fileinfo.so.so (/usr/lib64/php7/extensions/fileinfo.so.so: cannot open shared object file: No such file or directory)) in Unknown on line 0
PHP Warning:  Module 'pdo_pgsql' already loaded in Unknown on line 0
PHP Warning:  Module 'pgsql' already loaded in Unknown on line 0
PHP Warning:  Module 'Phar' already loaded in Unknown on line 0
--- RUNNING INCREMENTAL SYNC (Yesterday & Today) ---
Records found in Dialer: 754
Successfully updated 481 rows in Portal.
--- Sync Finished ---
PHP Warning:  PHP Startup: Unable to load dynamic library 'fileinfo.so' (tried: /usr/lib64/php7/extensions/fileinfo.so (/usr/lib64/php7/extensions/fileinfo.so: cannot open shared object file: No such file or directory), /usr/lib64/php7/extensions/fileinfo.so.so (/usr/lib64/php7/extensions/fileinfo.so.so: cannot open shared object file: No such file or directory)) in Unknown on line 0
PHP Warning:  Module 'pdo_pgsql' already loaded in Unknown on line 0
PHP Warning:  Module 'pgsql' already loaded in Unknown on line 0
PHP Warning:  Module 'Phar' already loaded in Unknown on line 0
--- RUNNING INCREMENTAL SYNC (Yesterday & Today) ---
Records found in Dialer: 754
Successfully updated 481 rows in Portal.
--- Sync Finished ---
PHP Warning:  PHP Startup: Unable to load dynamic library 'fileinfo.so' (tried: /usr/lib64/php7/extensions/fileinfo.so (/usr/lib64/php7/extensions/fileinfo.so: cannot open shared object file: No such file or directory), /usr/lib64/php7/extensions/fileinfo.so.so (/usr/lib64/php7/extensions/fileinfo.so.so: cannot open shared object file: No such file or directory)) in Unknown on line 0
PHP Warning:  Module 'pdo_pgsql' already loaded in Unknown on line 0
PHP Warning:  Module 'pgsql' already loaded in Unknown on line 0
PHP Warning:  Module 'Phar' already loaded in Unknown on line 0
--- RUNNING INCREMENTAL SYNC (Yesterday & Today) ---
Records found in Dialer: 754
Successfully updated 481 rows in Portal.
--- Sync Finished ---
PHP Warning:  PHP Startup: Unable to load dynamic library 'fileinfo.so' (tried: /usr/lib64/php7/extensions/fileinfo.so (/usr/lib64/php7/extensions/fileinfo.so: cannot open shared object file: No such file or directory), /usr/lib64/php7/extensions/fileinfo.so.so (/usr/lib64/php7/extensions/fileinfo.so.so: cannot open shared object file: No such file or directory)) in Unknown on line 0
PHP Warning:  Module 'pdo_pgsql' already loaded in Unknown on line 0
PHP Warning:  Module 'pgsql' already loaded in Unknown on line 0
PHP Warning:  Module 'Phar' already loaded in Unknown on line 0
--- RUNNING INCREMENTAL SYNC (Yesterday & Today) ---
Records found in Dialer: 754
Successfully updated 481 rows in Portal.
--- Sync Finished ---
PHP Warning:  PHP Startup: Unable to load dynamic library 'fileinfo.so' (tried: /usr/lib64/php7/extensions/fileinfo.so (/usr/lib64/php7/extensions/fileinfo.so: cannot open shared object file: No such file or directory), /usr/lib64/php7/extensions/fileinfo.so.so (/usr/lib64/php7/extensions/fileinfo.so.so: cannot open shared object file: No such file or directory)) in Unknown on line 0
PHP Warning:  Module 'pdo_pgsql' already loaded in Unknown on line 0
PHP Warning:  Module 'pgsql' already loaded in Unknown on line 0
PHP Warning:  Module 'Phar' already loaded in Unknown on line 0
--- RUNNING INCREMENTAL SYNC (Yesterday & Today) ---
Records found in Dialer: 754
Successfully updated 481 rows in Portal.
--- Sync Finished ---
PHP Warning:  PHP Startup: Unable to load dynamic library 'fileinfo.so' (tried: /usr/lib64/php7/extensions/fileinfo.so (/usr/lib64/php7/extensions/fileinfo.so: cannot open shared object file: No such file or directory), /usr/lib64/php7/extensions/fileinfo.so.so (/usr/lib64/php7/extensions/fileinfo.so.so: cannot open shared object file: No such file or directory)) in Unknown on line 0
PHP Warning:  Module 'pdo_pgsql' already loaded in Unknown on line 0
PHP Warning:  Module 'pgsql' already loaded in Unknown on line 0
PHP Warning:  Module 'Phar' already loaded in Unknown on line 0
--- RUNNING INCREMENTAL SYNC (Yesterday & Today) ---
Records found in Dialer: 754
Successfully updated 481 rows in Portal.
--- Sync Finished ---
PHP Warning:  PHP Startup: Unable to load dynamic library 'fileinfo.so' (tried: /usr/lib64/php7/extensions/fileinfo.so (/usr/lib64/php7/extensions/fileinfo.so: cannot open shared object file: No such file or directory), /usr/lib64/php7/extensions/fileinfo.so.so (/usr/lib64/php7/extensions/fileinfo.so.so: cannot open shared object file: No such file or directory)) in Unknown on line 0
PHP Warning:  Module 'pdo_pgsql' already loaded in Unknown on line 0
PHP Warning:  Module 'pgsql' already loaded in Unknown on line 0
PHP Warning:  Module 'Phar' already loaded in Unknown on line 0
--- RUNNING INCREMENTAL SYNC (Yesterday & Today) ---
Records found in Dialer: 754
Successfully updated 481 rows in Portal.
--- Sync Finished ---
PHP Warning:  PHP Startup: Unable to load dynamic library 'fileinfo.so' (tried: /usr/lib64/php7/extensions/fileinfo.so (/usr/lib64/php7/extensions/fileinfo.so: cannot open shared object file: No such file or directory), /usr/lib64/php7/extensions/fileinfo.so.so (/usr/lib64/php7/extensions/fileinfo.so.so: cannot open shared object file: No such file or directory)) in Unknown on line 0
PHP Warning:  Module 'pdo_pgsql' already loaded in Unknown on line 0
PHP Warning:  Module 'pgsql' already loaded in Unknown on line 0
PHP Warning:  Module 'Phar' already loaded in Unknown on line 0
--- RUNNING INCREMENTAL SYNC (Yesterday & Today) ---
Records found in Dialer: 754
Successfully updated 481 rows in Portal.
--- Sync Finished ---
PHP Warning:  PHP Startup: Unable to load dynamic library 'fileinfo.so' (tried: /usr/lib64/php7/extensions/fileinfo.so (/usr/lib64/php7/extensions/fileinfo.so: cannot open shared object file: No such file or directory), /usr/lib64/php7/extensions/fileinfo.so.so (/usr/lib64/php7/extensions/fileinfo.so.so: cannot open shared object file: No such file or directory)) in Unknown on line 0
PHP Warning:  Module 'pdo_pgsql' already loaded in Unknown on line 0
PHP Warning:  Module 'pgsql' already loaded in Unknown on line 0
PHP Warning:  Module 'Phar' already loaded in Unknown on line 0
--- RUNNING INCREMENTAL SYNC (Yesterday & Today) ---
Records found in Dialer: 754
Successfully updated 481 rows in Portal.
--- Sync Finished ---
PHP Warning:  PHP Startup: Unable to load dynamic library 'fileinfo.so' (tried: /usr/lib64/php7/extensions/fileinfo.so (/usr/lib64/php7/extensions/fileinfo.so: cannot open shared object file: No such file or directory), /usr/lib64/php7/extensions/fileinfo.so.so (/usr/lib64/php7/extensions/fileinfo.so.so: cannot open shared object file: No such file or directory)) in Unknown on line 0
PHP Warning:  Module 'pdo_pgsql' already loaded in Unknown on line 0
PHP Warning:  Module 'pgsql' already loaded in Unknown on line 0
PHP Warning:  Module 'Phar' already loaded in Unknown on line 0
--- RUNNING INCREMENTAL SYNC (Yesterday & Today) ---
Records found in Dialer: 754
Successfully updated 481 rows in Portal.
--- Sync Finished ---
PHP Warning:  PHP Startup: Unable to load dynamic library 'fileinfo.so' (tried: /usr/lib64/php7/extensions/fileinfo.so (/usr/lib64/php7/extensions/fileinfo.so: cannot open shared object file: No such file or directory), /usr/lib64/php7/extensions/fileinfo.so.so (/usr/lib64/php7/extensions/fileinfo.so.so: cannot open shared object file: No such file or directory)) in Unknown on line 0
PHP Warning:  Module 'pdo_pgsql' already loaded in Unknown on line 0
PHP Warning:  Module 'pgsql' already loaded in Unknown on line 0
PHP Warning:  Module 'Phar' already loaded in Unknown on line 0
--- RUNNING INCREMENTAL SYNC (Yesterday & Today) ---
Records found in Dialer: 754
Successfully updated 481 rows in Portal.
--- Sync Finished ---
PHP Warning:  PHP Startup: Unable to load dynamic library 'fileinfo.so' (tried: /usr/lib64/php7/extensions/fileinfo.so (/usr/lib64/php7/extensions/fileinfo.so: cannot open shared object file: No such file or directory), /usr/lib64/php7/extensions/fileinfo.so.so (/usr/lib64/php7/extensions/fileinfo.so.so: cannot open shared object file: No such file or directory)) in Unknown on line 0
PHP Warning:  Module 'pdo_pgsql' already loaded in Unknown on line 0
PHP Warning:  Module 'pgsql' already loaded in Unknown on line 0
PHP Warning:  Module 'Phar' already loaded in Unknown on line 0
--- RUNNING INCREMENTAL SYNC (Yesterday & Today) ---
Records found in Dialer: 754
Successfully updated 481 rows in Portal.
--- Sync Finished ---
PHP Warning:  PHP Startup: Unable to load dynamic library 'fileinfo.so' (tried: /usr/lib64/php7/extensions/fileinfo.so (/usr/lib64/php7/extensions/fileinfo.so: cannot open shared object file: No such file or directory), /usr/lib64/php7/extensions/fileinfo.so.so (/usr/lib64/php7/extensions/fileinfo.so.so: cannot open shared object file: No such file or directory)) in Unknown on line 0
PHP Warning:  Module 'pdo_pgsql' already loaded in Unknown on line 0
PHP Warning:  Module 'pgsql' already loaded in Unknown on line 0
PHP Warning:  Module 'Phar' already loaded in Unknown on line 0
--- RUNNING INCREMENTAL SYNC (Yesterday & Today) ---
Records found in Dialer: 754
Successfully updated 481 rows in Portal.
--- Sync Finished ---
PHP Warning:  PHP Startup: Unable to load dynamic library 'fileinfo.so' (tried: /usr/lib64/php7/extensions/fileinfo.so (/usr/lib64/php7/extensions/fileinfo.so: cannot open shared object file: No such file or directory), /usr/lib64/php7/extensions/fileinfo.so.so (/usr/lib64/php7/extensions/fileinfo.so.so: cannot open shared object file: No such file or directory)) in Unknown on line 0
PHP Warning:  Module 'pdo_pgsql' already loaded in Unknown on line 0
PHP Warning:  Module 'pgsql' already loaded in Unknown on line 0
PHP Warning:  Module 'Phar' already loaded in Unknown on line 0
--- RUNNING INCREMENTAL SYNC (Yesterday & Today) ---
Records found in Dialer: 754
Successfully updated 481 rows in Portal.
--- Sync Finished ---
PHP Warning:  PHP Startup: Unable to load dynamic library 'fileinfo.so' (tried: /usr/lib64/php7/extensions/fileinfo.so (/usr/lib64/php7/extensions/fileinfo.so: cannot open shared object file: No such file or directory), /usr/lib64/php7/extensions/fileinfo.so.so (/usr/lib64/php7/extensions/fileinfo.so.so: cannot open shared object file: No such file or directory)) in Unknown on line 0
PHP Warning:  Module 'pdo_pgsql' already loaded in Unknown on line 0
PHP Warning:  Module 'pgsql' already loaded in Unknown on line 0
PHP Warning:  Module 'Phar' already loaded in Unknown on line 0
--- RUNNING INCREMENTAL SYNC (Yesterday & Today) ---
Records found in Dialer: 754
Successfully updated 481 rows in Portal.
--- Sync Finished ---
PHP Warning:  PHP Startup: Unable to load dynamic library 'fileinfo.so' (tried: /usr/lib64/php7/extensions/fileinfo.so (/usr/lib64/php7/extensions/fileinfo.so: cannot open shared object file: No such file or directory), /usr/lib64/php7/extensions/fileinfo.so.so (/usr/lib64/php7/extensions/fileinfo.so.so: cannot open shared object file: No such file or directory)) in Unknown on line 0
PHP Warning:  Module 'pdo_pgsql' already loaded in Unknown on line 0
PHP Warning:  Module 'pgsql' already loaded in Unknown on line 0
PHP Warning:  Module 'Phar' already loaded in Unknown on line 0
--- RUNNING INCREMENTAL SYNC (Yesterday & Today) ---
Records found in Dialer: 754
Successfully updated 481 rows in Portal.
--- Sync Finished ---
PHP Warning:  PHP Startup: Unable to load dynamic library 'fileinfo.so' (tried: /usr/lib64/php7/extensions/fileinfo.so (/usr/lib64/php7/extensions/fileinfo.so: cannot open shared object file: No such file or directory), /usr/lib64/php7/extensions/fileinfo.so.so (/usr/lib64/php7/extensions/fileinfo.so.so: cannot open shared object file: No such file or directory)) in Unknown on line 0
PHP Warning:  Module 'pdo_pgsql' already loaded in Unknown on line 0
PHP Warning:  Module 'pgsql' already loaded in Unknown on line 0
PHP Warning:  Module 'Phar' already loaded in Unknown on line 0
--- RUNNING INCREMENTAL SYNC (Yesterday & Today) ---
Records found in Dialer: 754
Successfully updated 481 rows in Portal.
--- Sync Finished ---
PHP Warning:  PHP Startup: Unable to load dynamic library 'fileinfo.so' (tried: /usr/lib64/php7/extensions/fileinfo.so (/usr/lib64/php7/extensions/fileinfo.so: cannot open shared object file: No such file or directory), /usr/lib64/php7/extensions/fileinfo.so.so (/usr/lib64/php7/extensions/fileinfo.so.so: cannot open shared object file: No such file or directory)) in Unknown on line 0
PHP Warning:  Module 'pdo_pgsql' already loaded in Unknown on line 0
PHP Warning:  Module 'pgsql' already loaded in Unknown on line 0
PHP Warning:  Module 'Phar' already loaded in Unknown on line 0
--- RUNNING INCREMENTAL SYNC (Yesterday & Today) ---
Records found in Dialer: 754
Successfully updated 481 rows in Portal.
--- Sync Finished ---
PHP Warning:  PHP Startup: Unable to load dynamic library 'fileinfo.so' (tried: /usr/lib64/php7/extensions/fileinfo.so (/usr/lib64/php7/extensions/fileinfo.so: cannot open shared object file: No such file or directory), /usr/lib64/php7/extensions/fileinfo.so.so (/usr/lib64/php7/extensions/fileinfo.so.so: cannot open shared object file: No such file or directory)) in Unknown on line 0
PHP Warning:  Module 'pdo_pgsql' already loaded in Unknown on line 0
PHP Warning:  Module 'pgsql' already loaded in Unknown on line 0
PHP Warning:  Module 'Phar' already loaded in Unknown on line 0
--- RUNNING INCREMENTAL SYNC (Yesterday & Today) ---
Records found in Dialer: 754
Successfully updated 481 rows in Portal.
--- Sync Finished ---
PHP Warning:  PHP Startup: Unable to load dynamic library 'fileinfo.so' (tried: /usr/lib64/php7/extensions/fileinfo.so (/usr/lib64/php7/extensions/fileinfo.so: cannot open shared object file: No such file or directory), /usr/lib64/php7/extensions/fileinfo.so.so (/usr/lib64/php7/extensions/fileinfo.so.so: cannot open shared object file: No such file or directory)) in Unknown on line 0
PHP Warning:  Module 'pdo_pgsql' already loaded in Unknown on line 0
PHP Warning:  Module 'pgsql' already loaded in Unknown on line 0
PHP Warning:  Module 'Phar' already loaded in Unknown on line 0
--- RUNNING INCREMENTAL SYNC (Yesterday & Today) ---
Records found in Dialer: 754
Successfully updated 481 rows in Portal.
--- Sync Finished ---
PHP Warning:  PHP Startup: Unable to load dynamic library 'fileinfo.so' (tried: /usr/lib64/php7/extensions/fileinfo.so (/usr/lib64/php7/extensions/fileinfo.so: cannot open shared object file: No such file or directory), /usr/lib64/php7/extensions/fileinfo.so.so (/usr/lib64/php7/extensions/fileinfo.so.so: cannot open shared object file: No such file or directory)) in Unknown on line 0
PHP Warning:  Module 'pdo_pgsql' already loaded in Unknown on line 0
PHP Warning:  Module 'pgsql' already loaded in Unknown on line 0
PHP Warning:  Module 'Phar' already loaded in Unknown on line 0
--- RUNNING INCREMENTAL SYNC (Yesterday & Today) ---
Records found in Dialer: 754
Successfully updated 481 rows in Portal.
--- Sync Finished ---
PHP Warning:  PHP Startup: Unable to load dynamic library 'fileinfo.so' (tried: /usr/lib64/php7/extensions/fileinfo.so (/usr/lib64/php7/extensions/fileinfo.so: cannot open shared object file: No such file or directory), /usr/lib64/php7/extensions/fileinfo.so.so (/usr/lib64/php7/extensions/fileinfo.so.so: cannot open shared object file: No such file or directory)) in Unknown on line 0
PHP Warning:  Module 'pdo_pgsql' already loaded in Unknown on line 0
PHP Warning:  Module 'pgsql' already loaded in Unknown on line 0
PHP Warning:  Module 'Phar' already loaded in Unknown on line 0
--- RUNNING INCREMENTAL SYNC (Yesterday & Today) ---
Records found in Dialer: 754
Successfully updated 481 rows in Portal.
--- Sync Finished ---
PHP Warning:  PHP Startup: Unable to load dynamic library 'fileinfo.so' (tried: /usr/lib64/php7/extensions/fileinfo.so (/usr/lib64/php7/extensions/fileinfo.so: cannot open shared object file: No such file or directory), /usr/lib64/php7/extensions/fileinfo.so.so (/usr/lib64/php7/extensions/fileinfo.so.so: cannot open shared object file: No such file or directory)) in Unknown on line 0
PHP Warning:  Module 'pdo_pgsql' already loaded in Unknown on line 0
PHP Warning:  Module 'pgsql' already loaded in Unknown on line 0
PHP Warning:  Module 'Phar' already loaded in Unknown on line 0
--- RUNNING INCREMENTAL SYNC (Yesterday & Today) ---
Records found in Dialer: 754
Successfully updated 481 rows in Portal.
--- Sync Finished ---
PHP Warning:  PHP Startup: Unable to load dynamic library 'fileinfo.so' (tried: /usr/lib64/php7/extensions/fileinfo.so (/usr/lib64/php7/extensions/fileinfo.so: cannot open shared object file: No such file or directory), /usr/lib64/php7/extensions/fileinfo.so.so (/usr/lib64/php7/extensions/fileinfo.so.so: cannot open shared object file: No such file or directory)) in Unknown on line 0
PHP Warning:  Module 'pdo_pgsql' already loaded in Unknown on line 0
PHP Warning:  Module 'pgsql' already loaded in Unknown on line 0
PHP Warning:  Module 'Phar' already loaded in Unknown on line 0
--- RUNNING INCREMENTAL SYNC (Yesterday & Today) ---
Records found in Dialer: 754
Successfully updated 481 rows in Portal.
--- Sync Finished ---
PHP Warning:  PHP Startup: Unable to load dynamic library 'fileinfo.so' (tried: /usr/lib64/php7/extensions/fileinfo.so (/usr/lib64/php7/extensions/fileinfo.so: cannot open shared object file: No such file or directory), /usr/lib64/php7/extensions/fileinfo.so.so (/usr/lib64/php7/extensions/fileinfo.so.so: cannot open shared object file: No such file or directory)) in Unknown on line 0
PHP Warning:  Module 'pdo_pgsql' already loaded in Unknown on line 0
PHP Warning:  Module 'pgsql' already loaded in Unknown on line 0
PHP Warning:  Module 'Phar' already loaded in Unknown on line 0
--- RUNNING INCREMENTAL SYNC (Yesterday & Today) ---
Records found in Dialer: 754
Successfully updated 481 rows in Portal.
--- Sync Finished ---
PHP Warning:  PHP Startup: Unable to load dynamic library 'fileinfo.so' (tried: /usr/lib64/php7/extensions/fileinfo.so (/usr/lib64/php7/extensions/fileinfo.so: cannot open shared object file: No such file or directory), /usr/lib64/php7/extensions/fileinfo.so.so (/usr/lib64/php7/extensions/fileinfo.so.so: cannot open shared object file: No such file or directory)) in Unknown on line 0
PHP Warning:  Module 'pdo_pgsql' already loaded in Unknown on line 0
PHP Warning:  Module 'pgsql' already loaded in Unknown on line 0
PHP Warning:  Module 'Phar' already loaded in Unknown on line 0
--- RUNNING INCREMENTAL SYNC (Yesterday & Today) ---
Records found in Dialer: 754
Successfully updated 481 rows in Portal.
--- Sync Finished ---
PHP Warning:  PHP Startup: Unable to load dynamic library 'fileinfo.so' (tried: /usr/lib64/php7/extensions/fileinfo.so (/usr/lib64/php7/extensions/fileinfo.so: cannot open shared object file: No such file or directory), /usr/lib64/php7/extensions/fileinfo.so.so (/usr/lib64/php7/extensions/fileinfo.so.so: cannot open shared object file: No such file or directory)) in Unknown on line 0
PHP Warning:  Module 'pdo_pgsql' already loaded in Unknown on line 0
PHP Warning:  Module 'pgsql' already loaded in Unknown on line 0
PHP Warning:  Module 'Phar' already loaded in Unknown on line 0
--- RUNNING INCREMENTAL SYNC (Yesterday & Today) ---
Records found in Dialer: 754
Successfully updated 481 rows in Portal.
--- Sync Finished ---
PHP Warning:  PHP Startup: Unable to load dynamic library 'fileinfo.so' (tried: /usr/lib64/php7/extensions/fileinfo.so (/usr/lib64/php7/extensions/fileinfo.so: cannot open shared object file: No such file or directory), /usr/lib64/php7/extensions/fileinfo.so.so (/usr/lib64/php7/extensions/fileinfo.so.so: cannot open shared object file: No such file or directory)) in Unknown on line 0
PHP Warning:  Module 'pdo_pgsql' already loaded in Unknown on line 0
PHP Warning:  Module 'pgsql' already loaded in Unknown on line 0
PHP Warning:  Module 'Phar' already loaded in Unknown on line 0
--- RUNNING INCREMENTAL SYNC (Yesterday & Today) ---
Records found in Dialer: 754
Successfully updated 481 rows in Portal.
--- Sync Finished ---
PHP Warning:  PHP Startup: Unable to load dynamic library 'fileinfo.so' (tried: /usr/lib64/php7/extensions/fileinfo.so (/usr/lib64/php7/extensions/fileinfo.so: cannot open shared object file: No such file or directory), /usr/lib64/php7/extensions/fileinfo.so.so (/usr/lib64/php7/extensions/fileinfo.so.so: cannot open shared object file: No such file or directory)) in Unknown on line 0
PHP Warning:  Module 'pdo_pgsql' already loaded in Unknown on line 0
PHP Warning:  Module 'pgsql' already loaded in Unknown on line 0
PHP Warning:  Module 'Phar' already loaded in Unknown on line 0
--- RUNNING INCREMENTAL SYNC (Yesterday & Today) ---
Records found in Dialer: 754
Successfully updated 481 rows in Portal.
--- Sync Finished ---
PHP Warning:  PHP Startup: Unable to load dynamic library 'fileinfo.so' (tried: /usr/lib64/php7/extensions/fileinfo.so (/usr/lib64/php7/extensions/fileinfo.so: cannot open shared object file: No such file or directory), /usr/lib64/php7/extensions/fileinfo.so.so (/usr/lib64/php7/extensions/fileinfo.so.so: cannot open shared object file: No such file or directory)) in Unknown on line 0
PHP Warning:  Module 'pdo_pgsql' already loaded in Unknown on line 0
PHP Warning:  Module 'pgsql' already loaded in Unknown on line 0
PHP Warning:  Module 'Phar' already loaded in Unknown on line 0
--- RUNNING INCREMENTAL SYNC (Yesterday & Today) ---
Records found in Dialer: 754
Successfully updated 481 rows in Portal.
--- Sync Finished ---
PHP Warning:  PHP Startup: Unable to load dynamic library 'fileinfo.so' (tried: /usr/lib64/php7/extensions/fileinfo.so (/usr/lib64/php7/extensions/fileinfo.so: cannot open shared object file: No such file or directory), /usr/lib64/php7/extensions/fileinfo.so.so (/usr/lib64/php7/extensions/fileinfo.so.so: cannot open shared object file: No such file or directory)) in Unknown on line 0
PHP Warning:  Module 'pdo_pgsql' already loaded in Unknown on line 0
PHP Warning:  Module 'pgsql' already loaded in Unknown on line 0
PHP Warning:  Module 'Phar' already loaded in Unknown on line 0
--- RUNNING INCREMENTAL SYNC (Yesterday & Today) ---
Records found in Dialer: 754
Successfully updated 481 rows in Portal.
--- Sync Finished ---
PHP Warning:  PHP Startup: Unable to load dynamic library 'fileinfo.so' (tried: /usr/lib64/php7/extensions/fileinfo.so (/usr/lib64/php7/extensions/fileinfo.so: cannot open shared object file: No such file or directory), /usr/lib64/php7/extensions/fileinfo.so.so (/usr/lib64/php7/extensions/fileinfo.so.so: cannot open shared object file: No such file or directory)) in Unknown on line 0
PHP Warning:  Module 'pdo_pgsql' already loaded in Unknown on line 0
PHP Warning:  Module 'pgsql' already loaded in Unknown on line 0
PHP Warning:  Module 'Phar' already loaded in Unknown on line 0
--- RUNNING INCREMENTAL SYNC (Yesterday & Today) ---
Records found in Dialer: 754
Successfully updated 481 rows in Portal.
--- Sync Finished ---
PHP Warning:  PHP Startup: Unable to load dynamic library 'fileinfo.so' (tried: /usr/lib64/php7/extensions/fileinfo.so (/usr/lib64/php7/extensions/fileinfo.so: cannot open shared object file: No such file or directory), /usr/lib64/php7/extensions/fileinfo.so.so (/usr/lib64/php7/extensions/fileinfo.so.so: cannot open shared object file: No such file or directory)) in Unknown on line 0
PHP Warning:  Module 'pdo_pgsql' already loaded in Unknown on line 0
PHP Warning:  Module 'pgsql' already loaded in Unknown on line 0
PHP Warning:  Module 'Phar' already loaded in Unknown on line 0
--- RUNNING INCREMENTAL SYNC (Yesterday & Today) ---
Records found in Dialer: 754
Successfully updated 481 rows in Portal.
--- Sync Finished ---
PHP Warning:  PHP Startup: Unable to load dynamic library 'fileinfo.so' (tried: /usr/lib64/php7/extensions/fileinfo.so (/usr/lib64/php7/extensions/fileinfo.so: cannot open shared object file: No such file or directory), /usr/lib64/php7/extensions/fileinfo.so.so (/usr/lib64/php7/extensions/fileinfo.so.so: cannot open shared object file: No such file or directory)) in Unknown on line 0
PHP Warning:  Module 'pdo_pgsql' already loaded in Unknown on line 0
PHP Warning:  Module 'pgsql' already loaded in Unknown on line 0
PHP Warning:  Module 'Phar' already loaded in Unknown on line 0
--- RUNNING INCREMENTAL SYNC (Yesterday & Today) ---
Records found in Dialer: 754
Successfully updated 481 rows in Portal.
--- Sync Finished ---
PHP Warning:  PHP Startup: Unable to load dynamic library 'fileinfo.so' (tried: /usr/lib64/php7/extensions/fileinfo.so (/usr/lib64/php7/extensions/fileinfo.so: cannot open shared object file: No such file or directory), /usr/lib64/php7/extensions/fileinfo.so.so (/usr/lib64/php7/extensions/fileinfo.so.so: cannot open shared object file: No such file or directory)) in Unknown on line 0
PHP Warning:  Module 'pdo_pgsql' already loaded in Unknown on line 0
PHP Warning:  Module 'pgsql' already loaded in Unknown on line 0
PHP Warning:  Module 'Phar' already loaded in Unknown on line 0
--- RUNNING INCREMENTAL SYNC (Yesterday & Today) ---
Records found in Dialer: 754
Successfully updated 481 rows in Portal.
--- Sync Finished ---
PHP Warning:  PHP Startup: Unable to load dynamic library 'fileinfo.so' (tried: /usr/lib64/php7/extensions/fileinfo.so (/usr/lib64/php7/extensions/fileinfo.so: cannot open shared object file: No such file or directory), /usr/lib64/php7/extensions/fileinfo.so.so (/usr/lib64/php7/extensions/fileinfo.so.so: cannot open shared object file: No such file or directory)) in Unknown on line 0
PHP Warning:  Module 'pdo_pgsql' already loaded in Unknown on line 0
PHP Warning:  Module 'pgsql' already loaded in Unknown on line 0
PHP Warning:  Module 'Phar' already loaded in Unknown on line 0
--- RUNNING INCREMENTAL SYNC (Yesterday & Today) ---
Records found in Dialer: 754
Successfully updated 481 rows in Portal.
--- Sync Finished ---
PHP Warning:  PHP Startup: Unable to load dynamic library 'fileinfo.so' (tried: /usr/lib64/php7/extensions/fileinfo.so (/usr/lib64/php7/extensions/fileinfo.so: cannot open shared object file: No such file or directory), /usr/lib64/php7/extensions/fileinfo.so.so (/usr/lib64/php7/extensions/fileinfo.so.so: cannot open shared object file: No such file or directory)) in Unknown on line 0
PHP Warning:  Module 'pdo_pgsql' already loaded in Unknown on line 0
PHP Warning:  Module 'pgsql' already loaded in Unknown on line 0
PHP Warning:  Module 'Phar' already loaded in Unknown on line 0
--- RUNNING INCREMENTAL SYNC (Yesterday & Today) ---
Records found in Dialer: 754
Successfully updated 481 rows in Portal.
--- Sync Finished ---
PHP Warning:  PHP Startup: Unable to load dynamic library 'fileinfo.so' (tried: /usr/lib64/php7/extensions/fileinfo.so (/usr/lib64/php7/extensions/fileinfo.so: cannot open shared object file: No such file or directory), /usr/lib64/php7/extensions/fileinfo.so.so (/usr/lib64/php7/extensions/fileinfo.so.so: cannot open shared object file: No such file or directory)) in Unknown on line 0
PHP Warning:  Module 'pdo_pgsql' already loaded in Unknown on line 0
PHP Warning:  Module 'pgsql' already loaded in Unknown on line 0
PHP Warning:  Module 'Phar' already loaded in Unknown on line 0
--- RUNNING INCREMENTAL SYNC (Yesterday & Today) ---
Records found in Dialer: 754
Successfully updated 481 rows in Portal.
--- Sync Finished ---
PHP Warning:  PHP Startup: Unable to load dynamic library 'fileinfo.so' (tried: /usr/lib64/php7/extensions/fileinfo.so (/usr/lib64/php7/extensions/fileinfo.so: cannot open shared object file: No such file or directory), /usr/lib64/php7/extensions/fileinfo.so.so (/usr/lib64/php7/extensions/fileinfo.so.so: cannot open shared object file: No such file or directory)) in Unknown on line 0
PHP Warning:  Module 'pdo_pgsql' already loaded in Unknown on line 0
PHP Warning:  Module 'pgsql' already loaded in Unknown on line 0
PHP Warning:  Module 'Phar' already loaded in Unknown on line 0
--- RUNNING INCREMENTAL SYNC (Yesterday & Today) ---
Records found in Dialer: 754
Successfully updated 481 rows in Portal.
--- Sync Finished ---
PHP Warning:  PHP Startup: Unable to load dynamic library 'fileinfo.so' (tried: /usr/lib64/php7/extensions/fileinfo.so (/usr/lib64/php7/extensions/fileinfo.so: cannot open shared object file: No such file or directory), /usr/lib64/php7/extensions/fileinfo.so.so (/usr/lib64/php7/extensions/fileinfo.so.so: cannot open shared object file: No such file or directory)) in Unknown on line 0
PHP Warning:  Module 'pdo_pgsql' already loaded in Unknown on line 0
PHP Warning:  Module 'pgsql' already loaded in Unknown on line 0
PHP Warning:  Module 'Phar' already loaded in Unknown on line 0
--- RUNNING INCREMENTAL SYNC (Yesterday & Today) ---
Records found in Dialer: 754
Successfully updated 481 rows in Portal.
--- Sync Finished ---
PHP Warning:  PHP Startup: Unable to load dynamic library 'fileinfo.so' (tried: /usr/lib64/php7/extensions/fileinfo.so (/usr/lib64/php7/extensions/fileinfo.so: cannot open shared object file: No such file or directory), /usr/lib64/php7/extensions/fileinfo.so.so (/usr/lib64/php7/extensions/fileinfo.so.so: cannot open shared object file: No such file or directory)) in Unknown on line 0
PHP Warning:  Module 'pdo_pgsql' already loaded in Unknown on line 0
PHP Warning:  Module 'pgsql' already loaded in Unknown on line 0
PHP Warning:  Module 'Phar' already loaded in Unknown on line 0
--- RUNNING INCREMENTAL SYNC (Yesterday & Today) ---
Records found in Dialer: 754
Successfully updated 481 rows in Portal.
--- Sync Finished ---
PHP Warning:  PHP Startup: Unable to load dynamic library 'fileinfo.so' (tried: /usr/lib64/php7/extensions/fileinfo.so (/usr/lib64/php7/extensions/fileinfo.so: cannot open shared object file: No such file or directory), /usr/lib64/php7/extensions/fileinfo.so.so (/usr/lib64/php7/extensions/fileinfo.so.so: cannot open shared object file: No such file or directory)) in Unknown on line 0
PHP Warning:  Module 'pdo_pgsql' already loaded in Unknown on line 0
PHP Warning:  Module 'pgsql' already loaded in Unknown on line 0
PHP Warning:  Module 'Phar' already loaded in Unknown on line 0
--- RUNNING INCREMENTAL SYNC (Yesterday & Today) ---
Records found in Dialer: 754
Successfully updated 481 rows in Portal.
--- Sync Finished ---
PHP Warning:  PHP Startup: Unable to load dynamic library 'fileinfo.so' (tried: /usr/lib64/php7/extensions/fileinfo.so (/usr/lib64/php7/extensions/fileinfo.so: cannot open shared object file: No such file or directory), /usr/lib64/php7/extensions/fileinfo.so.so (/usr/lib64/php7/extensions/fileinfo.so.so: cannot open shared object file: No such file or directory)) in Unknown on line 0
PHP Warning:  Module 'pdo_pgsql' already loaded in Unknown on line 0
PHP Warning:  Module 'pgsql' already loaded in Unknown on line 0
PHP Warning:  Module 'Phar' already loaded in Unknown on line 0
--- RUNNING INCREMENTAL SYNC (Yesterday & Today) ---
Records found in Dialer: 754
Successfully updated 481 rows in Portal.
--- Sync Finished ---
PHP Warning:  PHP Startup: Unable to load dynamic library 'fileinfo.so' (tried: /usr/lib64/php7/extensions/fileinfo.so (/usr/lib64/php7/extensions/fileinfo.so: cannot open shared object file: No such file or directory), /usr/lib64/php7/extensions/fileinfo.so.so (/usr/lib64/php7/extensions/fileinfo.so.so: cannot open shared object file: No such file or directory)) in Unknown on line 0
PHP Warning:  Module 'pdo_pgsql' already loaded in Unknown on line 0
PHP Warning:  Module 'pgsql' already loaded in Unknown on line 0
PHP Warning:  Module 'Phar' already loaded in Unknown on line 0
--- RUNNING INCREMENTAL SYNC (Yesterday & Today) ---
Records found in Dialer: 754
Successfully updated 481 rows in Portal.
--- Sync Finished ---
PHP Warning:  PHP Startup: Unable to load dynamic library 'fileinfo.so' (tried: /usr/lib64/php7/extensions/fileinfo.so (/usr/lib64/php7/extensions/fileinfo.so: cannot open shared object file: No such file or directory), /usr/lib64/php7/extensions/fileinfo.so.so (/usr/lib64/php7/extensions/fileinfo.so.so: cannot open shared object file: No such file or directory)) in Unknown on line 0
PHP Warning:  Module 'pdo_pgsql' already loaded in Unknown on line 0
PHP Warning:  Module 'pgsql' already loaded in Unknown on line 0
PHP Warning:  Module 'Phar' already loaded in Unknown on line 0
--- RUNNING INCREMENTAL SYNC (Yesterday & Today) ---
Records found in Dialer: 754
Successfully updated 481 rows in Portal.
--- Sync Finished ---
PHP Warning:  PHP Startup: Unable to load dynamic library 'fileinfo.so' (tried: /usr/lib64/php7/extensions/fileinfo.so (/usr/lib64/php7/extensions/fileinfo.so: cannot open shared object file: No such file or directory), /usr/lib64/php7/extensions/fileinfo.so.so (/usr/lib64/php7/extensions/fileinfo.so.so: cannot open shared object file: No such file or directory)) in Unknown on line 0
PHP Warning:  Module 'pdo_pgsql' already loaded in Unknown on line 0
PHP Warning:  Module 'pgsql' already loaded in Unknown on line 0
PHP Warning:  Module 'Phar' already loaded in Unknown on line 0
--- RUNNING INCREMENTAL SYNC (Yesterday & Today) ---
Records found in Dialer: 754
Successfully updated 481 rows in Portal.
--- Sync Finished ---
PHP Warning:  PHP Startup: Unable to load dynamic library 'fileinfo.so' (tried: /usr/lib64/php7/extensions/fileinfo.so (/usr/lib64/php7/extensions/fileinfo.so: cannot open shared object file: No such file or directory), /usr/lib64/php7/extensions/fileinfo.so.so (/usr/lib64/php7/extensions/fileinfo.so.so: cannot open shared object file: No such file or directory)) in Unknown on line 0
PHP Warning:  Module 'pdo_pgsql' already loaded in Unknown on line 0
PHP Warning:  Module 'pgsql' already loaded in Unknown on line 0
PHP Warning:  Module 'Phar' already loaded in Unknown on line 0
--- RUNNING INCREMENTAL SYNC (Yesterday & Today) ---
Records found in Dialer: 754
Successfully updated 481 rows in Portal.
--- Sync Finished ---
PHP Warning:  PHP Startup: Unable to load dynamic library 'fileinfo.so' (tried: /usr/lib64/php7/extensions/fileinfo.so (/usr/lib64/php7/extensions/fileinfo.so: cannot open shared object file: No such file or directory), /usr/lib64/php7/extensions/fileinfo.so.so (/usr/lib64/php7/extensions/fileinfo.so.so: cannot open shared object file: No such file or directory)) in Unknown on line 0
PHP Warning:  Module 'pdo_pgsql' already loaded in Unknown on line 0
PHP Warning:  Module 'pgsql' already loaded in Unknown on line 0
PHP Warning:  Module 'Phar' already loaded in Unknown on line 0
--- RUNNING INCREMENTAL SYNC (Yesterday & Today) ---
Records found in Dialer: 754
Successfully updated 481 rows in Portal.
--- Sync Finished ---
PHP Warning:  PHP Startup: Unable to load dynamic library 'fileinfo.so' (tried: /usr/lib64/php7/extensions/fileinfo.so (/usr/lib64/php7/extensions/fileinfo.so: cannot open shared object file: No such file or directory), /usr/lib64/php7/extensions/fileinfo.so.so (/usr/lib64/php7/extensions/fileinfo.so.so: cannot open shared object file: No such file or directory)) in Unknown on line 0
PHP Warning:  Module 'pdo_pgsql' already loaded in Unknown on line 0
PHP Warning:  Module 'pgsql' already loaded in Unknown on line 0
PHP Warning:  Module 'Phar' already loaded in Unknown on line 0
--- RUNNING INCREMENTAL SYNC (Yesterday & Today) ---
Records found in Dialer: 754
Successfully updated 481 rows in Portal.
--- Sync Finished ---
PHP Warning:  PHP Startup: Unable to load dynamic library 'fileinfo.so' (tried: /usr/lib64/php7/extensions/fileinfo.so (/usr/lib64/php7/extensions/fileinfo.so: cannot open shared object file: No such file or directory), /usr/lib64/php7/extensions/fileinfo.so.so (/usr/lib64/php7/extensions/fileinfo.so.so: cannot open shared object file: No such file or directory)) in Unknown on line 0
PHP Warning:  Module 'pdo_pgsql' already loaded in Unknown on line 0
PHP Warning:  Module 'pgsql' already loaded in Unknown on line 0
PHP Warning:  Module 'Phar' already loaded in Unknown on line 0
--- RUNNING INCREMENTAL SYNC (Yesterday & Today) ---
Records found in Dialer: 754
Successfully updated 481 rows in Portal.
--- Sync Finished ---
PHP Warning:  PHP Startup: Unable to load dynamic library 'fileinfo.so' (tried: /usr/lib64/php7/extensions/fileinfo.so (/usr/lib64/php7/extensions/fileinfo.so: cannot open shared object file: No such file or directory), /usr/lib64/php7/extensions/fileinfo.so.so (/usr/lib64/php7/extensions/fileinfo.so.so: cannot open shared object file: No such file or directory)) in Unknown on line 0
PHP Warning:  Module 'pdo_pgsql' already loaded in Unknown on line 0
PHP Warning:  Module 'pgsql' already loaded in Unknown on line 0
PHP Warning:  Module 'Phar' already loaded in Unknown on line 0
--- RUNNING INCREMENTAL SYNC (Yesterday & Today) ---
Records found in Dialer: 754
Successfully updated 481 rows in Portal.
--- Sync Finished ---
PHP Warning:  PHP Startup: Unable to load dynamic library 'fileinfo.so' (tried: /usr/lib64/php7/extensions/fileinfo.so (/usr/lib64/php7/extensions/fileinfo.so: cannot open shared object file: No such file or directory), /usr/lib64/php7/extensions/fileinfo.so.so (/usr/lib64/php7/extensions/fileinfo.so.so: cannot open shared object file: No such file or directory)) in Unknown on line 0
PHP Warning:  Module 'pdo_pgsql' already loaded in Unknown on line 0
PHP Warning:  Module 'pgsql' already loaded in Unknown on line 0
PHP Warning:  Module 'Phar' already loaded in Unknown on line 0
--- RUNNING INCREMENTAL SYNC (Yesterday & Today) ---
Records found in Dialer: 754
Successfully updated 481 rows in Portal.
--- Sync Finished ---
PHP Warning:  PHP Startup: Unable to load dynamic library 'fileinfo.so' (tried: /usr/lib64/php7/extensions/fileinfo.so (/usr/lib64/php7/extensions/fileinfo.so: cannot open shared object file: No such file or directory), /usr/lib64/php7/extensions/fileinfo.so.so (/usr/lib64/php7/extensions/fileinfo.so.so: cannot open shared object file: No such file or directory)) in Unknown on line 0
PHP Warning:  Module 'pdo_pgsql' already loaded in Unknown on line 0
PHP Warning:  Module 'pgsql' already loaded in Unknown on line 0
PHP Warning:  Module 'Phar' already loaded in Unknown on line 0
--- RUNNING INCREMENTAL SYNC (Yesterday & Today) ---
Records found in Dialer: 754
Successfully updated 481 rows in Portal.
--- Sync Finished ---
PHP Warning:  PHP Startup: Unable to load dynamic library 'fileinfo.so' (tried: /usr/lib64/php7/extensions/fileinfo.so (/usr/lib64/php7/extensions/fileinfo.so: cannot open shared object file: No such file or directory), /usr/lib64/php7/extensions/fileinfo.so.so (/usr/lib64/php7/extensions/fileinfo.so.so: cannot open shared object file: No such file or directory)) in Unknown on line 0
PHP Warning:  Module 'pdo_pgsql' already loaded in Unknown on line 0
PHP Warning:  Module 'pgsql' already loaded in Unknown on line 0
PHP Warning:  Module 'Phar' already loaded in Unknown on line 0
--- RUNNING INCREMENTAL SYNC (Yesterday & Today) ---
Records found in Dialer: 754
Successfully updated 481 rows in Portal.
--- Sync Finished ---
PHP Warning:  PHP Startup: Unable to load dynamic library 'fileinfo.so' (tried: /usr/lib64/php7/extensions/fileinfo.so (/usr/lib64/php7/extensions/fileinfo.so: cannot open shared object file: No such file or directory), /usr/lib64/php7/extensions/fileinfo.so.so (/usr/lib64/php7/extensions/fileinfo.so.so: cannot open shared object file: No such file or directory)) in Unknown on line 0
PHP Warning:  Module 'pdo_pgsql' already loaded in Unknown on line 0
PHP Warning:  Module 'pgsql' already loaded in Unknown on line 0
PHP Warning:  Module 'Phar' already loaded in Unknown on line 0
--- RUNNING INCREMENTAL SYNC (Yesterday & Today) ---
Records found in Dialer: 754
Successfully updated 481 rows in Portal.
--- Sync Finished ---
PHP Warning:  PHP Startup: Unable to load dynamic library 'fileinfo.so' (tried: /usr/lib64/php7/extensions/fileinfo.so (/usr/lib64/php7/extensions/fileinfo.so: cannot open shared object file: No such file or directory), /usr/lib64/php7/extensions/fileinfo.so.so (/usr/lib64/php7/extensions/fileinfo.so.so: cannot open shared object file: No such file or directory)) in Unknown on line 0
PHP Warning:  Module 'pdo_pgsql' already loaded in Unknown on line 0
PHP Warning:  Module 'pgsql' already loaded in Unknown on line 0
PHP Warning:  Module 'Phar' already loaded in Unknown on line 0
--- RUNNING INCREMENTAL SYNC (Yesterday & Today) ---
Records found in Dialer: 754
Successfully updated 481 rows in Portal.
--- Sync Finished ---
PHP Warning:  PHP Startup: Unable to load dynamic library 'fileinfo.so' (tried: /usr/lib64/php7/extensions/fileinfo.so (/usr/lib64/php7/extensions/fileinfo.so: cannot open shared object file: No such file or directory), /usr/lib64/php7/extensions/fileinfo.so.so (/usr/lib64/php7/extensions/fileinfo.so.so: cannot open shared object file: No such file or directory)) in Unknown on line 0
PHP Warning:  Module 'pdo_pgsql' already loaded in Unknown on line 0
PHP Warning:  Module 'pgsql' already loaded in Unknown on line 0
PHP Warning:  Module 'Phar' already loaded in Unknown on line 0
--- RUNNING INCREMENTAL SYNC (Yesterday & Today) ---
Records found in Dialer: 754
Successfully updated 481 rows in Portal.
--- Sync Finished ---
PHP Warning:  PHP Startup: Unable to load dynamic library 'fileinfo.so' (tried: /usr/lib64/php7/extensions/fileinfo.so (/usr/lib64/php7/extensions/fileinfo.so: cannot open shared object file: No such file or directory), /usr/lib64/php7/extensions/fileinfo.so.so (/usr/lib64/php7/extensions/fileinfo.so.so: cannot open shared object file: No such file or directory)) in Unknown on line 0
PHP Warning:  Module 'pdo_pgsql' already loaded in Unknown on line 0
PHP Warning:  Module 'pgsql' already loaded in Unknown on line 0
PHP Warning:  Module 'Phar' already loaded in Unknown on line 0
--- RUNNING INCREMENTAL SYNC (Yesterday & Today) ---
Records found in Dialer: 754
Successfully updated 481 rows in Portal.
--- Sync Finished ---
PHP Warning:  PHP Startup: Unable to load dynamic library 'fileinfo.so' (tried: /usr/lib64/php7/extensions/fileinfo.so (/usr/lib64/php7/extensions/fileinfo.so: cannot open shared object file: No such file or directory), /usr/lib64/php7/extensions/fileinfo.so.so (/usr/lib64/php7/extensions/fileinfo.so.so: cannot open shared object file: No such file or directory)) in Unknown on line 0
PHP Warning:  Module 'pdo_pgsql' already loaded in Unknown on line 0
PHP Warning:  Module 'pgsql' already loaded in Unknown on line 0
PHP Warning:  Module 'Phar' already loaded in Unknown on line 0
--- RUNNING INCREMENTAL SYNC (Yesterday & Today) ---
Records found in Dialer: 754
Successfully updated 481 rows in Portal.
--- Sync Finished ---
PHP Warning:  PHP Startup: Unable to load dynamic library 'fileinfo.so' (tried: /usr/lib64/php7/extensions/fileinfo.so (/usr/lib64/php7/extensions/fileinfo.so: cannot open shared object file: No such file or directory), /usr/lib64/php7/extensions/fileinfo.so.so (/usr/lib64/php7/extensions/fileinfo.so.so: cannot open shared object file: No such file or directory)) in Unknown on line 0
PHP Warning:  Module 'pdo_pgsql' already loaded in Unknown on line 0
PHP Warning:  Module 'pgsql' already loaded in Unknown on line 0
PHP Warning:  Module 'Phar' already loaded in Unknown on line 0
--- RUNNING INCREMENTAL SYNC (Yesterday & Today) ---
Records found in Dialer: 754
Successfully updated 481 rows in Portal.
--- Sync Finished ---
PHP Warning:  PHP Startup: Unable to load dynamic library 'fileinfo.so' (tried: /usr/lib64/php7/extensions/fileinfo.so (/usr/lib64/php7/extensions/fileinfo.so: cannot open shared object file: No such file or directory), /usr/lib64/php7/extensions/fileinfo.so.so (/usr/lib64/php7/extensions/fileinfo.so.so: cannot open shared object file: No such file or directory)) in Unknown on line 0
PHP Warning:  Module 'pdo_pgsql' already loaded in Unknown on line 0
PHP Warning:  Module 'pgsql' already loaded in Unknown on line 0
PHP Warning:  Module 'Phar' already loaded in Unknown on line 0
--- RUNNING INCREMENTAL SYNC (Yesterday & Today) ---
Records found in Dialer: 754
Successfully updated 481 rows in Portal.
--- Sync Finished ---
PHP Warning:  PHP Startup: Unable to load dynamic library 'fileinfo.so' (tried: /usr/lib64/php7/extensions/fileinfo.so (/usr/lib64/php7/extensions/fileinfo.so: cannot open shared object file: No such file or directory), /usr/lib64/php7/extensions/fileinfo.so.so (/usr/lib64/php7/extensions/fileinfo.so.so: cannot open shared object file: No such file or directory)) in Unknown on line 0
PHP Warning:  Module 'pdo_pgsql' already loaded in Unknown on line 0
PHP Warning:  Module 'pgsql' already loaded in Unknown on line 0
PHP Warning:  Module 'Phar' already loaded in Unknown on line 0
--- RUNNING INCREMENTAL SYNC (Yesterday & Today) ---
Records found in Dialer: 755
Successfully updated 482 rows in Portal.
--- Sync Finished ---
PHP Warning:  PHP Startup: Unable to load dynamic library 'fileinfo.so' (tried: /usr/lib64/php7/extensions/fileinfo.so (/usr/lib64/php7/extensions/fileinfo.so: cannot open shared object file: No such file or directory), /usr/lib64/php7/extensions/fileinfo.so.so (/usr/lib64/php7/extensions/fileinfo.so.so: cannot open shared object file: No such file or directory)) in Unknown on line 0
PHP Warning:  Module 'pdo_pgsql' already loaded in Unknown on line 0
PHP Warning:  Module 'pgsql' already loaded in Unknown on line 0
PHP Warning:  Module 'Phar' already loaded in Unknown on line 0
--- RUNNING INCREMENTAL SYNC (Yesterday & Today) ---
Records found in Dialer: 755
Successfully updated 482 rows in Portal.
--- Sync Finished ---
PHP Warning:  PHP Startup: Unable to load dynamic library 'fileinfo.so' (tried: /usr/lib64/php7/extensions/fileinfo.so (/usr/lib64/php7/extensions/fileinfo.so: cannot open shared object file: No such file or directory), /usr/lib64/php7/extensions/fileinfo.so.so (/usr/lib64/php7/extensions/fileinfo.so.so: cannot open shared object file: No such file or directory)) in Unknown on line 0
PHP Warning:  Module 'pdo_pgsql' already loaded in Unknown on line 0
PHP Warning:  Module 'pgsql' already loaded in Unknown on line 0
PHP Warning:  Module 'Phar' already loaded in Unknown on line 0
--- RUNNING INCREMENTAL SYNC (Yesterday & Today) ---
Records found in Dialer: 756
Successfully updated 483 rows in Portal.
--- Sync Finished ---
PHP Warning:  PHP Startup: Unable to load dynamic library 'fileinfo.so' (tried: /usr/lib64/php7/extensions/fileinfo.so (/usr/lib64/php7/extensions/fileinfo.so: cannot open shared object file: No such file or directory), /usr/lib64/php7/extensions/fileinfo.so.so (/usr/lib64/php7/extensions/fileinfo.so.so: cannot open shared object file: No such file or directory)) in Unknown on line 0
PHP Warning:  Module 'pdo_pgsql' already loaded in Unknown on line 0
PHP Warning:  Module 'pgsql' already loaded in Unknown on line 0
PHP Warning:  Module 'Phar' already loaded in Unknown on line 0
--- RUNNING INCREMENTAL SYNC (Yesterday & Today) ---
Records found in Dialer: 760
Successfully updated 487 rows in Portal.
--- Sync Finished ---
PHP Warning:  PHP Startup: Unable to load dynamic library 'fileinfo.so' (tried: /usr/lib64/php7/extensions/fileinfo.so (/usr/lib64/php7/extensions/fileinfo.so: cannot open shared object file: No such file or directory), /usr/lib64/php7/extensions/fileinfo.so.so (/usr/lib64/php7/extensions/fileinfo.so.so: cannot open shared object file: No such file or directory)) in Unknown on line 0
PHP Warning:  Module 'pdo_pgsql' already loaded in Unknown on line 0
PHP Warning:  Module 'pgsql' already loaded in Unknown on line 0
PHP Warning:  Module 'Phar' already loaded in Unknown on line 0
--- RUNNING INCREMENTAL SYNC (Yesterday & Today) ---
Records found in Dialer: 763
Successfully updated 489 rows in Portal.
--- Sync Finished ---
PHP Warning:  PHP Startup: Unable to load dynamic library 'fileinfo.so' (tried: /usr/lib64/php7/extensions/fileinfo.so (/usr/lib64/php7/extensions/fileinfo.so: cannot open shared object file: No such file or directory), /usr/lib64/php7/extensions/fileinfo.so.so (/usr/lib64/php7/extensions/fileinfo.so.so: cannot open shared object file: No such file or directory)) in Unknown on line 0
PHP Warning:  Module 'pdo_pgsql' already loaded in Unknown on line 0
PHP Warning:  Module 'pgsql' already loaded in Unknown on line 0
PHP Warning:  Module 'Phar' already loaded in Unknown on line 0
--- RUNNING INCREMENTAL SYNC (Yesterday & Today) ---
Records found in Dialer: 770
Successfully updated 494 rows in Portal.
--- Sync Finished ---
PHP Warning:  PHP Startup: Unable to load dynamic library 'fileinfo.so' (tried: /usr/lib64/php7/extensions/fileinfo.so (/usr/lib64/php7/extensions/fileinfo.so: cannot open shared object file: No such file or directory), /usr/lib64/php7/extensions/fileinfo.so.so (/usr/lib64/php7/extensions/fileinfo.so.so: cannot open shared object file: No such file or directory)) in Unknown on line 0
PHP Warning:  Module 'pdo_pgsql' already loaded in Unknown on line 0
PHP Warning:  Module 'pgsql' already loaded in Unknown on line 0
PHP Warning:  Module 'Phar' already loaded in Unknown on line 0
--- RUNNING INCREMENTAL SYNC (Yesterday & Today) ---
Records found in Dialer: 774
Successfully updated 495 rows in Portal.
--- Sync Finished ---
PHP Warning:  PHP Startup: Unable to load dynamic library 'fileinfo.so' (tried: /usr/lib64/php7/extensions/fileinfo.so (/usr/lib64/php7/extensions/fileinfo.so: cannot open shared object file: No such file or directory), /usr/lib64/php7/extensions/fileinfo.so.so (/usr/lib64/php7/extensions/fileinfo.so.so: cannot open shared object file: No such file or directory)) in Unknown on line 0
PHP Warning:  Module 'pdo_pgsql' already loaded in Unknown on line 0
PHP Warning:  Module 'pgsql' already loaded in Unknown on line 0
PHP Warning:  Module 'Phar' already loaded in Unknown on line 0
--- RUNNING INCREMENTAL SYNC (Yesterday & Today) ---
Records found in Dialer: 776
Successfully updated 497 rows in Portal.
--- Sync Finished ---
PHP Warning:  PHP Startup: Unable to load dynamic library 'fileinfo.so' (tried: /usr/lib64/php7/extensions/fileinfo.so (/usr/lib64/php7/extensions/fileinfo.so: cannot open shared object file: No such file or directory), /usr/lib64/php7/extensions/fileinfo.so.so (/usr/lib64/php7/extensions/fileinfo.so.so: cannot open shared object file: No such file or directory)) in Unknown on line 0
PHP Warning:  Module 'pdo_pgsql' already loaded in Unknown on line 0
PHP Warning:  Module 'pgsql' already loaded in Unknown on line 0
PHP Warning:  Module 'Phar' already loaded in Unknown on line 0
--- RUNNING INCREMENTAL SYNC (Yesterday & Today) ---
Records found in Dialer: 786
Successfully updated 504 rows in Portal.
--- Sync Finished ---
PHP Warning:  PHP Startup: Unable to load dynamic library 'fileinfo.so' (tried: /usr/lib64/php7/extensions/fileinfo.so (/usr/lib64/php7/extensions/fileinfo.so: cannot open shared object file: No such file or directory), /usr/lib64/php7/extensions/fileinfo.so.so (/usr/lib64/php7/extensions/fileinfo.so.so: cannot open shared object file: No such file or directory)) in Unknown on line 0
PHP Warning:  Module 'pdo_pgsql' already loaded in Unknown on line 0
PHP Warning:  Module 'pgsql' already loaded in Unknown on line 0
PHP Warning:  Module 'Phar' already loaded in Unknown on line 0
--- RUNNING INCREMENTAL SYNC (Yesterday & Today) ---
Records found in Dialer: 799
Successfully updated 513 rows in Portal.
--- Sync Finished ---
PHP Warning:  PHP Startup: Unable to load dynamic library 'fileinfo.so' (tried: /usr/lib64/php7/extensions/fileinfo.so (/usr/lib64/php7/extensions/fileinfo.so: cannot open shared object file: No such file or directory), /usr/lib64/php7/extensions/fileinfo.so.so (/usr/lib64/php7/extensions/fileinfo.so.so: cannot open shared object file: No such file or directory)) in Unknown on line 0
PHP Warning:  Module 'pdo_pgsql' already loaded in Unknown on line 0
PHP Warning:  Module 'pgsql' already loaded in Unknown on line 0
PHP Warning:  Module 'Phar' already loaded in Unknown on line 0
--- RUNNING INCREMENTAL SYNC (Yesterday & Today) ---
Records found in Dialer: 818
Successfully updated 528 rows in Portal.
--- Sync Finished ---
PHP Warning:  PHP Startup: Unable to load dynamic library 'fileinfo.so' (tried: /usr/lib64/php7/extensions/fileinfo.so (/usr/lib64/php7/extensions/fileinfo.so: cannot open shared object file: No such file or directory), /usr/lib64/php7/extensions/fileinfo.so.so (/usr/lib64/php7/extensions/fileinfo.so.so: cannot open shared object file: No such file or directory)) in Unknown on line 0
PHP Warning:  Module 'pdo_pgsql' already loaded in Unknown on line 0
PHP Warning:  Module 'pgsql' already loaded in Unknown on line 0
PHP Warning:  Module 'Phar' already loaded in Unknown on line 0
--- RUNNING INCREMENTAL SYNC (Yesterday & Today) ---
Records found in Dialer: 860
Successfully updated 560 rows in Portal.
--- Sync Finished ---
PHP Warning:  PHP Startup: Unable to load dynamic library 'fileinfo.so' (tried: /usr/lib64/php7/extensions/fileinfo.so (/usr/lib64/php7/extensions/fileinfo.so: cannot open shared object file: No such file or directory), /usr/lib64/php7/extensions/fileinfo.so.so (/usr/lib64/php7/extensions/fileinfo.so.so: cannot open shared object file: No such file or directory)) in Unknown on line 0
PHP Warning:  Module 'pdo_pgsql' already loaded in Unknown on line 0
PHP Warning:  Module 'pgsql' already loaded in Unknown on line 0
PHP Warning:  Module 'Phar' already loaded in Unknown on line 0
--- RUNNING INCREMENTAL SYNC (Yesterday & Today) ---
Records found in Dialer: 914
Successfully updated 594 rows in Portal.
--- Sync Finished ---
PHP Warning:  PHP Startup: Unable to load dynamic library 'fileinfo.so' (tried: /usr/lib64/php7/extensions/fileinfo.so (/usr/lib64/php7/extensions/fileinfo.so: cannot open shared object file: No such file or directory), /usr/lib64/php7/extensions/fileinfo.so.so (/usr/lib64/php7/extensions/fileinfo.so.so: cannot open shared object file: No such file or directory)) in Unknown on line 0
PHP Warning:  Module 'pdo_pgsql' already loaded in Unknown on line 0
PHP Warning:  Module 'pgsql' already loaded in Unknown on line 0
PHP Warning:  Module 'Phar' already loaded in Unknown on line 0
--- RUNNING INCREMENTAL SYNC (Yesterday & Today) ---
Records found in Dialer: 963
Successfully updated 634 rows in Portal.
--- Sync Finished ---
PHP Warning:  PHP Startup: Unable to load dynamic library 'fileinfo.so' (tried: /usr/lib64/php7/extensions/fileinfo.so (/usr/lib64/php7/extensions/fileinfo.so: cannot open shared object file: No such file or directory), /usr/lib64/php7/extensions/fileinfo.so.so (/usr/lib64/php7/extensions/fileinfo.so.so: cannot open shared object file: No such file or directory)) in Unknown on line 0
PHP Warning:  Module 'pdo_pgsql' already loaded in Unknown on line 0
PHP Warning:  Module 'pgsql' already loaded in Unknown on line 0
PHP Warning:  Module 'Phar' already loaded in Unknown on line 0
--- RUNNING INCREMENTAL SYNC (Yesterday & Today) ---
Records found in Dialer: 1046
Successfully updated 697 rows in Portal.
--- Sync Finished ---
PHP Warning:  PHP Startup: Unable to load dynamic library 'fileinfo.so' (tried: /usr/lib64/php7/extensions/fileinfo.so (/usr/lib64/php7/extensions/fileinfo.so: cannot open shared object file: No such file or directory), /usr/lib64/php7/extensions/fileinfo.so.so (/usr/lib64/php7/extensions/fileinfo.so.so: cannot open shared object file: No such file or directory)) in Unknown on line 0
PHP Warning:  Module 'pdo_pgsql' already loaded in Unknown on line 0
PHP Warning:  Module 'pgsql' already loaded in Unknown on line 0
PHP Warning:  Module 'Phar' already loaded in Unknown on line 0
--- RUNNING INCREMENTAL SYNC (Yesterday & Today) ---
Records found in Dialer: 1127
Successfully updated 744 rows in Portal.
--- Sync Finished ---
PHP Warning:  PHP Startup: Unable to load dynamic library 'fileinfo.so' (tried: /usr/lib64/php7/extensions/fileinfo.so (/usr/lib64/php7/extensions/fileinfo.so: cannot open shared object file: No such file or directory), /usr/lib64/php7/extensions/fileinfo.so.so (/usr/lib64/php7/extensions/fileinfo.so.so: cannot open shared object file: No such file or directory)) in Unknown on line 0
PHP Warning:  Module 'pdo_pgsql' already loaded in Unknown on line 0
PHP Warning:  Module 'pgsql' already loaded in Unknown on line 0
PHP Warning:  Module 'Phar' already loaded in Unknown on line 0
--- RUNNING INCREMENTAL SYNC (Yesterday & Today) ---
Records found in Dialer: 1163
Successfully updated 772 rows in Portal.
--- Sync Finished ---
PHP Warning:  PHP Startup: Unable to load dynamic library 'fileinfo.so' (tried: /usr/lib64/php7/extensions/fileinfo.so (/usr/lib64/php7/extensions/fileinfo.so: cannot open shared object file: No such file or directory), /usr/lib64/php7/extensions/fileinfo.so.so (/usr/lib64/php7/extensions/fileinfo.so.so: cannot open shared object file: No such file or directory)) in Unknown on line 0
PHP Warning:  Module 'pdo_pgsql' already loaded in Unknown on line 0
PHP Warning:  Module 'pgsql' already loaded in Unknown on line 0
PHP Warning:  Module 'Phar' already loaded in Unknown on line 0
--- RUNNING INCREMENTAL SYNC (Yesterday & Today) ---
Records found in Dialer: 1188
Successfully updated 792 rows in Portal.
--- Sync Finished ---
PHP Warning:  PHP Startup: Unable to load dynamic library 'fileinfo.so' (tried: /usr/lib64/php7/extensions/fileinfo.so (/usr/lib64/php7/extensions/fileinfo.so: cannot open shared object file: No such file or directory), /usr/lib64/php7/extensions/fileinfo.so.so (/usr/lib64/php7/extensions/fileinfo.so.so: cannot open shared object file: No such file or directory)) in Unknown on line 0
PHP Warning:  Module 'pdo_pgsql' already loaded in Unknown on line 0
PHP Warning:  Module 'pgsql' already loaded in Unknown on line 0
PHP Warning:  Module 'Phar' already loaded in Unknown on line 0
--- RUNNING INCREMENTAL SYNC (Yesterday & Today) ---
Records found in Dialer: 1205
Successfully updated 807 rows in Portal.
--- Sync Finished ---
PHP Warning:  PHP Startup: Unable to load dynamic library 'fileinfo.so' (tried: /usr/lib64/php7/extensions/fileinfo.so (/usr/lib64/php7/extensions/fileinfo.so: cannot open shared object file: No such file or directory), /usr/lib64/php7/extensions/fileinfo.so.so (/usr/lib64/php7/extensions/fileinfo.so.so: cannot open shared object file: No such file or directory)) in Unknown on line 0
PHP Warning:  Module 'pdo_pgsql' already loaded in Unknown on line 0
PHP Warning:  Module 'pgsql' already loaded in Unknown on line 0
PHP Warning:  Module 'Phar' already loaded in Unknown on line 0
--- RUNNING INCREMENTAL SYNC (Yesterday & Today) ---
Records found in Dialer: 1213
Successfully updated 811 rows in Portal.
--- Sync Finished ---
PHP Warning:  PHP Startup: Unable to load dynamic library 'fileinfo.so' (tried: /usr/lib64/php7/extensions/fileinfo.so (/usr/lib64/php7/extensions/fileinfo.so: cannot open shared object file: No such file or directory), /usr/lib64/php7/extensions/fileinfo.so.so (/usr/lib64/php7/extensions/fileinfo.so.so: cannot open shared object file: No such file or directory)) in Unknown on line 0
PHP Warning:  Module 'pdo_pgsql' already loaded in Unknown on line 0
PHP Warning:  Module 'pgsql' already loaded in Unknown on line 0
PHP Warning:  Module 'Phar' already loaded in Unknown on line 0
--- RUNNING INCREMENTAL SYNC (Yesterday & Today) ---
Records found in Dialer: 1223
Successfully updated 819 rows in Portal.
--- Sync Finished ---
PHP Warning:  PHP Startup: Unable to load dynamic library 'fileinfo.so' (tried: /usr/lib64/php7/extensions/fileinfo.so (/usr/lib64/php7/extensions/fileinfo.so: cannot open shared object file: No such file or directory), /usr/lib64/php7/extensions/fileinfo.so.so (/usr/lib64/php7/extensions/fileinfo.so.so: cannot open shared object file: No such file or directory)) in Unknown on line 0
PHP Warning:  Module 'pdo_pgsql' already loaded in Unknown on line 0
PHP Warning:  Module 'pgsql' already loaded in Unknown on line 0
PHP Warning:  Module 'Phar' already loaded in Unknown on line 0
--- RUNNING INCREMENTAL SYNC (Yesterday & Today) ---
Records found in Dialer: 1230
Successfully updated 822 rows in Portal.
--- Sync Finished ---
PHP Warning:  PHP Startup: Unable to load dynamic library 'fileinfo.so' (tried: /usr/lib64/php7/extensions/fileinfo.so (/usr/lib64/php7/extensions/fileinfo.so: cannot open shared object file: No such file or directory), /usr/lib64/php7/extensions/fileinfo.so.so (/usr/lib64/php7/extensions/fileinfo.so.so: cannot open shared object file: No such file or directory)) in Unknown on line 0
PHP Warning:  Module 'pdo_pgsql' already loaded in Unknown on line 0
PHP Warning:  Module 'pgsql' already loaded in Unknown on line 0
PHP Warning:  Module 'Phar' already loaded in Unknown on line 0
--- RUNNING INCREMENTAL SYNC (Yesterday & Today) ---
Records found in Dialer: 1230
Successfully updated 822 rows in Portal.
--- Sync Finished ---
PHP Warning:  PHP Startup: Unable to load dynamic library 'fileinfo.so' (tried: /usr/lib64/php7/extensions/fileinfo.so (/usr/lib64/php7/extensions/fileinfo.so: cannot open shared object file: No such file or directory), /usr/lib64/php7/extensions/fileinfo.so.so (/usr/lib64/php7/extensions/fileinfo.so.so: cannot open shared object file: No such file or directory)) in Unknown on line 0
PHP Warning:  Module 'pdo_pgsql' already loaded in Unknown on line 0
PHP Warning:  Module 'pgsql' already loaded in Unknown on line 0
PHP Warning:  Module 'Phar' already loaded in Unknown on line 0
--- RUNNING INCREMENTAL SYNC (Yesterday & Today) ---
Records found in Dialer: 1232
Successfully updated 823 rows in Portal.
--- Sync Finished ---
PHP Warning:  PHP Startup: Unable to load dynamic library 'fileinfo.so' (tried: /usr/lib64/php7/extensions/fileinfo.so (/usr/lib64/php7/extensions/fileinfo.so: cannot open shared object file: No such file or directory), /usr/lib64/php7/extensions/fileinfo.so.so (/usr/lib64/php7/extensions/fileinfo.so.so: cannot open shared object file: No such file or directory)) in Unknown on line 0
PHP Warning:  Module 'pdo_pgsql' already loaded in Unknown on line 0
PHP Warning:  Module 'pgsql' already loaded in Unknown on line 0
PHP Warning:  Module 'Phar' already loaded in Unknown on line 0
ERROR: SQLSTATE[40001]: Serialization failure: 1213 Deadlock found when trying to get lock; try restarting transaction