PHP Warning:  PHP Startup: Unable to load dynamic library 'fileinfo.so' (tried: /usr/lib64/php7/extensions/fileinfo.so (/usr/lib64/php7/extensions/fileinfo.so: cannot open shared object file: No such file or directory), /usr/lib64/php7/extensions/fileinfo.so.so (/usr/lib64/php7/extensions/fileinfo.so.so: cannot open shared object file: No such file or directory)) in Unknown on line 0
PHP Warning:  Module 'pdo_pgsql' already loaded in Unknown on line 0
PHP Warning:  Module 'pgsql' already loaded in Unknown on line 0
PHP Warning:  Module 'Phar' already loaded in Unknown on line 0
PHP Parse error:  syntax error, unexpected end of file in /srv/www/htdocs/attendance/includes/modules/attendance/nca_apr_sync.php on line 47
PHP Warning:  PHP Startup: Unable to load dynamic library 'fileinfo.so' (tried: /usr/lib64/php7/extensions/fileinfo.so (/usr/lib64/php7/extensions/fileinfo.so: cannot open shared object file: No such file or directory), /usr/lib64/php7/extensions/fileinfo.so.so (/usr/lib64/php7/extensions/fileinfo.so.so: cannot open shared object file: No such file or directory)) in Unknown on line 0
PHP Warning:  Module 'pdo_pgsql' already loaded in Unknown on line 0
PHP Warning:  Module 'pgsql' already loaded in Unknown on line 0
PHP Warning:  Module 'Phar' already loaded in Unknown on line 0
>>> NCA PROCESS SYNC: 2026-09-06 to 2026-09-07 <<<
1. Found 553 records in Verve Dialer.
2. Successfully synced 0 NCA records.
>>> NCA Sync Finished <<<
PHP Warning:  PHP Startup: Unable to load dynamic library 'fileinfo.so' (tried: /usr/lib64/php7/extensions/fileinfo.so (/usr/lib64/php7/extensions/fileinfo.so: cannot open shared object file: No such file or directory), /usr/lib64/php7/extensions/fileinfo.so.so (/usr/lib64/php7/extensions/fileinfo.so.so: cannot open shared object file: No such file or directory)) in Unknown on line 0
PHP Warning:  Module 'pdo_pgsql' already loaded in Unknown on line 0
PHP Warning:  Module 'pgsql' already loaded in Unknown on line 0
PHP Warning:  Module 'Phar' already loaded in Unknown on line 0
PHP Fatal error:  Uncaught Error: Call to a member function fetchAll() on bool in /srv/www/htdocs/attendance/includes/modules/attendance/nca_apr_sync.php:56
Stack trace:
#0 {main}
  thrown in /srv/www/htdocs/attendance/includes/modules/attendance/nca_apr_sync.php on line 56
>>> HYBRID SYNC STARTED: 2026-09-06 to 2026-09-07 <<<
Fetching from Main... Found 604 records.
Fetching from Amazon... Found 117 records.
Fetching from Upgrade... Found 171 records.
Fetching from DC... Found 98 records.
Fetching from Plcc... Found 49 records.
Fetching from RTO... 
Fatal error: Uncaught Error: Call to a member function fetchAll() on bool in /srv/www/htdocs/attendance/includes/modules/attendance/nca_apr_sync.php:56
Stack trace:
#0 {main}
  thrown in /srv/www/htdocs/attendance/includes/modules/attendance/nca_apr_sync.php on line 56
PHP Warning:  PHP Startup: Unable to load dynamic library 'fileinfo.so' (tried: /usr/lib64/php7/extensions/fileinfo.so (/usr/lib64/php7/extensions/fileinfo.so: cannot open shared object file: No such file or directory), /usr/lib64/php7/extensions/fileinfo.so.so (/usr/lib64/php7/extensions/fileinfo.so.so: cannot open shared object file: No such file or directory)) in Unknown on line 0
PHP Warning:  Module 'pdo_pgsql' already loaded in Unknown on line 0
PHP Warning:  Module 'pgsql' already loaded in Unknown on line 0
PHP Warning:  Module 'Phar' already loaded in Unknown on line 0
PHP Fatal error:  Uncaught Error: Call to a member function fetchAll() on bool in /srv/www/htdocs/attendance/includes/modules/attendance/nca_apr_sync.php:56
Stack trace:
#0 {main}
  thrown in /srv/www/htdocs/attendance/includes/modules/attendance/nca_apr_sync.php on line 56
>>> HYBRID SYNC STARTED: 2026-09-06 to 2026-09-07 <<<
Fetching from Main... Found 618 records.
Fetching from Amazon... Found 118 records.
Fetching from Upgrade... Found 175 records.
Fetching from DC... Found 100 records.
Fetching from Plcc... Found 50 records.
Fetching from RTO... 
Fatal error: Uncaught Error: Call to a member function fetchAll() on bool in /srv/www/htdocs/attendance/includes/modules/attendance/nca_apr_sync.php:56
Stack trace:
#0 {main}
  thrown in /srv/www/htdocs/attendance/includes/modules/attendance/nca_apr_sync.php on line 56
PHP Warning:  PHP Startup: Unable to load dynamic library 'fileinfo.so' (tried: /usr/lib64/php7/extensions/fileinfo.so (/usr/lib64/php7/extensions/fileinfo.so: cannot open shared object file: No such file or directory), /usr/lib64/php7/extensions/fileinfo.so.so (/usr/lib64/php7/extensions/fileinfo.so.so: cannot open shared object file: No such file or directory)) in Unknown on line 0
PHP Warning:  Module 'pdo_pgsql' already loaded in Unknown on line 0
PHP Warning:  Module 'pgsql' already loaded in Unknown on line 0
PHP Warning:  Module 'Phar' already loaded in Unknown on line 0
PHP Fatal error:  Uncaught Error: Call to a member function fetchAll() on bool in /srv/www/htdocs/attendance/includes/modules/attendance/nca_apr_sync.php:56
Stack trace:
#0 {main}
  thrown in /srv/www/htdocs/attendance/includes/modules/attendance/nca_apr_sync.php on line 56
>>> HYBRID SYNC STARTED: 2026-09-06 to 2026-09-07 <<<
Fetching from Main... Found 621 records.
Fetching from Amazon... Found 118 records.
Fetching from Upgrade... Found 178 records.
Fetching from DC... Found 102 records.
Fetching from Plcc... Found 50 records.
Fetching from RTO... 
Fatal error: Uncaught Error: Call to a member function fetchAll() on bool in /srv/www/htdocs/attendance/includes/modules/attendance/nca_apr_sync.php:56
Stack trace:
#0 {main}
  thrown in /srv/www/htdocs/attendance/includes/modules/attendance/nca_apr_sync.php on line 56
PHP Warning:  PHP Startup: Unable to load dynamic library 'fileinfo.so' (tried: /usr/lib64/php7/extensions/fileinfo.so (/usr/lib64/php7/extensions/fileinfo.so: cannot open shared object file: No such file or directory), /usr/lib64/php7/extensions/fileinfo.so.so (/usr/lib64/php7/extensions/fileinfo.so.so: cannot open shared object file: No such file or directory)) in Unknown on line 0
PHP Warning:  Module 'pdo_pgsql' already loaded in Unknown on line 0
PHP Warning:  Module 'pgsql' already loaded in Unknown on line 0
PHP Warning:  Module 'Phar' already loaded in Unknown on line 0
>>> HYBRID SYNC STARTED: 2026-09-06 to 2026-09-07 <<<
Fetching from Main... Found 622 records.
Fetching from Amazon... Found 119 records.
Successfully synced 583 records into Portal.
>>> Sync Complete <<<
PHP Warning:  PHP Startup: Unable to load dynamic library 'fileinfo.so' (tried: /usr/lib64/php7/extensions/fileinfo.so (/usr/lib64/php7/extensions/fileinfo.so: cannot open shared object file: No such file or directory), /usr/lib64/php7/extensions/fileinfo.so.so (/usr/lib64/php7/extensions/fileinfo.so.so: cannot open shared object file: No such file or directory)) in Unknown on line 0
PHP Warning:  Module 'pdo_pgsql' already loaded in Unknown on line 0
PHP Warning:  Module 'pgsql' already loaded in Unknown on line 0
PHP Warning:  Module 'Phar' already loaded in Unknown on line 0
>>> HYBRID SYNC STARTED: 2026-09-06 to 2026-09-07 <<<
Fetching from Main... Found 628 records.
Fetching from Amazon... Found 120 records.
Successfully synced 584 records into Portal.
>>> Sync Complete <<<
PHP Warning:  PHP Startup: Unable to load dynamic library 'fileinfo.so' (tried: /usr/lib64/php7/extensions/fileinfo.so (/usr/lib64/php7/extensions/fileinfo.so: cannot open shared object file: No such file or directory), /usr/lib64/php7/extensions/fileinfo.so.so (/usr/lib64/php7/extensions/fileinfo.so.so: cannot open shared object file: No such file or directory)) in Unknown on line 0
PHP Warning:  Module 'pdo_pgsql' already loaded in Unknown on line 0
PHP Warning:  Module 'pgsql' already loaded in Unknown on line 0
PHP Warning:  Module 'Phar' already loaded in Unknown on line 0
>>> HYBRID SYNC STARTED: 2026-09-06 to 2026-09-07 <<<
Fetching from Main... Found 629 records.
Fetching from Amazon... Found 124 records.
Successfully synced 589 records into Portal.
>>> Sync Complete <<<
PHP Warning:  PHP Startup: Unable to load dynamic library 'fileinfo.so' (tried: /usr/lib64/php7/extensions/fileinfo.so (/usr/lib64/php7/extensions/fileinfo.so: cannot open shared object file: No such file or directory), /usr/lib64/php7/extensions/fileinfo.so.so (/usr/lib64/php7/extensions/fileinfo.so.so: cannot open shared object file: No such file or directory)) in Unknown on line 0
PHP Warning:  Module 'pdo_pgsql' already loaded in Unknown on line 0
PHP Warning:  Module 'pgsql' already loaded in Unknown on line 0
PHP Warning:  Module 'Phar' already loaded in Unknown on line 0
>>> HYBRID SYNC STARTED: 2026-09-06 to 2026-09-07 <<<
Fetching from Main... Found 632 records.
Fetching from Amazon... Found 125 records.
Successfully synced 592 records into Portal.
>>> Sync Complete <<<
PHP Warning:  PHP Startup: Unable to load dynamic library 'fileinfo.so' (tried: /usr/lib64/php7/extensions/fileinfo.so (/usr/lib64/php7/extensions/fileinfo.so: cannot open shared object file: No such file or directory), /usr/lib64/php7/extensions/fileinfo.so.so (/usr/lib64/php7/extensions/fileinfo.so.so: cannot open shared object file: No such file or directory)) in Unknown on line 0
PHP Warning:  Module 'pdo_pgsql' already loaded in Unknown on line 0
PHP Warning:  Module 'pgsql' already loaded in Unknown on line 0
PHP Warning:  Module 'Phar' already loaded in Unknown on line 0
>>> HYBRID SYNC STARTED: 2026-09-06 to 2026-09-07 <<<
Fetching from Main... Found 633 records.
Fetching from Amazon... Found 125 records.
Successfully synced 593 records into Portal.
>>> Sync Complete <<<
PHP Warning:  PHP Startup: Unable to load dynamic library 'fileinfo.so' (tried: /usr/lib64/php7/extensions/fileinfo.so (/usr/lib64/php7/extensions/fileinfo.so: cannot open shared object file: No such file or directory), /usr/lib64/php7/extensions/fileinfo.so.so (/usr/lib64/php7/extensions/fileinfo.so.so: cannot open shared object file: No such file or directory)) in Unknown on line 0
PHP Warning:  Module 'pdo_pgsql' already loaded in Unknown on line 0
PHP Warning:  Module 'pgsql' already loaded in Unknown on line 0
PHP Warning:  Module 'Phar' already loaded in Unknown on line 0
>>> HYBRID SYNC STARTED: 2026-09-06 to 2026-09-07 <<<
Fetching from Main... Found 634 records.
Fetching from Amazon... Found 125 records.
Successfully synced 594 records into Portal.
>>> Sync Complete <<<
PHP Warning:  PHP Startup: Unable to load dynamic library 'fileinfo.so' (tried: /usr/lib64/php7/extensions/fileinfo.so (/usr/lib64/php7/extensions/fileinfo.so: cannot open shared object file: No such file or directory), /usr/lib64/php7/extensions/fileinfo.so.so (/usr/lib64/php7/extensions/fileinfo.so.so: cannot open shared object file: No such file or directory)) in Unknown on line 0
PHP Warning:  Module 'pdo_pgsql' already loaded in Unknown on line 0
PHP Warning:  Module 'pgsql' already loaded in Unknown on line 0
PHP Warning:  Module 'Phar' already loaded in Unknown on line 0
>>> HYBRID SYNC STARTED: 2026-09-06 to 2026-09-07 <<<
Fetching from Main... Found 635 records.
Fetching from Amazon... Found 125 records.
Successfully synced 594 records into Portal.
>>> Sync Complete <<<
PHP Warning:  PHP Startup: Unable to load dynamic library 'fileinfo.so' (tried: /usr/lib64/php7/extensions/fileinfo.so (/usr/lib64/php7/extensions/fileinfo.so: cannot open shared object file: No such file or directory), /usr/lib64/php7/extensions/fileinfo.so.so (/usr/lib64/php7/extensions/fileinfo.so.so: cannot open shared object file: No such file or directory)) in Unknown on line 0
PHP Warning:  Module 'pdo_pgsql' already loaded in Unknown on line 0
PHP Warning:  Module 'pgsql' already loaded in Unknown on line 0
PHP Warning:  Module 'Phar' already loaded in Unknown on line 0
>>> HYBRID SYNC STARTED: 2026-09-06 to 2026-09-07 <<<
Fetching from Main... Found 635 records.
Fetching from Amazon... Found 125 records.
Successfully synced 594 records into Portal.
>>> Sync Complete <<<
PHP Warning:  PHP Startup: Unable to load dynamic library 'fileinfo.so' (tried: /usr/lib64/php7/extensions/fileinfo.so (/usr/lib64/php7/extensions/fileinfo.so: cannot open shared object file: No such file or directory), /usr/lib64/php7/extensions/fileinfo.so.so (/usr/lib64/php7/extensions/fileinfo.so.so: cannot open shared object file: No such file or directory)) in Unknown on line 0
PHP Warning:  Module 'pdo_pgsql' already loaded in Unknown on line 0
PHP Warning:  Module 'pgsql' already loaded in Unknown on line 0
PHP Warning:  Module 'Phar' already loaded in Unknown on line 0
>>> HYBRID SYNC STARTED: 2026-09-06 to 2026-09-07 <<<
Fetching from Main... Found 635 records.
Fetching from Amazon... Found 127 records.
Successfully synced 596 records into Portal.
>>> Sync Complete <<<
PHP Warning:  PHP Startup: Unable to load dynamic library 'fileinfo.so' (tried: /usr/lib64/php7/extensions/fileinfo.so (/usr/lib64/php7/extensions/fileinfo.so: cannot open shared object file: No such file or directory), /usr/lib64/php7/extensions/fileinfo.so.so (/usr/lib64/php7/extensions/fileinfo.so.so: cannot open shared object file: No such file or directory)) in Unknown on line 0
PHP Warning:  Module 'pdo_pgsql' already loaded in Unknown on line 0
PHP Warning:  Module 'pgsql' already loaded in Unknown on line 0
PHP Warning:  Module 'Phar' already loaded in Unknown on line 0
>>> HYBRID SYNC STARTED: 2026-09-06 to 2026-09-07 <<<
Fetching from Main... Found 635 records.
Fetching from Amazon... Found 129 records.
Successfully synced 597 records into Portal.
>>> Sync Complete <<<
PHP Warning:  PHP Startup: Unable to load dynamic library 'fileinfo.so' (tried: /usr/lib64/php7/extensions/fileinfo.so (/usr/lib64/php7/extensions/fileinfo.so: cannot open shared object file: No such file or directory), /usr/lib64/php7/extensions/fileinfo.so.so (/usr/lib64/php7/extensions/fileinfo.so.so: cannot open shared object file: No such file or directory)) in Unknown on line 0
PHP Warning:  Module 'pdo_pgsql' already loaded in Unknown on line 0
PHP Warning:  Module 'pgsql' already loaded in Unknown on line 0
PHP Warning:  Module 'Phar' already loaded in Unknown on line 0
>>> HYBRID SYNC STARTED: 2026-09-06 to 2026-09-07 <<<
Fetching from Main... Found 635 records.
Fetching from Amazon... Found 129 records.
Successfully synced 600 records into Portal.
>>> Sync Complete <<<
PHP Warning:  PHP Startup: Unable to load dynamic library 'fileinfo.so' (tried: /usr/lib64/php7/extensions/fileinfo.so (/usr/lib64/php7/extensions/fileinfo.so: cannot open shared object file: No such file or directory), /usr/lib64/php7/extensions/fileinfo.so.so (/usr/lib64/php7/extensions/fileinfo.so.so: cannot open shared object file: No such file or directory)) in Unknown on line 0
PHP Warning:  Module 'pdo_pgsql' already loaded in Unknown on line 0
PHP Warning:  Module 'pgsql' already loaded in Unknown on line 0
PHP Warning:  Module 'Phar' already loaded in Unknown on line 0
>>> HYBRID SYNC STARTED: 2026-09-06 to 2026-09-07 <<<
Fetching from Main... Found 638 records.
Fetching from Amazon... Found 129 records.
Successfully synced 601 records into Portal.
>>> Sync Complete <<<
PHP Warning:  PHP Startup: Unable to load dynamic library 'fileinfo.so' (tried: /usr/lib64/php7/extensions/fileinfo.so (/usr/lib64/php7/extensions/fileinfo.so: cannot open shared object file: No such file or directory), /usr/lib64/php7/extensions/fileinfo.so.so (/usr/lib64/php7/extensions/fileinfo.so.so: cannot open shared object file: No such file or directory)) in Unknown on line 0
PHP Warning:  Module 'pdo_pgsql' already loaded in Unknown on line 0
PHP Warning:  Module 'pgsql' already loaded in Unknown on line 0
PHP Warning:  Module 'Phar' already loaded in Unknown on line 0
>>> HYBRID SYNC STARTED: 2026-09-06 to 2026-09-07 <<<
Fetching from Main... Found 639 records.
Fetching from Amazon... Found 129 records.
Successfully synced 601 records into Portal.
>>> Sync Complete <<<
PHP Warning:  PHP Startup: Unable to load dynamic library 'fileinfo.so' (tried: /usr/lib64/php7/extensions/fileinfo.so (/usr/lib64/php7/extensions/fileinfo.so: cannot open shared object file: No such file or directory), /usr/lib64/php7/extensions/fileinfo.so.so (/usr/lib64/php7/extensions/fileinfo.so.so: cannot open shared object file: No such file or directory)) in Unknown on line 0
PHP Warning:  Module 'pdo_pgsql' already loaded in Unknown on line 0
PHP Warning:  Module 'pgsql' already loaded in Unknown on line 0
PHP Warning:  Module 'Phar' already loaded in Unknown on line 0
>>> HYBRID SYNC STARTED: 2026-09-06 to 2026-09-07 <<<
Fetching from Main... Found 641 records.
Fetching from Amazon... Found 129 records.
Successfully synced 602 records into Portal.
>>> Sync Complete <<<
PHP Warning:  PHP Startup: Unable to load dynamic library 'fileinfo.so' (tried: /usr/lib64/php7/extensions/fileinfo.so (/usr/lib64/php7/extensions/fileinfo.so: cannot open shared object file: No such file or directory), /usr/lib64/php7/extensions/fileinfo.so.so (/usr/lib64/php7/extensions/fileinfo.so.so: cannot open shared object file: No such file or directory)) in Unknown on line 0
PHP Warning:  Module 'pdo_pgsql' already loaded in Unknown on line 0
PHP Warning:  Module 'pgsql' already loaded in Unknown on line 0
PHP Warning:  Module 'Phar' already loaded in Unknown on line 0
>>> HYBRID SYNC STARTED: 2026-09-06 to 2026-09-07 <<<
Fetching from Main... Found 641 records.
Fetching from Amazon... Found 129 records.
Successfully synced 602 records into Portal.
>>> Sync Complete <<<
PHP Warning:  PHP Startup: Unable to load dynamic library 'fileinfo.so' (tried: /usr/lib64/php7/extensions/fileinfo.so (/usr/lib64/php7/extensions/fileinfo.so: cannot open shared object file: No such file or directory), /usr/lib64/php7/extensions/fileinfo.so.so (/usr/lib64/php7/extensions/fileinfo.so.so: cannot open shared object file: No such file or directory)) in Unknown on line 0
PHP Warning:  Module 'pdo_pgsql' already loaded in Unknown on line 0
PHP Warning:  Module 'pgsql' already loaded in Unknown on line 0
PHP Warning:  Module 'Phar' already loaded in Unknown on line 0
>>> HYBRID SYNC STARTED: 2026-09-06 to 2026-09-07 <<<
Fetching from Main... Found 641 records.
Fetching from Amazon... Found 129 records.
Successfully synced 602 records into Portal.
>>> Sync Complete <<<
PHP Warning:  PHP Startup: Unable to load dynamic library 'fileinfo.so' (tried: /usr/lib64/php7/extensions/fileinfo.so (/usr/lib64/php7/extensions/fileinfo.so: cannot open shared object file: No such file or directory), /usr/lib64/php7/extensions/fileinfo.so.so (/usr/lib64/php7/extensions/fileinfo.so.so: cannot open shared object file: No such file or directory)) in Unknown on line 0
PHP Warning:  Module 'pdo_pgsql' already loaded in Unknown on line 0
PHP Warning:  Module 'pgsql' already loaded in Unknown on line 0
PHP Warning:  Module 'Phar' already loaded in Unknown on line 0
>>> HYBRID SYNC STARTED: 2026-09-06 to 2026-09-07 <<<
Fetching from Main... Found 641 records.
Fetching from Amazon... Found 129 records.
Successfully synced 602 records into Portal.
>>> Sync Complete <<<
PHP Warning:  PHP Startup: Unable to load dynamic library 'fileinfo.so' (tried: /usr/lib64/php7/extensions/fileinfo.so (/usr/lib64/php7/extensions/fileinfo.so: cannot open shared object file: No such file or directory), /usr/lib64/php7/extensions/fileinfo.so.so (/usr/lib64/php7/extensions/fileinfo.so.so: cannot open shared object file: No such file or directory)) in Unknown on line 0
PHP Warning:  Module 'pdo_pgsql' already loaded in Unknown on line 0
PHP Warning:  Module 'pgsql' already loaded in Unknown on line 0
PHP Warning:  Module 'Phar' already loaded in Unknown on line 0
>>> HYBRID SYNC STARTED: 2026-09-06 to 2026-09-07 <<<
Fetching from Main... Found 641 records.
Fetching from Amazon... Found 129 records.
Successfully synced 602 records into Portal.
>>> Sync Complete <<<
PHP Warning:  PHP Startup: Unable to load dynamic library 'fileinfo.so' (tried: /usr/lib64/php7/extensions/fileinfo.so (/usr/lib64/php7/extensions/fileinfo.so: cannot open shared object file: No such file or directory), /usr/lib64/php7/extensions/fileinfo.so.so (/usr/lib64/php7/extensions/fileinfo.so.so: cannot open shared object file: No such file or directory)) in Unknown on line 0
PHP Warning:  Module 'pdo_pgsql' already loaded in Unknown on line 0
PHP Warning:  Module 'pgsql' already loaded in Unknown on line 0
PHP Warning:  Module 'Phar' already loaded in Unknown on line 0
>>> HYBRID SYNC STARTED: 2026-09-06 to 2026-09-07 <<<
Fetching from Main... Found 641 records.
Fetching from Amazon... Found 129 records.
Successfully synced 602 records into Portal.
>>> Sync Complete <<<
PHP Warning:  PHP Startup: Unable to load dynamic library 'fileinfo.so' (tried: /usr/lib64/php7/extensions/fileinfo.so (/usr/lib64/php7/extensions/fileinfo.so: cannot open shared object file: No such file or directory), /usr/lib64/php7/extensions/fileinfo.so.so (/usr/lib64/php7/extensions/fileinfo.so.so: cannot open shared object file: No such file or directory)) in Unknown on line 0
PHP Warning:  Module 'pdo_pgsql' already loaded in Unknown on line 0
PHP Warning:  Module 'pgsql' already loaded in Unknown on line 0
PHP Warning:  Module 'Phar' already loaded in Unknown on line 0
>>> HYBRID SYNC STARTED: 2026-09-06 to 2026-09-07 <<<
Fetching from Main... Found 641 records.
Fetching from Amazon... Found 129 records.
Successfully synced 602 records into Portal.
>>> Sync Complete <<<
PHP Warning:  PHP Startup: Unable to load dynamic library 'fileinfo.so' (tried: /usr/lib64/php7/extensions/fileinfo.so (/usr/lib64/php7/extensions/fileinfo.so: cannot open shared object file: No such file or directory), /usr/lib64/php7/extensions/fileinfo.so.so (/usr/lib64/php7/extensions/fileinfo.so.so: cannot open shared object file: No such file or directory)) in Unknown on line 0
PHP Warning:  Module 'pdo_pgsql' already loaded in Unknown on line 0
PHP Warning:  Module 'pgsql' already loaded in Unknown on line 0
PHP Warning:  Module 'Phar' already loaded in Unknown on line 0
>>> HYBRID SYNC STARTED: 2026-09-06 to 2026-09-07 <<<
Fetching from Main... Found 641 records.
Fetching from Amazon... Found 129 records.
Successfully synced 602 records into Portal.
>>> Sync Complete <<<
PHP Warning:  PHP Startup: Unable to load dynamic library 'fileinfo.so' (tried: /usr/lib64/php7/extensions/fileinfo.so (/usr/lib64/php7/extensions/fileinfo.so: cannot open shared object file: No such file or directory), /usr/lib64/php7/extensions/fileinfo.so.so (/usr/lib64/php7/extensions/fileinfo.so.so: cannot open shared object file: No such file or directory)) in Unknown on line 0
PHP Warning:  Module 'pdo_pgsql' already loaded in Unknown on line 0
PHP Warning:  Module 'pgsql' already loaded in Unknown on line 0
PHP Warning:  Module 'Phar' already loaded in Unknown on line 0
>>> HYBRID SYNC STARTED: 2026-09-06 to 2026-09-07 <<<
Fetching from Main... Found 641 records.
Fetching from Amazon... Found 129 records.
Successfully synced 602 records into Portal.
>>> Sync Complete <<<
PHP Warning:  PHP Startup: Unable to load dynamic library 'fileinfo.so' (tried: /usr/lib64/php7/extensions/fileinfo.so (/usr/lib64/php7/extensions/fileinfo.so: cannot open shared object file: No such file or directory), /usr/lib64/php7/extensions/fileinfo.so.so (/usr/lib64/php7/extensions/fileinfo.so.so: cannot open shared object file: No such file or directory)) in Unknown on line 0
PHP Warning:  Module 'pdo_pgsql' already loaded in Unknown on line 0
PHP Warning:  Module 'pgsql' already loaded in Unknown on line 0
PHP Warning:  Module 'Phar' already loaded in Unknown on line 0
>>> HYBRID SYNC STARTED: 2026-09-06 to 2026-09-07 <<<
Fetching from Main... Found 641 records.
Fetching from Amazon... Found 129 records.
Successfully synced 602 records into Portal.
>>> Sync Complete <<<
PHP Warning:  PHP Startup: Unable to load dynamic library 'fileinfo.so' (tried: /usr/lib64/php7/extensions/fileinfo.so (/usr/lib64/php7/extensions/fileinfo.so: cannot open shared object file: No such file or directory), /usr/lib64/php7/extensions/fileinfo.so.so (/usr/lib64/php7/extensions/fileinfo.so.so: cannot open shared object file: No such file or directory)) in Unknown on line 0
PHP Warning:  Module 'pdo_pgsql' already loaded in Unknown on line 0
PHP Warning:  Module 'pgsql' already loaded in Unknown on line 0
PHP Warning:  Module 'Phar' already loaded in Unknown on line 0
>>> HYBRID SYNC STARTED: 2026-09-06 to 2026-09-07 <<<
Fetching from Main... Found 641 records.
Fetching from Amazon... Found 129 records.
Successfully synced 602 records into Portal.
>>> Sync Complete <<<
PHP Warning:  PHP Startup: Unable to load dynamic library 'fileinfo.so' (tried: /usr/lib64/php7/extensions/fileinfo.so (/usr/lib64/php7/extensions/fileinfo.so: cannot open shared object file: No such file or directory), /usr/lib64/php7/extensions/fileinfo.so.so (/usr/lib64/php7/extensions/fileinfo.so.so: cannot open shared object file: No such file or directory)) in Unknown on line 0
PHP Warning:  Module 'pdo_pgsql' already loaded in Unknown on line 0
PHP Warning:  Module 'pgsql' already loaded in Unknown on line 0
PHP Warning:  Module 'Phar' already loaded in Unknown on line 0
>>> HYBRID SYNC STARTED: 2026-09-07 to 2026-09-08 <<<
Fetching from Main... Found 539 records.
Fetching from Amazon... Found 126 records.
Successfully synced 512 records into Portal.
>>> Sync Complete <<<
PHP Warning:  PHP Startup: Unable to load dynamic library 'fileinfo.so' (tried: /usr/lib64/php7/extensions/fileinfo.so (/usr/lib64/php7/extensions/fileinfo.so: cannot open shared object file: No such file or directory), /usr/lib64/php7/extensions/fileinfo.so.so (/usr/lib64/php7/extensions/fileinfo.so.so: cannot open shared object file: No such file or directory)) in Unknown on line 0
PHP Warning:  Module 'pdo_pgsql' already loaded in Unknown on line 0
PHP Warning:  Module 'pgsql' already loaded in Unknown on line 0
PHP Warning:  Module 'Phar' already loaded in Unknown on line 0
>>> HYBRID SYNC STARTED: 2026-09-07 to 2026-09-08 <<<
Fetching from Main... Found 569 records.
Fetching from Amazon... Found 127 records.
Successfully synced 535 records into Portal.
>>> Sync Complete <<<
PHP Warning:  PHP Startup: Unable to load dynamic library 'fileinfo.so' (tried: /usr/lib64/php7/extensions/fileinfo.so (/usr/lib64/php7/extensions/fileinfo.so: cannot open shared object file: No such file or directory), /usr/lib64/php7/extensions/fileinfo.so.so (/usr/lib64/php7/extensions/fileinfo.so.so: cannot open shared object file: No such file or directory)) in Unknown on line 0
PHP Warning:  Module 'pdo_pgsql' already loaded in Unknown on line 0
PHP Warning:  Module 'pgsql' already loaded in Unknown on line 0
PHP Warning:  Module 'Phar' already loaded in Unknown on line 0
>>> HYBRID SYNC STARTED: 2026-09-07 to 2026-09-08 <<<
Fetching from Main... Found 569 records.
Fetching from Amazon... Found 127 records.
Successfully synced 535 records into Portal.
>>> Sync Complete <<<
PHP Warning:  PHP Startup: Unable to load dynamic library 'fileinfo.so' (tried: /usr/lib64/php7/extensions/fileinfo.so (/usr/lib64/php7/extensions/fileinfo.so: cannot open shared object file: No such file or directory), /usr/lib64/php7/extensions/fileinfo.so.so (/usr/lib64/php7/extensions/fileinfo.so.so: cannot open shared object file: No such file or directory)) in Unknown on line 0
PHP Warning:  Module 'pdo_pgsql' already loaded in Unknown on line 0
PHP Warning:  Module 'pgsql' already loaded in Unknown on line 0
PHP Warning:  Module 'Phar' already loaded in Unknown on line 0
>>> HYBRID SYNC STARTED: 2026-09-07 to 2026-09-08 <<<
Fetching from Main... Found 569 records.
Fetching from Amazon... Found 127 records.
Successfully synced 535 records into Portal.
>>> Sync Complete <<<
PHP Warning:  PHP Startup: Unable to load dynamic library 'fileinfo.so' (tried: /usr/lib64/php7/extensions/fileinfo.so (/usr/lib64/php7/extensions/fileinfo.so: cannot open shared object file: No such file or directory), /usr/lib64/php7/extensions/fileinfo.so.so (/usr/lib64/php7/extensions/fileinfo.so.so: cannot open shared object file: No such file or directory)) in Unknown on line 0
PHP Warning:  Module 'pdo_pgsql' already loaded in Unknown on line 0
PHP Warning:  Module 'pgsql' already loaded in Unknown on line 0
PHP Warning:  Module 'Phar' already loaded in Unknown on line 0
>>> HYBRID SYNC STARTED: 2026-09-07 to 2026-09-08 <<<
Fetching from Main... Found 569 records.
Fetching from Amazon... Found 127 records.
Successfully synced 535 records into Portal.
>>> Sync Complete <<<
PHP Warning:  PHP Startup: Unable to load dynamic library 'fileinfo.so' (tried: /usr/lib64/php7/extensions/fileinfo.so (/usr/lib64/php7/extensions/fileinfo.so: cannot open shared object file: No such file or directory), /usr/lib64/php7/extensions/fileinfo.so.so (/usr/lib64/php7/extensions/fileinfo.so.so: cannot open shared object file: No such file or directory)) in Unknown on line 0
PHP Warning:  Module 'pdo_pgsql' already loaded in Unknown on line 0
PHP Warning:  Module 'pgsql' already loaded in Unknown on line 0
PHP Warning:  Module 'Phar' already loaded in Unknown on line 0
>>> HYBRID SYNC STARTED: 2026-09-07 to 2026-09-08 <<<
Fetching from Main... Found 569 records.
Fetching from Amazon... Found 127 records.
Successfully synced 535 records into Portal.
>>> Sync Complete <<<
PHP Warning:  PHP Startup: Unable to load dynamic library 'fileinfo.so' (tried: /usr/lib64/php7/extensions/fileinfo.so (/usr/lib64/php7/extensions/fileinfo.so: cannot open shared object file: No such file or directory), /usr/lib64/php7/extensions/fileinfo.so.so (/usr/lib64/php7/extensions/fileinfo.so.so: cannot open shared object file: No such file or directory)) in Unknown on line 0
PHP Warning:  Module 'pdo_pgsql' already loaded in Unknown on line 0
PHP Warning:  Module 'pgsql' already loaded in Unknown on line 0
PHP Warning:  Module 'Phar' already loaded in Unknown on line 0
>>> HYBRID SYNC STARTED: 2026-09-07 to 2026-09-08 <<<
Fetching from Main... Found 569 records.
Fetching from Amazon... Found 127 records.
Successfully synced 535 records into Portal.
>>> Sync Complete <<<
PHP Warning:  PHP Startup: Unable to load dynamic library 'fileinfo.so' (tried: /usr/lib64/php7/extensions/fileinfo.so (/usr/lib64/php7/extensions/fileinfo.so: cannot open shared object file: No such file or directory), /usr/lib64/php7/extensions/fileinfo.so.so (/usr/lib64/php7/extensions/fileinfo.so.so: cannot open shared object file: No such file or directory)) in Unknown on line 0
PHP Warning:  Module 'pdo_pgsql' already loaded in Unknown on line 0
PHP Warning:  Module 'pgsql' already loaded in Unknown on line 0
PHP Warning:  Module 'Phar' already loaded in Unknown on line 0
>>> HYBRID SYNC STARTED: 2026-09-07 to 2026-09-08 <<<
Fetching from Main... Found 569 records.
Fetching from Amazon... Found 127 records.
Successfully synced 535 records into Portal.
>>> Sync Complete <<<
PHP Warning:  PHP Startup: Unable to load dynamic library 'fileinfo.so' (tried: /usr/lib64/php7/extensions/fileinfo.so (/usr/lib64/php7/extensions/fileinfo.so: cannot open shared object file: No such file or directory), /usr/lib64/php7/extensions/fileinfo.so.so (/usr/lib64/php7/extensions/fileinfo.so.so: cannot open shared object file: No such file or directory)) in Unknown on line 0
PHP Warning:  Module 'pdo_pgsql' already loaded in Unknown on line 0
PHP Warning:  Module 'pgsql' already loaded in Unknown on line 0
PHP Warning:  Module 'Phar' already loaded in Unknown on line 0
>>> HYBRID SYNC STARTED: 2026-09-07 to 2026-09-08 <<<
Fetching from Main... Found 569 records.
Fetching from Amazon... Found 127 records.
Successfully synced 535 records into Portal.
>>> Sync Complete <<<
PHP Warning:  PHP Startup: Unable to load dynamic library 'fileinfo.so' (tried: /usr/lib64/php7/extensions/fileinfo.so (/usr/lib64/php7/extensions/fileinfo.so: cannot open shared object file: No such file or directory), /usr/lib64/php7/extensions/fileinfo.so.so (/usr/lib64/php7/extensions/fileinfo.so.so: cannot open shared object file: No such file or directory)) in Unknown on line 0
PHP Warning:  Module 'pdo_pgsql' already loaded in Unknown on line 0
PHP Warning:  Module 'pgsql' already loaded in Unknown on line 0
PHP Warning:  Module 'Phar' already loaded in Unknown on line 0
>>> HYBRID SYNC STARTED: 2026-09-07 to 2026-09-08 <<<
Fetching from Main... Found 569 records.
Fetching from Amazon... Found 127 records.
Successfully synced 535 records into Portal.
>>> Sync Complete <<<
PHP Warning:  PHP Startup: Unable to load dynamic library 'fileinfo.so' (tried: /usr/lib64/php7/extensions/fileinfo.so (/usr/lib64/php7/extensions/fileinfo.so: cannot open shared object file: No such file or directory), /usr/lib64/php7/extensions/fileinfo.so.so (/usr/lib64/php7/extensions/fileinfo.so.so: cannot open shared object file: No such file or directory)) in Unknown on line 0
PHP Warning:  Module 'pdo_pgsql' already loaded in Unknown on line 0
PHP Warning:  Module 'pgsql' already loaded in Unknown on line 0
PHP Warning:  Module 'Phar' already loaded in Unknown on line 0
>>> HYBRID SYNC STARTED: 2026-09-07 to 2026-09-08 <<<
Fetching from Main... Found 569 records.
Fetching from Amazon... Found 127 records.
Successfully synced 535 records into Portal.
>>> Sync Complete <<<
PHP Warning:  PHP Startup: Unable to load dynamic library 'fileinfo.so' (tried: /usr/lib64/php7/extensions/fileinfo.so (/usr/lib64/php7/extensions/fileinfo.so: cannot open shared object file: No such file or directory), /usr/lib64/php7/extensions/fileinfo.so.so (/usr/lib64/php7/extensions/fileinfo.so.so: cannot open shared object file: No such file or directory)) in Unknown on line 0
PHP Warning:  Module 'pdo_pgsql' already loaded in Unknown on line 0
PHP Warning:  Module 'pgsql' already loaded in Unknown on line 0
PHP Warning:  Module 'Phar' already loaded in Unknown on line 0
>>> HYBRID SYNC STARTED: 2026-09-07 to 2026-09-08 <<<
Fetching from Main... Found 569 records.
Fetching from Amazon... Found 127 records.
Successfully synced 535 records into Portal.
>>> Sync Complete <<<
PHP Warning:  PHP Startup: Unable to load dynamic library 'fileinfo.so' (tried: /usr/lib64/php7/extensions/fileinfo.so (/usr/lib64/php7/extensions/fileinfo.so: cannot open shared object file: No such file or directory), /usr/lib64/php7/extensions/fileinfo.so.so (/usr/lib64/php7/extensions/fileinfo.so.so: cannot open shared object file: No such file or directory)) in Unknown on line 0
PHP Warning:  Module 'pdo_pgsql' already loaded in Unknown on line 0
PHP Warning:  Module 'pgsql' already loaded in Unknown on line 0
PHP Warning:  Module 'Phar' already loaded in Unknown on line 0
>>> HYBRID SYNC STARTED: 2026-09-07 to 2026-09-08 <<<
Fetching from Main... Found 569 records.
Fetching from Amazon... Found 127 records.
Successfully synced 535 records into Portal.
>>> Sync Complete <<<
PHP Warning:  PHP Startup: Unable to load dynamic library 'fileinfo.so' (tried: /usr/lib64/php7/extensions/fileinfo.so (/usr/lib64/php7/extensions/fileinfo.so: cannot open shared object file: No such file or directory), /usr/lib64/php7/extensions/fileinfo.so.so (/usr/lib64/php7/extensions/fileinfo.so.so: cannot open shared object file: No such file or directory)) in Unknown on line 0
PHP Warning:  Module 'pdo_pgsql' already loaded in Unknown on line 0
PHP Warning:  Module 'pgsql' already loaded in Unknown on line 0
PHP Warning:  Module 'Phar' already loaded in Unknown on line 0
>>> HYBRID SYNC STARTED: 2026-09-07 to 2026-09-08 <<<
Fetching from Main... Found 569 records.
Fetching from Amazon... Found 127 records.
Successfully synced 535 records into Portal.
>>> Sync Complete <<<
PHP Warning:  PHP Startup: Unable to load dynamic library 'fileinfo.so' (tried: /usr/lib64/php7/extensions/fileinfo.so (/usr/lib64/php7/extensions/fileinfo.so: cannot open shared object file: No such file or directory), /usr/lib64/php7/extensions/fileinfo.so.so (/usr/lib64/php7/extensions/fileinfo.so.so: cannot open shared object file: No such file or directory)) in Unknown on line 0
PHP Warning:  Module 'pdo_pgsql' already loaded in Unknown on line 0
PHP Warning:  Module 'pgsql' already loaded in Unknown on line 0
PHP Warning:  Module 'Phar' already loaded in Unknown on line 0
>>> HYBRID SYNC STARTED: 2026-09-07 to 2026-09-08 <<<
Fetching from Main... Found 569 records.
Fetching from Amazon... Found 127 records.
Successfully synced 535 records into Portal.
>>> Sync Complete <<<
PHP Warning:  PHP Startup: Unable to load dynamic library 'fileinfo.so' (tried: /usr/lib64/php7/extensions/fileinfo.so (/usr/lib64/php7/extensions/fileinfo.so: cannot open shared object file: No such file or directory), /usr/lib64/php7/extensions/fileinfo.so.so (/usr/lib64/php7/extensions/fileinfo.so.so: cannot open shared object file: No such file or directory)) in Unknown on line 0
PHP Warning:  Module 'pdo_pgsql' already loaded in Unknown on line 0
PHP Warning:  Module 'pgsql' already loaded in Unknown on line 0
PHP Warning:  Module 'Phar' already loaded in Unknown on line 0
>>> HYBRID SYNC STARTED: 2026-09-07 to 2026-09-08 <<<
Fetching from Main... Found 569 records.
Fetching from Amazon... Found 127 records.
Successfully synced 535 records into Portal.
>>> Sync Complete <<<
PHP Warning:  PHP Startup: Unable to load dynamic library 'fileinfo.so' (tried: /usr/lib64/php7/extensions/fileinfo.so (/usr/lib64/php7/extensions/fileinfo.so: cannot open shared object file: No such file or directory), /usr/lib64/php7/extensions/fileinfo.so.so (/usr/lib64/php7/extensions/fileinfo.so.so: cannot open shared object file: No such file or directory)) in Unknown on line 0
PHP Warning:  Module 'pdo_pgsql' already loaded in Unknown on line 0
PHP Warning:  Module 'pgsql' already loaded in Unknown on line 0
PHP Warning:  Module 'Phar' already loaded in Unknown on line 0
>>> HYBRID SYNC STARTED: 2026-09-07 to 2026-09-08 <<<
Fetching from Main... Found 569 records.
Fetching from Amazon... Found 127 records.
Successfully synced 535 records into Portal.
>>> Sync Complete <<<
PHP Warning:  PHP Startup: Unable to load dynamic library 'fileinfo.so' (tried: /usr/lib64/php7/extensions/fileinfo.so (/usr/lib64/php7/extensions/fileinfo.so: cannot open shared object file: No such file or directory), /usr/lib64/php7/extensions/fileinfo.so.so (/usr/lib64/php7/extensions/fileinfo.so.so: cannot open shared object file: No such file or directory)) in Unknown on line 0
PHP Warning:  Module 'pdo_pgsql' already loaded in Unknown on line 0
PHP Warning:  Module 'pgsql' already loaded in Unknown on line 0
PHP Warning:  Module 'Phar' already loaded in Unknown on line 0
>>> HYBRID SYNC STARTED: 2026-09-07 to 2026-09-08 <<<
Fetching from Main... Found 569 records.
Fetching from Amazon... Found 127 records.
Successfully synced 535 records into Portal.
>>> Sync Complete <<<
PHP Warning:  PHP Startup: Unable to load dynamic library 'fileinfo.so' (tried: /usr/lib64/php7/extensions/fileinfo.so (/usr/lib64/php7/extensions/fileinfo.so: cannot open shared object file: No such file or directory), /usr/lib64/php7/extensions/fileinfo.so.so (/usr/lib64/php7/extensions/fileinfo.so.so: cannot open shared object file: No such file or directory)) in Unknown on line 0
PHP Warning:  Module 'pdo_pgsql' already loaded in Unknown on line 0
PHP Warning:  Module 'pgsql' already loaded in Unknown on line 0
PHP Warning:  Module 'Phar' already loaded in Unknown on line 0
>>> HYBRID SYNC STARTED: 2026-09-07 to 2026-09-08 <<<
Fetching from Main... Found 577 records.
Fetching from Amazon... Found 133 records.
Successfully synced 541 records into Portal.
>>> Sync Complete <<<
PHP Warning:  PHP Startup: Unable to load dynamic library 'fileinfo.so' (tried: /usr/lib64/php7/extensions/fileinfo.so (/usr/lib64/php7/extensions/fileinfo.so: cannot open shared object file: No such file or directory), /usr/lib64/php7/extensions/fileinfo.so.so (/usr/lib64/php7/extensions/fileinfo.so.so: cannot open shared object file: No such file or directory)) in Unknown on line 0
PHP Warning:  Module 'pdo_pgsql' already loaded in Unknown on line 0
PHP Warning:  Module 'pgsql' already loaded in Unknown on line 0
PHP Warning:  Module 'Phar' already loaded in Unknown on line 0
>>> HYBRID SYNC STARTED: 2026-09-07 to 2026-09-08 <<<
Fetching from Main... Found 651 records.
Fetching from Amazon... Found 156 records.
Successfully synced 572 records into Portal.
>>> Sync Complete <<<
PHP Warning:  PHP Startup: Unable to load dynamic library 'fileinfo.so' (tried: /usr/lib64/php7/extensions/fileinfo.so (/usr/lib64/php7/extensions/fileinfo.so: cannot open shared object file: No such file or directory), /usr/lib64/php7/extensions/fileinfo.so.so (/usr/lib64/php7/extensions/fileinfo.so.so: cannot open shared object file: No such file or directory)) in Unknown on line 0
PHP Warning:  Module 'pdo_pgsql' already loaded in Unknown on line 0
PHP Warning:  Module 'pgsql' already loaded in Unknown on line 0
PHP Warning:  Module 'Phar' already loaded in Unknown on line 0
>>> HYBRID SYNC STARTED: 2026-09-07 to 2026-09-08 <<<
Fetching from Main... Found 987 records.
Fetching from Amazon... Found 229 records.
Successfully synced 892 records into Portal.
>>> Sync Complete <<<
PHP Warning:  PHP Startup: Unable to load dynamic library 'fileinfo.so' (tried: /usr/lib64/php7/extensions/fileinfo.so (/usr/lib64/php7/extensions/fileinfo.so: cannot open shared object file: No such file or directory), /usr/lib64/php7/extensions/fileinfo.so.so (/usr/lib64/php7/extensions/fileinfo.so.so: cannot open shared object file: No such file or directory)) in Unknown on line 0
PHP Warning:  Module 'pdo_pgsql' already loaded in Unknown on line 0
PHP Warning:  Module 'pgsql' already loaded in Unknown on line 0
PHP Warning:  Module 'Phar' already loaded in Unknown on line 0
>>> HYBRID SYNC STARTED: 2026-09-07 to 2026-09-08 <<<
Fetching from Main... Found 1042 records.
Fetching from Amazon... Found 244 records.
Successfully synced 985 records into Portal.
>>> Sync Complete <<<
PHP Warning:  PHP Startup: Unable to load dynamic library 'fileinfo.so' (tried: /usr/lib64/php7/extensions/fileinfo.so (/usr/lib64/php7/extensions/fileinfo.so: cannot open shared object file: No such file or directory), /usr/lib64/php7/extensions/fileinfo.so.so (/usr/lib64/php7/extensions/fileinfo.so.so: cannot open shared object file: No such file or directory)) in Unknown on line 0
PHP Warning:  Module 'pdo_pgsql' already loaded in Unknown on line 0
PHP Warning:  Module 'pgsql' already loaded in Unknown on line 0
PHP Warning:  Module 'Phar' already loaded in Unknown on line 0
>>> HYBRID SYNC STARTED: 2026-09-07 to 2026-09-08 <<<
Fetching from Main... Found 1056 records.
Fetching from Amazon... Found 249 records.
Successfully synced 1007 records into Portal.
>>> Sync Complete <<<
PHP Warning:  PHP Startup: Unable to load dynamic library 'fileinfo.so' (tried: /usr/lib64/php7/extensions/fileinfo.so (/usr/lib64/php7/extensions/fileinfo.so: cannot open shared object file: No such file or directory), /usr/lib64/php7/extensions/fileinfo.so.so (/usr/lib64/php7/extensions/fileinfo.so.so: cannot open shared object file: No such file or directory)) in Unknown on line 0
PHP Warning:  Module 'pdo_pgsql' already loaded in Unknown on line 0
PHP Warning:  Module 'pgsql' already loaded in Unknown on line 0
PHP Warning:  Module 'Phar' already loaded in Unknown on line 0
>>> HYBRID SYNC STARTED: 2026-09-07 to 2026-09-08 <<<
Fetching from Main... Found 1060 records.
Fetching from Amazon... Found 250 records.
Successfully synced 1011 records into Portal.
>>> Sync Complete <<<
PHP Warning:  PHP Startup: Unable to load dynamic library 'fileinfo.so' (tried: /usr/lib64/php7/extensions/fileinfo.so (/usr/lib64/php7/extensions/fileinfo.so: cannot open shared object file: No such file or directory), /usr/lib64/php7/extensions/fileinfo.so.so (/usr/lib64/php7/extensions/fileinfo.so.so: cannot open shared object file: No such file or directory)) in Unknown on line 0
PHP Warning:  Module 'pdo_pgsql' already loaded in Unknown on line 0
PHP Warning:  Module 'pgsql' already loaded in Unknown on line 0
PHP Warning:  Module 'Phar' already loaded in Unknown on line 0
>>> HYBRID SYNC STARTED: 2026-09-07 to 2026-09-08 <<<
Fetching from Main... Found 1065 records.
Fetching from Amazon... Found 250 records.
Successfully synced 1017 records into Portal.
>>> Sync Complete <<<
PHP Warning:  PHP Startup: Unable to load dynamic library 'fileinfo.so' (tried: /usr/lib64/php7/extensions/fileinfo.so (/usr/lib64/php7/extensions/fileinfo.so: cannot open shared object file: No such file or directory), /usr/lib64/php7/extensions/fileinfo.so.so (/usr/lib64/php7/extensions/fileinfo.so.so: cannot open shared object file: No such file or directory)) in Unknown on line 0
PHP Warning:  Module 'pdo_pgsql' already loaded in Unknown on line 0
PHP Warning:  Module 'pgsql' already loaded in Unknown on line 0
PHP Warning:  Module 'Phar' already loaded in Unknown on line 0
>>> HYBRID SYNC STARTED: 2026-09-07 to 2026-09-08 <<<
Fetching from Main... Found 1068 records.
Fetching from Amazon... Found 250 records.
Successfully synced 1020 records into Portal.
>>> Sync Complete <<<
PHP Warning:  PHP Startup: Unable to load dynamic library 'fileinfo.so' (tried: /usr/lib64/php7/extensions/fileinfo.so (/usr/lib64/php7/extensions/fileinfo.so: cannot open shared object file: No such file or directory), /usr/lib64/php7/extensions/fileinfo.so.so (/usr/lib64/php7/extensions/fileinfo.so.so: cannot open shared object file: No such file or directory)) in Unknown on line 0
PHP Warning:  Module 'pdo_pgsql' already loaded in Unknown on line 0
PHP Warning:  Module 'pgsql' already loaded in Unknown on line 0
PHP Warning:  Module 'Phar' already loaded in Unknown on line 0
>>> HYBRID SYNC STARTED: 2026-09-07 to 2026-09-08 <<<
Fetching from Main... Found 1072 records.
Fetching from Amazon... Found 251 records.
Successfully synced 1026 records into Portal.
>>> Sync Complete <<<
PHP Warning:  PHP Startup: Unable to load dynamic library 'fileinfo.so' (tried: /usr/lib64/php7/extensions/fileinfo.so (/usr/lib64/php7/extensions/fileinfo.so: cannot open shared object file: No such file or directory), /usr/lib64/php7/extensions/fileinfo.so.so (/usr/lib64/php7/extensions/fileinfo.so.so: cannot open shared object file: No such file or directory)) in Unknown on line 0
PHP Warning:  Module 'pdo_pgsql' already loaded in Unknown on line 0
PHP Warning:  Module 'pgsql' already loaded in Unknown on line 0
PHP Warning:  Module 'Phar' already loaded in Unknown on line 0
>>> HYBRID SYNC STARTED: 2026-09-07 to 2026-09-08 <<<
Fetching from Main... Found 1076 records.
Fetching from Amazon... Found 251 records.
Successfully synced 1027 records into Portal.
>>> Sync Complete <<<
PHP Warning:  PHP Startup: Unable to load dynamic library 'fileinfo.so' (tried: /usr/lib64/php7/extensions/fileinfo.so (/usr/lib64/php7/extensions/fileinfo.so: cannot open shared object file: No such file or directory), /usr/lib64/php7/extensions/fileinfo.so.so (/usr/lib64/php7/extensions/fileinfo.so.so: cannot open shared object file: No such file or directory)) in Unknown on line 0
PHP Warning:  Module 'pdo_pgsql' already loaded in Unknown on line 0
PHP Warning:  Module 'pgsql' already loaded in Unknown on line 0
PHP Warning:  Module 'Phar' already loaded in Unknown on line 0
>>> HYBRID SYNC STARTED: 2026-09-07 to 2026-09-08 <<<
Fetching from Main... Found 1078 records.
Fetching from Amazon... Found 251 records.
Successfully synced 1028 records into Portal.
>>> Sync Complete <<<
PHP Warning:  PHP Startup: Unable to load dynamic library 'fileinfo.so' (tried: /usr/lib64/php7/extensions/fileinfo.so (/usr/lib64/php7/extensions/fileinfo.so: cannot open shared object file: No such file or directory), /usr/lib64/php7/extensions/fileinfo.so.so (/usr/lib64/php7/extensions/fileinfo.so.so: cannot open shared object file: No such file or directory)) in Unknown on line 0
PHP Warning:  Module 'pdo_pgsql' already loaded in Unknown on line 0
PHP Warning:  Module 'pgsql' already loaded in Unknown on line 0
PHP Warning:  Module 'Phar' already loaded in Unknown on line 0
>>> HYBRID SYNC STARTED: 2026-09-07 to 2026-09-08 <<<
Fetching from Main... Found 1078 records.
Fetching from Amazon... Found 251 records.
Successfully synced 1028 records into Portal.
>>> Sync Complete <<<
PHP Warning:  PHP Startup: Unable to load dynamic library 'fileinfo.so' (tried: /usr/lib64/php7/extensions/fileinfo.so (/usr/lib64/php7/extensions/fileinfo.so: cannot open shared object file: No such file or directory), /usr/lib64/php7/extensions/fileinfo.so.so (/usr/lib64/php7/extensions/fileinfo.so.so: cannot open shared object file: No such file or directory)) in Unknown on line 0
PHP Warning:  Module 'pdo_pgsql' already loaded in Unknown on line 0
PHP Warning:  Module 'pgsql' already loaded in Unknown on line 0
PHP Warning:  Module 'Phar' already loaded in Unknown on line 0
>>> HYBRID SYNC STARTED: 2026-09-07 to 2026-09-08 <<<
Fetching from Main... Found 1078 records.
Fetching from Amazon... Found 251 records.
Successfully synced 1028 records into Portal.
>>> Sync Complete <<<
PHP Warning:  PHP Startup: Unable to load dynamic library 'fileinfo.so' (tried: /usr/lib64/php7/extensions/fileinfo.so (/usr/lib64/php7/extensions/fileinfo.so: cannot open shared object file: No such file or directory), /usr/lib64/php7/extensions/fileinfo.so.so (/usr/lib64/php7/extensions/fileinfo.so.so: cannot open shared object file: No such file or directory)) in Unknown on line 0
PHP Warning:  Module 'pdo_pgsql' already loaded in Unknown on line 0
PHP Warning:  Module 'pgsql' already loaded in Unknown on line 0
PHP Warning:  Module 'Phar' already loaded in Unknown on line 0
>>> HYBRID SYNC STARTED: 2026-09-07 to 2026-09-08 <<<
Fetching from Main... Found 1078 records.
Fetching from Amazon... Found 251 records.
Successfully synced 1028 records into Portal.
>>> Sync Complete <<<
PHP Warning:  PHP Startup: Unable to load dynamic library 'fileinfo.so' (tried: /usr/lib64/php7/extensions/fileinfo.so (/usr/lib64/php7/extensions/fileinfo.so: cannot open shared object file: No such file or directory), /usr/lib64/php7/extensions/fileinfo.so.so (/usr/lib64/php7/extensions/fileinfo.so.so: cannot open shared object file: No such file or directory)) in Unknown on line 0
PHP Warning:  Module 'pdo_pgsql' already loaded in Unknown on line 0
PHP Warning:  Module 'pgsql' already loaded in Unknown on line 0
PHP Warning:  Module 'Phar' already loaded in Unknown on line 0
>>> HYBRID SYNC STARTED: 2026-09-07 to 2026-09-08 <<<
Fetching from Main... Found 1078 records.
Fetching from Amazon... Found 251 records.
Successfully synced 1028 records into Portal.
>>> Sync Complete <<<
PHP Warning:  PHP Startup: Unable to load dynamic library 'fileinfo.so' (tried: /usr/lib64/php7/extensions/fileinfo.so (/usr/lib64/php7/extensions/fileinfo.so: cannot open shared object file: No such file or directory), /usr/lib64/php7/extensions/fileinfo.so.so (/usr/lib64/php7/extensions/fileinfo.so.so: cannot open shared object file: No such file or directory)) in Unknown on line 0
PHP Warning:  Module 'pdo_pgsql' already loaded in Unknown on line 0
PHP Warning:  Module 'pgsql' already loaded in Unknown on line 0
PHP Warning:  Module 'Phar' already loaded in Unknown on line 0
>>> HYBRID SYNC STARTED: 2026-09-07 to 2026-09-08 <<<
Fetching from Main... Found 1079 records.
Fetching from Amazon... Found 251 records.
Successfully synced 1028 records into Portal.
>>> Sync Complete <<<
PHP Warning:  PHP Startup: Unable to load dynamic library 'fileinfo.so' (tried: /usr/lib64/php7/extensions/fileinfo.so (/usr/lib64/php7/extensions/fileinfo.so: cannot open shared object file: No such file or directory), /usr/lib64/php7/extensions/fileinfo.so.so (/usr/lib64/php7/extensions/fileinfo.so.so: cannot open shared object file: No such file or directory)) in Unknown on line 0
PHP Warning:  Module 'pdo_pgsql' already loaded in Unknown on line 0
PHP Warning:  Module 'pgsql' already loaded in Unknown on line 0
PHP Warning:  Module 'Phar' already loaded in Unknown on line 0
>>> HYBRID SYNC STARTED: 2026-09-07 to 2026-09-08 <<<
Fetching from Main... Found 1081 records.
Fetching from Amazon... Found 251 records.
Successfully synced 1030 records into Portal.
>>> Sync Complete <<<
PHP Warning:  PHP Startup: Unable to load dynamic library 'fileinfo.so' (tried: /usr/lib64/php7/extensions/fileinfo.so (/usr/lib64/php7/extensions/fileinfo.so: cannot open shared object file: No such file or directory), /usr/lib64/php7/extensions/fileinfo.so.so (/usr/lib64/php7/extensions/fileinfo.so.so: cannot open shared object file: No such file or directory)) in Unknown on line 0
PHP Warning:  Module 'pdo_pgsql' already loaded in Unknown on line 0
PHP Warning:  Module 'pgsql' already loaded in Unknown on line 0
PHP Warning:  Module 'Phar' already loaded in Unknown on line 0
>>> HYBRID SYNC STARTED: 2026-09-07 to 2026-09-08 <<<
Fetching from Main... Found 1081 records.
Fetching from Amazon... Found 251 records.
Successfully synced 1030 records into Portal.
>>> Sync Complete <<<
PHP Warning:  PHP Startup: Unable to load dynamic library 'fileinfo.so' (tried: /usr/lib64/php7/extensions/fileinfo.so (/usr/lib64/php7/extensions/fileinfo.so: cannot open shared object file: No such file or directory), /usr/lib64/php7/extensions/fileinfo.so.so (/usr/lib64/php7/extensions/fileinfo.so.so: cannot open shared object file: No such file or directory)) in Unknown on line 0
PHP Warning:  Module 'pdo_pgsql' already loaded in Unknown on line 0
PHP Warning:  Module 'pgsql' already loaded in Unknown on line 0
PHP Warning:  Module 'Phar' already loaded in Unknown on line 0
>>> HYBRID SYNC STARTED: 2026-09-07 to 2026-09-08 <<<
Fetching from Main... Found 1083 records.
Fetching from Amazon... Found 251 records.
Successfully synced 1031 records into Portal.
>>> Sync Complete <<<
PHP Warning:  PHP Startup: Unable to load dynamic library 'fileinfo.so' (tried: /usr/lib64/php7/extensions/fileinfo.so (/usr/lib64/php7/extensions/fileinfo.so: cannot open shared object file: No such file or directory), /usr/lib64/php7/extensions/fileinfo.so.so (/usr/lib64/php7/extensions/fileinfo.so.so: cannot open shared object file: No such file or directory)) in Unknown on line 0
PHP Warning:  Module 'pdo_pgsql' already loaded in Unknown on line 0
PHP Warning:  Module 'pgsql' already loaded in Unknown on line 0
PHP Warning:  Module 'Phar' already loaded in Unknown on line 0
>>> HYBRID SYNC STARTED: 2026-09-07 to 2026-09-08 <<<
Fetching from Main... Found 1083 records.
Fetching from Amazon... Found 251 records.
Successfully synced 1031 records into Portal.
>>> Sync Complete <<<
PHP Warning:  PHP Startup: Unable to load dynamic library 'fileinfo.so' (tried: /usr/lib64/php7/extensions/fileinfo.so (/usr/lib64/php7/extensions/fileinfo.so: cannot open shared object file: No such file or directory), /usr/lib64/php7/extensions/fileinfo.so.so (/usr/lib64/php7/extensions/fileinfo.so.so: cannot open shared object file: No such file or directory)) in Unknown on line 0
PHP Warning:  Module 'pdo_pgsql' already loaded in Unknown on line 0
PHP Warning:  Module 'pgsql' already loaded in Unknown on line 0
PHP Warning:  Module 'Phar' already loaded in Unknown on line 0
>>> HYBRID SYNC STARTED: 2026-09-07 to 2026-09-08 <<<
Fetching from Main... Found 1083 records.
Fetching from Amazon... Found 251 records.
Successfully synced 1031 records into Portal.
>>> Sync Complete <<<
PHP Warning:  PHP Startup: Unable to load dynamic library 'fileinfo.so' (tried: /usr/lib64/php7/extensions/fileinfo.so (/usr/lib64/php7/extensions/fileinfo.so: cannot open shared object file: No such file or directory), /usr/lib64/php7/extensions/fileinfo.so.so (/usr/lib64/php7/extensions/fileinfo.so.so: cannot open shared object file: No such file or directory)) in Unknown on line 0
PHP Warning:  Module 'pdo_pgsql' already loaded in Unknown on line 0
PHP Warning:  Module 'pgsql' already loaded in Unknown on line 0
PHP Warning:  Module 'Phar' already loaded in Unknown on line 0
>>> HYBRID SYNC STARTED: 2026-09-07 to 2026-09-08 <<<
Fetching from Main... Found 1083 records.
Fetching from Amazon... Found 251 records.
Successfully synced 1031 records into Portal.
>>> Sync Complete <<<
PHP Warning:  PHP Startup: Unable to load dynamic library 'fileinfo.so' (tried: /usr/lib64/php7/extensions/fileinfo.so (/usr/lib64/php7/extensions/fileinfo.so: cannot open shared object file: No such file or directory), /usr/lib64/php7/extensions/fileinfo.so.so (/usr/lib64/php7/extensions/fileinfo.so.so: cannot open shared object file: No such file or directory)) in Unknown on line 0
PHP Warning:  Module 'pdo_pgsql' already loaded in Unknown on line 0
PHP Warning:  Module 'pgsql' already loaded in Unknown on line 0
PHP Warning:  Module 'Phar' already loaded in Unknown on line 0
>>> HYBRID SYNC STARTED: 2026-09-07 to 2026-09-08 <<<
Fetching from Main... Found 1083 records.
Fetching from Amazon... Found 251 records.
Successfully synced 1031 records into Portal.
>>> Sync Complete <<<
PHP Warning:  PHP Startup: Unable to load dynamic library 'fileinfo.so' (tried: /usr/lib64/php7/extensions/fileinfo.so (/usr/lib64/php7/extensions/fileinfo.so: cannot open shared object file: No such file or directory), /usr/lib64/php7/extensions/fileinfo.so.so (/usr/lib64/php7/extensions/fileinfo.so.so: cannot open shared object file: No such file or directory)) in Unknown on line 0
PHP Warning:  Module 'pdo_pgsql' already loaded in Unknown on line 0
PHP Warning:  Module 'pgsql' already loaded in Unknown on line 0
PHP Warning:  Module 'Phar' already loaded in Unknown on line 0
>>> HYBRID SYNC STARTED: 2026-09-07 to 2026-09-08 <<<
Fetching from Main... Found 1083 records.
Fetching from Amazon... Found 251 records.
Successfully synced 1031 records into Portal.
>>> Sync Complete <<<
PHP Warning:  PHP Startup: Unable to load dynamic library 'fileinfo.so' (tried: /usr/lib64/php7/extensions/fileinfo.so (/usr/lib64/php7/extensions/fileinfo.so: cannot open shared object file: No such file or directory), /usr/lib64/php7/extensions/fileinfo.so.so (/usr/lib64/php7/extensions/fileinfo.so.so: cannot open shared object file: No such file or directory)) in Unknown on line 0
PHP Warning:  Module 'pdo_pgsql' already loaded in Unknown on line 0
PHP Warning:  Module 'pgsql' already loaded in Unknown on line 0
PHP Warning:  Module 'Phar' already loaded in Unknown on line 0
>>> HYBRID SYNC STARTED: 2026-09-07 to 2026-09-08 <<<
Fetching from Main... Found 1083 records.
Fetching from Amazon... Found 251 records.
Successfully synced 1031 records into Portal.
>>> Sync Complete <<<
PHP Warning:  PHP Startup: Unable to load dynamic library 'fileinfo.so' (tried: /usr/lib64/php7/extensions/fileinfo.so (/usr/lib64/php7/extensions/fileinfo.so: cannot open shared object file: No such file or directory), /usr/lib64/php7/extensions/fileinfo.so.so (/usr/lib64/php7/extensions/fileinfo.so.so: cannot open shared object file: No such file or directory)) in Unknown on line 0
PHP Warning:  Module 'pdo_pgsql' already loaded in Unknown on line 0
PHP Warning:  Module 'pgsql' already loaded in Unknown on line 0
PHP Warning:  Module 'Phar' already loaded in Unknown on line 0
>>> HYBRID SYNC STARTED: 2026-09-07 to 2026-09-08 <<<
Fetching from Main... Found 1083 records.
Fetching from Amazon... Found 251 records.
Successfully synced 1031 records into Portal.
>>> Sync Complete <<<
PHP Warning:  PHP Startup: Unable to load dynamic library 'fileinfo.so' (tried: /usr/lib64/php7/extensions/fileinfo.so (/usr/lib64/php7/extensions/fileinfo.so: cannot open shared object file: No such file or directory), /usr/lib64/php7/extensions/fileinfo.so.so (/usr/lib64/php7/extensions/fileinfo.so.so: cannot open shared object file: No such file or directory)) in Unknown on line 0
PHP Warning:  Module 'pdo_pgsql' already loaded in Unknown on line 0
PHP Warning:  Module 'pgsql' already loaded in Unknown on line 0
PHP Warning:  Module 'Phar' already loaded in Unknown on line 0
>>> HYBRID SYNC STARTED: 2026-09-07 to 2026-09-08 <<<
Fetching from Main... Found 1083 records.
Fetching from Amazon... Found 251 records.
Successfully synced 1031 records into Portal.
>>> Sync Complete <<<
PHP Warning:  PHP Startup: Unable to load dynamic library 'fileinfo.so' (tried: /usr/lib64/php7/extensions/fileinfo.so (/usr/lib64/php7/extensions/fileinfo.so: cannot open shared object file: No such file or directory), /usr/lib64/php7/extensions/fileinfo.so.so (/usr/lib64/php7/extensions/fileinfo.so.so: cannot open shared object file: No such file or directory)) in Unknown on line 0
PHP Warning:  Module 'pdo_pgsql' already loaded in Unknown on line 0
PHP Warning:  Module 'pgsql' already loaded in Unknown on line 0
PHP Warning:  Module 'Phar' already loaded in Unknown on line 0
>>> HYBRID SYNC STARTED: 2026-09-07 to 2026-09-08 <<<
Fetching from Main... Found 1083 records.
Fetching from Amazon... Found 251 records.
Successfully synced 1031 records into Portal.
>>> Sync Complete <<<
PHP Warning:  PHP Startup: Unable to load dynamic library 'fileinfo.so' (tried: /usr/lib64/php7/extensions/fileinfo.so (/usr/lib64/php7/extensions/fileinfo.so: cannot open shared object file: No such file or directory), /usr/lib64/php7/extensions/fileinfo.so.so (/usr/lib64/php7/extensions/fileinfo.so.so: cannot open shared object file: No such file or directory)) in Unknown on line 0
PHP Warning:  Module 'pdo_pgsql' already loaded in Unknown on line 0
PHP Warning:  Module 'pgsql' already loaded in Unknown on line 0
PHP Warning:  Module 'Phar' already loaded in Unknown on line 0
>>> HYBRID SYNC STARTED: 2026-09-07 to 2026-09-08 <<<
Fetching from Main... Found 1083 records.
Fetching from Amazon... Found 251 records.
Successfully synced 1031 records into Portal.
>>> Sync Complete <<<
PHP Warning:  PHP Startup: Unable to load dynamic library 'fileinfo.so' (tried: /usr/lib64/php7/extensions/fileinfo.so (/usr/lib64/php7/extensions/fileinfo.so: cannot open shared object file: No such file or directory), /usr/lib64/php7/extensions/fileinfo.so.so (/usr/lib64/php7/extensions/fileinfo.so.so: cannot open shared object file: No such file or directory)) in Unknown on line 0
PHP Warning:  Module 'pdo_pgsql' already loaded in Unknown on line 0
PHP Warning:  Module 'pgsql' already loaded in Unknown on line 0
PHP Warning:  Module 'Phar' already loaded in Unknown on line 0
>>> HYBRID SYNC STARTED: 2026-09-07 to 2026-09-08 <<<
Fetching from Main... Found 1083 records.
Fetching from Amazon... Found 251 records.
Successfully synced 1031 records into Portal.
>>> Sync Complete <<<
PHP Warning:  PHP Startup: Unable to load dynamic library 'fileinfo.so' (tried: /usr/lib64/php7/extensions/fileinfo.so (/usr/lib64/php7/extensions/fileinfo.so: cannot open shared object file: No such file or directory), /usr/lib64/php7/extensions/fileinfo.so.so (/usr/lib64/php7/extensions/fileinfo.so.so: cannot open shared object file: No such file or directory)) in Unknown on line 0
PHP Warning:  Module 'pdo_pgsql' already loaded in Unknown on line 0
PHP Warning:  Module 'pgsql' already loaded in Unknown on line 0
PHP Warning:  Module 'Phar' already loaded in Unknown on line 0
>>> HYBRID SYNC STARTED: 2026-09-08 to 2026-09-09 <<<
Fetching from Main... Found 544 records.
Fetching from Amazon... Found 125 records.
Successfully synced 519 records into Portal.
>>> Sync Complete <<<
PHP Warning:  PHP Startup: Unable to load dynamic library 'fileinfo.so' (tried: /usr/lib64/php7/extensions/fileinfo.so (/usr/lib64/php7/extensions/fileinfo.so: cannot open shared object file: No such file or directory), /usr/lib64/php7/extensions/fileinfo.so.so (/usr/lib64/php7/extensions/fileinfo.so.so: cannot open shared object file: No such file or directory)) in Unknown on line 0
PHP Warning:  Module 'pdo_pgsql' already loaded in Unknown on line 0
PHP Warning:  Module 'pgsql' already loaded in Unknown on line 0
PHP Warning:  Module 'Phar' already loaded in Unknown on line 0
>>> HYBRID SYNC STARTED: 2026-09-08 to 2026-09-09 <<<
Fetching from Main... Found 582 records.
Fetching from Amazon... Found 132 records.
Successfully synced 554 records into Portal.
>>> Sync Complete <<<
PHP Warning:  PHP Startup: Unable to load dynamic library 'fileinfo.so' (tried: /usr/lib64/php7/extensions/fileinfo.so (/usr/lib64/php7/extensions/fileinfo.so: cannot open shared object file: No such file or directory), /usr/lib64/php7/extensions/fileinfo.so.so (/usr/lib64/php7/extensions/fileinfo.so.so: cannot open shared object file: No such file or directory)) in Unknown on line 0
PHP Warning:  Module 'pdo_pgsql' already loaded in Unknown on line 0
PHP Warning:  Module 'pgsql' already loaded in Unknown on line 0
PHP Warning:  Module 'Phar' already loaded in Unknown on line 0
>>> HYBRID SYNC STARTED: 2026-09-08 to 2026-09-09 <<<
Fetching from Main... Found 582 records.
Fetching from Amazon... Found 132 records.
Successfully synced 554 records into Portal.
>>> Sync Complete <<<
PHP Warning:  PHP Startup: Unable to load dynamic library 'fileinfo.so' (tried: /usr/lib64/php7/extensions/fileinfo.so (/usr/lib64/php7/extensions/fileinfo.so: cannot open shared object file: No such file or directory), /usr/lib64/php7/extensions/fileinfo.so.so (/usr/lib64/php7/extensions/fileinfo.so.so: cannot open shared object file: No such file or directory)) in Unknown on line 0
PHP Warning:  Module 'pdo_pgsql' already loaded in Unknown on line 0
PHP Warning:  Module 'pgsql' already loaded in Unknown on line 0
PHP Warning:  Module 'Phar' already loaded in Unknown on line 0
>>> HYBRID SYNC STARTED: 2026-09-08 to 2026-09-09 <<<
Fetching from Main... Found 582 records.
Fetching from Amazon... Found 132 records.
Successfully synced 554 records into Portal.
>>> Sync Complete <<<
PHP Warning:  PHP Startup: Unable to load dynamic library 'fileinfo.so' (tried: /usr/lib64/php7/extensions/fileinfo.so (/usr/lib64/php7/extensions/fileinfo.so: cannot open shared object file: No such file or directory), /usr/lib64/php7/extensions/fileinfo.so.so (/usr/lib64/php7/extensions/fileinfo.so.so: cannot open shared object file: No such file or directory)) in Unknown on line 0
PHP Warning:  Module 'pdo_pgsql' already loaded in Unknown on line 0
PHP Warning:  Module 'pgsql' already loaded in Unknown on line 0
PHP Warning:  Module 'Phar' already loaded in Unknown on line 0
>>> HYBRID SYNC STARTED: 2026-09-08 to 2026-09-09 <<<
Fetching from Main... Found 582 records.
Fetching from Amazon... Found 132 records.
Successfully synced 554 records into Portal.
>>> Sync Complete <<<
PHP Warning:  PHP Startup: Unable to load dynamic library 'fileinfo.so' (tried: /usr/lib64/php7/extensions/fileinfo.so (/usr/lib64/php7/extensions/fileinfo.so: cannot open shared object file: No such file or directory), /usr/lib64/php7/extensions/fileinfo.so.so (/usr/lib64/php7/extensions/fileinfo.so.so: cannot open shared object file: No such file or directory)) in Unknown on line 0
PHP Warning:  Module 'pdo_pgsql' already loaded in Unknown on line 0
PHP Warning:  Module 'pgsql' already loaded in Unknown on line 0
PHP Warning:  Module 'Phar' already loaded in Unknown on line 0
>>> HYBRID SYNC STARTED: 2026-09-08 to 2026-09-09 <<<
Fetching from Main... Found 582 records.
Fetching from Amazon... Found 132 records.
Successfully synced 554 records into Portal.
>>> Sync Complete <<<
PHP Warning:  PHP Startup: Unable to load dynamic library 'fileinfo.so' (tried: /usr/lib64/php7/extensions/fileinfo.so (/usr/lib64/php7/extensions/fileinfo.so: cannot open shared object file: No such file or directory), /usr/lib64/php7/extensions/fileinfo.so.so (/usr/lib64/php7/extensions/fileinfo.so.so: cannot open shared object file: No such file or directory)) in Unknown on line 0
PHP Warning:  Module 'pdo_pgsql' already loaded in Unknown on line 0
PHP Warning:  Module 'pgsql' already loaded in Unknown on line 0
PHP Warning:  Module 'Phar' already loaded in Unknown on line 0
>>> HYBRID SYNC STARTED: 2026-09-08 to 2026-09-09 <<<
Fetching from Main... Found 582 records.
Fetching from Amazon... Found 132 records.
Successfully synced 554 records into Portal.
>>> Sync Complete <<<
PHP Warning:  PHP Startup: Unable to load dynamic library 'fileinfo.so' (tried: /usr/lib64/php7/extensions/fileinfo.so (/usr/lib64/php7/extensions/fileinfo.so: cannot open shared object file: No such file or directory), /usr/lib64/php7/extensions/fileinfo.so.so (/usr/lib64/php7/extensions/fileinfo.so.so: cannot open shared object file: No such file or directory)) in Unknown on line 0
PHP Warning:  Module 'pdo_pgsql' already loaded in Unknown on line 0
PHP Warning:  Module 'pgsql' already loaded in Unknown on line 0
PHP Warning:  Module 'Phar' already loaded in Unknown on line 0
>>> HYBRID SYNC STARTED: 2026-09-08 to 2026-09-09 <<<
Fetching from Main... Found 582 records.
Fetching from Amazon... Found 132 records.
Successfully synced 554 records into Portal.
>>> Sync Complete <<<
PHP Warning:  PHP Startup: Unable to load dynamic library 'fileinfo.so' (tried: /usr/lib64/php7/extensions/fileinfo.so (/usr/lib64/php7/extensions/fileinfo.so: cannot open shared object file: No such file or directory), /usr/lib64/php7/extensions/fileinfo.so.so (/usr/lib64/php7/extensions/fileinfo.so.so: cannot open shared object file: No such file or directory)) in Unknown on line 0
PHP Warning:  Module 'pdo_pgsql' already loaded in Unknown on line 0
PHP Warning:  Module 'pgsql' already loaded in Unknown on line 0
PHP Warning:  Module 'Phar' already loaded in Unknown on line 0
>>> HYBRID SYNC STARTED: 2026-09-08 to 2026-09-09 <<<
Fetching from Main... Found 582 records.
Fetching from Amazon... Found 132 records.
Successfully synced 554 records into Portal.
>>> Sync Complete <<<
PHP Warning:  PHP Startup: Unable to load dynamic library 'fileinfo.so' (tried: /usr/lib64/php7/extensions/fileinfo.so (/usr/lib64/php7/extensions/fileinfo.so: cannot open shared object file: No such file or directory), /usr/lib64/php7/extensions/fileinfo.so.so (/usr/lib64/php7/extensions/fileinfo.so.so: cannot open shared object file: No such file or directory)) in Unknown on line 0
PHP Warning:  Module 'pdo_pgsql' already loaded in Unknown on line 0
PHP Warning:  Module 'pgsql' already loaded in Unknown on line 0
PHP Warning:  Module 'Phar' already loaded in Unknown on line 0
>>> HYBRID SYNC STARTED: 2026-09-08 to 2026-09-09 <<<
Fetching from Main... Found 582 records.
Fetching from Amazon... Found 132 records.
Successfully synced 554 records into Portal.
>>> Sync Complete <<<
PHP Warning:  PHP Startup: Unable to load dynamic library 'fileinfo.so' (tried: /usr/lib64/php7/extensions/fileinfo.so (/usr/lib64/php7/extensions/fileinfo.so: cannot open shared object file: No such file or directory), /usr/lib64/php7/extensions/fileinfo.so.so (/usr/lib64/php7/extensions/fileinfo.so.so: cannot open shared object file: No such file or directory)) in Unknown on line 0
PHP Warning:  Module 'pdo_pgsql' already loaded in Unknown on line 0
PHP Warning:  Module 'pgsql' already loaded in Unknown on line 0
PHP Warning:  Module 'Phar' already loaded in Unknown on line 0
>>> HYBRID SYNC STARTED: 2026-09-08 to 2026-09-09 <<<
Fetching from Main... Found 582 records.
Fetching from Amazon... Found 132 records.
Successfully synced 554 records into Portal.
>>> Sync Complete <<<
PHP Warning:  PHP Startup: Unable to load dynamic library 'fileinfo.so' (tried: /usr/lib64/php7/extensions/fileinfo.so (/usr/lib64/php7/extensions/fileinfo.so: cannot open shared object file: No such file or directory), /usr/lib64/php7/extensions/fileinfo.so.so (/usr/lib64/php7/extensions/fileinfo.so.so: cannot open shared object file: No such file or directory)) in Unknown on line 0
PHP Warning:  Module 'pdo_pgsql' already loaded in Unknown on line 0
PHP Warning:  Module 'pgsql' already loaded in Unknown on line 0
PHP Warning:  Module 'Phar' already loaded in Unknown on line 0
>>> HYBRID SYNC STARTED: 2026-09-08 to 2026-09-09 <<<
Fetching from Main... Found 582 records.
Fetching from Amazon... Found 132 records.
Successfully synced 554 records into Portal.
>>> Sync Complete <<<
PHP Warning:  PHP Startup: Unable to load dynamic library 'fileinfo.so' (tried: /usr/lib64/php7/extensions/fileinfo.so (/usr/lib64/php7/extensions/fileinfo.so: cannot open shared object file: No such file or directory), /usr/lib64/php7/extensions/fileinfo.so.so (/usr/lib64/php7/extensions/fileinfo.so.so: cannot open shared object file: No such file or directory)) in Unknown on line 0
PHP Warning:  Module 'pdo_pgsql' already loaded in Unknown on line 0
PHP Warning:  Module 'pgsql' already loaded in Unknown on line 0
PHP Warning:  Module 'Phar' already loaded in Unknown on line 0
>>> HYBRID SYNC STARTED: 2026-09-08 to 2026-09-09 <<<
Fetching from Main... Found 582 records.
Fetching from Amazon... Found 132 records.
Successfully synced 554 records into Portal.
>>> Sync Complete <<<
PHP Warning:  PHP Startup: Unable to load dynamic library 'fileinfo.so' (tried: /usr/lib64/php7/extensions/fileinfo.so (/usr/lib64/php7/extensions/fileinfo.so: cannot open shared object file: No such file or directory), /usr/lib64/php7/extensions/fileinfo.so.so (/usr/lib64/php7/extensions/fileinfo.so.so: cannot open shared object file: No such file or directory)) in Unknown on line 0
PHP Warning:  Module 'pdo_pgsql' already loaded in Unknown on line 0
PHP Warning:  Module 'pgsql' already loaded in Unknown on line 0
PHP Warning:  Module 'Phar' already loaded in Unknown on line 0
>>> HYBRID SYNC STARTED: 2026-09-08 to 2026-09-09 <<<
Fetching from Main... Found 582 records.
Fetching from Amazon... Found 132 records.
Successfully synced 554 records into Portal.
>>> Sync Complete <<<
PHP Warning:  PHP Startup: Unable to load dynamic library 'fileinfo.so' (tried: /usr/lib64/php7/extensions/fileinfo.so (/usr/lib64/php7/extensions/fileinfo.so: cannot open shared object file: No such file or directory), /usr/lib64/php7/extensions/fileinfo.so.so (/usr/lib64/php7/extensions/fileinfo.so.so: cannot open shared object file: No such file or directory)) in Unknown on line 0
PHP Warning:  Module 'pdo_pgsql' already loaded in Unknown on line 0
PHP Warning:  Module 'pgsql' already loaded in Unknown on line 0
PHP Warning:  Module 'Phar' already loaded in Unknown on line 0
>>> HYBRID SYNC STARTED: 2026-09-08 to 2026-09-09 <<<
Fetching from Main... Found 582 records.
Fetching from Amazon... Found 132 records.
Successfully synced 554 records into Portal.
>>> Sync Complete <<<
PHP Warning:  PHP Startup: Unable to load dynamic library 'fileinfo.so' (tried: /usr/lib64/php7/extensions/fileinfo.so (/usr/lib64/php7/extensions/fileinfo.so: cannot open shared object file: No such file or directory), /usr/lib64/php7/extensions/fileinfo.so.so (/usr/lib64/php7/extensions/fileinfo.so.so: cannot open shared object file: No such file or directory)) in Unknown on line 0
PHP Warning:  Module 'pdo_pgsql' already loaded in Unknown on line 0
PHP Warning:  Module 'pgsql' already loaded in Unknown on line 0
PHP Warning:  Module 'Phar' already loaded in Unknown on line 0
>>> HYBRID SYNC STARTED: 2026-09-08 to 2026-09-09 <<<
Fetching from Main... Found 582 records.
Fetching from Amazon... Found 132 records.
Successfully synced 554 records into Portal.
>>> Sync Complete <<<
PHP Warning:  PHP Startup: Unable to load dynamic library 'fileinfo.so' (tried: /usr/lib64/php7/extensions/fileinfo.so (/usr/lib64/php7/extensions/fileinfo.so: cannot open shared object file: No such file or directory), /usr/lib64/php7/extensions/fileinfo.so.so (/usr/lib64/php7/extensions/fileinfo.so.so: cannot open shared object file: No such file or directory)) in Unknown on line 0
PHP Warning:  Module 'pdo_pgsql' already loaded in Unknown on line 0
PHP Warning:  Module 'pgsql' already loaded in Unknown on line 0
PHP Warning:  Module 'Phar' already loaded in Unknown on line 0
>>> HYBRID SYNC STARTED: 2026-09-08 to 2026-09-09 <<<
Fetching from Main... Found 582 records.
Fetching from Amazon... Found 132 records.
Successfully synced 554 records into Portal.
>>> Sync Complete <<<
PHP Warning:  PHP Startup: Unable to load dynamic library 'fileinfo.so' (tried: /usr/lib64/php7/extensions/fileinfo.so (/usr/lib64/php7/extensions/fileinfo.so: cannot open shared object file: No such file or directory), /usr/lib64/php7/extensions/fileinfo.so.so (/usr/lib64/php7/extensions/fileinfo.so.so: cannot open shared object file: No such file or directory)) in Unknown on line 0
PHP Warning:  Module 'pdo_pgsql' already loaded in Unknown on line 0
PHP Warning:  Module 'pgsql' already loaded in Unknown on line 0
PHP Warning:  Module 'Phar' already loaded in Unknown on line 0
>>> HYBRID SYNC STARTED: 2026-09-08 to 2026-09-09 <<<
Fetching from Main... Found 582 records.
Fetching from Amazon... Found 132 records.
Successfully synced 554 records into Portal.
>>> Sync Complete <<<
PHP Warning:  PHP Startup: Unable to load dynamic library 'fileinfo.so' (tried: /usr/lib64/php7/extensions/fileinfo.so (/usr/lib64/php7/extensions/fileinfo.so: cannot open shared object file: No such file or directory), /usr/lib64/php7/extensions/fileinfo.so.so (/usr/lib64/php7/extensions/fileinfo.so.so: cannot open shared object file: No such file or directory)) in Unknown on line 0
PHP Warning:  Module 'pdo_pgsql' already loaded in Unknown on line 0
PHP Warning:  Module 'pgsql' already loaded in Unknown on line 0
PHP Warning:  Module 'Phar' already loaded in Unknown on line 0
>>> HYBRID SYNC STARTED: 2026-09-08 to 2026-09-09 <<<
Fetching from Main... Found 590 records.
Fetching from Amazon... Found 135 records.
Successfully synced 558 records into Portal.
>>> Sync Complete <<<
PHP Warning:  PHP Startup: Unable to load dynamic library 'fileinfo.so' (tried: /usr/lib64/php7/extensions/fileinfo.so (/usr/lib64/php7/extensions/fileinfo.so: cannot open shared object file: No such file or directory), /usr/lib64/php7/extensions/fileinfo.so.so (/usr/lib64/php7/extensions/fileinfo.so.so: cannot open shared object file: No such file or directory)) in Unknown on line 0
PHP Warning:  Module 'pdo_pgsql' already loaded in Unknown on line 0
PHP Warning:  Module 'pgsql' already loaded in Unknown on line 0
PHP Warning:  Module 'Phar' already loaded in Unknown on line 0
>>> HYBRID SYNC STARTED: 2026-09-08 to 2026-09-09 <<<
Fetching from Main... Found 657 records.
Fetching from Amazon... Found 156 records.
Successfully synced 583 records into Portal.
>>> Sync Complete <<<
PHP Warning:  PHP Startup: Unable to load dynamic library 'fileinfo.so' (tried: /usr/lib64/php7/extensions/fileinfo.so (/usr/lib64/php7/extensions/fileinfo.so: cannot open shared object file: No such file or directory), /usr/lib64/php7/extensions/fileinfo.so.so (/usr/lib64/php7/extensions/fileinfo.so.so: cannot open shared object file: No such file or directory)) in Unknown on line 0
PHP Warning:  Module 'pdo_pgsql' already loaded in Unknown on line 0
PHP Warning:  Module 'pgsql' already loaded in Unknown on line 0
PHP Warning:  Module 'Phar' already loaded in Unknown on line 0
>>> HYBRID SYNC STARTED: 2026-09-08 to 2026-09-09 <<<
Fetching from Main... Found 979 records.
Fetching from Amazon... Found 231 records.
Successfully synced 859 records into Portal.
>>> Sync Complete <<<
PHP Warning:  PHP Startup: Unable to load dynamic library 'fileinfo.so' (tried: /usr/lib64/php7/extensions/fileinfo.so (/usr/lib64/php7/extensions/fileinfo.so: cannot open shared object file: No such file or directory), /usr/lib64/php7/extensions/fileinfo.so.so (/usr/lib64/php7/extensions/fileinfo.so.so: cannot open shared object file: No such file or directory)) in Unknown on line 0
PHP Warning:  Module 'pdo_pgsql' already loaded in Unknown on line 0
PHP Warning:  Module 'pgsql' already loaded in Unknown on line 0
PHP Warning:  Module 'Phar' already loaded in Unknown on line 0
>>> HYBRID SYNC STARTED: 2026-09-08 to 2026-09-09 <<<
Fetching from Main... Found 1037 records.
Fetching from Amazon... Found 245 records.
Successfully synced 899 records into Portal.
>>> Sync Complete <<<
PHP Warning:  PHP Startup: Unable to load dynamic library 'fileinfo.so' (tried: /usr/lib64/php7/extensions/fileinfo.so (/usr/lib64/php7/extensions/fileinfo.so: cannot open shared object file: No such file or directory), /usr/lib64/php7/extensions/fileinfo.so.so (/usr/lib64/php7/extensions/fileinfo.so.so: cannot open shared object file: No such file or directory)) in Unknown on line 0
PHP Warning:  Module 'pdo_pgsql' already loaded in Unknown on line 0
PHP Warning:  Module 'pgsql' already loaded in Unknown on line 0
PHP Warning:  Module 'Phar' already loaded in Unknown on line 0
>>> HYBRID SYNC STARTED: 2026-09-08 to 2026-09-09 <<<
>>> FORCE FIXING CSR WORK HOURS > 8 HOURS <<<
Fetching from Main... Found 1046 records.
Fetching from Amazon... Found 246 records.

>>> CHECKING FOR OVERWRITTEN CSR RECORDS (work > 8 hours) <<<
Found 673 CSR records with work > 8 hours that need fixing.
  FIXING: FNM14793 on 2026-09-08: 8.80hrs (biometric) ? 8.8hrs (dialer)
  FIXING: FNM15127 on 2026-09-08: 9.39hrs (biometric) ? 9.39hrs (dialer)
  FIXING: FNM15314 on 2026-09-09: 10.96hrs (biometric) ? 11hrs (dialer)
  FIXING: FNM13066 on 2026-09-08: 9.35hrs (biometric) ? 9.35hrs (dialer)
  FIXING: FNM13301 on 2026-09-08: 9.23hrs (biometric) ? 9.23hrs (dialer)
  FIXING: FNM11202 on 2026-09-08: 9.04hrs (biometric) ? 9.04hrs (dialer)
  FIXING: FNM14170 on 2026-09-08: 9.27hrs (biometric) ? 9.27hrs (dialer)
  FIXING: FNM15156 on 2026-09-08: 9.52hrs (biometric) ? 9.52hrs (dialer)
  FIXING: FNM15210 on 2026-09-08: 14.26hrs (biometric) ? 14.26hrs (dialer)
  FIXING: FNM15218 on 2026-09-08: 9.24hrs (biometric) ? 9.24hrs (dialer)
  FIXING: FNM13904 on 2026-09-08: 9.43hrs (biometric) ? 9.43hrs (dialer)
  FIXING: FNM13441 on 2026-09-08: 9.55hrs (biometric) ? 9.55hrs (dialer)
  FIXING: FNM15283 on 2026-09-09: 10.75hrs (biometric) ? 11.01hrs (dialer)
  FIXING: FNM15376 on 2026-09-08: 9.46hrs (biometric) ? 9.46hrs (dialer)
  FIXING: FNM14945 on 2026-09-08: 9.64hrs (biometric) ? 9.64hrs (dialer)
  FIXING: FNM14377 on 2026-09-08: 9.40hrs (biometric) ? 9.4hrs (dialer)
  FIXING: FNM14888 on 2026-09-08: 9.50hrs (biometric) ? 9.5hrs (dialer)
  FIXING: FNM10266 on 2026-09-08: 9.03hrs (biometric) ? 9.03hrs (dialer)
  FIXING: FNM14362 on 2026-09-08: 9.33hrs (biometric) ? 9.33hrs (dialer)
  FIXING: FNM13127 on 2026-09-08: 9.21hrs (biometric) ? 9.21hrs (dialer)
  FIXING: FNM15236 on 2026-09-08: 8.99hrs (biometric) ? 8.99hrs (dialer)
  FIXING: FNM14052 on 2026-09-08: 9.15hrs (biometric) ? 9.15hrs (dialer)
  FIXING: FNM14502 on 2026-09-08: 9.39hrs (biometric) ? 9.39hrs (dialer)
  FIXING: FNM14019 on 2026-09-08: 9.58hrs (biometric) ? 9.58hrs (dialer)
  FIXING: FNM14056 on 2026-09-08: 9.22hrs (biometric) ? 9.22hrs (dialer)
  FIXING: FNM14492 on 2026-09-08: 8.99hrs (biometric) ? 8.99hrs (dialer)
  FIXING: FNM15176 on 2026-09-08: 8.05hrs (biometric) ? 8.05hrs (dialer)
  FIXING: FNM15389 on 2026-09-08: 9.26hrs (biometric) ? 9.26hrs (dialer)
  FIXING: FNM14306 on 2026-09-08: 19.01hrs (biometric) ? 19.01hrs (dialer)
  FIXING: FNM14402 on 2026-09-08: 9.31hrs (biometric) ? 9.31hrs (dialer)
  FIXING: FNM10121 on 2026-09-08: 16.38hrs (biometric) ? 16.38hrs (dialer)
  FIXING: FNM15518 on 2026-09-08: 9.18hrs (biometric) ? 9.18hrs (dialer)
  FIXING: FNM13732 on 2026-09-08: 16.35hrs (biometric) ? 16.35hrs (dialer)
  FIXING: FNM15519 on 2026-09-08: 9.10hrs (biometric) ? 9.1hrs (dialer)
  FIXING: FNM15375 on 2026-09-08: 8.95hrs (biometric) ? 8.95hrs (dialer)
  FIXING: FNM14408 on 2026-09-08: 9.22hrs (biometric) ? 9.22hrs (dialer)
  FIXING: FNM15210 on 2026-09-09: 10.75hrs (biometric) ? 11hrs (dialer)
  FIXING: FNM14625 on 2026-09-08: 9.24hrs (biometric) ? 9.24hrs (dialer)
  FIXING: FNM14207 on 2026-09-08: 9.01hrs (biometric) ? 9.01hrs (dialer)
  FIXING: FNM14490 on 2026-09-08: 9.24hrs (biometric) ? 9.24hrs (dialer)
  FIXING: FNM15006 on 2026-09-08: 9.12hrs (biometric) ? 9.12hrs (dialer)
  FIXING: FNM13535 on 2026-09-08: 9.28hrs (biometric) ? 9.28hrs (dialer)
  FIXING: FNM12859 on 2026-09-08: 8.75hrs (biometric) ? 8.75hrs (dialer)
  FIXING: FNM10321 on 2026-09-08: 9.56hrs (biometric) ? 9.56hrs (dialer)
  FIXING: FNM13741 on 2026-09-08: 8.69hrs (biometric) ? 8.69hrs (dialer)
  FIXING: FNM14679 on 2026-09-08: 9.39hrs (biometric) ? 9.39hrs (dialer)
  FIXING: FNM12442 on 2026-09-08: 19.24hrs (biometric) ? 19.24hrs (dialer)
  FIXING: FNM15142 on 2026-09-08: 8.63hrs (biometric) ? 8.63hrs (dialer)
  FIXING: FNM14200 on 2026-09-08: 9.51hrs (biometric) ? 9.51hrs (dialer)
  FIXING: FNM14546 on 2026-09-08: 19.03hrs (biometric) ? 19.03hrs (dialer)
  FIXING: FNM14985 on 2026-09-08: 10.19hrs (biometric) ? 10.19hrs (dialer)
  FIXING: FNM13472 on 2026-09-08: 9.24hrs (biometric) ? 9.24hrs (dialer)
  FIXING: FNM11143 on 2026-09-08: 9.27hrs (biometric) ? 9.27hrs (dialer)
  FIXING: FNM15327 on 2026-09-08: 13.60hrs (biometric) ? 13.6hrs (dialer)
  FIXING: FNM14969 on 2026-09-08: 9.09hrs (biometric) ? 9.09hrs (dialer)
  FIXING: FNM15381 on 2026-09-08: 9.22hrs (biometric) ? 9.22hrs (dialer)
  FIXING: FNM14866 on 2026-09-08: 9.49hrs (biometric) ? 9.49hrs (dialer)
  FIXING: FNM14407 on 2026-09-08: 9.26hrs (biometric) ? 9.26hrs (dialer)
  FIXING: FNM14060 on 2026-09-08: 9.33hrs (biometric) ? 9.33hrs (dialer)
  FIXING: FNM11145 on 2026-09-08: 9.50hrs (biometric) ? 9.5hrs (dialer)
  FIXING: FNM15331 on 2026-09-08: 9.36hrs (biometric) ? 9.36hrs (dialer)
  FIXING: FNM15346 on 2026-09-08: 9.26hrs (biometric) ? 9.26hrs (dialer)
  FIXING: FNM15216 on 2026-09-08: 8.99hrs (biometric) ? 8.99hrs (dialer)
  FIXING: FNM11735 on 2026-09-08: 9.67hrs (biometric) ? 9.67hrs (dialer)
  FIXING: FNM14544 on 2026-09-08: 9.02hrs (biometric) ? 9.02hrs (dialer)
  FIXING: FNM15233 on 2026-09-08: 9.28hrs (biometric) ? 9.28hrs (dialer)
  FIXING: FNM15141 on 2026-09-08: 9.28hrs (biometric) ? 9.28hrs (dialer)
  FIXING: FNM11708 on 2026-09-09: 10.75hrs (biometric) ? 11hrs (dialer)
  FIXING: FNM15107 on 2026-09-08: 9.15hrs (biometric) ? 9.15hrs (dialer)
  FIXING: FNM13744 on 2026-09-08: 8.79hrs (biometric) ? 8.79hrs (dialer)
  FIXING: FNM14505 on 2026-09-08: 9.30hrs (biometric) ? 9.3hrs (dialer)
  FIXING: FNM14520 on 2026-09-08: 8.82hrs (biometric) ? 8.82hrs (dialer)
  FIXING: FNM15404 on 2026-09-08: 9.17hrs (biometric) ? 9.17hrs (dialer)
  FIXING: FNM15257 on 2026-09-08: 9.00hrs (biometric) ? 9hrs (dialer)
  FIXING: FNM15221 on 2026-09-08: 9.39hrs (biometric) ? 9.39hrs (dialer)
  FIXING: FNM13667 on 2026-09-08: 9.13hrs (biometric) ? 9.13hrs (dialer)
  FIXING: FNM14692 on 2026-09-08: 9.32hrs (biometric) ? 9.32hrs (dialer)
  FIXING: FNM14804 on 2026-09-08: 9.70hrs (biometric) ? 9.7hrs (dialer)
  FIXING: FNM14336 on 2026-09-09: 10.75hrs (biometric) ? 11hrs (dialer)
  FIXING: FNM12930 on 2026-09-09: 10.75hrs (biometric) ? 11hrs (dialer)
  FIXING: FNM13731 on 2026-09-08: 9.45hrs (biometric) ? 9.45hrs (dialer)
  FIXING: FNM10243 on 2026-09-08: 9.26hrs (biometric) ? 9.26hrs (dialer)
  FIXING: FNM15521 on 2026-09-08: 9.65hrs (biometric) ? 9.65hrs (dialer)
  FIXING: FNM14970 on 2026-09-08: 9.27hrs (biometric) ? 9.27hrs (dialer)
  FIXING: FNM15352 on 2026-09-08: 9.18hrs (biometric) ? 9.18hrs (dialer)
  FIXING: FNM15273 on 2026-09-08: 9.41hrs (biometric) ? 9.41hrs (dialer)
  FIXING: FNM15531 on 2026-09-08: 9.34hrs (biometric) ? 9.34hrs (dialer)
  FIXING: FNM13482 on 2026-09-08: 8.23hrs (biometric) ? 8.23hrs (dialer)
  FIXING: FNM14904 on 2026-09-08: 8.99hrs (biometric) ? 8.99hrs (dialer)
  FIXING: FNM15120 on 2026-09-08: 9.35hrs (biometric) ? 9.35hrs (dialer)
  FIXING: FNM13662 on 2026-09-08: 9.22hrs (biometric) ? 9.22hrs (dialer)
  FIXING: FNM14336 on 2026-09-08: 14.26hrs (biometric) ? 14.26hrs (dialer)
  FIXING: FNM14432 on 2026-09-09: 10.75hrs (biometric) ? 11hrs (dialer)
  FIXING: FNM14399 on 2026-09-08: 9.28hrs (biometric) ? 9.28hrs (dialer)
  FIXING: FNM15395 on 2026-09-08: 9.55hrs (biometric) ? 9.55hrs (dialer)
  FIXING: FNM15534 on 2026-09-08: 9.26hrs (biometric) ? 9.26hrs (dialer)
  FIXING: FNM13438 on 2026-09-08: 9.48hrs (biometric) ? 9.48hrs (dialer)
  FIXING: FNM15322 on 2026-09-08: 8.95hrs (biometric) ? 8.95hrs (dialer)
  FIXING: FNM11164 on 2026-09-08: 9.72hrs (biometric) ? 9.72hrs (dialer)
  FIXING: FNM13661 on 2026-09-08: 9.79hrs (biometric) ? 9.79hrs (dialer)
  FIXING: FNM11250 on 2026-09-08: 14.20hrs (biometric) ? 14.2hrs (dialer)
  FIXING: FNM15339 on 2026-09-08: 9.31hrs (biometric) ? 9.31hrs (dialer)
  FIXING: FNM15360 on 2026-09-08: 9.06hrs (biometric) ? 9.06hrs (dialer)
  FIXING: FNM15526 on 2026-09-08: 9.09hrs (biometric) ? 9.09hrs (dialer)
  FIXING: FNM15215 on 2026-09-08: 9.18hrs (biometric) ? 9.18hrs (dialer)
  FIXING: FNM13679 on 2026-09-08: 9.16hrs (biometric) ? 9.16hrs (dialer)
  FIXING: FNM12830 on 2026-09-08: 14.18hrs (biometric) ? 14.18hrs (dialer)
  FIXING: FNM14214 on 2026-09-08: 9.44hrs (biometric) ? 9.44hrs (dialer)
  FIXING: FNM14807 on 2026-09-08: 8.81hrs (biometric) ? 8.81hrs (dialer)
  FIXING: FNM14288 on 2026-09-08: 18.63hrs (biometric) ? 18.63hrs (dialer)
  FIXING: FNM14421 on 2026-09-08: 9.33hrs (biometric) ? 9.33hrs (dialer)
  FIXING: FNM13680 on 2026-09-08: 8.94hrs (biometric) ? 8.94hrs (dialer)
  FIXING: FNM15399 on 2026-09-08: 9.39hrs (biometric) ? 9.39hrs (dialer)
  FIXING: FNM13530 on 2026-09-08: 9.50hrs (biometric) ? 9.5hrs (dialer)
  FIXING: FNM13794 on 2026-09-08: 8.98hrs (biometric) ? 8.98hrs (dialer)
  FIXING: FNM5894 on 2026-09-08: 9.45hrs (biometric) ? 9.45hrs (dialer)
  FIXING: FNM11160 on 2026-09-08: 14.28hrs (biometric) ? 14.28hrs (dialer)
  FIXING: FNM14448 on 2026-09-08: 9.39hrs (biometric) ? 9.39hrs (dialer)
  FIXING: FNM14555 on 2026-09-08: 10.01hrs (biometric) ? 10.01hrs (dialer)
  FIXING: FNM10632 on 2026-09-08: 9.05hrs (biometric) ? 9.05hrs (dialer)
  FIXING: FNM14811 on 2026-09-08: 8.79hrs (biometric) ? 8.79hrs (dialer)
  FIXING: FNM14798 on 2026-09-08: 9.30hrs (biometric) ? 9.3hrs (dialer)
  FIXING: FNM15310 on 2026-09-08: 9.78hrs (biometric) ? 9.78hrs (dialer)
  FIXING: FNM15024 on 2026-09-09: 10.94hrs (biometric) ? 11hrs (dialer)
  FIXING: FNM14414 on 2026-09-08: 9.38hrs (biometric) ? 9.38hrs (dialer)
  FIXING: FNM10281 on 2026-09-08: 9.20hrs (biometric) ? 9.2hrs (dialer)
  FIXING: FNM13534 on 2026-09-08: 9.31hrs (biometric) ? 9.31hrs (dialer)
  FIXING: FNM12218 on 2026-09-08: 8.95hrs (biometric) ? 8.95hrs (dialer)
  FIXING: FNM12663 on 2026-09-08: 9.25hrs (biometric) ? 9.25hrs (dialer)
  FIXING: FNM14114 on 2026-09-08: 9.69hrs (biometric) ? 9.69hrs (dialer)
  FIXING: FNM14750 on 2026-09-08: 9.04hrs (biometric) ? 9.04hrs (dialer)
  FIXING: FNM11250 on 2026-09-09: 10.68hrs (biometric) ? 10.82hrs (dialer)
  FIXING: FNM15139 on 2026-09-08: 9.78hrs (biometric) ? 9.78hrs (dialer)
  FIXING: FNM13739 on 2026-09-08: 8.59hrs (biometric) ? 8.59hrs (dialer)
  FIXING: FNM14344 on 2026-09-08: 9.44hrs (biometric) ? 9.44hrs (dialer)
  FIXING: FNM14988 on 2026-09-08: 8.96hrs (biometric) ? 8.96hrs (dialer)
  FIXING: FNM14950 on 2026-09-08: 8.90hrs (biometric) ? 8.9hrs (dialer)
  FIXING: FNM14053 on 2026-09-08: 19.01hrs (biometric) ? 19.01hrs (dialer)
  FIXING: FNM13902 on 2026-09-08: 9.37hrs (biometric) ? 9.37hrs (dialer)
  FIXING: FNM15138 on 2026-09-09: 10.75hrs (biometric) ? 11hrs (dialer)
  FIXING: FNM14311 on 2026-09-09: 10.91hrs (biometric) ? 11hrs (dialer)
  FIXING: FNM12096 on 2026-09-08: 9.70hrs (biometric) ? 9.7hrs (dialer)
  FIXING: FNM14427 on 2026-09-08: 8.95hrs (biometric) ? 8.95hrs (dialer)
  FIXING: FNM15168 on 2026-09-08: 9.67hrs (biometric) ? 9.67hrs (dialer)
  FIXING: FNM10705 on 2026-09-08: 8.71hrs (biometric) ? 8.71hrs (dialer)
  FIXING: FNM14054 on 2026-09-08: 8.81hrs (biometric) ? 8.81hrs (dialer)
  FIXING: FNM14751 on 2026-09-08: 9.09hrs (biometric) ? 9.09hrs (dialer)
  FIXING: FNM15332 on 2026-09-08: 18.99hrs (biometric) ? 18.99hrs (dialer)
  FIXING: FNM14556 on 2026-09-08: 10.13hrs (biometric) ? 10.13hrs (dialer)
  FIXING: FNM14738 on 2026-09-08: 9.01hrs (biometric) ? 9.01hrs (dialer)
  FIXING: FNM14450 on 2026-09-08: 9.58hrs (biometric) ? 9.58hrs (dialer)
  FIXING: FNM15094 on 2026-09-08: 9.28hrs (biometric) ? 9.28hrs (dialer)
  FIXING: FNM14940 on 2026-09-08: 14.21hrs (biometric) ? 14.21hrs (dialer)
  FIXING: FNM15529 on 2026-09-08: 9.50hrs (biometric) ? 9.5hrs (dialer)
  FIXING: FNM14519 on 2026-09-08: 9.29hrs (biometric) ? 9.29hrs (dialer)
  FIXING: FNM11243 on 2026-09-08: 9.04hrs (biometric) ? 9.04hrs (dialer)
  FIXING: FNM15516 on 2026-09-08: 9.16hrs (biometric) ? 9.16hrs (dialer)
  FIXING: FNM15271 on 2026-09-08: 9.37hrs (biometric) ? 9.37hrs (dialer)
  FIXING: FNM10024 on 2026-09-08: 9.17hrs (biometric) ? 9.17hrs (dialer)
  FIXING: FNM15393 on 2026-09-08: 9.09hrs (biometric) ? 9.09hrs (dialer)
  FIXING: FNM14508 on 2026-09-08: 9.23hrs (biometric) ? 9.23hrs (dialer)
  FIXING: FNM13710 on 2026-09-08: 9.25hrs (biometric) ? 9.25hrs (dialer)
  FIXING: FNM15368 on 2026-09-08: 9.59hrs (biometric) ? 9.59hrs (dialer)
  FIXING: FNM14136 on 2026-09-08: 9.42hrs (biometric) ? 9.42hrs (dialer)
  FIXING: FNM11492 on 2026-09-08: 9.32hrs (biometric) ? 9.32hrs (dialer)
  FIXING: FNM11854 on 2026-09-08: 9.40hrs (biometric) ? 9.4hrs (dialer)
  FIXING: FNM14142 on 2026-09-08: 9.00hrs (biometric) ? 9hrs (dialer)
  FIXING: FNM15138 on 2026-09-08: 14.40hrs (biometric) ? 14.4hrs (dialer)
  FIXING: FNM10052 on 2026-09-08: 9.80hrs (biometric) ? 9.8hrs (dialer)
  FIXING: FNM14361 on 2026-09-08: 9.52hrs (biometric) ? 9.52hrs (dialer)
  FIXING: FNM15144 on 2026-09-08: 9.40hrs (biometric) ? 9.4hrs (dialer)
  FIXING: FNM10509 on 2026-09-08: 9.21hrs (biometric) ? 9.21hrs (dialer)
  FIXING: FNM15342 on 2026-09-08: 9.18hrs (biometric) ? 9.18hrs (dialer)
  FIXING: FNM15202 on 2026-09-08: 9.39hrs (biometric) ? 9.39hrs (dialer)
  FIXING: FNM12241 on 2026-09-08: 9.42hrs (biometric) ? 9.42hrs (dialer)
  FIXING: FNM15361 on 2026-09-08: 9.28hrs (biometric) ? 9.28hrs (dialer)
  FIXING: FNM15330 on 2026-09-08: 14.09hrs (biometric) ? 14.09hrs (dialer)
  FIXING: FNM14782 on 2026-09-08: 8.78hrs (biometric) ? 8.78hrs (dialer)
  FIXING: FNM14756 on 2026-09-08: 9.31hrs (biometric) ? 9.31hrs (dialer)
  FIXING: FNM10526 on 2026-09-08: 8.84hrs (biometric) ? 8.84hrs (dialer)
  FIXING: FNM15054 on 2026-09-08: 9.37hrs (biometric) ? 9.37hrs (dialer)
  FIXING: FNM10140 on 2026-09-08: 9.13hrs (biometric) ? 9.13hrs (dialer)
  FIXING: FNM14318 on 2026-09-08: 8.86hrs (biometric) ? 8.86hrs (dialer)
  FIXING: FNM14262 on 2026-09-08: 9.38hrs (biometric) ? 9.38hrs (dialer)
  FIXING: FNM14786 on 2026-09-08: 8.87hrs (biometric) ? 8.87hrs (dialer)
  FIXING: FNM15024 on 2026-09-08: 14.12hrs (biometric) ? 14.12hrs (dialer)
  FIXING: FNM12251 on 2026-09-08: 9.07hrs (biometric) ? 9.07hrs (dialer)
  FIXING: FNM14659 on 2026-09-08: 9.25hrs (biometric) ? 9.25hrs (dialer)
  FIXING: FNM12890 on 2026-09-08: 9.16hrs (biometric) ? 9.16hrs (dialer)
  FIXING: FNM14462 on 2026-09-08: 9.14hrs (biometric) ? 9.14hrs (dialer)
  FIXING: FNM10323 on 2026-09-08: 9.01hrs (biometric) ? 9.01hrs (dialer)
  FIXING: FNM15116 on 2026-09-08: 9.07hrs (biometric) ? 9.07hrs (dialer)
  FIXING: FNM14238 on 2026-09-08: 9.30hrs (biometric) ? 9.3hrs (dialer)
  FIXING: FNM11852 on 2026-09-08: 9.29hrs (biometric) ? 9.29hrs (dialer)
  FIXING: FNM15329 on 2026-09-08: 9.21hrs (biometric) ? 9.21hrs (dialer)
  FIXING: FNM15170 on 2026-09-08: 9.48hrs (biometric) ? 9.48hrs (dialer)
  FIXING: FNM15217 on 2026-09-08: 9.38hrs (biometric) ? 9.38hrs (dialer)
  FIXING: FNM15356 on 2026-09-08: 9.14hrs (biometric) ? 9.14hrs (dialer)
  FIXING: FNM14961 on 2026-09-08: 9.21hrs (biometric) ? 9.21hrs (dialer)
  FIXING: FNM14796 on 2026-09-08: 9.97hrs (biometric) ? 9.97hrs (dialer)
  FIXING: FNM14455 on 2026-09-08: 8.75hrs (biometric) ? 8.75hrs (dialer)
  FIXING: FNM14906 on 2026-09-09: 10.75hrs (biometric) ? 11hrs (dialer)
  FIXING: FNM11846 on 2026-09-08: 9.23hrs (biometric) ? 9.23hrs (dialer)
  FIXING: FNM14694 on 2026-09-08: 9.02hrs (biometric) ? 9.02hrs (dialer)
  FIXING: FNM15365 on 2026-09-08: 9.35hrs (biometric) ? 9.35hrs (dialer)
  FIXING: FNM15374 on 2026-09-08: 9.41hrs (biometric) ? 9.41hrs (dialer)
  FIXING: FNM14016 on 2026-09-08: 9.83hrs (biometric) ? 9.83hrs (dialer)
  FIXING: FNM14507 on 2026-09-08: 8.62hrs (biometric) ? 8.62hrs (dialer)
  FIXING: FNM14432 on 2026-09-08: 13.55hrs (biometric) ? 13.55hrs (dialer)
  FIXING: FNM13750 on 2026-09-08: 9.53hrs (biometric) ? 9.53hrs (dialer)
  FIXING: FNM12181 on 2026-09-08: 18.87hrs (biometric) ? 18.87hrs (dialer)
  FIXING: FNM14434 on 2026-09-08: 14.10hrs (biometric) ? 14.1hrs (dialer)
  FIXING: FNM13264 on 2026-09-08: 9.20hrs (biometric) ? 9.2hrs (dialer)
  FIXING: FNM13624 on 2026-09-08: 9.31hrs (biometric) ? 9.31hrs (dialer)
  FIXING: FNM14210 on 2026-09-08: 9.57hrs (biometric) ? 9.57hrs (dialer)
  FIXING: FNM14141 on 2026-09-08: 9.18hrs (biometric) ? 9.18hrs (dialer)
  FIXING: FNM15017 on 2026-09-08: 9.36hrs (biometric) ? 9.36hrs (dialer)
  FIXING: FNM15131 on 2026-09-08: 9.33hrs (biometric) ? 9.33hrs (dialer)
  FIXING: FNM15334 on 2026-09-09: 10.75hrs (biometric) ? 11hrs (dialer)
  FIXING: FNM12188 on 2026-09-08: 9.33hrs (biometric) ? 9.33hrs (dialer)
  FIXING: FNM15372 on 2026-09-08: 9.21hrs (biometric) ? 9.21hrs (dialer)
  FIXING: FNM11850 on 2026-09-08: 13.99hrs (biometric) ? 13.99hrs (dialer)
  FIXING: FNM15164 on 2026-09-08: 9.27hrs (biometric) ? 9.27hrs (dialer)
  FIXING: FNM14891 on 2026-09-08: 9.18hrs (biometric) ? 9.18hrs (dialer)
  FIXING: FNM5666 on 2026-09-08: 9.66hrs (biometric) ? 9.66hrs (dialer)
  FIXING: FNM15509 on 2026-09-08: 9.31hrs (biometric) ? 9.31hrs (dialer)
  FIXING: FNM14463 on 2026-09-08: 9.85hrs (biometric) ? 9.85hrs (dialer)
  FIXING: FNM15162 on 2026-09-08: 9.48hrs (biometric) ? 9.48hrs (dialer)
  FIXING: FNM15198 on 2026-09-08: 9.33hrs (biometric) ? 9.33hrs (dialer)
  FIXING: FNM15388 on 2026-09-08: 18.89hrs (biometric) ? 18.89hrs (dialer)
  FIXING: FNM11708 on 2026-09-08: 13.88hrs (biometric) ? 13.88hrs (dialer)
  FIXING: FNM15523 on 2026-09-08: 9.80hrs (biometric) ? 9.8hrs (dialer)
  FIXING: FNM14810 on 2026-09-08: 9.03hrs (biometric) ? 9.03hrs (dialer)
  FIXING: FNM15062 on 2026-09-08: 9.36hrs (biometric) ? 9.36hrs (dialer)
  FIXING: FNM15246 on 2026-09-08: 9.39hrs (biometric) ? 9.39hrs (dialer)
  FIXING: FNM15283 on 2026-09-08: 14.66hrs (biometric) ? 14.66hrs (dialer)
  FIXING: FNM14899 on 2026-09-08: 9.47hrs (biometric) ? 9.47hrs (dialer)
  FIXING: FNM15295 on 2026-09-08: 8.13hrs (biometric) ? 8.13hrs (dialer)
  FIXING: FNM15135 on 2026-09-08: 9.36hrs (biometric) ? 9.36hrs (dialer)
  FIXING: FNM14064 on 2026-09-08: 9.21hrs (biometric) ? 9.21hrs (dialer)
  FIXING: FNM10608 on 2026-09-08: 9.38hrs (biometric) ? 9.38hrs (dialer)
  FIXING: FNM14434 on 2026-09-09: 10.98hrs (biometric) ? 11hrs (dialer)
  FIXING: FNM11850 on 2026-09-09: 10.81hrs (biometric) ? 10.92hrs (dialer)
  FIXING: FNM14794 on 2026-09-08: 9.25hrs (biometric) ? 9.25hrs (dialer)
  FIXING: FNM10074 on 2026-09-08: 8.72hrs (biometric) ? 8.72hrs (dialer)
  FIXING: FNM14075 on 2026-09-08: 14.27hrs (biometric) ? 14.27hrs (dialer)
  FIXING: FNM13548 on 2026-09-08: 9.39hrs (biometric) ? 9.39hrs (dialer)
  FIXING: FNM10072 on 2026-09-08: 8.84hrs (biometric) ? 8.84hrs (dialer)
  FIXING: FNM13608 on 2026-09-08: 9.32hrs (biometric) ? 9.32hrs (dialer)
  FIXING: FNM14940 on 2026-09-09: 10.91hrs (biometric) ? 10.98hrs (dialer)
  FIXING: FNM15358 on 2026-09-08: 9.20hrs (biometric) ? 9.2hrs (dialer)
  FIXING: FNM14952 on 2026-09-08: 9.19hrs (biometric) ? 9.19hrs (dialer)
  FIXING: FNM13653 on 2026-09-08: 9.40hrs (biometric) ? 9.4hrs (dialer)
  FIXING: FNM14764 on 2026-09-08: 9.15hrs (biometric) ? 9.15hrs (dialer)
  FIXING: FNM15506 on 2026-09-08: 9.83hrs (biometric) ? 9.83hrs (dialer)
  FIXING: FNM14439 on 2026-09-08: 8.24hrs (biometric) ? 8.24hrs (dialer)
  FIXING: FNM15532 on 2026-09-08: 9.52hrs (biometric) ? 9.52hrs (dialer)
  FIXING: FNM14876 on 2026-09-08: 9.29hrs (biometric) ? 9.29hrs (dialer)
  FIXING: FNM14470 on 2026-09-08: 8.86hrs (biometric) ? 8.86hrs (dialer)
  FIXING: FNM15211 on 2026-09-08: 9.31hrs (biometric) ? 9.31hrs (dialer)
  FIXING: FNM15102 on 2026-09-08: 8.77hrs (biometric) ? 8.77hrs (dialer)
  FIXING: FNM12843 on 2026-09-08: 8.94hrs (biometric) ? 8.94hrs (dialer)
  FIXING: FNM14995 on 2026-09-08: 9.24hrs (biometric) ? 9.24hrs (dialer)
  FIXING: FNM14703 on 2026-09-08: 9.28hrs (biometric) ? 9.28hrs (dialer)
  FIXING: FNM14015 on 2026-09-08: 9.38hrs (biometric) ? 9.38hrs (dialer)
  FIXING: FNM14349 on 2026-09-08: 9.44hrs (biometric) ? 9.44hrs (dialer)
  FIXING: FNM15363 on 2026-09-08: 9.30hrs (biometric) ? 9.3hrs (dialer)
  FIXING: FNM10234 on 2026-09-08: 9.67hrs (biometric) ? 9.67hrs (dialer)
  FIXING: FNM15326 on 2026-09-08: 14.24hrs (biometric) ? 14.24hrs (dialer)
  FIXING: FNM15327 on 2026-09-09: 10.75hrs (biometric) ? 11hrs (dialer)
  FIXING: FNM15097 on 2026-09-08: 9.15hrs (biometric) ? 9.15hrs (dialer)
  FIXING: FNM15510 on 2026-09-08: 9.34hrs (biometric) ? 9.34hrs (dialer)
  FIXING: FNM14626 on 2026-09-08: 9.23hrs (biometric) ? 9.23hrs (dialer)
  FIXING: FNM14395 on 2026-09-08: 9.31hrs (biometric) ? 9.31hrs (dialer)
  FIXING: FNM14725 on 2026-09-08: 9.35hrs (biometric) ? 9.35hrs (dialer)
  FIXING: FNM12441 on 2026-09-08: 9.35hrs (biometric) ? 9.35hrs (dialer)
  FIXING: FNM14803 on 2026-09-08: 9.55hrs (biometric) ? 9.55hrs (dialer)
  FIXING: FNM14311 on 2026-09-08: 14.81hrs (biometric) ? 14.81hrs (dialer)
  FIXING: FNM14369 on 2026-09-08: 9.23hrs (biometric) ? 9.23hrs (dialer)
  FIXING: FNM11804 on 2026-09-08: 9.26hrs (biometric) ? 9.26hrs (dialer)
  FIXING: FNM15290 on 2026-09-08: 8.46hrs (biometric) ? 8.46hrs (dialer)
  FIXING: FNM14709 on 2026-09-08: 19.17hrs (biometric) ? 19.17hrs (dialer)
  FIXING: FNM14571 on 2026-09-08: 9.22hrs (biometric) ? 9.22hrs (dialer)
  FIXING: FNM15260 on 2026-09-08: 8.43hrs (biometric) ? 8.43hrs (dialer)
  FIXING: FNM14075 on 2026-09-09: 10.88hrs (biometric) ? 11hrs (dialer)
  FIXING: FNM15471 on 2026-09-08: 9.33hrs (biometric) ? 9.33hrs (dialer)
  FIXING: FNM15314 on 2026-09-08: 13.90hrs (biometric) ? 13.9hrs (dialer)
  FIXING: FNM15206 on 2026-09-08: 9.56hrs (biometric) ? 9.56hrs (dialer)
  FIXING: FNM14867 on 2026-09-08: 9.29hrs (biometric) ? 9.29hrs (dialer)
  FIXING: FNM15140 on 2026-09-08: 9.20hrs (biometric) ? 9.2hrs (dialer)
  FIXING: FNM14504 on 2026-09-08: 9.33hrs (biometric) ? 9.33hrs (dialer)
  FIXING: FNM13215 on 2026-09-08: 9.30hrs (biometric) ? 9.3hrs (dialer)
  FIXING: FNM15000 on 2026-09-08: 8.77hrs (biometric) ? 8.77hrs (dialer)
  FIXING: FNM14007 on 2026-09-08: 9.32hrs (biometric) ? 9.32hrs (dialer)
  FIXING: FNM14671 on 2026-09-08: 9.29hrs (biometric) ? 9.29hrs (dialer)
  FIXING: FNM14818 on 2026-09-08: 8.91hrs (biometric) ? 8.91hrs (dialer)
  FIXING: FNM14406 on 2026-09-08: 9.22hrs (biometric) ? 9.22hrs (dialer)
  FIXING: FNM15351 on 2026-09-08: 9.38hrs (biometric) ? 9.38hrs (dialer)
  FIXING: FNM10952 on 2026-09-08: 9.38hrs (biometric) ? 9.38hrs (dialer)
  FIXING: FNM15522 on 2026-09-08: 9.25hrs (biometric) ? 9.25hrs (dialer)
  FIXING: FNM13649 on 2026-09-08: 9.29hrs (biometric) ? 9.29hrs (dialer)
  FIXING: FNM14906 on 2026-09-08: 14.44hrs (biometric) ? 14.44hrs (dialer)
  FIXING: FNM15512 on 2026-09-08: 9.14hrs (biometric) ? 9.14hrs (dialer)
  FIXING: FNM15508 on 2026-09-08: 9.57hrs (biometric) ? 9.57hrs (dialer)
  FIXING: FNM14736 on 2026-09-08: 9.17hrs (biometric) ? 9.17hrs (dialer)
  FIXING: FNM12207 on 2026-09-08: 9.01hrs (biometric) ? 9.01hrs (dialer)
  FIXING: FNM15334 on 2026-09-08: 14.31hrs (biometric) ? 14.31hrs (dialer)
  FIXING: FNM12830 on 2026-09-09: 10.96hrs (biometric) ? 11hrs (dialer)
  FIXING: FNM15345 on 2026-09-08: 9.35hrs (biometric) ? 9.35hrs (dialer)
  FIXING: FNM15034 on 2026-09-08: 9.09hrs (biometric) ? 9.09hrs (dialer)
  FIXING: FNM13782 on 2026-09-08: 8.23hrs (biometric) ? 8.23hrs (dialer)
  FIXING: FNM12896 on 2026-09-08: 9.57hrs (biometric) ? 9.57hrs (dialer)
  FIXING: FNM14398 on 2026-09-08: 9.60hrs (biometric) ? 9.6hrs (dialer)
  FIXING: FNM11589 on 2026-09-08: 9.25hrs (biometric) ? 9.25hrs (dialer)
  FIXING: FNM12369 on 2026-09-08: 9.17hrs (biometric) ? 9.17hrs (dialer)
  FIXING: FNM11125 on 2026-09-08: 9.53hrs (biometric) ? 9.53hrs (dialer)
  FIXING: FNM14003 on 2026-09-08: 9.37hrs (biometric) ? 9.37hrs (dialer)
  FIXING: FNM14971 on 2026-09-08: 9.27hrs (biometric) ? 9.27hrs (dialer)
  FIXING: FNM11205 on 2026-09-08: 8.54hrs (biometric) ? 8.54hrs (dialer)
  FIXING: FNM15160 on 2026-09-08: 9.13hrs (biometric) ? 9.13hrs (dialer)
  FIXING: FNM14415 on 2026-09-08: 9.61hrs (biometric) ? 9.61hrs (dialer)
  FIXING: FNM13645 on 2026-09-08: 9.55hrs (biometric) ? 9.55hrs (dialer)
  FIXING: FNM10388 on 2026-09-08: 8.42hrs (biometric) ? 8.42hrs (dialer)
  FIXING: FNM15330 on 2026-09-09: 10.75hrs (biometric) ? 11hrs (dialer)
  FIXING: FNM12980 on 2026-09-08: 9.23hrs (biometric) ? 9.23hrs (dialer)
  FIXING: FNM10666 on 2026-09-08: 16.00hrs (biometric) ? 16hrs (dialer)
  FIXING: FNM12237 on 2026-09-08: 9.97hrs (biometric) ? 9.97hrs (dialer)
  FIXING: FNM14540 on 2026-09-08: 24.00hrs (biometric) ? 24hrs (dialer)
  FIXING: FNM15226 on 2026-09-08: 8.86hrs (biometric) ? 8.86hrs (dialer)
  FIXING: FNM15145 on 2026-09-08: 9.25hrs (biometric) ? 9.25hrs (dialer)
  FIXING: FNM14083 on 2026-09-08: 9.38hrs (biometric) ? 9.38hrs (dialer)
  FIXING: FNM15011 on 2026-09-08: 9.45hrs (biometric) ? 9.45hrs (dialer)
  FIXING: FNM15357 on 2026-09-08: 9.12hrs (biometric) ? 9.12hrs (dialer)
  FIXING: FNM15204 on 2026-09-08: 9.24hrs (biometric) ? 9.24hrs (dialer)
  FIXING: FNM14553 on 2026-09-08: 9.21hrs (biometric) ? 9.21hrs (dialer)
  FIXING: FNM15008 on 2026-09-08: 9.43hrs (biometric) ? 9.43hrs (dialer)
  FIXING: FNM14062 on 2026-09-08: 9.33hrs (biometric) ? 9.33hrs (dialer)
  FIXING: FNM13682 on 2026-09-08: 8.82hrs (biometric) ? 8.82hrs (dialer)
  FIXING: FNM11750 on 2026-09-08: 9.23hrs (biometric) ? 9.23hrs (dialer)
  FIXING: FNM14708 on 2026-09-08: 9.24hrs (biometric) ? 9.24hrs (dialer)
  FIXING: FNM14540 on 2026-09-09: 10.75hrs (biometric) ? 11hrs (dialer)
  FIXING: FNM14135 on 2026-09-08: 9.42hrs (biometric) ? 9.42hrs (dialer)
  FIXING: FNM14430 on 2026-09-08: 9.26hrs (biometric) ? 9.26hrs (dialer)
  FIXING: FNM15259 on 2026-09-08: 9.00hrs (biometric) ? 9hrs (dialer)
  FIXING: FNM15146 on 2026-09-08: 9.36hrs (biometric) ? 9.36hrs (dialer)
  FIXING: FNM15326 on 2026-09-09: 10.75hrs (biometric) ? 11hrs (dialer)
  FIXING: FNM13155 on 2026-09-08: 9.35hrs (biometric) ? 9.35hrs (dialer)
  FIXING: FNM13150 on 2026-09-08: 9.11hrs (biometric) ? 9.11hrs (dialer)
  FIXING: FNM12930 on 2026-09-08: 13.46hrs (biometric) ? 13.46hrs (dialer)
  FIXING: FNM10242 on 2026-09-08: 9.30hrs (biometric) ? 9.3hrs (dialer)
  FIXING: FNM14511 on 2026-09-08: 9.31hrs (biometric) ? 9.31hrs (dialer)
  FIXING: FNM15536 on 2026-09-08: 9.31hrs (biometric) ? 9.31hrs (dialer)
  FIXING: FNM14987 on 2026-09-08: 8.96hrs (biometric) ? 8.96hrs (dialer)
  FIXING: FNM13733 on 2026-09-08: 9.32hrs (biometric) ? 9.32hrs (dialer)
  FIXING: FNM15151 on 2026-09-08: 9.94hrs (biometric) ? 9.94hrs (dialer)
  FIXING: FNM12214 on 2026-09-08: 9.08hrs (biometric) ? 9.08hrs (dialer)
  FIXING: FNM14322 on 2026-09-08: 9.10hrs (biometric) ? 9.1hrs (dialer)
  FIXING: FNM13164 on 2026-09-08: 9.33hrs (biometric) ? 9.33hrs (dialer)
  FIXING: FNM11112 on 2026-09-08: 9.26hrs (biometric) ? 9.26hrs (dialer)
  FIXING: FNM10019 on 2026-09-08: 9.60hrs (biometric) ? 9.6hrs (dialer)
  FIXING: FNM15401 on 2026-09-08: 9.41hrs (biometric) ? 9.41hrs (dialer)
  FIXING: FNM13602 on 2026-09-08: 8.69hrs (biometric) ? 8.69hrs (dialer)
  FIXING: FNM14701 on 2026-09-08: 9.61hrs (biometric) ? 9.61hrs (dialer)
  FIXING: FNM11595 on 2026-09-08: 9.34hrs (biometric) ? 9.34hrs (dialer)
  FIXING: FNM14456 on 2026-09-08: 9.20hrs (biometric) ? 9.2hrs (dialer)
  FIXING: FNM10082 on 2026-09-08: 10.01hrs (biometric) ? 10.01hrs (dialer)
  FIXING: FNM14897 on 2026-09-08: 10.30hrs (biometric) ? 10.3hrs (dialer)
  FIXING: FNM14686 on 2026-09-08: 9.34hrs (biometric) ? 9.34hrs (dialer)
  FIXING: FNM12766 on 2026-09-08: 9.18hrs (biometric) ? 9.18hrs (dialer)
  FIXING: FNM15412 on 2026-09-08: 8.95hrs (biometric) ? 8.95hrs (dialer)
  FIXING: FNM15137 on 2026-09-08: 8.48hrs (biometric) ? 8.48hrs (dialer)
  FIXING: FNM15442 on 2026-09-08: 8.96hrs (biometric) ? 8.96hrs (dialer)
  FIXING: FNM13536 on 2026-09-08: 9.24hrs (biometric) ? 9.24hrs (dialer)
  FIXING: FNM13656 on 2026-09-08: 9.19hrs (biometric) ? 9.19hrs (dialer)
  FIXING: FNM12223 on 2026-09-08: 9.14hrs (biometric) ? 9.14hrs (dialer)
  FIXING: FNM14880 on 2026-09-08: 9.36hrs (biometric) ? 9.36hrs (dialer)
  FIXING: FNM11228 on 2026-09-08: 9.33hrs (biometric) ? 9.33hrs (dialer)
  FIXING: FNM12479 on 2026-09-08: 8.68hrs (biometric) ? 8.68hrs (dialer)
  FIXING: FNM14384 on 2026-09-08: 8.01hrs (biometric) ? 8.01hrs (dialer)
  FIXING: FNM15195 on 2026-09-08: 8.01hrs (biometric) ? 8.01hrs (dialer)
  FIXING: FNM14266 on 2026-09-08: 8.25hrs (biometric) ? 8.25hrs (dialer)
  FIXING: FNM12317 on 2026-09-08: 12.80hrs (biometric) ? 12.8hrs (dialer)
  FIXING: FNM15191 on 2026-09-08: 8.84hrs (biometric) ? 8.84hrs (dialer)
  FIXING: FNM15077 on 2026-09-08: 8.78hrs (biometric) ? 8.78hrs (dialer)
  FIXING: FNM14522 on 2026-09-08: 8.73hrs (biometric) ? 8.73hrs (dialer)
  FIXING: FNM15297 on 2026-09-08: 8.48hrs (biometric) ? 8.48hrs (dialer)
  FIXING: FNM14981 on 2026-09-09: 10.26hrs (biometric) ? 10.51hrs (dialer)
  FIXING: FNM15392 on 2026-09-08: 8.46hrs (biometric) ? 8.46hrs (dialer)
  FIXING: FNM14379 on 2026-09-08: 8.59hrs (biometric) ? 8.59hrs (dialer)
  FIXING: FNM14645 on 2026-09-08: 8.53hrs (biometric) ? 8.53hrs (dialer)
  FIXING: FNM13477 on 2026-09-08: 8.18hrs (biometric) ? 8.18hrs (dialer)
  FIXING: FNM14380 on 2026-09-08: 8.27hrs (biometric) ? 8.27hrs (dialer)
  FIXING: FNM10312 on 2026-09-08: 8.26hrs (biometric) ? 8.26hrs (dialer)
  FIXING: FNM15463 on 2026-09-08: 8.23hrs (biometric) ? 8.23hrs (dialer)
  FIXING: FNM15194 on 2026-09-08: 8.12hrs (biometric) ? 8.12hrs (dialer)
  FIXING: FNM14598 on 2026-09-08: 8.35hrs (biometric) ? 8.35hrs (dialer)
  FIXING: FNM14381 on 2026-09-08: 13.44hrs (biometric) ? 13.44hrs (dialer)
  FIXING: FNM14235 on 2026-09-08: 13.83hrs (biometric) ? 13.83hrs (dialer)
  FIXING: FNM14390 on 2026-09-08: 8.86hrs (biometric) ? 8.86hrs (dialer)
  FIXING: FNM14614 on 2026-09-08: 8.64hrs (biometric) ? 8.64hrs (dialer)
  FIXING: FNM15193 on 2026-09-08: 8.32hrs (biometric) ? 8.32hrs (dialer)
  FIXING: FNM13597 on 2026-09-08: 8.32hrs (biometric) ? 8.32hrs (dialer)
  FIXING: FNM14911 on 2026-09-08: 13.37hrs (biometric) ? 13.37hrs (dialer)
  FIXING: FNM10104 on 2026-09-08: 8.38hrs (biometric) ? 8.38hrs (dialer)
  FIXING: FNM11082 on 2026-09-08: 17.48hrs (biometric) ? 17.48hrs (dialer)
  FIXING: FNM14912 on 2026-09-08: 8.03hrs (biometric) ? 8.03hrs (dialer)
  FIXING: FNM13453 on 2026-09-08: 9.16hrs (biometric) ? 9.16hrs (dialer)
  FIXING: FNM10723 on 2026-09-08: 8.56hrs (biometric) ? 8.56hrs (dialer)
  FIXING: FNM14616 on 2026-09-08: 8.29hrs (biometric) ? 8.29hrs (dialer)
  FIXING: FNM14242 on 2026-09-08: 8.41hrs (biometric) ? 8.41hrs (dialer)
  FIXING: FNM15174 on 2026-09-08: 8.10hrs (biometric) ? 8.1hrs (dialer)
  FIXING: FNM14241 on 2026-09-08: 8.31hrs (biometric) ? 8.31hrs (dialer)
  FIXING: FNM14914 on 2026-09-08: 8.66hrs (biometric) ? 8.66hrs (dialer)
  FIXING: FNM10216 on 2026-09-08: 8.68hrs (biometric) ? 8.68hrs (dialer)
  FIXING: FNM15292 on 2026-09-08: 8.38hrs (biometric) ? 8.38hrs (dialer)
  FIXING: FNM15082 on 2026-09-08: 8.34hrs (biometric) ? 8.34hrs (dialer)
  FIXING: FNM14716 on 2026-09-08: 8.91hrs (biometric) ? 8.91hrs (dialer)
  FIXING: FNM14911 on 2026-09-09: 10.75hrs (biometric) ? 11hrs (dialer)
  FIXING: FNM10881 on 2026-09-09: 10.47hrs (biometric) ? 10.72hrs (dialer)
  FIXING: FNM14235 on 2026-09-09: 10.75hrs (biometric) ? 11hrs (dialer)
  FIXING: FNM14981 on 2026-09-08: 12.15hrs (biometric) ? 12.15hrs (dialer)
  FIXING: FNM15087 on 2026-09-08: 9.00hrs (biometric) ? 9hrs (dialer)
  FIXING: FNM14381 on 2026-09-09: 10.50hrs (biometric) ? 10.75hrs (dialer)
  FIXING: FNM11329 on 2026-09-08: 8.06hrs (biometric) ? 8.06hrs (dialer)
  FIXING: FNM10035 on 2026-09-08: 8.66hrs (biometric) ? 8.66hrs (dialer)
  FIXING: FNM15305 on 2026-09-08: 8.25hrs (biometric) ? 8.25hrs (dialer)
  FIXING: FNM10881 on 2026-09-08: 12.87hrs (biometric) ? 12.87hrs (dialer)
  FIXING: FNM14601 on 2026-09-08: 8.89hrs (biometric) ? 8.89hrs (dialer)
  FIXING: FNM14226 on 2026-09-08: 8.23hrs (biometric) ? 8.23hrs (dialer)
  FIXING: FNM14378 on 2026-09-08: 8.59hrs (biometric) ? 8.59hrs (dialer)
  FIXING: FNM12470 on 2026-09-08: 8.79hrs (biometric) ? 8.79hrs (dialer)
  FIXING: FNM12317 on 2026-09-09: 10.62hrs (biometric) ? 10.77hrs (dialer)
  FIXING: FNM13821 on 2026-09-08: 8.88hrs (biometric) ? 8.88hrs (dialer)
  FIXING: FNM15293 on 2026-09-08: 8.51hrs (biometric) ? 8.51hrs (dialer)
  FIXING: FNM14488 on 2026-09-08: 8.49hrs (biometric) ? 8.49hrs (dialer)
  FIXING: FNM15190 on 2026-09-08: 8.34hrs (biometric) ? 8.34hrs (dialer)
  FIXING: FNM11975 on 2026-09-08: 8.50hrs (biometric) ? 8.5hrs (dialer)
  FIXING: FNM14394 on 2026-09-08: 8.27hrs (biometric) ? 8.27hrs (dialer)
  FIXING: FNM15303 on 2026-09-08: 8.11hrs (biometric) ? 8.11hrs (dialer)
  FIXING: FNM13481 on 2026-09-08: 8.85hrs (biometric) ? 8.85hrs (dialer)
  FIXING: FNM14839 on 2026-09-08: 8.19hrs (biometric) ? 8.19hrs (dialer)
  FIXING: FNM14919 on 2026-09-08: 8.21hrs (biometric) ? 8.21hrs (dialer)
  FIXING: FNM15302 on 2026-09-08: 8.48hrs (biometric) ? 8.48hrs (dialer)
  FIXING: FNM14915 on 2026-09-08: 8.57hrs (biometric) ? 8.57hrs (dialer)

>>> SYNC RESULTS <<<
Total records synced: 905
Fixed overwritten records (work > 8hrs): 444
WARNING: 673 CSR records still have work > 8 hours. These might be from biometric data outside the dialer sync range.
  - FNM2730 on 2026-09-08: 8.25hrs (status: P)
  - FNM2737 on 2026-09-08: 8.04hrs (status: P)
  - FNM2022 on 2026-09-08: 8.41hrs (status: P)
  - FNM2034 on 2026-09-08: 8.44hrs (status: P)
  - FNM2247 on 2026-09-08: 8.09hrs (status: P)
  - FNM2626 on 2026-09-08: 8.39hrs (status: P)
  - FNM2619 on 2026-09-08: 8.41hrs (status: P)
  - FNM2923 on 2026-09-08: 8.12hrs (status: P)
  - FNM3017 on 2026-09-08: 8.42hrs (status: P)
  - FNM3019 on 2026-09-08: 8.07hrs (status: P)

>>> Sync Complete <<<
PHP Warning:  PHP Startup: Unable to load dynamic library 'fileinfo.so' (tried: /usr/lib64/php7/extensions/fileinfo.so (/usr/lib64/php7/extensions/fileinfo.so: cannot open shared object file: No such file or directory), /usr/lib64/php7/extensions/fileinfo.so.so (/usr/lib64/php7/extensions/fileinfo.so.so: cannot open shared object file: No such file or directory)) in Unknown on line 0
PHP Warning:  Module 'pdo_pgsql' already loaded in Unknown on line 0
PHP Warning:  Module 'pgsql' already loaded in Unknown on line 0
PHP Warning:  Module 'Phar' already loaded in Unknown on line 0
>>> HYBRID SYNC STARTED: 2026-09-08 to 2026-09-09 <<<
>>> USING POSTGRESQL FINAL LOGIN CALCULATION FOR CSR/AGENT <<<
Fetching from Main... Found 1051 records.
Fetching from Amazon... Found 248 records.

>>> SYNC RESULTS <<<
Total records synced: 906
Fixed/Updated records: 0

WARNING: 229 CSR records still have work > 8 hours.

>>> Sync Complete <<<
PHP Warning:  PHP Startup: Unable to load dynamic library 'fileinfo.so' (tried: /usr/lib64/php7/extensions/fileinfo.so (/usr/lib64/php7/extensions/fileinfo.so: cannot open shared object file: No such file or directory), /usr/lib64/php7/extensions/fileinfo.so.so (/usr/lib64/php7/extensions/fileinfo.so.so: cannot open shared object file: No such file or directory)) in Unknown on line 0
PHP Warning:  Module 'pdo_pgsql' already loaded in Unknown on line 0
PHP Warning:  Module 'pgsql' already loaded in Unknown on line 0
PHP Warning:  Module 'Phar' already loaded in Unknown on line 0
>>> HYBRID SYNC STARTED: 2026-09-08 to 2026-09-09 <<<
>>> USING POSTGRESQL FINAL LOGIN CALCULATION FOR CSR/AGENT <<<
Fetching from Main... Found 1053 records.
Fetching from Amazon... Found 248 records.

>>> SYNC RESULTS <<<
Total records synced: 908
Fixed/Updated records: 0

WARNING: 229 CSR records still have work > 8 hours.

>>> Sync Complete <<<
PHP Warning:  PHP Startup: Unable to load dynamic library 'fileinfo.so' (tried: /usr/lib64/php7/extensions/fileinfo.so (/usr/lib64/php7/extensions/fileinfo.so: cannot open shared object file: No such file or directory), /usr/lib64/php7/extensions/fileinfo.so.so (/usr/lib64/php7/extensions/fileinfo.so.so: cannot open shared object file: No such file or directory)) in Unknown on line 0
PHP Warning:  Module 'pdo_pgsql' already loaded in Unknown on line 0
PHP Warning:  Module 'pgsql' already loaded in Unknown on line 0
PHP Warning:  Module 'Phar' already loaded in Unknown on line 0
>>> HYBRID SYNC STARTED: 2026-09-08 to 2026-09-09 <<<
>>> USING POSTGRESQL FINAL LOGIN CALCULATION FOR CSR/AGENT <<<
Fetching from Main... Found 1054 records.
Fetching from Amazon... Found 248 records.

>>> SYNC RESULTS <<<
Total records synced: 908
Fixed/Updated records: 0

WARNING: 229 CSR records still have work > 8 hours.

>>> Sync Complete <<<
PHP Warning:  PHP Startup: Unable to load dynamic library 'fileinfo.so' (tried: /usr/lib64/php7/extensions/fileinfo.so (/usr/lib64/php7/extensions/fileinfo.so: cannot open shared object file: No such file or directory), /usr/lib64/php7/extensions/fileinfo.so.so (/usr/lib64/php7/extensions/fileinfo.so.so: cannot open shared object file: No such file or directory)) in Unknown on line 0
PHP Warning:  Module 'pdo_pgsql' already loaded in Unknown on line 0
PHP Warning:  Module 'pgsql' already loaded in Unknown on line 0
PHP Warning:  Module 'Phar' already loaded in Unknown on line 0
>>> HYBRID SYNC STARTED: 2026-09-08 to 2026-09-09 <<<
>>> USING POSTGRESQL FINAL LOGIN CALCULATION FOR CSR/AGENT <<<
Fetching from Main... Found 1060 records.
Fetching from Amazon... Found 250 records.

>>> SYNC RESULTS <<<
Total records synced: 909
Fixed/Updated records: 0

WARNING: 229 CSR records still have work > 8 hours.

>>> Sync Complete <<<
PHP Warning:  PHP Startup: Unable to load dynamic library 'fileinfo.so' (tried: /usr/lib64/php7/extensions/fileinfo.so (/usr/lib64/php7/extensions/fileinfo.so: cannot open shared object file: No such file or directory), /usr/lib64/php7/extensions/fileinfo.so.so (/usr/lib64/php7/extensions/fileinfo.so.so: cannot open shared object file: No such file or directory)) in Unknown on line 0
PHP Warning:  Module 'pdo_pgsql' already loaded in Unknown on line 0
PHP Warning:  Module 'pgsql' already loaded in Unknown on line 0
PHP Warning:  Module 'Phar' already loaded in Unknown on line 0
>>> HYBRID SYNC STARTED: 2026-09-08 to 2026-09-09 <<<
>>> USING POSTGRESQL FINAL LOGIN CALCULATION FOR CSR/AGENT <<<
Fetching from Main... Found 1072 records.
Fetching from Amazon... Found 251 records.

>>> SYNC RESULTS <<<
Total records synced: 913
Fixed/Updated records: 0

WARNING: 229 CSR records still have work > 8 hours.

>>> Sync Complete <<<
PHP Warning:  PHP Startup: Unable to load dynamic library 'fileinfo.so' (tried: /usr/lib64/php7/extensions/fileinfo.so (/usr/lib64/php7/extensions/fileinfo.so: cannot open shared object file: No such file or directory), /usr/lib64/php7/extensions/fileinfo.so.so (/usr/lib64/php7/extensions/fileinfo.so.so: cannot open shared object file: No such file or directory)) in Unknown on line 0
PHP Warning:  Module 'pdo_pgsql' already loaded in Unknown on line 0
PHP Warning:  Module 'pgsql' already loaded in Unknown on line 0
PHP Warning:  Module 'Phar' already loaded in Unknown on line 0
>>> HYBRID SYNC STARTED: 2026-09-08 to 2026-09-09 <<<
>>> USING POSTGRESQL FINAL LOGIN CALCULATION FOR CSR/AGENT <<<
Fetching from Main... Found 1074 records.
Fetching from Amazon... Found 251 records.

>>> SYNC RESULTS <<<
Total records synced: 916
Fixed/Updated records: 0

WARNING: 229 CSR records still have work > 8 hours.

>>> Sync Complete <<<
PHP Warning:  PHP Startup: Unable to load dynamic library 'fileinfo.so' (tried: /usr/lib64/php7/extensions/fileinfo.so (/usr/lib64/php7/extensions/fileinfo.so: cannot open shared object file: No such file or directory), /usr/lib64/php7/extensions/fileinfo.so.so (/usr/lib64/php7/extensions/fileinfo.so.so: cannot open shared object file: No such file or directory)) in Unknown on line 0
PHP Warning:  Module 'pdo_pgsql' already loaded in Unknown on line 0
PHP Warning:  Module 'pgsql' already loaded in Unknown on line 0
PHP Warning:  Module 'Phar' already loaded in Unknown on line 0
>>> HYBRID SYNC STARTED: 2026-09-08 to 2026-09-09 <<<
>>> USING POSTGRESQL FINAL LOGIN CALCULATION FOR CSR/AGENT <<<
Fetching from Main... Found 1074 records.
Fetching from Amazon... Found 251 records.

>>> SYNC RESULTS <<<
Total records synced: 916
Fixed/Updated records: 0

WARNING: 229 CSR records still have work > 8 hours.

>>> Sync Complete <<<
PHP Warning:  PHP Startup: Unable to load dynamic library 'fileinfo.so' (tried: /usr/lib64/php7/extensions/fileinfo.so (/usr/lib64/php7/extensions/fileinfo.so: cannot open shared object file: No such file or directory), /usr/lib64/php7/extensions/fileinfo.so.so (/usr/lib64/php7/extensions/fileinfo.so.so: cannot open shared object file: No such file or directory)) in Unknown on line 0
PHP Warning:  Module 'pdo_pgsql' already loaded in Unknown on line 0
PHP Warning:  Module 'pgsql' already loaded in Unknown on line 0
PHP Warning:  Module 'Phar' already loaded in Unknown on line 0
>>> HYBRID SYNC STARTED: 2026-09-08 to 2026-09-09 <<<
>>> USING POSTGRESQL FINAL LOGIN CALCULATION FOR CSR/AGENT <<<
Fetching from Main... Found 1074 records.
Fetching from Amazon... Found 251 records.

>>> SYNC RESULTS <<<
Total records synced: 916
Fixed/Updated records: 0

WARNING: 229 CSR records still have work > 8 hours.

>>> Sync Complete <<<
PHP Warning:  PHP Startup: Unable to load dynamic library 'fileinfo.so' (tried: /usr/lib64/php7/extensions/fileinfo.so (/usr/lib64/php7/extensions/fileinfo.so: cannot open shared object file: No such file or directory), /usr/lib64/php7/extensions/fileinfo.so.so (/usr/lib64/php7/extensions/fileinfo.so.so: cannot open shared object file: No such file or directory)) in Unknown on line 0
PHP Warning:  Module 'pdo_pgsql' already loaded in Unknown on line 0
PHP Warning:  Module 'pgsql' already loaded in Unknown on line 0
PHP Warning:  Module 'Phar' already loaded in Unknown on line 0
>>> HYBRID SYNC STARTED: 2026-09-08 to 2026-09-09 <<<
>>> USING POSTGRESQL FINAL LOGIN CALCULATION FOR CSR/AGENT <<<
Fetching from Main... Found 1074 records.
Fetching from Amazon... Found 251 records.

>>> SYNC RESULTS <<<
Total records synced: 916
Fixed/Updated records: 0

WARNING: 229 CSR records still have work > 8 hours.

>>> Sync Complete <<<
PHP Warning:  PHP Startup: Unable to load dynamic library 'fileinfo.so' (tried: /usr/lib64/php7/extensions/fileinfo.so (/usr/lib64/php7/extensions/fileinfo.so: cannot open shared object file: No such file or directory), /usr/lib64/php7/extensions/fileinfo.so.so (/usr/lib64/php7/extensions/fileinfo.so.so: cannot open shared object file: No such file or directory)) in Unknown on line 0
PHP Warning:  Module 'pdo_pgsql' already loaded in Unknown on line 0
PHP Warning:  Module 'pgsql' already loaded in Unknown on line 0
PHP Warning:  Module 'Phar' already loaded in Unknown on line 0
>>> HYBRID SYNC STARTED: 2026-09-08 to 2026-09-09 <<<
>>> USING POSTGRESQL FINAL LOGIN CALCULATION FOR CSR/AGENT <<<
Fetching from Main... Found 1074 records.
Fetching from Amazon... Found 251 records.

>>> SYNC RESULTS <<<
Total records synced: 916
Fixed/Updated records: 0

WARNING: 229 CSR records still have work > 8 hours.

>>> Sync Complete <<<
PHP Warning:  PHP Startup: Unable to load dynamic library 'fileinfo.so' (tried: /usr/lib64/php7/extensions/fileinfo.so (/usr/lib64/php7/extensions/fileinfo.so: cannot open shared object file: No such file or directory), /usr/lib64/php7/extensions/fileinfo.so.so (/usr/lib64/php7/extensions/fileinfo.so.so: cannot open shared object file: No such file or directory)) in Unknown on line 0
PHP Warning:  Module 'pdo_pgsql' already loaded in Unknown on line 0
PHP Warning:  Module 'pgsql' already loaded in Unknown on line 0
PHP Warning:  Module 'Phar' already loaded in Unknown on line 0
>>> HYBRID SYNC STARTED: 2026-09-08 to 2026-09-09 <<<
>>> USING POSTGRESQL FINAL LOGIN CALCULATION FOR CSR/AGENT <<<
Fetching from Main... Found 1074 records.
Fetching from Amazon... Found 251 records.

>>> SYNC RESULTS <<<
Total records synced: 916
Fixed/Updated records: 0

WARNING: 229 CSR records still have work > 8 hours.

>>> Sync Complete <<<
PHP Warning:  PHP Startup: Unable to load dynamic library 'fileinfo.so' (tried: /usr/lib64/php7/extensions/fileinfo.so (/usr/lib64/php7/extensions/fileinfo.so: cannot open shared object file: No such file or directory), /usr/lib64/php7/extensions/fileinfo.so.so (/usr/lib64/php7/extensions/fileinfo.so.so: cannot open shared object file: No such file or directory)) in Unknown on line 0
PHP Warning:  Module 'pdo_pgsql' already loaded in Unknown on line 0
PHP Warning:  Module 'pgsql' already loaded in Unknown on line 0
PHP Warning:  Module 'Phar' already loaded in Unknown on line 0
>>> HYBRID SYNC STARTED: 2026-09-08 to 2026-09-09 <<<
>>> USING POSTGRESQL FINAL LOGIN CALCULATION FOR CSR/AGENT <<<
Fetching from Main... Found 1075 records.
Fetching from Amazon... Found 251 records.

>>> SYNC RESULTS <<<
Total records synced: 916
Fixed/Updated records: 0

WARNING: 229 CSR records still have work > 8 hours.

>>> Sync Complete <<<
PHP Warning:  PHP Startup: Unable to load dynamic library 'fileinfo.so' (tried: /usr/lib64/php7/extensions/fileinfo.so (/usr/lib64/php7/extensions/fileinfo.so: cannot open shared object file: No such file or directory), /usr/lib64/php7/extensions/fileinfo.so.so (/usr/lib64/php7/extensions/fileinfo.so.so: cannot open shared object file: No such file or directory)) in Unknown on line 0
PHP Warning:  Module 'pdo_pgsql' already loaded in Unknown on line 0
PHP Warning:  Module 'pgsql' already loaded in Unknown on line 0
PHP Warning:  Module 'Phar' already loaded in Unknown on line 0
>>> HYBRID SYNC STARTED: 2026-09-08 to 2026-09-09 <<<
>>> USING POSTGRESQL FINAL LOGIN CALCULATION FOR CSR/AGENT <<<
Fetching from Main... Found 1075 records.
Fetching from Amazon... Found 251 records.

>>> SYNC RESULTS <<<
Total records synced: 916
Fixed/Updated records: 0

WARNING: 229 CSR records still have work > 8 hours.

>>> Sync Complete <<<
PHP Warning:  PHP Startup: Unable to load dynamic library 'fileinfo.so' (tried: /usr/lib64/php7/extensions/fileinfo.so (/usr/lib64/php7/extensions/fileinfo.so: cannot open shared object file: No such file or directory), /usr/lib64/php7/extensions/fileinfo.so.so (/usr/lib64/php7/extensions/fileinfo.so.so: cannot open shared object file: No such file or directory)) in Unknown on line 0
PHP Warning:  Module 'pdo_pgsql' already loaded in Unknown on line 0
PHP Warning:  Module 'pgsql' already loaded in Unknown on line 0
PHP Warning:  Module 'Phar' already loaded in Unknown on line 0
>>> HYBRID SYNC STARTED: 2026-09-08 to 2026-09-09 <<<
>>> USING POSTGRESQL FINAL LOGIN CALCULATION FOR CSR/AGENT <<<
Fetching from Main... Found 1077 records.
Fetching from Amazon... Found 251 records.

>>> SYNC RESULTS <<<
Total records synced: 916
Fixed/Updated records: 0

WARNING: 230 CSR records still have work > 8 hours.

>>> Sync Complete <<<
PHP Warning:  PHP Startup: Unable to load dynamic library 'fileinfo.so' (tried: /usr/lib64/php7/extensions/fileinfo.so (/usr/lib64/php7/extensions/fileinfo.so: cannot open shared object file: No such file or directory), /usr/lib64/php7/extensions/fileinfo.so.so (/usr/lib64/php7/extensions/fileinfo.so.so: cannot open shared object file: No such file or directory)) in Unknown on line 0
PHP Warning:  Module 'pdo_pgsql' already loaded in Unknown on line 0
PHP Warning:  Module 'pgsql' already loaded in Unknown on line 0
PHP Warning:  Module 'Phar' already loaded in Unknown on line 0
>>> HYBRID SYNC STARTED: 2026-09-08 to 2026-09-09 <<<
>>> USING POSTGRESQL FINAL LOGIN CALCULATION FOR CSR/AGENT <<<
Fetching from Main... Found 1077 records.
Fetching from Amazon... Found 251 records.

>>> SYNC RESULTS <<<
Total records synced: 916
Fixed/Updated records: 0

WARNING: 235 CSR records still have work > 8 hours.

>>> Sync Complete <<<
PHP Warning:  PHP Startup: Unable to load dynamic library 'fileinfo.so' (tried: /usr/lib64/php7/extensions/fileinfo.so (/usr/lib64/php7/extensions/fileinfo.so: cannot open shared object file: No such file or directory), /usr/lib64/php7/extensions/fileinfo.so.so (/usr/lib64/php7/extensions/fileinfo.so.so: cannot open shared object file: No such file or directory)) in Unknown on line 0
PHP Warning:  Module 'pdo_pgsql' already loaded in Unknown on line 0
PHP Warning:  Module 'pgsql' already loaded in Unknown on line 0
PHP Warning:  Module 'Phar' already loaded in Unknown on line 0
>>> HYBRID SYNC STARTED: 2026-09-08 to 2026-09-09 <<<
>>> USING POSTGRESQL FINAL LOGIN CALCULATION FOR CSR/AGENT <<<
Fetching from Main... Found 1077 records.
Fetching from Amazon... Found 251 records.

>>> SYNC RESULTS <<<
Total records synced: 916
Fixed/Updated records: 0

WARNING: 260 CSR records still have work > 8 hours.

>>> Sync Complete <<<
PHP Warning:  PHP Startup: Unable to load dynamic library 'fileinfo.so' (tried: /usr/lib64/php7/extensions/fileinfo.so (/usr/lib64/php7/extensions/fileinfo.so: cannot open shared object file: No such file or directory), /usr/lib64/php7/extensions/fileinfo.so.so (/usr/lib64/php7/extensions/fileinfo.so.so: cannot open shared object file: No such file or directory)) in Unknown on line 0
PHP Warning:  Module 'pdo_pgsql' already loaded in Unknown on line 0
PHP Warning:  Module 'pgsql' already loaded in Unknown on line 0
PHP Warning:  Module 'Phar' already loaded in Unknown on line 0
>>> HYBRID SYNC STARTED: 2026-09-08 to 2026-09-09 <<<
>>> USING POSTGRESQL FINAL LOGIN CALCULATION FOR CSR/AGENT <<<
Fetching from Main... Found 1077 records.
Fetching from Amazon... Found 251 records.

>>> SYNC RESULTS <<<
Total records synced: 916
Fixed/Updated records: 0

WARNING: 417 CSR records still have work > 8 hours.

>>> Sync Complete <<<
PHP Warning:  PHP Startup: Unable to load dynamic library 'fileinfo.so' (tried: /usr/lib64/php7/extensions/fileinfo.so (/usr/lib64/php7/extensions/fileinfo.so: cannot open shared object file: No such file or directory), /usr/lib64/php7/extensions/fileinfo.so.so (/usr/lib64/php7/extensions/fileinfo.so.so: cannot open shared object file: No such file or directory)) in Unknown on line 0
PHP Warning:  Module 'pdo_pgsql' already loaded in Unknown on line 0
PHP Warning:  Module 'pgsql' already loaded in Unknown on line 0
PHP Warning:  Module 'Phar' already loaded in Unknown on line 0
>>> HYBRID SYNC STARTED: 2026-09-08 to 2026-09-09 <<<
>>> USING POSTGRESQL FINAL LOGIN CALCULATION FOR CSR/AGENT <<<
Fetching from Main... Found 1077 records.
Fetching from Amazon... Found 251 records.

>>> SYNC RESULTS <<<
Total records synced: 916
Fixed/Updated records: 0

WARNING: 434 CSR records still have work > 8 hours.

>>> Sync Complete <<<
PHP Warning:  PHP Startup: Unable to load dynamic library 'fileinfo.so' (tried: /usr/lib64/php7/extensions/fileinfo.so (/usr/lib64/php7/extensions/fileinfo.so: cannot open shared object file: No such file or directory), /usr/lib64/php7/extensions/fileinfo.so.so (/usr/lib64/php7/extensions/fileinfo.so.so: cannot open shared object file: No such file or directory)) in Unknown on line 0
PHP Warning:  Module 'pdo_pgsql' already loaded in Unknown on line 0
PHP Warning:  Module 'pgsql' already loaded in Unknown on line 0
PHP Warning:  Module 'Phar' already loaded in Unknown on line 0
>>> HYBRID SYNC STARTED: 2026-09-08 to 2026-09-09 <<<
>>> USING POSTGRESQL FINAL LOGIN CALCULATION FOR CSR/AGENT <<<
Fetching from Main... Found 1077 records.
Fetching from Amazon... Found 251 records.

>>> SYNC RESULTS <<<
Total records synced: 916
Fixed/Updated records: 0

WARNING: 434 CSR records still have work > 8 hours.

>>> Sync Complete <<<
PHP Warning:  PHP Startup: Unable to load dynamic library 'fileinfo.so' (tried: /usr/lib64/php7/extensions/fileinfo.so (/usr/lib64/php7/extensions/fileinfo.so: cannot open shared object file: No such file or directory), /usr/lib64/php7/extensions/fileinfo.so.so (/usr/lib64/php7/extensions/fileinfo.so.so: cannot open shared object file: No such file or directory)) in Unknown on line 0
PHP Warning:  Module 'pdo_pgsql' already loaded in Unknown on line 0
PHP Warning:  Module 'pgsql' already loaded in Unknown on line 0
PHP Warning:  Module 'Phar' already loaded in Unknown on line 0
>>> HYBRID SYNC STARTED: 2026-09-08 to 2026-09-09 <<<
>>> USING POSTGRESQL FINAL LOGIN CALCULATION FOR CSR/AGENT <<<
Fetching from Main... Found 1077 records.
Fetching from Amazon... Found 251 records.

>>> SYNC RESULTS <<<
Total records synced: 916
Fixed/Updated records: 0

WARNING: 434 CSR records still have work > 8 hours.

>>> Sync Complete <<<
PHP Warning:  PHP Startup: Unable to load dynamic library 'fileinfo.so' (tried: /usr/lib64/php7/extensions/fileinfo.so (/usr/lib64/php7/extensions/fileinfo.so: cannot open shared object file: No such file or directory), /usr/lib64/php7/extensions/fileinfo.so.so (/usr/lib64/php7/extensions/fileinfo.so.so: cannot open shared object file: No such file or directory)) in Unknown on line 0
PHP Warning:  Module 'pdo_pgsql' already loaded in Unknown on line 0
PHP Warning:  Module 'pgsql' already loaded in Unknown on line 0
PHP Warning:  Module 'Phar' already loaded in Unknown on line 0
>>> HYBRID SYNC STARTED: 2026-09-08 to 2026-09-09 <<<
>>> USING POSTGRESQL FINAL LOGIN CALCULATION FOR CSR/AGENT <<<
Fetching from Main... Found 1077 records.
Fetching from Amazon... Found 251 records.

>>> SYNC RESULTS <<<
Total records synced: 916
Fixed/Updated records: 0

WARNING: 434 CSR records still have work > 8 hours.

>>> Sync Complete <<<
PHP Warning:  PHP Startup: Unable to load dynamic library 'fileinfo.so' (tried: /usr/lib64/php7/extensions/fileinfo.so (/usr/lib64/php7/extensions/fileinfo.so: cannot open shared object file: No such file or directory), /usr/lib64/php7/extensions/fileinfo.so.so (/usr/lib64/php7/extensions/fileinfo.so.so: cannot open shared object file: No such file or directory)) in Unknown on line 0
PHP Warning:  Module 'pdo_pgsql' already loaded in Unknown on line 0
PHP Warning:  Module 'pgsql' already loaded in Unknown on line 0
PHP Warning:  Module 'Phar' already loaded in Unknown on line 0
>>> HYBRID SYNC STARTED: 2026-09-08 to 2026-09-09 <<<
>>> USING POSTGRESQL FINAL LOGIN CALCULATION FOR CSR/AGENT <<<
Fetching from Main... Found 1077 records.
Fetching from Amazon... Found 251 records.

>>> SYNC RESULTS <<<
Total records synced: 916
Fixed/Updated records: 0

WARNING: 434 CSR records still have work > 8 hours.

>>> Sync Complete <<<
PHP Warning:  PHP Startup: Unable to load dynamic library 'fileinfo.so' (tried: /usr/lib64/php7/extensions/fileinfo.so (/usr/lib64/php7/extensions/fileinfo.so: cannot open shared object file: No such file or directory), /usr/lib64/php7/extensions/fileinfo.so.so (/usr/lib64/php7/extensions/fileinfo.so.so: cannot open shared object file: No such file or directory)) in Unknown on line 0
PHP Warning:  Module 'pdo_pgsql' already loaded in Unknown on line 0
PHP Warning:  Module 'pgsql' already loaded in Unknown on line 0
PHP Warning:  Module 'Phar' already loaded in Unknown on line 0
>>> HYBRID SYNC STARTED: 2026-09-08 to 2026-09-09 <<<
>>> USING POSTGRESQL FINAL LOGIN CALCULATION FOR CSR/AGENT <<<
Fetching from Main... Found 1077 records.
Fetching from Amazon... Found 251 records.

>>> SYNC RESULTS <<<
Total records synced: 916
Fixed/Updated records: 0

WARNING: 434 CSR records still have work > 8 hours.

>>> Sync Complete <<<
PHP Warning:  PHP Startup: Unable to load dynamic library 'fileinfo.so' (tried: /usr/lib64/php7/extensions/fileinfo.so (/usr/lib64/php7/extensions/fileinfo.so: cannot open shared object file: No such file or directory), /usr/lib64/php7/extensions/fileinfo.so.so (/usr/lib64/php7/extensions/fileinfo.so.so: cannot open shared object file: No such file or directory)) in Unknown on line 0
PHP Warning:  Module 'pdo_pgsql' already loaded in Unknown on line 0
PHP Warning:  Module 'pgsql' already loaded in Unknown on line 0
PHP Warning:  Module 'Phar' already loaded in Unknown on line 0
>>> HYBRID SYNC STARTED: 2026-09-08 to 2026-09-09 <<<
>>> USING POSTGRESQL FINAL LOGIN CALCULATION FOR CSR/AGENT <<<
Fetching from Main... Found 1077 records.
Fetching from Amazon... Found 251 records.

>>> SYNC RESULTS <<<
Total records synced: 916
Fixed/Updated records: 0

WARNING: 435 CSR records still have work > 8 hours.

>>> Sync Complete <<<
PHP Warning:  PHP Startup: Unable to load dynamic library 'fileinfo.so' (tried: /usr/lib64/php7/extensions/fileinfo.so (/usr/lib64/php7/extensions/fileinfo.so: cannot open shared object file: No such file or directory), /usr/lib64/php7/extensions/fileinfo.so.so (/usr/lib64/php7/extensions/fileinfo.so.so: cannot open shared object file: No such file or directory)) in Unknown on line 0
PHP Warning:  Module 'pdo_pgsql' already loaded in Unknown on line 0
PHP Warning:  Module 'pgsql' already loaded in Unknown on line 0
PHP Warning:  Module 'Phar' already loaded in Unknown on line 0
>>> HYBRID SYNC STARTED: 2026-09-08 to 2026-09-09 <<<
>>> USING POSTGRESQL FINAL LOGIN CALCULATION FOR CSR/AGENT <<<
Fetching from Main... Found 1077 records.
Fetching from Amazon... Found 251 records.

>>> SYNC RESULTS <<<
Total records synced: 916
Fixed/Updated records: 0

WARNING: 435 CSR records still have work > 8 hours.

>>> Sync Complete <<<
PHP Warning:  PHP Startup: Unable to load dynamic library 'fileinfo.so' (tried: /usr/lib64/php7/extensions/fileinfo.so (/usr/lib64/php7/extensions/fileinfo.so: cannot open shared object file: No such file or directory), /usr/lib64/php7/extensions/fileinfo.so.so (/usr/lib64/php7/extensions/fileinfo.so.so: cannot open shared object file: No such file or directory)) in Unknown on line 0
PHP Warning:  Module 'pdo_pgsql' already loaded in Unknown on line 0
PHP Warning:  Module 'pgsql' already loaded in Unknown on line 0
PHP Warning:  Module 'Phar' already loaded in Unknown on line 0
>>> HYBRID SYNC STARTED: 2026-09-09 to 2026-09-10 <<<
>>> USING POSTGRESQL FINAL LOGIN CALCULATION FOR CSR/AGENT <<<
Fetching from Main... Found 533 records.
Fetching from Amazon... Found 126 records.

>>> SYNC RESULTS <<<
Total records synced: 452
Fixed/Updated records: 0

WARNING: 211 CSR records still have work > 8 hours.

>>> Sync Complete <<<
PHP Warning:  PHP Startup: Unable to load dynamic library 'fileinfo.so' (tried: /usr/lib64/php7/extensions/fileinfo.so (/usr/lib64/php7/extensions/fileinfo.so: cannot open shared object file: No such file or directory), /usr/lib64/php7/extensions/fileinfo.so.so (/usr/lib64/php7/extensions/fileinfo.so.so: cannot open shared object file: No such file or directory)) in Unknown on line 0
PHP Warning:  Module 'pdo_pgsql' already loaded in Unknown on line 0
PHP Warning:  Module 'pgsql' already loaded in Unknown on line 0
PHP Warning:  Module 'Phar' already loaded in Unknown on line 0
>>> HYBRID SYNC STARTED: 2026-09-09 to 2026-09-10 <<<
>>> USING POSTGRESQL FINAL LOGIN CALCULATION FOR CSR/AGENT <<<
Fetching from Main... Found 547 records.
Fetching from Amazon... Found 129 records.

>>> SYNC RESULTS <<<
Total records synced: 460
Fixed/Updated records: 0

WARNING: 211 CSR records still have work > 8 hours.

>>> Sync Complete <<<
PHP Warning:  PHP Startup: Unable to load dynamic library 'fileinfo.so' (tried: /usr/lib64/php7/extensions/fileinfo.so (/usr/lib64/php7/extensions/fileinfo.so: cannot open shared object file: No such file or directory), /usr/lib64/php7/extensions/fileinfo.so.so (/usr/lib64/php7/extensions/fileinfo.so.so: cannot open shared object file: No such file or directory)) in Unknown on line 0
PHP Warning:  Module 'pdo_pgsql' already loaded in Unknown on line 0
PHP Warning:  Module 'pgsql' already loaded in Unknown on line 0
PHP Warning:  Module 'Phar' already loaded in Unknown on line 0
>>> HYBRID SYNC STARTED: 2026-09-09 to 2026-09-10 <<<
>>> USING POSTGRESQL FINAL LOGIN CALCULATION FOR CSR/AGENT <<<
Fetching from Main... Found 547 records.
Fetching from Amazon... Found 129 records.

>>> SYNC RESULTS <<<
Total records synced: 460
Fixed/Updated records: 0

WARNING: 211 CSR records still have work > 8 hours.

>>> Sync Complete <<<
PHP Warning:  PHP Startup: Unable to load dynamic library 'fileinfo.so' (tried: /usr/lib64/php7/extensions/fileinfo.so (/usr/lib64/php7/extensions/fileinfo.so: cannot open shared object file: No such file or directory), /usr/lib64/php7/extensions/fileinfo.so.so (/usr/lib64/php7/extensions/fileinfo.so.so: cannot open shared object file: No such file or directory)) in Unknown on line 0
PHP Warning:  Module 'pdo_pgsql' already loaded in Unknown on line 0
PHP Warning:  Module 'pgsql' already loaded in Unknown on line 0
PHP Warning:  Module 'Phar' already loaded in Unknown on line 0
>>> HYBRID SYNC STARTED: 2026-09-09 to 2026-09-10 <<<
>>> USING POSTGRESQL FINAL LOGIN CALCULATION FOR CSR/AGENT <<<
Fetching from Main... Found 547 records.
Fetching from Amazon... Found 129 records.

>>> SYNC RESULTS <<<
Total records synced: 460
Fixed/Updated records: 0

WARNING: 211 CSR records still have work > 8 hours.

>>> Sync Complete <<<
PHP Warning:  PHP Startup: Unable to load dynamic library 'fileinfo.so' (tried: /usr/lib64/php7/extensions/fileinfo.so (/usr/lib64/php7/extensions/fileinfo.so: cannot open shared object file: No such file or directory), /usr/lib64/php7/extensions/fileinfo.so.so (/usr/lib64/php7/extensions/fileinfo.so.so: cannot open shared object file: No such file or directory)) in Unknown on line 0
PHP Warning:  Module 'pdo_pgsql' already loaded in Unknown on line 0
PHP Warning:  Module 'pgsql' already loaded in Unknown on line 0
PHP Warning:  Module 'Phar' already loaded in Unknown on line 0
>>> HYBRID SYNC STARTED: 2026-09-09 to 2026-09-10 <<<
>>> USING POSTGRESQL FINAL LOGIN CALCULATION FOR CSR/AGENT <<<
Fetching from Main... Found 547 records.
Fetching from Amazon... Found 129 records.

>>> SYNC RESULTS <<<
Total records synced: 460
Fixed/Updated records: 0

WARNING: 211 CSR records still have work > 8 hours.

>>> Sync Complete <<<
PHP Warning:  PHP Startup: Unable to load dynamic library 'fileinfo.so' (tried: /usr/lib64/php7/extensions/fileinfo.so (/usr/lib64/php7/extensions/fileinfo.so: cannot open shared object file: No such file or directory), /usr/lib64/php7/extensions/fileinfo.so.so (/usr/lib64/php7/extensions/fileinfo.so.so: cannot open shared object file: No such file or directory)) in Unknown on line 0
PHP Warning:  Module 'pdo_pgsql' already loaded in Unknown on line 0
PHP Warning:  Module 'pgsql' already loaded in Unknown on line 0
PHP Warning:  Module 'Phar' already loaded in Unknown on line 0
>>> HYBRID SYNC STARTED: 2026-09-09 to 2026-09-10 <<<
>>> USING POSTGRESQL FINAL LOGIN CALCULATION FOR CSR/AGENT <<<
Fetching from Main... Found 547 records.
Fetching from Amazon... Found 129 records.

>>> SYNC RESULTS <<<
Total records synced: 460
Fixed/Updated records: 0

WARNING: 211 CSR records still have work > 8 hours.

>>> Sync Complete <<<
PHP Warning:  PHP Startup: Unable to load dynamic library 'fileinfo.so' (tried: /usr/lib64/php7/extensions/fileinfo.so (/usr/lib64/php7/extensions/fileinfo.so: cannot open shared object file: No such file or directory), /usr/lib64/php7/extensions/fileinfo.so.so (/usr/lib64/php7/extensions/fileinfo.so.so: cannot open shared object file: No such file or directory)) in Unknown on line 0
PHP Warning:  Module 'pdo_pgsql' already loaded in Unknown on line 0
PHP Warning:  Module 'pgsql' already loaded in Unknown on line 0
PHP Warning:  Module 'Phar' already loaded in Unknown on line 0
>>> HYBRID SYNC STARTED: 2026-09-09 to 2026-09-10 <<<
>>> USING POSTGRESQL FINAL LOGIN CALCULATION FOR CSR/AGENT <<<
Fetching from Main... Found 547 records.
Fetching from Amazon... Found 129 records.

>>> SYNC RESULTS <<<
Total records synced: 460
Fixed/Updated records: 0

WARNING: 211 CSR records still have work > 8 hours.

>>> Sync Complete <<<
PHP Warning:  PHP Startup: Unable to load dynamic library 'fileinfo.so' (tried: /usr/lib64/php7/extensions/fileinfo.so (/usr/lib64/php7/extensions/fileinfo.so: cannot open shared object file: No such file or directory), /usr/lib64/php7/extensions/fileinfo.so.so (/usr/lib64/php7/extensions/fileinfo.so.so: cannot open shared object file: No such file or directory)) in Unknown on line 0
PHP Warning:  Module 'pdo_pgsql' already loaded in Unknown on line 0
PHP Warning:  Module 'pgsql' already loaded in Unknown on line 0
PHP Warning:  Module 'Phar' already loaded in Unknown on line 0
>>> HYBRID SYNC STARTED: 2026-09-09 to 2026-09-10 <<<
>>> USING POSTGRESQL FINAL LOGIN CALCULATION FOR CSR/AGENT <<<
Fetching from Main... Found 547 records.
Fetching from Amazon... Found 129 records.

>>> SYNC RESULTS <<<
Total records synced: 460
Fixed/Updated records: 0

WARNING: 211 CSR records still have work > 8 hours.

>>> Sync Complete <<<
PHP Warning:  PHP Startup: Unable to load dynamic library 'fileinfo.so' (tried: /usr/lib64/php7/extensions/fileinfo.so (/usr/lib64/php7/extensions/fileinfo.so: cannot open shared object file: No such file or directory), /usr/lib64/php7/extensions/fileinfo.so.so (/usr/lib64/php7/extensions/fileinfo.so.so: cannot open shared object file: No such file or directory)) in Unknown on line 0
PHP Warning:  Module 'pdo_pgsql' already loaded in Unknown on line 0
PHP Warning:  Module 'pgsql' already loaded in Unknown on line 0
PHP Warning:  Module 'Phar' already loaded in Unknown on line 0
>>> HYBRID SYNC STARTED: 2026-09-09 to 2026-09-10 <<<
>>> USING POSTGRESQL FINAL LOGIN CALCULATION FOR CSR/AGENT <<<
Fetching from Main... Found 547 records.
Fetching from Amazon... Found 129 records.

>>> SYNC RESULTS <<<
Total records synced: 460
Fixed/Updated records: 0

WARNING: 211 CSR records still have work > 8 hours.

>>> Sync Complete <<<
PHP Warning:  PHP Startup: Unable to load dynamic library 'fileinfo.so' (tried: /usr/lib64/php7/extensions/fileinfo.so (/usr/lib64/php7/extensions/fileinfo.so: cannot open shared object file: No such file or directory), /usr/lib64/php7/extensions/fileinfo.so.so (/usr/lib64/php7/extensions/fileinfo.so.so: cannot open shared object file: No such file or directory)) in Unknown on line 0
PHP Warning:  Module 'pdo_pgsql' already loaded in Unknown on line 0
PHP Warning:  Module 'pgsql' already loaded in Unknown on line 0
PHP Warning:  Module 'Phar' already loaded in Unknown on line 0
>>> HYBRID SYNC STARTED: 2026-09-09 to 2026-09-10 <<<
>>> USING POSTGRESQL FINAL LOGIN CALCULATION FOR CSR/AGENT <<<
Fetching from Main... Found 547 records.
Fetching from Amazon... Found 129 records.

>>> SYNC RESULTS <<<
Total records synced: 460
Fixed/Updated records: 0

WARNING: 211 CSR records still have work > 8 hours.

>>> Sync Complete <<<
PHP Warning:  PHP Startup: Unable to load dynamic library 'fileinfo.so' (tried: /usr/lib64/php7/extensions/fileinfo.so (/usr/lib64/php7/extensions/fileinfo.so: cannot open shared object file: No such file or directory), /usr/lib64/php7/extensions/fileinfo.so.so (/usr/lib64/php7/extensions/fileinfo.so.so: cannot open shared object file: No such file or directory)) in Unknown on line 0
PHP Warning:  Module 'pdo_pgsql' already loaded in Unknown on line 0
PHP Warning:  Module 'pgsql' already loaded in Unknown on line 0
PHP Warning:  Module 'Phar' already loaded in Unknown on line 0
>>> HYBRID SYNC STARTED: 2026-09-09 to 2026-09-10 <<<
>>> USING POSTGRESQL FINAL LOGIN CALCULATION FOR CSR/AGENT <<<
Fetching from Main... Found 547 records.
Fetching from Amazon... Found 129 records.

>>> SYNC RESULTS <<<
Total records synced: 460
Fixed/Updated records: 0

WARNING: 211 CSR records still have work > 8 hours.

>>> Sync Complete <<<
PHP Warning:  PHP Startup: Unable to load dynamic library 'fileinfo.so' (tried: /usr/lib64/php7/extensions/fileinfo.so (/usr/lib64/php7/extensions/fileinfo.so: cannot open shared object file: No such file or directory), /usr/lib64/php7/extensions/fileinfo.so.so (/usr/lib64/php7/extensions/fileinfo.so.so: cannot open shared object file: No such file or directory)) in Unknown on line 0
PHP Warning:  Module 'pdo_pgsql' already loaded in Unknown on line 0
PHP Warning:  Module 'pgsql' already loaded in Unknown on line 0
PHP Warning:  Module 'Phar' already loaded in Unknown on line 0
>>> HYBRID SYNC STARTED: 2026-09-09 to 2026-09-10 <<<
>>> USING POSTGRESQL FINAL LOGIN CALCULATION FOR CSR/AGENT <<<
Fetching from Main... Found 547 records.
Fetching from Amazon... Found 129 records.

>>> SYNC RESULTS <<<
Total records synced: 460
Fixed/Updated records: 0

WARNING: 211 CSR records still have work > 8 hours.

>>> Sync Complete <<<
PHP Warning:  PHP Startup: Unable to load dynamic library 'fileinfo.so' (tried: /usr/lib64/php7/extensions/fileinfo.so (/usr/lib64/php7/extensions/fileinfo.so: cannot open shared object file: No such file or directory), /usr/lib64/php7/extensions/fileinfo.so.so (/usr/lib64/php7/extensions/fileinfo.so.so: cannot open shared object file: No such file or directory)) in Unknown on line 0
PHP Warning:  Module 'pdo_pgsql' already loaded in Unknown on line 0
PHP Warning:  Module 'pgsql' already loaded in Unknown on line 0
PHP Warning:  Module 'Phar' already loaded in Unknown on line 0
>>> HYBRID SYNC STARTED: 2026-09-09 to 2026-09-10 <<<
>>> USING POSTGRESQL FINAL LOGIN CALCULATION FOR CSR/AGENT <<<
Fetching from Main... Found 547 records.
Fetching from Amazon... Found 129 records.

>>> SYNC RESULTS <<<
Total records synced: 460
Fixed/Updated records: 0

WARNING: 211 CSR records still have work > 8 hours.

>>> Sync Complete <<<
PHP Warning:  PHP Startup: Unable to load dynamic library 'fileinfo.so' (tried: /usr/lib64/php7/extensions/fileinfo.so (/usr/lib64/php7/extensions/fileinfo.so: cannot open shared object file: No such file or directory), /usr/lib64/php7/extensions/fileinfo.so.so (/usr/lib64/php7/extensions/fileinfo.so.so: cannot open shared object file: No such file or directory)) in Unknown on line 0
PHP Warning:  Module 'pdo_pgsql' already loaded in Unknown on line 0
PHP Warning:  Module 'pgsql' already loaded in Unknown on line 0
PHP Warning:  Module 'Phar' already loaded in Unknown on line 0
>>> HYBRID SYNC STARTED: 2026-09-09 to 2026-09-10 <<<
>>> USING POSTGRESQL FINAL LOGIN CALCULATION FOR CSR/AGENT <<<
Fetching from Main... Found 547 records.
Fetching from Amazon... Found 129 records.

>>> SYNC RESULTS <<<
Total records synced: 460
Fixed/Updated records: 0

WARNING: 211 CSR records still have work > 8 hours.

>>> Sync Complete <<<
PHP Warning:  PHP Startup: Unable to load dynamic library 'fileinfo.so' (tried: /usr/lib64/php7/extensions/fileinfo.so (/usr/lib64/php7/extensions/fileinfo.so: cannot open shared object file: No such file or directory), /usr/lib64/php7/extensions/fileinfo.so.so (/usr/lib64/php7/extensions/fileinfo.so.so: cannot open shared object file: No such file or directory)) in Unknown on line 0
PHP Warning:  Module 'pdo_pgsql' already loaded in Unknown on line 0
PHP Warning:  Module 'pgsql' already loaded in Unknown on line 0
PHP Warning:  Module 'Phar' already loaded in Unknown on line 0
>>> HYBRID SYNC STARTED: 2026-09-09 to 2026-09-10 <<<
>>> USING POSTGRESQL FINAL LOGIN CALCULATION FOR CSR/AGENT <<<
Fetching from Main... Found 547 records.
Fetching from Amazon... Found 129 records.

>>> SYNC RESULTS <<<
Total records synced: 460
Fixed/Updated records: 0

WARNING: 211 CSR records still have work > 8 hours.

>>> Sync Complete <<<
PHP Warning:  PHP Startup: Unable to load dynamic library 'fileinfo.so' (tried: /usr/lib64/php7/extensions/fileinfo.so (/usr/lib64/php7/extensions/fileinfo.so: cannot open shared object file: No such file or directory), /usr/lib64/php7/extensions/fileinfo.so.so (/usr/lib64/php7/extensions/fileinfo.so.so: cannot open shared object file: No such file or directory)) in Unknown on line 0
PHP Warning:  Module 'pdo_pgsql' already loaded in Unknown on line 0
PHP Warning:  Module 'pgsql' already loaded in Unknown on line 0
PHP Warning:  Module 'Phar' already loaded in Unknown on line 0
>>> HYBRID SYNC STARTED: 2026-09-09 to 2026-09-10 <<<
>>> USING POSTGRESQL FINAL LOGIN CALCULATION FOR CSR/AGENT <<<
Fetching from Main... Found 547 records.
Fetching from Amazon... Found 129 records.

>>> SYNC RESULTS <<<
Total records synced: 460
Fixed/Updated records: 0

WARNING: 211 CSR records still have work > 8 hours.

>>> Sync Complete <<<
PHP Warning:  PHP Startup: Unable to load dynamic library 'fileinfo.so' (tried: /usr/lib64/php7/extensions/fileinfo.so (/usr/lib64/php7/extensions/fileinfo.so: cannot open shared object file: No such file or directory), /usr/lib64/php7/extensions/fileinfo.so.so (/usr/lib64/php7/extensions/fileinfo.so.so: cannot open shared object file: No such file or directory)) in Unknown on line 0
PHP Warning:  Module 'pdo_pgsql' already loaded in Unknown on line 0
PHP Warning:  Module 'pgsql' already loaded in Unknown on line 0
PHP Warning:  Module 'Phar' already loaded in Unknown on line 0
>>> HYBRID SYNC STARTED: 2026-09-09 to 2026-09-10 <<<
>>> USING POSTGRESQL FINAL LOGIN CALCULATION FOR CSR/AGENT <<<
Fetching from Main... Found 547 records.
Fetching from Amazon... Found 129 records.

>>> SYNC RESULTS <<<
Total records synced: 460
Fixed/Updated records: 0

WARNING: 211 CSR records still have work > 8 hours.

>>> Sync Complete <<<
PHP Warning:  PHP Startup: Unable to load dynamic library 'fileinfo.so' (tried: /usr/lib64/php7/extensions/fileinfo.so (/usr/lib64/php7/extensions/fileinfo.so: cannot open shared object file: No such file or directory), /usr/lib64/php7/extensions/fileinfo.so.so (/usr/lib64/php7/extensions/fileinfo.so.so: cannot open shared object file: No such file or directory)) in Unknown on line 0
PHP Warning:  Module 'pdo_pgsql' already loaded in Unknown on line 0
PHP Warning:  Module 'pgsql' already loaded in Unknown on line 0
PHP Warning:  Module 'Phar' already loaded in Unknown on line 0
>>> HYBRID SYNC STARTED: 2026-09-09 to 2026-09-10 <<<
>>> USING POSTGRESQL FINAL LOGIN CALCULATION FOR CSR/AGENT <<<
Fetching from Main... Found 548 records.
Fetching from Amazon... Found 129 records.

>>> SYNC RESULTS <<<
Total records synced: 460
Fixed/Updated records: 0

WARNING: 211 CSR records still have work > 8 hours.

>>> Sync Complete <<<
PHP Warning:  PHP Startup: Unable to load dynamic library 'fileinfo.so' (tried: /usr/lib64/php7/extensions/fileinfo.so (/usr/lib64/php7/extensions/fileinfo.so: cannot open shared object file: No such file or directory), /usr/lib64/php7/extensions/fileinfo.so.so (/usr/lib64/php7/extensions/fileinfo.so.so: cannot open shared object file: No such file or directory)) in Unknown on line 0
PHP Warning:  Module 'pdo_pgsql' already loaded in Unknown on line 0
PHP Warning:  Module 'pgsql' already loaded in Unknown on line 0
PHP Warning:  Module 'Phar' already loaded in Unknown on line 0
>>> HYBRID SYNC STARTED: 2026-09-09 to 2026-09-10 <<<
>>> USING POSTGRESQL FINAL LOGIN CALCULATION FOR CSR/AGENT <<<
Fetching from Main... Found 565 records.
Fetching from Amazon... Found 134 records.

>>> SYNC RESULTS <<<
Total records synced: 467
Fixed/Updated records: 0

WARNING: 211 CSR records still have work > 8 hours.

>>> Sync Complete <<<
PHP Warning:  PHP Startup: Unable to load dynamic library 'fileinfo.so' (tried: /usr/lib64/php7/extensions/fileinfo.so (/usr/lib64/php7/extensions/fileinfo.so: cannot open shared object file: No such file or directory), /usr/lib64/php7/extensions/fileinfo.so.so (/usr/lib64/php7/extensions/fileinfo.so.so: cannot open shared object file: No such file or directory)) in Unknown on line 0
PHP Warning:  Module 'pdo_pgsql' already loaded in Unknown on line 0
PHP Warning:  Module 'pgsql' already loaded in Unknown on line 0
PHP Warning:  Module 'Phar' already loaded in Unknown on line 0
>>> HYBRID SYNC STARTED: 2026-09-09 to 2026-09-10 <<<
>>> USING POSTGRESQL FINAL LOGIN CALCULATION FOR CSR/AGENT <<<
Fetching from Main... Found 641 records.
Fetching from Amazon... Found 185 records.

>>> SYNC RESULTS <<<
Total records synced: 502
Fixed/Updated records: 0

WARNING: 211 CSR records still have work > 8 hours.

>>> Sync Complete <<<
PHP Warning:  PHP Startup: Unable to load dynamic library 'fileinfo.so' (tried: /usr/lib64/php7/extensions/fileinfo.so (/usr/lib64/php7/extensions/fileinfo.so: cannot open shared object file: No such file or directory), /usr/lib64/php7/extensions/fileinfo.so.so (/usr/lib64/php7/extensions/fileinfo.so.so: cannot open shared object file: No such file or directory)) in Unknown on line 0
PHP Warning:  Module 'pdo_pgsql' already loaded in Unknown on line 0
PHP Warning:  Module 'pgsql' already loaded in Unknown on line 0
PHP Warning:  Module 'Phar' already loaded in Unknown on line 0
>>> HYBRID SYNC STARTED: 2026-09-09 to 2026-09-10 <<<
>>> USING POSTGRESQL FINAL LOGIN CALCULATION FOR CSR/AGENT <<<
Fetching from Main... Found 976 records.
Fetching from Amazon... Found 238 records.

>>> SYNC RESULTS <<<
Total records synced: 819
Fixed/Updated records: 0

WARNING: 211 CSR records still have work > 8 hours.

>>> Sync Complete <<<
PHP Warning:  PHP Startup: Unable to load dynamic library 'fileinfo.so' (tried: /usr/lib64/php7/extensions/fileinfo.so (/usr/lib64/php7/extensions/fileinfo.so: cannot open shared object file: No such file or directory), /usr/lib64/php7/extensions/fileinfo.so.so (/usr/lib64/php7/extensions/fileinfo.so.so: cannot open shared object file: No such file or directory)) in Unknown on line 0
PHP Warning:  Module 'pdo_pgsql' already loaded in Unknown on line 0
PHP Warning:  Module 'pgsql' already loaded in Unknown on line 0
PHP Warning:  Module 'Phar' already loaded in Unknown on line 0
>>> HYBRID SYNC STARTED: 2026-09-09 to 2026-09-10 <<<
>>> USING POSTGRESQL FINAL LOGIN CALCULATION FOR CSR/AGENT <<<
Fetching from Main... Found 1021 records.
Fetching from Amazon... Found 243 records.

>>> SYNC RESULTS <<<
Total records synced: 887
Fixed/Updated records: 0

WARNING: 211 CSR records still have work > 8 hours.

>>> Sync Complete <<<
PHP Warning:  PHP Startup: Unable to load dynamic library 'fileinfo.so' (tried: /usr/lib64/php7/extensions/fileinfo.so (/usr/lib64/php7/extensions/fileinfo.so: cannot open shared object file: No such file or directory), /usr/lib64/php7/extensions/fileinfo.so.so (/usr/lib64/php7/extensions/fileinfo.so.so: cannot open shared object file: No such file or directory)) in Unknown on line 0
PHP Warning:  Module 'pdo_pgsql' already loaded in Unknown on line 0
PHP Warning:  Module 'pgsql' already loaded in Unknown on line 0
PHP Warning:  Module 'Phar' already loaded in Unknown on line 0
>>> HYBRID SYNC STARTED: 2026-09-09 to 2026-09-10 <<<
>>> USING POSTGRESQL FINAL LOGIN CALCULATION FOR CSR/AGENT <<<
Fetching from Main... Found 1031 records.
Fetching from Amazon... Found 245 records.

>>> SYNC RESULTS <<<
Total records synced: 893
Fixed/Updated records: 0

WARNING: 211 CSR records still have work > 8 hours.

>>> Sync Complete <<<
PHP Warning:  PHP Startup: Unable to load dynamic library 'fileinfo.so' (tried: /usr/lib64/php7/extensions/fileinfo.so (/usr/lib64/php7/extensions/fileinfo.so: cannot open shared object file: No such file or directory), /usr/lib64/php7/extensions/fileinfo.so.so (/usr/lib64/php7/extensions/fileinfo.so.so: cannot open shared object file: No such file or directory)) in Unknown on line 0
PHP Warning:  Module 'pdo_pgsql' already loaded in Unknown on line 0
PHP Warning:  Module 'pgsql' already loaded in Unknown on line 0
PHP Warning:  Module 'Phar' already loaded in Unknown on line 0
>>> HYBRID SYNC STARTED: 2026-09-09 to 2026-09-10 <<<
>>> USING POSTGRESQL FINAL LOGIN CALCULATION FOR CSR/AGENT <<<
Fetching from Main... Found 1032 records.
Fetching from Amazon... Found 245 records.

>>> SYNC RESULTS <<<
Total records synced: 894
Fixed/Updated records: 0

WARNING: 211 CSR records still have work > 8 hours.

>>> Sync Complete <<<
PHP Warning:  PHP Startup: Unable to load dynamic library 'fileinfo.so' (tried: /usr/lib64/php7/extensions/fileinfo.so (/usr/lib64/php7/extensions/fileinfo.so: cannot open shared object file: No such file or directory), /usr/lib64/php7/extensions/fileinfo.so.so (/usr/lib64/php7/extensions/fileinfo.so.so: cannot open shared object file: No such file or directory)) in Unknown on line 0
PHP Warning:  Module 'pdo_pgsql' already loaded in Unknown on line 0
PHP Warning:  Module 'pgsql' already loaded in Unknown on line 0
PHP Warning:  Module 'Phar' already loaded in Unknown on line 0
>>> HYBRID SYNC STARTED: 2026-09-09 to 2026-09-10 <<<
>>> USING POSTGRESQL FINAL LOGIN CALCULATION FOR CSR/AGENT <<<
Fetching from Main... Found 1035 records.
Fetching from Amazon... Found 245 records.

>>> SYNC RESULTS <<<
Total records synced: 895
Fixed/Updated records: 0

WARNING: 211 CSR records still have work > 8 hours.

>>> Sync Complete <<<
PHP Warning:  PHP Startup: Unable to load dynamic library 'fileinfo.so' (tried: /usr/lib64/php7/extensions/fileinfo.so (/usr/lib64/php7/extensions/fileinfo.so: cannot open shared object file: No such file or directory), /usr/lib64/php7/extensions/fileinfo.so.so (/usr/lib64/php7/extensions/fileinfo.so.so: cannot open shared object file: No such file or directory)) in Unknown on line 0
PHP Warning:  Module 'pdo_pgsql' already loaded in Unknown on line 0
PHP Warning:  Module 'pgsql' already loaded in Unknown on line 0
PHP Warning:  Module 'Phar' already loaded in Unknown on line 0
>>> HYBRID SYNC STARTED: 2026-09-09 to 2026-09-10 <<<
>>> USING POSTGRESQL FINAL LOGIN CALCULATION FOR CSR/AGENT <<<
Fetching from Main... Found 1035 records.
Fetching from Amazon... Found 245 records.

>>> SYNC RESULTS <<<
Total records synced: 895
Fixed/Updated records: 0

WARNING: 211 CSR records still have work > 8 hours.

>>> Sync Complete <<<
PHP Warning:  PHP Startup: Unable to load dynamic library 'fileinfo.so' (tried: /usr/lib64/php7/extensions/fileinfo.so (/usr/lib64/php7/extensions/fileinfo.so: cannot open shared object file: No such file or directory), /usr/lib64/php7/extensions/fileinfo.so.so (/usr/lib64/php7/extensions/fileinfo.so.so: cannot open shared object file: No such file or directory)) in Unknown on line 0
PHP Warning:  Module 'pdo_pgsql' already loaded in Unknown on line 0
PHP Warning:  Module 'pgsql' already loaded in Unknown on line 0
PHP Warning:  Module 'Phar' already loaded in Unknown on line 0
>>> HYBRID SYNC STARTED: 2026-09-09 to 2026-09-10 <<<
>>> USING POSTGRESQL FINAL LOGIN CALCULATION FOR CSR/AGENT <<<
Fetching from Main... Found 1038 records.
Fetching from Amazon... Found 245 records.

>>> SYNC RESULTS <<<
Total records synced: 896
Fixed/Updated records: 0

WARNING: 211 CSR records still have work > 8 hours.

>>> Sync Complete <<<
PHP Warning:  PHP Startup: Unable to load dynamic library 'fileinfo.so' (tried: /usr/lib64/php7/extensions/fileinfo.so (/usr/lib64/php7/extensions/fileinfo.so: cannot open shared object file: No such file or directory), /usr/lib64/php7/extensions/fileinfo.so.so (/usr/lib64/php7/extensions/fileinfo.so.so: cannot open shared object file: No such file or directory)) in Unknown on line 0
PHP Warning:  Module 'pdo_pgsql' already loaded in Unknown on line 0
PHP Warning:  Module 'pgsql' already loaded in Unknown on line 0
PHP Warning:  Module 'Phar' already loaded in Unknown on line 0
>>> HYBRID SYNC STARTED: 2026-09-09 to 2026-09-10 <<<
>>> USING POSTGRESQL FINAL LOGIN CALCULATION FOR CSR/AGENT <<<
Fetching from Main... Found 1042 records.
Fetching from Amazon... Found 247 records.

>>> SYNC RESULTS <<<
Total records synced: 899
Fixed/Updated records: 0

WARNING: 211 CSR records still have work > 8 hours.

>>> Sync Complete <<<
PHP Warning:  PHP Startup: Unable to load dynamic library 'fileinfo.so' (tried: /usr/lib64/php7/extensions/fileinfo.so (/usr/lib64/php7/extensions/fileinfo.so: cannot open shared object file: No such file or directory), /usr/lib64/php7/extensions/fileinfo.so.so (/usr/lib64/php7/extensions/fileinfo.so.so: cannot open shared object file: No such file or directory)) in Unknown on line 0
PHP Warning:  Module 'pdo_pgsql' already loaded in Unknown on line 0
PHP Warning:  Module 'pgsql' already loaded in Unknown on line 0
PHP Warning:  Module 'Phar' already loaded in Unknown on line 0
>>> HYBRID SYNC STARTED: 2026-09-09 to 2026-09-10 <<<
>>> USING POSTGRESQL FINAL LOGIN CALCULATION FOR CSR/AGENT <<<
Fetching from Main... Found 1045 records.
Fetching from Amazon... Found 247 records.

>>> SYNC RESULTS <<<
Total records synced: 902
Fixed/Updated records: 0

WARNING: 211 CSR records still have work > 8 hours.

>>> Sync Complete <<<
PHP Warning:  PHP Startup: Unable to load dynamic library 'fileinfo.so' (tried: /usr/lib64/php7/extensions/fileinfo.so (/usr/lib64/php7/extensions/fileinfo.so: cannot open shared object file: No such file or directory), /usr/lib64/php7/extensions/fileinfo.so.so (/usr/lib64/php7/extensions/fileinfo.so.so: cannot open shared object file: No such file or directory)) in Unknown on line 0
PHP Warning:  Module 'pdo_pgsql' already loaded in Unknown on line 0
PHP Warning:  Module 'pgsql' already loaded in Unknown on line 0
PHP Warning:  Module 'Phar' already loaded in Unknown on line 0
>>> HYBRID SYNC STARTED: 2026-09-09 to 2026-09-10 <<<
>>> USING POSTGRESQL FINAL LOGIN CALCULATION FOR CSR/AGENT <<<
Fetching from Main... Found 1047 records.
Fetching from Amazon... Found 247 records.

>>> SYNC RESULTS <<<
Total records synced: 903
Fixed/Updated records: 0

WARNING: 211 CSR records still have work > 8 hours.

>>> Sync Complete <<<
PHP Warning:  PHP Startup: Unable to load dynamic library 'fileinfo.so' (tried: /usr/lib64/php7/extensions/fileinfo.so (/usr/lib64/php7/extensions/fileinfo.so: cannot open shared object file: No such file or directory), /usr/lib64/php7/extensions/fileinfo.so.so (/usr/lib64/php7/extensions/fileinfo.so.so: cannot open shared object file: No such file or directory)) in Unknown on line 0
PHP Warning:  Module 'pdo_pgsql' already loaded in Unknown on line 0
PHP Warning:  Module 'pgsql' already loaded in Unknown on line 0
PHP Warning:  Module 'Phar' already loaded in Unknown on line 0
>>> HYBRID SYNC STARTED: 2026-09-09 to 2026-09-10 <<<
>>> USING POSTGRESQL FINAL LOGIN CALCULATION FOR CSR/AGENT <<<
Fetching from Main... Found 1047 records.
Fetching from Amazon... Found 247 records.

>>> SYNC RESULTS <<<
Total records synced: 903
Fixed/Updated records: 0

WARNING: 211 CSR records still have work > 8 hours.

>>> Sync Complete <<<
PHP Warning:  PHP Startup: Unable to load dynamic library 'fileinfo.so' (tried: /usr/lib64/php7/extensions/fileinfo.so (/usr/lib64/php7/extensions/fileinfo.so: cannot open shared object file: No such file or directory), /usr/lib64/php7/extensions/fileinfo.so.so (/usr/lib64/php7/extensions/fileinfo.so.so: cannot open shared object file: No such file or directory)) in Unknown on line 0
PHP Warning:  Module 'pdo_pgsql' already loaded in Unknown on line 0
PHP Warning:  Module 'pgsql' already loaded in Unknown on line 0
PHP Warning:  Module 'Phar' already loaded in Unknown on line 0
>>> HYBRID SYNC STARTED: 2026-09-09 to 2026-09-10 <<<
>>> USING POSTGRESQL FINAL LOGIN CALCULATION FOR CSR/AGENT <<<
Fetching from Main... Found 1047 records.
Fetching from Amazon... Found 247 records.

>>> SYNC RESULTS <<<
Total records synced: 903
Fixed/Updated records: 0

WARNING: 211 CSR records still have work > 8 hours.

>>> Sync Complete <<<
PHP Warning:  PHP Startup: Unable to load dynamic library 'fileinfo.so' (tried: /usr/lib64/php7/extensions/fileinfo.so (/usr/lib64/php7/extensions/fileinfo.so: cannot open shared object file: No such file or directory), /usr/lib64/php7/extensions/fileinfo.so.so (/usr/lib64/php7/extensions/fileinfo.so.so: cannot open shared object file: No such file or directory)) in Unknown on line 0
PHP Warning:  Module 'pdo_pgsql' already loaded in Unknown on line 0
PHP Warning:  Module 'pgsql' already loaded in Unknown on line 0
PHP Warning:  Module 'Phar' already loaded in Unknown on line 0
>>> HYBRID SYNC STARTED: 2026-09-09 to 2026-09-10 <<<
>>> USING POSTGRESQL FINAL LOGIN CALCULATION FOR CSR/AGENT <<<
Fetching from Main... Found 1048 records.
Fetching from Amazon... Found 247 records.

>>> SYNC RESULTS <<<
Total records synced: 903
Fixed/Updated records: 0

WARNING: 211 CSR records still have work > 8 hours.

>>> Sync Complete <<<
PHP Warning:  PHP Startup: Unable to load dynamic library 'fileinfo.so' (tried: /usr/lib64/php7/extensions/fileinfo.so (/usr/lib64/php7/extensions/fileinfo.so: cannot open shared object file: No such file or directory), /usr/lib64/php7/extensions/fileinfo.so.so (/usr/lib64/php7/extensions/fileinfo.so.so: cannot open shared object file: No such file or directory)) in Unknown on line 0
PHP Warning:  Module 'pdo_pgsql' already loaded in Unknown on line 0
PHP Warning:  Module 'pgsql' already loaded in Unknown on line 0
PHP Warning:  Module 'Phar' already loaded in Unknown on line 0
>>> HYBRID SYNC STARTED: 2026-09-09 to 2026-09-10 <<<
>>> USING POSTGRESQL FINAL LOGIN CALCULATION FOR CSR/AGENT <<<
Fetching from Main... Found 1048 records.
Fetching from Amazon... Found 247 records.

>>> SYNC RESULTS <<<
Total records synced: 903
Fixed/Updated records: 0

WARNING: 211 CSR records still have work > 8 hours.

>>> Sync Complete <<<
PHP Warning:  PHP Startup: Unable to load dynamic library 'fileinfo.so' (tried: /usr/lib64/php7/extensions/fileinfo.so (/usr/lib64/php7/extensions/fileinfo.so: cannot open shared object file: No such file or directory), /usr/lib64/php7/extensions/fileinfo.so.so (/usr/lib64/php7/extensions/fileinfo.so.so: cannot open shared object file: No such file or directory)) in Unknown on line 0
PHP Warning:  Module 'pdo_pgsql' already loaded in Unknown on line 0
PHP Warning:  Module 'pgsql' already loaded in Unknown on line 0
PHP Warning:  Module 'Phar' already loaded in Unknown on line 0
>>> HYBRID SYNC STARTED: 2026-09-09 to 2026-09-10 <<<
>>> USING POSTGRESQL FINAL LOGIN CALCULATION FOR CSR/AGENT <<<
Fetching from Main... Found 1048 records.
Fetching from Amazon... Found 247 records.

>>> SYNC RESULTS <<<
Total records synced: 903
Fixed/Updated records: 0

WARNING: 211 CSR records still have work > 8 hours.

>>> Sync Complete <<<
PHP Warning:  PHP Startup: Unable to load dynamic library 'fileinfo.so' (tried: /usr/lib64/php7/extensions/fileinfo.so (/usr/lib64/php7/extensions/fileinfo.so: cannot open shared object file: No such file or directory), /usr/lib64/php7/extensions/fileinfo.so.so (/usr/lib64/php7/extensions/fileinfo.so.so: cannot open shared object file: No such file or directory)) in Unknown on line 0
PHP Warning:  Module 'pdo_pgsql' already loaded in Unknown on line 0
PHP Warning:  Module 'pgsql' already loaded in Unknown on line 0
PHP Warning:  Module 'Phar' already loaded in Unknown on line 0
>>> HYBRID SYNC STARTED: 2026-09-09 to 2026-09-10 <<<
>>> USING POSTGRESQL FINAL LOGIN CALCULATION FOR CSR/AGENT <<<
Fetching from Main... Found 1048 records.
Fetching from Amazon... Found 247 records.

>>> SYNC RESULTS <<<
Total records synced: 903
Fixed/Updated records: 0

WARNING: 211 CSR records still have work > 8 hours.

>>> Sync Complete <<<
PHP Warning:  PHP Startup: Unable to load dynamic library 'fileinfo.so' (tried: /usr/lib64/php7/extensions/fileinfo.so (/usr/lib64/php7/extensions/fileinfo.so: cannot open shared object file: No such file or directory), /usr/lib64/php7/extensions/fileinfo.so.so (/usr/lib64/php7/extensions/fileinfo.so.so: cannot open shared object file: No such file or directory)) in Unknown on line 0
PHP Warning:  Module 'pdo_pgsql' already loaded in Unknown on line 0
PHP Warning:  Module 'pgsql' already loaded in Unknown on line 0
PHP Warning:  Module 'Phar' already loaded in Unknown on line 0
>>> HYBRID SYNC STARTED: 2026-09-09 to 2026-09-10 <<<
>>> USING POSTGRESQL FINAL LOGIN CALCULATION FOR CSR/AGENT <<<
Fetching from Main... Found 1050 records.
Fetching from Amazon... Found 247 records.

>>> SYNC RESULTS <<<
Total records synced: 903
Fixed/Updated records: 0

WARNING: 211 CSR records still have work > 8 hours.

>>> Sync Complete <<<
PHP Warning:  PHP Startup: Unable to load dynamic library 'fileinfo.so' (tried: /usr/lib64/php7/extensions/fileinfo.so (/usr/lib64/php7/extensions/fileinfo.so: cannot open shared object file: No such file or directory), /usr/lib64/php7/extensions/fileinfo.so.so (/usr/lib64/php7/extensions/fileinfo.so.so: cannot open shared object file: No such file or directory)) in Unknown on line 0
PHP Warning:  Module 'pdo_pgsql' already loaded in Unknown on line 0
PHP Warning:  Module 'pgsql' already loaded in Unknown on line 0
PHP Warning:  Module 'Phar' already loaded in Unknown on line 0
>>> HYBRID SYNC STARTED: 2026-09-09 to 2026-09-10 <<<
>>> USING POSTGRESQL FINAL LOGIN CALCULATION FOR CSR/AGENT <<<
Fetching from Main... Found 1050 records.
Fetching from Amazon... Found 247 records.

>>> SYNC RESULTS <<<
Total records synced: 903
Fixed/Updated records: 0

WARNING: 218 CSR records still have work > 8 hours.

>>> Sync Complete <<<
PHP Warning:  PHP Startup: Unable to load dynamic library 'fileinfo.so' (tried: /usr/lib64/php7/extensions/fileinfo.so (/usr/lib64/php7/extensions/fileinfo.so: cannot open shared object file: No such file or directory), /usr/lib64/php7/extensions/fileinfo.so.so (/usr/lib64/php7/extensions/fileinfo.so.so: cannot open shared object file: No such file or directory)) in Unknown on line 0
PHP Warning:  Module 'pdo_pgsql' already loaded in Unknown on line 0
PHP Warning:  Module 'pgsql' already loaded in Unknown on line 0
PHP Warning:  Module 'Phar' already loaded in Unknown on line 0
>>> HYBRID SYNC STARTED: 2026-09-09 to 2026-09-10 <<<
>>> USING POSTGRESQL FINAL LOGIN CALCULATION FOR CSR/AGENT <<<
Fetching from Main... Found 1050 records.
Fetching from Amazon... Found 247 records.

>>> SYNC RESULTS <<<
Total records synced: 903
Fixed/Updated records: 0

WARNING: 238 CSR records still have work > 8 hours.

>>> Sync Complete <<<
PHP Warning:  PHP Startup: Unable to load dynamic library 'fileinfo.so' (tried: /usr/lib64/php7/extensions/fileinfo.so (/usr/lib64/php7/extensions/fileinfo.so: cannot open shared object file: No such file or directory), /usr/lib64/php7/extensions/fileinfo.so.so (/usr/lib64/php7/extensions/fileinfo.so.so: cannot open shared object file: No such file or directory)) in Unknown on line 0
PHP Warning:  Module 'pdo_pgsql' already loaded in Unknown on line 0
PHP Warning:  Module 'pgsql' already loaded in Unknown on line 0
PHP Warning:  Module 'Phar' already loaded in Unknown on line 0
>>> HYBRID SYNC STARTED: 2026-09-09 to 2026-09-10 <<<
>>> USING POSTGRESQL FINAL LOGIN CALCULATION FOR CSR/AGENT <<<
Fetching from Main... Found 1050 records.
Fetching from Amazon... Found 247 records.

>>> SYNC RESULTS <<<
Total records synced: 903
Fixed/Updated records: 0

WARNING: 370 CSR records still have work > 8 hours.

>>> Sync Complete <<<
PHP Warning:  PHP Startup: Unable to load dynamic library 'fileinfo.so' (tried: /usr/lib64/php7/extensions/fileinfo.so (/usr/lib64/php7/extensions/fileinfo.so: cannot open shared object file: No such file or directory), /usr/lib64/php7/extensions/fileinfo.so.so (/usr/lib64/php7/extensions/fileinfo.so.so: cannot open shared object file: No such file or directory)) in Unknown on line 0
PHP Warning:  Module 'pdo_pgsql' already loaded in Unknown on line 0
PHP Warning:  Module 'pgsql' already loaded in Unknown on line 0
PHP Warning:  Module 'Phar' already loaded in Unknown on line 0
>>> HYBRID SYNC STARTED: 2026-09-09 to 2026-09-10 <<<
>>> USING POSTGRESQL FINAL LOGIN CALCULATION FOR CSR/AGENT <<<
Fetching from Main... Found 1050 records.
Fetching from Amazon... Found 247 records.

>>> SYNC RESULTS <<<
Total records synced: 903
Fixed/Updated records: 0

WARNING: 390 CSR records still have work > 8 hours.

>>> Sync Complete <<<
PHP Warning:  PHP Startup: Unable to load dynamic library 'fileinfo.so' (tried: /usr/lib64/php7/extensions/fileinfo.so (/usr/lib64/php7/extensions/fileinfo.so: cannot open shared object file: No such file or directory), /usr/lib64/php7/extensions/fileinfo.so.so (/usr/lib64/php7/extensions/fileinfo.so.so: cannot open shared object file: No such file or directory)) in Unknown on line 0
PHP Warning:  Module 'pdo_pgsql' already loaded in Unknown on line 0
PHP Warning:  Module 'pgsql' already loaded in Unknown on line 0
PHP Warning:  Module 'Phar' already loaded in Unknown on line 0
>>> HYBRID SYNC STARTED: 2026-09-09 to 2026-09-10 <<<
>>> USING POSTGRESQL FINAL LOGIN CALCULATION FOR CSR/AGENT <<<
Fetching from Main... Found 1050 records.
Fetching from Amazon... Found 247 records.

>>> SYNC RESULTS <<<
Total records synced: 903
Fixed/Updated records: 0

WARNING: 390 CSR records still have work > 8 hours.

>>> Sync Complete <<<
PHP Warning:  PHP Startup: Unable to load dynamic library 'fileinfo.so' (tried: /usr/lib64/php7/extensions/fileinfo.so (/usr/lib64/php7/extensions/fileinfo.so: cannot open shared object file: No such file or directory), /usr/lib64/php7/extensions/fileinfo.so.so (/usr/lib64/php7/extensions/fileinfo.so.so: cannot open shared object file: No such file or directory)) in Unknown on line 0
PHP Warning:  Module 'pdo_pgsql' already loaded in Unknown on line 0
PHP Warning:  Module 'pgsql' already loaded in Unknown on line 0
PHP Warning:  Module 'Phar' already loaded in Unknown on line 0
>>> HYBRID SYNC STARTED: 2026-09-09 to 2026-09-10 <<<
>>> USING POSTGRESQL FINAL LOGIN CALCULATION FOR CSR/AGENT <<<
Fetching from Main... Found 1050 records.
Fetching from Amazon... Found 247 records.

>>> SYNC RESULTS <<<
Total records synced: 903
Fixed/Updated records: 0

WARNING: 390 CSR records still have work > 8 hours.

>>> Sync Complete <<<
PHP Warning:  PHP Startup: Unable to load dynamic library 'fileinfo.so' (tried: /usr/lib64/php7/extensions/fileinfo.so (/usr/lib64/php7/extensions/fileinfo.so: cannot open shared object file: No such file or directory), /usr/lib64/php7/extensions/fileinfo.so.so (/usr/lib64/php7/extensions/fileinfo.so.so: cannot open shared object file: No such file or directory)) in Unknown on line 0
PHP Warning:  Module 'pdo_pgsql' already loaded in Unknown on line 0
PHP Warning:  Module 'pgsql' already loaded in Unknown on line 0
PHP Warning:  Module 'Phar' already loaded in Unknown on line 0
>>> HYBRID SYNC STARTED: 2026-09-09 to 2026-09-10 <<<
>>> USING POSTGRESQL FINAL LOGIN CALCULATION FOR CSR/AGENT <<<
Fetching from Main... Found 1050 records.
Fetching from Amazon... Found 247 records.

>>> SYNC RESULTS <<<
Total records synced: 903
Fixed/Updated records: 0

WARNING: 390 CSR records still have work > 8 hours.

>>> Sync Complete <<<
PHP Warning:  PHP Startup: Unable to load dynamic library 'fileinfo.so' (tried: /usr/lib64/php7/extensions/fileinfo.so (/usr/lib64/php7/extensions/fileinfo.so: cannot open shared object file: No such file or directory), /usr/lib64/php7/extensions/fileinfo.so.so (/usr/lib64/php7/extensions/fileinfo.so.so: cannot open shared object file: No such file or directory)) in Unknown on line 0
PHP Warning:  Module 'pdo_pgsql' already loaded in Unknown on line 0
PHP Warning:  Module 'pgsql' already loaded in Unknown on line 0
PHP Warning:  Module 'Phar' already loaded in Unknown on line 0
>>> HYBRID SYNC STARTED: 2026-09-09 to 2026-09-10 <<<
>>> USING POSTGRESQL FINAL LOGIN CALCULATION FOR CSR/AGENT <<<
Fetching from Main... Found 1050 records.
Fetching from Amazon... Found 247 records.

>>> SYNC RESULTS <<<
Total records synced: 903
Fixed/Updated records: 0

WARNING: 390 CSR records still have work > 8 hours.

>>> Sync Complete <<<
PHP Warning:  PHP Startup: Unable to load dynamic library 'fileinfo.so' (tried: /usr/lib64/php7/extensions/fileinfo.so (/usr/lib64/php7/extensions/fileinfo.so: cannot open shared object file: No such file or directory), /usr/lib64/php7/extensions/fileinfo.so.so (/usr/lib64/php7/extensions/fileinfo.so.so: cannot open shared object file: No such file or directory)) in Unknown on line 0
PHP Warning:  Module 'pdo_pgsql' already loaded in Unknown on line 0
PHP Warning:  Module 'pgsql' already loaded in Unknown on line 0
PHP Warning:  Module 'Phar' already loaded in Unknown on line 0
>>> HYBRID SYNC STARTED: 2026-09-09 to 2026-09-10 <<<
>>> USING POSTGRESQL FINAL LOGIN CALCULATION FOR CSR/AGENT <<<
Fetching from Main... Found 1050 records.
Fetching from Amazon... Found 247 records.

>>> SYNC RESULTS <<<
Total records synced: 903
Fixed/Updated records: 0

WARNING: 390 CSR records still have work > 8 hours.

>>> Sync Complete <<<
PHP Warning:  PHP Startup: Unable to load dynamic library 'fileinfo.so' (tried: /usr/lib64/php7/extensions/fileinfo.so (/usr/lib64/php7/extensions/fileinfo.so: cannot open shared object file: No such file or directory), /usr/lib64/php7/extensions/fileinfo.so.so (/usr/lib64/php7/extensions/fileinfo.so.so: cannot open shared object file: No such file or directory)) in Unknown on line 0
PHP Warning:  Module 'pdo_pgsql' already loaded in Unknown on line 0
PHP Warning:  Module 'pgsql' already loaded in Unknown on line 0
PHP Warning:  Module 'Phar' already loaded in Unknown on line 0
>>> HYBRID SYNC STARTED: 2026-09-09 to 2026-09-10 <<<
>>> USING POSTGRESQL FINAL LOGIN CALCULATION FOR CSR/AGENT <<<
Fetching from Main... Found 1050 records.
Fetching from Amazon... Found 247 records.

>>> SYNC RESULTS <<<
Total records synced: 903
Fixed/Updated records: 0

WARNING: 390 CSR records still have work > 8 hours.

>>> Sync Complete <<<
PHP Warning:  PHP Startup: Unable to load dynamic library 'fileinfo.so' (tried: /usr/lib64/php7/extensions/fileinfo.so (/usr/lib64/php7/extensions/fileinfo.so: cannot open shared object file: No such file or directory), /usr/lib64/php7/extensions/fileinfo.so.so (/usr/lib64/php7/extensions/fileinfo.so.so: cannot open shared object file: No such file or directory)) in Unknown on line 0
PHP Warning:  Module 'pdo_pgsql' already loaded in Unknown on line 0
PHP Warning:  Module 'pgsql' already loaded in Unknown on line 0
PHP Warning:  Module 'Phar' already loaded in Unknown on line 0
>>> HYBRID SYNC STARTED: 2026-09-09 to 2026-09-10 <<<
>>> USING POSTGRESQL FINAL LOGIN CALCULATION FOR CSR/AGENT <<<
Fetching from Main... Found 1050 records.
Fetching from Amazon... Found 247 records.

>>> SYNC RESULTS <<<
Total records synced: 903
Fixed/Updated records: 0

WARNING: 390 CSR records still have work > 8 hours.

>>> Sync Complete <<<
PHP Warning:  PHP Startup: Unable to load dynamic library 'fileinfo.so' (tried: /usr/lib64/php7/extensions/fileinfo.so (/usr/lib64/php7/extensions/fileinfo.so: cannot open shared object file: No such file or directory), /usr/lib64/php7/extensions/fileinfo.so.so (/usr/lib64/php7/extensions/fileinfo.so.so: cannot open shared object file: No such file or directory)) in Unknown on line 0
PHP Warning:  Module 'pdo_pgsql' already loaded in Unknown on line 0
PHP Warning:  Module 'pgsql' already loaded in Unknown on line 0
PHP Warning:  Module 'Phar' already loaded in Unknown on line 0
>>> HYBRID SYNC STARTED: 2026-09-10 to 2026-09-11 <<<
>>> USING POSTGRESQL FINAL LOGIN CALCULATION FOR CSR/AGENT <<<
Fetching from Main... Found 517 records.
Fetching from Amazon... Found 121 records.

>>> SYNC RESULTS <<<
Total records synced: 451
Fixed/Updated records: 0

WARNING: 179 CSR records still have work > 8 hours.

>>> Sync Complete <<<
PHP Warning:  PHP Startup: Unable to load dynamic library 'fileinfo.so' (tried: /usr/lib64/php7/extensions/fileinfo.so (/usr/lib64/php7/extensions/fileinfo.so: cannot open shared object file: No such file or directory), /usr/lib64/php7/extensions/fileinfo.so.so (/usr/lib64/php7/extensions/fileinfo.so.so: cannot open shared object file: No such file or directory)) in Unknown on line 0
PHP Warning:  Module 'pdo_pgsql' already loaded in Unknown on line 0
PHP Warning:  Module 'pgsql' already loaded in Unknown on line 0
PHP Warning:  Module 'Phar' already loaded in Unknown on line 0
>>> HYBRID SYNC STARTED: 2026-09-10 to 2026-09-11 <<<
>>> USING POSTGRESQL FINAL LOGIN CALCULATION FOR CSR/AGENT <<<
Fetching from Main... Found 522 records.
Fetching from Amazon... Found 122 records.

>>> SYNC RESULTS <<<
Total records synced: 456
Fixed/Updated records: 0

WARNING: 179 CSR records still have work > 8 hours.

>>> Sync Complete <<<
PHP Warning:  PHP Startup: Unable to load dynamic library 'fileinfo.so' (tried: /usr/lib64/php7/extensions/fileinfo.so (/usr/lib64/php7/extensions/fileinfo.so: cannot open shared object file: No such file or directory), /usr/lib64/php7/extensions/fileinfo.so.so (/usr/lib64/php7/extensions/fileinfo.so.so: cannot open shared object file: No such file or directory)) in Unknown on line 0
PHP Warning:  Module 'pdo_pgsql' already loaded in Unknown on line 0
PHP Warning:  Module 'pgsql' already loaded in Unknown on line 0
PHP Warning:  Module 'Phar' already loaded in Unknown on line 0
>>> HYBRID SYNC STARTED: 2026-09-10 to 2026-09-11 <<<
>>> USING POSTGRESQL FINAL LOGIN CALCULATION FOR CSR/AGENT <<<
Fetching from Main... Found 522 records.
Fetching from Amazon... Found 122 records.

>>> SYNC RESULTS <<<
Total records synced: 456
Fixed/Updated records: 0

WARNING: 179 CSR records still have work > 8 hours.

>>> Sync Complete <<<
PHP Warning:  PHP Startup: Unable to load dynamic library 'fileinfo.so' (tried: /usr/lib64/php7/extensions/fileinfo.so (/usr/lib64/php7/extensions/fileinfo.so: cannot open shared object file: No such file or directory), /usr/lib64/php7/extensions/fileinfo.so.so (/usr/lib64/php7/extensions/fileinfo.so.so: cannot open shared object file: No such file or directory)) in Unknown on line 0
PHP Warning:  Module 'pdo_pgsql' already loaded in Unknown on line 0
PHP Warning:  Module 'pgsql' already loaded in Unknown on line 0
PHP Warning:  Module 'Phar' already loaded in Unknown on line 0
>>> HYBRID SYNC STARTED: 2026-09-10 to 2026-09-11 <<<
>>> USING POSTGRESQL FINAL LOGIN CALCULATION FOR CSR/AGENT <<<
Fetching from Main... Found 522 records.
Fetching from Amazon... Found 122 records.

>>> SYNC RESULTS <<<
Total records synced: 456
Fixed/Updated records: 0

WARNING: 179 CSR records still have work > 8 hours.

>>> Sync Complete <<<
PHP Warning:  PHP Startup: Unable to load dynamic library 'fileinfo.so' (tried: /usr/lib64/php7/extensions/fileinfo.so (/usr/lib64/php7/extensions/fileinfo.so: cannot open shared object file: No such file or directory), /usr/lib64/php7/extensions/fileinfo.so.so (/usr/lib64/php7/extensions/fileinfo.so.so: cannot open shared object file: No such file or directory)) in Unknown on line 0
PHP Warning:  Module 'pdo_pgsql' already loaded in Unknown on line 0
PHP Warning:  Module 'pgsql' already loaded in Unknown on line 0
PHP Warning:  Module 'Phar' already loaded in Unknown on line 0
>>> HYBRID SYNC STARTED: 2026-09-10 to 2026-09-11 <<<
>>> USING POSTGRESQL FINAL LOGIN CALCULATION FOR CSR/AGENT <<<
Fetching from Main... Found 522 records.
Fetching from Amazon... Found 122 records.

>>> SYNC RESULTS <<<
Total records synced: 456
Fixed/Updated records: 0

WARNING: 179 CSR records still have work > 8 hours.

>>> Sync Complete <<<
PHP Warning:  PHP Startup: Unable to load dynamic library 'fileinfo.so' (tried: /usr/lib64/php7/extensions/fileinfo.so (/usr/lib64/php7/extensions/fileinfo.so: cannot open shared object file: No such file or directory), /usr/lib64/php7/extensions/fileinfo.so.so (/usr/lib64/php7/extensions/fileinfo.so.so: cannot open shared object file: No such file or directory)) in Unknown on line 0
PHP Warning:  Module 'pdo_pgsql' already loaded in Unknown on line 0
PHP Warning:  Module 'pgsql' already loaded in Unknown on line 0
PHP Warning:  Module 'Phar' already loaded in Unknown on line 0
>>> HYBRID SYNC STARTED: 2026-09-10 to 2026-09-11 <<<
>>> USING POSTGRESQL FINAL LOGIN CALCULATION FOR CSR/AGENT <<<
Fetching from Main... Found 522 records.
Fetching from Amazon... Found 122 records.

>>> SYNC RESULTS <<<
Total records synced: 456
Fixed/Updated records: 0

WARNING: 179 CSR records still have work > 8 hours.

>>> Sync Complete <<<
PHP Warning:  PHP Startup: Unable to load dynamic library 'fileinfo.so' (tried: /usr/lib64/php7/extensions/fileinfo.so (/usr/lib64/php7/extensions/fileinfo.so: cannot open shared object file: No such file or directory), /usr/lib64/php7/extensions/fileinfo.so.so (/usr/lib64/php7/extensions/fileinfo.so.so: cannot open shared object file: No such file or directory)) in Unknown on line 0
PHP Warning:  Module 'pdo_pgsql' already loaded in Unknown on line 0
PHP Warning:  Module 'pgsql' already loaded in Unknown on line 0
PHP Warning:  Module 'Phar' already loaded in Unknown on line 0
>>> HYBRID SYNC STARTED: 2026-09-10 to 2026-09-11 <<<
>>> USING POSTGRESQL FINAL LOGIN CALCULATION FOR CSR/AGENT <<<
Fetching from Main... Found 522 records.
Fetching from Amazon... Found 122 records.

>>> SYNC RESULTS <<<
Total records synced: 456
Fixed/Updated records: 0

WARNING: 179 CSR records still have work > 8 hours.

>>> Sync Complete <<<
PHP Warning:  PHP Startup: Unable to load dynamic library 'fileinfo.so' (tried: /usr/lib64/php7/extensions/fileinfo.so (/usr/lib64/php7/extensions/fileinfo.so: cannot open shared object file: No such file or directory), /usr/lib64/php7/extensions/fileinfo.so.so (/usr/lib64/php7/extensions/fileinfo.so.so: cannot open shared object file: No such file or directory)) in Unknown on line 0
PHP Warning:  Module 'pdo_pgsql' already loaded in Unknown on line 0
PHP Warning:  Module 'pgsql' already loaded in Unknown on line 0
PHP Warning:  Module 'Phar' already loaded in Unknown on line 0
>>> HYBRID SYNC STARTED: 2026-09-10 to 2026-09-11 <<<
>>> USING POSTGRESQL FINAL LOGIN CALCULATION FOR CSR/AGENT <<<
Fetching from Main... Found 522 records.
Fetching from Amazon... Found 122 records.

>>> SYNC RESULTS <<<
Total records synced: 456
Fixed/Updated records: 0

WARNING: 179 CSR records still have work > 8 hours.

>>> Sync Complete <<<
PHP Warning:  PHP Startup: Unable to load dynamic library 'fileinfo.so' (tried: /usr/lib64/php7/extensions/fileinfo.so (/usr/lib64/php7/extensions/fileinfo.so: cannot open shared object file: No such file or directory), /usr/lib64/php7/extensions/fileinfo.so.so (/usr/lib64/php7/extensions/fileinfo.so.so: cannot open shared object file: No such file or directory)) in Unknown on line 0
PHP Warning:  Module 'pdo_pgsql' already loaded in Unknown on line 0
PHP Warning:  Module 'pgsql' already loaded in Unknown on line 0
PHP Warning:  Module 'Phar' already loaded in Unknown on line 0
>>> HYBRID SYNC STARTED: 2026-09-10 to 2026-09-11 <<<
>>> USING POSTGRESQL FINAL LOGIN CALCULATION FOR CSR/AGENT <<<
Fetching from Main... Found 522 records.
Fetching from Amazon... Found 122 records.

>>> SYNC RESULTS <<<
Total records synced: 456
Fixed/Updated records: 0

WARNING: 179 CSR records still have work > 8 hours.

>>> Sync Complete <<<
PHP Warning:  PHP Startup: Unable to load dynamic library 'fileinfo.so' (tried: /usr/lib64/php7/extensions/fileinfo.so (/usr/lib64/php7/extensions/fileinfo.so: cannot open shared object file: No such file or directory), /usr/lib64/php7/extensions/fileinfo.so.so (/usr/lib64/php7/extensions/fileinfo.so.so: cannot open shared object file: No such file or directory)) in Unknown on line 0
PHP Warning:  Module 'pdo_pgsql' already loaded in Unknown on line 0
PHP Warning:  Module 'pgsql' already loaded in Unknown on line 0
PHP Warning:  Module 'Phar' already loaded in Unknown on line 0
>>> HYBRID SYNC STARTED: 2026-09-10 to 2026-09-11 <<<
>>> USING POSTGRESQL FINAL LOGIN CALCULATION FOR CSR/AGENT <<<
Fetching from Main... Found 522 records.
Fetching from Amazon... Found 122 records.

>>> SYNC RESULTS <<<
Total records synced: 456
Fixed/Updated records: 0

WARNING: 179 CSR records still have work > 8 hours.

>>> Sync Complete <<<
PHP Warning:  PHP Startup: Unable to load dynamic library 'fileinfo.so' (tried: /usr/lib64/php7/extensions/fileinfo.so (/usr/lib64/php7/extensions/fileinfo.so: cannot open shared object file: No such file or directory), /usr/lib64/php7/extensions/fileinfo.so.so (/usr/lib64/php7/extensions/fileinfo.so.so: cannot open shared object file: No such file or directory)) in Unknown on line 0
PHP Warning:  Module 'pdo_pgsql' already loaded in Unknown on line 0
PHP Warning:  Module 'pgsql' already loaded in Unknown on line 0
PHP Warning:  Module 'Phar' already loaded in Unknown on line 0
>>> HYBRID SYNC STARTED: 2026-09-10 to 2026-09-11 <<<
>>> USING POSTGRESQL FINAL LOGIN CALCULATION FOR CSR/AGENT <<<
Fetching from Main... Found 522 records.
Fetching from Amazon... Found 122 records.

>>> SYNC RESULTS <<<
Total records synced: 456
Fixed/Updated records: 0

WARNING: 179 CSR records still have work > 8 hours.

>>> Sync Complete <<<
PHP Warning:  PHP Startup: Unable to load dynamic library 'fileinfo.so' (tried: /usr/lib64/php7/extensions/fileinfo.so (/usr/lib64/php7/extensions/fileinfo.so: cannot open shared object file: No such file or directory), /usr/lib64/php7/extensions/fileinfo.so.so (/usr/lib64/php7/extensions/fileinfo.so.so: cannot open shared object file: No such file or directory)) in Unknown on line 0
PHP Warning:  Module 'pdo_pgsql' already loaded in Unknown on line 0
PHP Warning:  Module 'pgsql' already loaded in Unknown on line 0
PHP Warning:  Module 'Phar' already loaded in Unknown on line 0
>>> HYBRID SYNC STARTED: 2026-09-10 to 2026-09-11 <<<
>>> USING POSTGRESQL FINAL LOGIN CALCULATION FOR CSR/AGENT <<<
Fetching from Main... Found 522 records.
Fetching from Amazon... Found 122 records.

>>> SYNC RESULTS <<<
Total records synced: 456
Fixed/Updated records: 0

WARNING: 179 CSR records still have work > 8 hours.

>>> Sync Complete <<<
PHP Warning:  PHP Startup: Unable to load dynamic library 'fileinfo.so' (tried: /usr/lib64/php7/extensions/fileinfo.so (/usr/lib64/php7/extensions/fileinfo.so: cannot open shared object file: No such file or directory), /usr/lib64/php7/extensions/fileinfo.so.so (/usr/lib64/php7/extensions/fileinfo.so.so: cannot open shared object file: No such file or directory)) in Unknown on line 0
PHP Warning:  Module 'pdo_pgsql' already loaded in Unknown on line 0
PHP Warning:  Module 'pgsql' already loaded in Unknown on line 0
PHP Warning:  Module 'Phar' already loaded in Unknown on line 0
>>> HYBRID SYNC STARTED: 2026-09-10 to 2026-09-11 <<<
>>> USING POSTGRESQL FINAL LOGIN CALCULATION FOR CSR/AGENT <<<
Fetching from Main... Found 522 records.
Fetching from Amazon... Found 122 records.

>>> SYNC RESULTS <<<
Total records synced: 456
Fixed/Updated records: 0

WARNING: 179 CSR records still have work > 8 hours.

>>> Sync Complete <<<
PHP Warning:  PHP Startup: Unable to load dynamic library 'fileinfo.so' (tried: /usr/lib64/php7/extensions/fileinfo.so (/usr/lib64/php7/extensions/fileinfo.so: cannot open shared object file: No such file or directory), /usr/lib64/php7/extensions/fileinfo.so.so (/usr/lib64/php7/extensions/fileinfo.so.so: cannot open shared object file: No such file or directory)) in Unknown on line 0
PHP Warning:  Module 'pdo_pgsql' already loaded in Unknown on line 0
PHP Warning:  Module 'pgsql' already loaded in Unknown on line 0
PHP Warning:  Module 'Phar' already loaded in Unknown on line 0
>>> HYBRID SYNC STARTED: 2026-09-10 to 2026-09-11 <<<
>>> USING POSTGRESQL FINAL LOGIN CALCULATION FOR CSR/AGENT <<<
Fetching from Main... Found 522 records.
Fetching from Amazon... Found 122 records.

>>> SYNC RESULTS <<<
Total records synced: 456
Fixed/Updated records: 0

WARNING: 179 CSR records still have work > 8 hours.

>>> Sync Complete <<<
PHP Warning:  PHP Startup: Unable to load dynamic library 'fileinfo.so' (tried: /usr/lib64/php7/extensions/fileinfo.so (/usr/lib64/php7/extensions/fileinfo.so: cannot open shared object file: No such file or directory), /usr/lib64/php7/extensions/fileinfo.so.so (/usr/lib64/php7/extensions/fileinfo.so.so: cannot open shared object file: No such file or directory)) in Unknown on line 0
PHP Warning:  Module 'pdo_pgsql' already loaded in Unknown on line 0
PHP Warning:  Module 'pgsql' already loaded in Unknown on line 0
PHP Warning:  Module 'Phar' already loaded in Unknown on line 0
>>> HYBRID SYNC STARTED: 2026-09-10 to 2026-09-11 <<<
>>> USING POSTGRESQL FINAL LOGIN CALCULATION FOR CSR/AGENT <<<
Fetching from Main... Found 522 records.
Fetching from Amazon... Found 122 records.

>>> SYNC RESULTS <<<
Total records synced: 456
Fixed/Updated records: 0

WARNING: 179 CSR records still have work > 8 hours.

>>> Sync Complete <<<
PHP Warning:  PHP Startup: Unable to load dynamic library 'fileinfo.so' (tried: /usr/lib64/php7/extensions/fileinfo.so (/usr/lib64/php7/extensions/fileinfo.so: cannot open shared object file: No such file or directory), /usr/lib64/php7/extensions/fileinfo.so.so (/usr/lib64/php7/extensions/fileinfo.so.so: cannot open shared object file: No such file or directory)) in Unknown on line 0
PHP Warning:  Module 'pdo_pgsql' already loaded in Unknown on line 0
PHP Warning:  Module 'pgsql' already loaded in Unknown on line 0
PHP Warning:  Module 'Phar' already loaded in Unknown on line 0
>>> HYBRID SYNC STARTED: 2026-09-10 to 2026-09-11 <<<
>>> USING POSTGRESQL FINAL LOGIN CALCULATION FOR CSR/AGENT <<<
Fetching from Main... Found 522 records.
Fetching from Amazon... Found 122 records.

>>> SYNC RESULTS <<<
Total records synced: 456
Fixed/Updated records: 0

WARNING: 179 CSR records still have work > 8 hours.

>>> Sync Complete <<<
PHP Warning:  PHP Startup: Unable to load dynamic library 'fileinfo.so' (tried: /usr/lib64/php7/extensions/fileinfo.so (/usr/lib64/php7/extensions/fileinfo.so: cannot open shared object file: No such file or directory), /usr/lib64/php7/extensions/fileinfo.so.so (/usr/lib64/php7/extensions/fileinfo.so.so: cannot open shared object file: No such file or directory)) in Unknown on line 0
PHP Warning:  Module 'pdo_pgsql' already loaded in Unknown on line 0
PHP Warning:  Module 'pgsql' already loaded in Unknown on line 0
PHP Warning:  Module 'Phar' already loaded in Unknown on line 0
>>> HYBRID SYNC STARTED: 2026-09-10 to 2026-09-11 <<<
>>> USING POSTGRESQL FINAL LOGIN CALCULATION FOR CSR/AGENT <<<
Fetching from Main... Found 522 records.
Fetching from Amazon... Found 122 records.

>>> SYNC RESULTS <<<
Total records synced: 456
Fixed/Updated records: 0

WARNING: 179 CSR records still have work > 8 hours.

>>> Sync Complete <<<
PHP Warning:  PHP Startup: Unable to load dynamic library 'fileinfo.so' (tried: /usr/lib64/php7/extensions/fileinfo.so (/usr/lib64/php7/extensions/fileinfo.so: cannot open shared object file: No such file or directory), /usr/lib64/php7/extensions/fileinfo.so.so (/usr/lib64/php7/extensions/fileinfo.so.so: cannot open shared object file: No such file or directory)) in Unknown on line 0
PHP Warning:  Module 'pdo_pgsql' already loaded in Unknown on line 0
PHP Warning:  Module 'pgsql' already loaded in Unknown on line 0
PHP Warning:  Module 'Phar' already loaded in Unknown on line 0
>>> HYBRID SYNC STARTED: 2026-09-10 to 2026-09-11 <<<
>>> USING POSTGRESQL FINAL LOGIN CALCULATION FOR CSR/AGENT <<<
Fetching from Main... Found 522 records.
Fetching from Amazon... Found 122 records.

>>> SYNC RESULTS <<<
Total records synced: 456
Fixed/Updated records: 0

WARNING: 179 CSR records still have work > 8 hours.

>>> Sync Complete <<<
PHP Warning:  PHP Startup: Unable to load dynamic library 'fileinfo.so' (tried: /usr/lib64/php7/extensions/fileinfo.so (/usr/lib64/php7/extensions/fileinfo.so: cannot open shared object file: No such file or directory), /usr/lib64/php7/extensions/fileinfo.so.so (/usr/lib64/php7/extensions/fileinfo.so.so: cannot open shared object file: No such file or directory)) in Unknown on line 0
PHP Warning:  Module 'pdo_pgsql' already loaded in Unknown on line 0
PHP Warning:  Module 'pgsql' already loaded in Unknown on line 0
PHP Warning:  Module 'Phar' already loaded in Unknown on line 0
>>> HYBRID SYNC STARTED: 2026-09-10 to 2026-09-11 <<<
>>> USING POSTGRESQL FINAL LOGIN CALCULATION FOR CSR/AGENT <<<
Fetching from Main... Found 529 records.
Fetching from Amazon... Found 124 records.

>>> SYNC RESULTS <<<
Total records synced: 461
Fixed/Updated records: 0

WARNING: 179 CSR records still have work > 8 hours.

>>> Sync Complete <<<
PHP Warning:  PHP Startup: Unable to load dynamic library 'fileinfo.so' (tried: /usr/lib64/php7/extensions/fileinfo.so (/usr/lib64/php7/extensions/fileinfo.so: cannot open shared object file: No such file or directory), /usr/lib64/php7/extensions/fileinfo.so.so (/usr/lib64/php7/extensions/fileinfo.so.so: cannot open shared object file: No such file or directory)) in Unknown on line 0
PHP Warning:  Module 'pdo_pgsql' already loaded in Unknown on line 0
PHP Warning:  Module 'pgsql' already loaded in Unknown on line 0
PHP Warning:  Module 'Phar' already loaded in Unknown on line 0
>>> HYBRID SYNC STARTED: 2026-09-10 to 2026-09-11 <<<
>>> USING POSTGRESQL FINAL LOGIN CALCULATION FOR CSR/AGENT <<<
Fetching from Main... Found 599 records.
Fetching from Amazon... Found 126 records.

>>> SYNC RESULTS <<<
Total records synced: 483
Fixed/Updated records: 0

WARNING: 179 CSR records still have work > 8 hours.

>>> Sync Complete <<<
PHP Warning:  PHP Startup: Unable to load dynamic library 'fileinfo.so' (tried: /usr/lib64/php7/extensions/fileinfo.so (/usr/lib64/php7/extensions/fileinfo.so: cannot open shared object file: No such file or directory), /usr/lib64/php7/extensions/fileinfo.so.so (/usr/lib64/php7/extensions/fileinfo.so.so: cannot open shared object file: No such file or directory)) in Unknown on line 0
PHP Warning:  Module 'pdo_pgsql' already loaded in Unknown on line 0
PHP Warning:  Module 'pgsql' already loaded in Unknown on line 0
PHP Warning:  Module 'Phar' already loaded in Unknown on line 0
>>> HYBRID SYNC STARTED: 2026-09-10 to 2026-09-11 <<<
>>> USING POSTGRESQL FINAL LOGIN CALCULATION FOR CSR/AGENT <<<
Fetching from Main... Found 916 records.
Fetching from Amazon... Found 218 records.

>>> SYNC RESULTS <<<
Total records synced: 758
Fixed/Updated records: 0

WARNING: 179 CSR records still have work > 8 hours.

>>> Sync Complete <<<
PHP Warning:  PHP Startup: Unable to load dynamic library 'fileinfo.so' (tried: /usr/lib64/php7/extensions/fileinfo.so (/usr/lib64/php7/extensions/fileinfo.so: cannot open shared object file: No such file or directory), /usr/lib64/php7/extensions/fileinfo.so.so (/usr/lib64/php7/extensions/fileinfo.so.so: cannot open shared object file: No such file or directory)) in Unknown on line 0
PHP Warning:  Module 'pdo_pgsql' already loaded in Unknown on line 0
PHP Warning:  Module 'pgsql' already loaded in Unknown on line 0
PHP Warning:  Module 'Phar' already loaded in Unknown on line 0
>>> HYBRID SYNC STARTED: 2026-09-10 to 2026-09-11 <<<
>>> USING POSTGRESQL FINAL LOGIN CALCULATION FOR CSR/AGENT <<<
Fetching from Main... Found 945 records.
Fetching from Amazon... Found 227 records.

>>> SYNC RESULTS <<<
Total records synced: 836
Fixed/Updated records: 0

WARNING: 179 CSR records still have work > 8 hours.

>>> Sync Complete <<<
PHP Warning:  PHP Startup: Unable to load dynamic library 'fileinfo.so' (tried: /usr/lib64/php7/extensions/fileinfo.so (/usr/lib64/php7/extensions/fileinfo.so: cannot open shared object file: No such file or directory), /usr/lib64/php7/extensions/fileinfo.so.so (/usr/lib64/php7/extensions/fileinfo.so.so: cannot open shared object file: No such file or directory)) in Unknown on line 0
PHP Warning:  Module 'pdo_pgsql' already loaded in Unknown on line 0
PHP Warning:  Module 'pgsql' already loaded in Unknown on line 0
PHP Warning:  Module 'Phar' already loaded in Unknown on line 0
>>> HYBRID SYNC STARTED: 2026-09-10 to 2026-09-11 <<<
>>> USING POSTGRESQL FINAL LOGIN CALCULATION FOR CSR/AGENT <<<
Fetching from Main... Found 965 records.
Fetching from Amazon... Found 230 records.

>>> SYNC RESULTS <<<
Total records synced: 842
Fixed/Updated records: 0

WARNING: 179 CSR records still have work > 8 hours.

>>> Sync Complete <<<
PHP Warning:  PHP Startup: Unable to load dynamic library 'fileinfo.so' (tried: /usr/lib64/php7/extensions/fileinfo.so (/usr/lib64/php7/extensions/fileinfo.so: cannot open shared object file: No such file or directory), /usr/lib64/php7/extensions/fileinfo.so.so (/usr/lib64/php7/extensions/fileinfo.so.so: cannot open shared object file: No such file or directory)) in Unknown on line 0
PHP Warning:  Module 'pdo_pgsql' already loaded in Unknown on line 0
PHP Warning:  Module 'pgsql' already loaded in Unknown on line 0
PHP Warning:  Module 'Phar' already loaded in Unknown on line 0
>>> HYBRID SYNC STARTED: 2026-09-10 to 2026-09-11 <<<
>>> USING POSTGRESQL FINAL LOGIN CALCULATION FOR CSR/AGENT <<<
Fetching from Main... Found 973 records.
Fetching from Amazon... Found 232 records.

>>> SYNC RESULTS <<<
Total records synced: 845
Fixed/Updated records: 0

WARNING: 179 CSR records still have work > 8 hours.

>>> Sync Complete <<<
PHP Warning:  PHP Startup: Unable to load dynamic library 'fileinfo.so' (tried: /usr/lib64/php7/extensions/fileinfo.so (/usr/lib64/php7/extensions/fileinfo.so: cannot open shared object file: No such file or directory), /usr/lib64/php7/extensions/fileinfo.so.so (/usr/lib64/php7/extensions/fileinfo.so.so: cannot open shared object file: No such file or directory)) in Unknown on line 0
PHP Warning:  Module 'pdo_pgsql' already loaded in Unknown on line 0
PHP Warning:  Module 'pgsql' already loaded in Unknown on line 0
PHP Warning:  Module 'Phar' already loaded in Unknown on line 0
>>> HYBRID SYNC STARTED: 2026-09-10 to 2026-09-11 <<<
>>> USING POSTGRESQL FINAL LOGIN CALCULATION FOR CSR/AGENT <<<
Fetching from Main... Found 976 records.
Fetching from Amazon... Found 233 records.

>>> SYNC RESULTS <<<
Total records synced: 846
Fixed/Updated records: 0

WARNING: 179 CSR records still have work > 8 hours.

>>> Sync Complete <<<
PHP Warning:  PHP Startup: Unable to load dynamic library 'fileinfo.so' (tried: /usr/lib64/php7/extensions/fileinfo.so (/usr/lib64/php7/extensions/fileinfo.so: cannot open shared object file: No such file or directory), /usr/lib64/php7/extensions/fileinfo.so.so (/usr/lib64/php7/extensions/fileinfo.so.so: cannot open shared object file: No such file or directory)) in Unknown on line 0
PHP Warning:  Module 'pdo_pgsql' already loaded in Unknown on line 0
PHP Warning:  Module 'pgsql' already loaded in Unknown on line 0
PHP Warning:  Module 'Phar' already loaded in Unknown on line 0
>>> HYBRID SYNC STARTED: 2026-09-10 to 2026-09-11 <<<
>>> USING POSTGRESQL FINAL LOGIN CALCULATION FOR CSR/AGENT <<<
Fetching from Main... Found 981 records.
Fetching from Amazon... Found 234 records.

>>> SYNC RESULTS <<<
Total records synced: 846
Fixed/Updated records: 0

WARNING: 179 CSR records still have work > 8 hours.

>>> Sync Complete <<<
PHP Warning:  PHP Startup: Unable to load dynamic library 'fileinfo.so' (tried: /usr/lib64/php7/extensions/fileinfo.so (/usr/lib64/php7/extensions/fileinfo.so: cannot open shared object file: No such file or directory), /usr/lib64/php7/extensions/fileinfo.so.so (/usr/lib64/php7/extensions/fileinfo.so.so: cannot open shared object file: No such file or directory)) in Unknown on line 0
PHP Warning:  Module 'pdo_pgsql' already loaded in Unknown on line 0
PHP Warning:  Module 'pgsql' already loaded in Unknown on line 0
PHP Warning:  Module 'Phar' already loaded in Unknown on line 0
>>> HYBRID SYNC STARTED: 2026-09-10 to 2026-09-11 <<<
>>> USING POSTGRESQL FINAL LOGIN CALCULATION FOR CSR/AGENT <<<
Fetching from Main... Found 997 records.
Fetching from Amazon... Found 239 records.

>>> SYNC RESULTS <<<
Total records synced: 851
Fixed/Updated records: 0

WARNING: 179 CSR records still have work > 8 hours.

>>> Sync Complete <<<
PHP Warning:  PHP Startup: Unable to load dynamic library 'fileinfo.so' (tried: /usr/lib64/php7/extensions/fileinfo.so (/usr/lib64/php7/extensions/fileinfo.so: cannot open shared object file: No such file or directory), /usr/lib64/php7/extensions/fileinfo.so.so (/usr/lib64/php7/extensions/fileinfo.so.so: cannot open shared object file: No such file or directory)) in Unknown on line 0
PHP Warning:  Module 'pdo_pgsql' already loaded in Unknown on line 0
PHP Warning:  Module 'pgsql' already loaded in Unknown on line 0
PHP Warning:  Module 'Phar' already loaded in Unknown on line 0
>>> HYBRID SYNC STARTED: 2026-09-10 to 2026-09-11 <<<
>>> USING POSTGRESQL FINAL LOGIN CALCULATION FOR CSR/AGENT <<<
Fetching from Main... Found 1001 records.
Fetching from Amazon... Found 240 records.

>>> SYNC RESULTS <<<
Total records synced: 854
Fixed/Updated records: 0

WARNING: 179 CSR records still have work > 8 hours.

>>> Sync Complete <<<
PHP Warning:  PHP Startup: Unable to load dynamic library 'fileinfo.so' (tried: /usr/lib64/php7/extensions/fileinfo.so (/usr/lib64/php7/extensions/fileinfo.so: cannot open shared object file: No such file or directory), /usr/lib64/php7/extensions/fileinfo.so.so (/usr/lib64/php7/extensions/fileinfo.so.so: cannot open shared object file: No such file or directory)) in Unknown on line 0
PHP Warning:  Module 'pdo_pgsql' already loaded in Unknown on line 0
PHP Warning:  Module 'pgsql' already loaded in Unknown on line 0
PHP Warning:  Module 'Phar' already loaded in Unknown on line 0
>>> HYBRID SYNC STARTED: 2026-09-10 to 2026-09-11 <<<
>>> USING POSTGRESQL FINAL LOGIN CALCULATION FOR CSR/AGENT <<<
Fetching from Main... Found 1001 records.
Fetching from Amazon... Found 241 records.

>>> SYNC RESULTS <<<
Total records synced: 854
Fixed/Updated records: 0

WARNING: 179 CSR records still have work > 8 hours.

>>> Sync Complete <<<
PHP Warning:  PHP Startup: Unable to load dynamic library 'fileinfo.so' (tried: /usr/lib64/php7/extensions/fileinfo.so (/usr/lib64/php7/extensions/fileinfo.so: cannot open shared object file: No such file or directory), /usr/lib64/php7/extensions/fileinfo.so.so (/usr/lib64/php7/extensions/fileinfo.so.so: cannot open shared object file: No such file or directory)) in Unknown on line 0
PHP Warning:  Module 'pdo_pgsql' already loaded in Unknown on line 0
PHP Warning:  Module 'pgsql' already loaded in Unknown on line 0
PHP Warning:  Module 'Phar' already loaded in Unknown on line 0
>>> HYBRID SYNC STARTED: 2026-09-10 to 2026-09-11 <<<
>>> USING POSTGRESQL FINAL LOGIN CALCULATION FOR CSR/AGENT <<<
Fetching from Main... Found 1002 records.
Fetching from Amazon... Found 241 records.

>>> SYNC RESULTS <<<
Total records synced: 854
Fixed/Updated records: 0

WARNING: 179 CSR records still have work > 8 hours.

>>> Sync Complete <<<
PHP Warning:  PHP Startup: Unable to load dynamic library 'fileinfo.so' (tried: /usr/lib64/php7/extensions/fileinfo.so (/usr/lib64/php7/extensions/fileinfo.so: cannot open shared object file: No such file or directory), /usr/lib64/php7/extensions/fileinfo.so.so (/usr/lib64/php7/extensions/fileinfo.so.so: cannot open shared object file: No such file or directory)) in Unknown on line 0
PHP Warning:  Module 'pdo_pgsql' already loaded in Unknown on line 0
PHP Warning:  Module 'pgsql' already loaded in Unknown on line 0
PHP Warning:  Module 'Phar' already loaded in Unknown on line 0
>>> HYBRID SYNC STARTED: 2026-09-10 to 2026-09-11 <<<
>>> USING POSTGRESQL FINAL LOGIN CALCULATION FOR CSR/AGENT <<<
Fetching from Main... Found 1002 records.
Fetching from Amazon... Found 241 records.

>>> SYNC RESULTS <<<
Total records synced: 854
Fixed/Updated records: 0

WARNING: 179 CSR records still have work > 8 hours.

>>> Sync Complete <<<
PHP Warning:  PHP Startup: Unable to load dynamic library 'fileinfo.so' (tried: /usr/lib64/php7/extensions/fileinfo.so (/usr/lib64/php7/extensions/fileinfo.so: cannot open shared object file: No such file or directory), /usr/lib64/php7/extensions/fileinfo.so.so (/usr/lib64/php7/extensions/fileinfo.so.so: cannot open shared object file: No such file or directory)) in Unknown on line 0
PHP Warning:  Module 'pdo_pgsql' already loaded in Unknown on line 0
PHP Warning:  Module 'pgsql' already loaded in Unknown on line 0
PHP Warning:  Module 'Phar' already loaded in Unknown on line 0
>>> HYBRID SYNC STARTED: 2026-09-10 to 2026-09-11 <<<
>>> USING POSTGRESQL FINAL LOGIN CALCULATION FOR CSR/AGENT <<<
Fetching from Main... Found 1002 records.
Fetching from Amazon... Found 241 records.

>>> SYNC RESULTS <<<
Total records synced: 854
Fixed/Updated records: 0

WARNING: 179 CSR records still have work > 8 hours.

>>> Sync Complete <<<
PHP Warning:  PHP Startup: Unable to load dynamic library 'fileinfo.so' (tried: /usr/lib64/php7/extensions/fileinfo.so (/usr/lib64/php7/extensions/fileinfo.so: cannot open shared object file: No such file or directory), /usr/lib64/php7/extensions/fileinfo.so.so (/usr/lib64/php7/extensions/fileinfo.so.so: cannot open shared object file: No such file or directory)) in Unknown on line 0
PHP Warning:  Module 'pdo_pgsql' already loaded in Unknown on line 0
PHP Warning:  Module 'pgsql' already loaded in Unknown on line 0
PHP Warning:  Module 'Phar' already loaded in Unknown on line 0
>>> HYBRID SYNC STARTED: 2026-09-10 to 2026-09-11 <<<
>>> USING POSTGRESQL FINAL LOGIN CALCULATION FOR CSR/AGENT <<<
Fetching from Main... Found 1002 records.
Fetching from Amazon... Found 241 records.

>>> SYNC RESULTS <<<
Total records synced: 854
Fixed/Updated records: 0

WARNING: 179 CSR records still have work > 8 hours.

>>> Sync Complete <<<
PHP Warning:  PHP Startup: Unable to load dynamic library 'fileinfo.so' (tried: /usr/lib64/php7/extensions/fileinfo.so (/usr/lib64/php7/extensions/fileinfo.so: cannot open shared object file: No such file or directory), /usr/lib64/php7/extensions/fileinfo.so.so (/usr/lib64/php7/extensions/fileinfo.so.so: cannot open shared object file: No such file or directory)) in Unknown on line 0
PHP Warning:  Module 'pdo_pgsql' already loaded in Unknown on line 0
PHP Warning:  Module 'pgsql' already loaded in Unknown on line 0
PHP Warning:  Module 'Phar' already loaded in Unknown on line 0
>>> HYBRID SYNC STARTED: 2026-09-10 to 2026-09-11 <<<
>>> USING POSTGRESQL FINAL LOGIN CALCULATION FOR CSR/AGENT <<<
Fetching from Main... Found 1003 records.
Fetching from Amazon... Found 241 records.

>>> SYNC RESULTS <<<
Total records synced: 854
Fixed/Updated records: 0

WARNING: 179 CSR records still have work > 8 hours.

>>> Sync Complete <<<
PHP Warning:  PHP Startup: Unable to load dynamic library 'fileinfo.so' (tried: /usr/lib64/php7/extensions/fileinfo.so (/usr/lib64/php7/extensions/fileinfo.so: cannot open shared object file: No such file or directory), /usr/lib64/php7/extensions/fileinfo.so.so (/usr/lib64/php7/extensions/fileinfo.so.so: cannot open shared object file: No such file or directory)) in Unknown on line 0
PHP Warning:  Module 'pdo_pgsql' already loaded in Unknown on line 0
PHP Warning:  Module 'pgsql' already loaded in Unknown on line 0
PHP Warning:  Module 'Phar' already loaded in Unknown on line 0
>>> HYBRID SYNC STARTED: 2026-09-10 to 2026-09-11 <<<
>>> USING POSTGRESQL FINAL LOGIN CALCULATION FOR CSR/AGENT <<<
Fetching from Main... Found 1005 records.
Fetching from Amazon... Found 241 records.

>>> SYNC RESULTS <<<
Total records synced: 854
Fixed/Updated records: 0

WARNING: 179 CSR records still have work > 8 hours.

>>> Sync Complete <<<
PHP Warning:  PHP Startup: Unable to load dynamic library 'fileinfo.so' (tried: /usr/lib64/php7/extensions/fileinfo.so (/usr/lib64/php7/extensions/fileinfo.so: cannot open shared object file: No such file or directory), /usr/lib64/php7/extensions/fileinfo.so.so (/usr/lib64/php7/extensions/fileinfo.so.so: cannot open shared object file: No such file or directory)) in Unknown on line 0
PHP Warning:  Module 'pdo_pgsql' already loaded in Unknown on line 0
PHP Warning:  Module 'pgsql' already loaded in Unknown on line 0
PHP Warning:  Module 'Phar' already loaded in Unknown on line 0
>>> HYBRID SYNC STARTED: 2026-09-10 to 2026-09-11 <<<
>>> USING POSTGRESQL FINAL LOGIN CALCULATION FOR CSR/AGENT <<<
Fetching from Main... Found 1005 records.
Fetching from Amazon... Found 241 records.

>>> SYNC RESULTS <<<
Total records synced: 854
Fixed/Updated records: 0

WARNING: 179 CSR records still have work > 8 hours.

>>> Sync Complete <<<
PHP Warning:  PHP Startup: Unable to load dynamic library 'fileinfo.so' (tried: /usr/lib64/php7/extensions/fileinfo.so (/usr/lib64/php7/extensions/fileinfo.so: cannot open shared object file: No such file or directory), /usr/lib64/php7/extensions/fileinfo.so.so (/usr/lib64/php7/extensions/fileinfo.so.so: cannot open shared object file: No such file or directory)) in Unknown on line 0
PHP Warning:  Module 'pdo_pgsql' already loaded in Unknown on line 0
PHP Warning:  Module 'pgsql' already loaded in Unknown on line 0
PHP Warning:  Module 'Phar' already loaded in Unknown on line 0
>>> HYBRID SYNC STARTED: 2026-09-10 to 2026-09-11 <<<
>>> USING POSTGRESQL FINAL LOGIN CALCULATION FOR CSR/AGENT <<<
Fetching from Main... Found 1005 records.
Fetching from Amazon... Found 241 records.

>>> SYNC RESULTS <<<
Total records synced: 854
Fixed/Updated records: 0

WARNING: 179 CSR records still have work > 8 hours.

>>> Sync Complete <<<
PHP Warning:  PHP Startup: Unable to load dynamic library 'fileinfo.so' (tried: /usr/lib64/php7/extensions/fileinfo.so (/usr/lib64/php7/extensions/fileinfo.so: cannot open shared object file: No such file or directory), /usr/lib64/php7/extensions/fileinfo.so.so (/usr/lib64/php7/extensions/fileinfo.so.so: cannot open shared object file: No such file or directory)) in Unknown on line 0
PHP Warning:  Module 'pdo_pgsql' already loaded in Unknown on line 0
PHP Warning:  Module 'pgsql' already loaded in Unknown on line 0
PHP Warning:  Module 'Phar' already loaded in Unknown on line 0
>>> HYBRID SYNC STARTED: 2026-09-10 to 2026-09-11 <<<
>>> USING POSTGRESQL FINAL LOGIN CALCULATION FOR CSR/AGENT <<<
Fetching from Main... Found 1006 records.
Fetching from Amazon... Found 241 records.

>>> SYNC RESULTS <<<
Total records synced: 854
Fixed/Updated records: 0

WARNING: 184 CSR records still have work > 8 hours.

>>> Sync Complete <<<
PHP Warning:  PHP Startup: Unable to load dynamic library 'fileinfo.so' (tried: /usr/lib64/php7/extensions/fileinfo.so (/usr/lib64/php7/extensions/fileinfo.so: cannot open shared object file: No such file or directory), /usr/lib64/php7/extensions/fileinfo.so.so (/usr/lib64/php7/extensions/fileinfo.so.so: cannot open shared object file: No such file or directory)) in Unknown on line 0
PHP Warning:  Module 'pdo_pgsql' already loaded in Unknown on line 0
PHP Warning:  Module 'pgsql' already loaded in Unknown on line 0
PHP Warning:  Module 'Phar' already loaded in Unknown on line 0
>>> HYBRID SYNC STARTED: 2026-09-10 to 2026-09-11 <<<
>>> USING POSTGRESQL FINAL LOGIN CALCULATION FOR CSR/AGENT <<<
Fetching from Main... Found 1007 records.
Fetching from Amazon... Found 241 records.

>>> SYNC RESULTS <<<
Total records synced: 854
Fixed/Updated records: 0

WARNING: 203 CSR records still have work > 8 hours.

>>> Sync Complete <<<
PHP Warning:  PHP Startup: Unable to load dynamic library 'fileinfo.so' (tried: /usr/lib64/php7/extensions/fileinfo.so (/usr/lib64/php7/extensions/fileinfo.so: cannot open shared object file: No such file or directory), /usr/lib64/php7/extensions/fileinfo.so.so (/usr/lib64/php7/extensions/fileinfo.so.so: cannot open shared object file: No such file or directory)) in Unknown on line 0
PHP Warning:  Module 'pdo_pgsql' already loaded in Unknown on line 0
PHP Warning:  Module 'pgsql' already loaded in Unknown on line 0
PHP Warning:  Module 'Phar' already loaded in Unknown on line 0
>>> HYBRID SYNC STARTED: 2026-09-10 to 2026-09-11 <<<
>>> USING POSTGRESQL FINAL LOGIN CALCULATION FOR CSR/AGENT <<<
Fetching from Main... Found 1007 records.
Fetching from Amazon... Found 241 records.

>>> SYNC RESULTS <<<
Total records synced: 854
Fixed/Updated records: 0

WARNING: 332 CSR records still have work > 8 hours.

>>> Sync Complete <<<
PHP Warning:  PHP Startup: Unable to load dynamic library 'fileinfo.so' (tried: /usr/lib64/php7/extensions/fileinfo.so (/usr/lib64/php7/extensions/fileinfo.so: cannot open shared object file: No such file or directory), /usr/lib64/php7/extensions/fileinfo.so.so (/usr/lib64/php7/extensions/fileinfo.so.so: cannot open shared object file: No such file or directory)) in Unknown on line 0
PHP Warning:  Module 'pdo_pgsql' already loaded in Unknown on line 0
PHP Warning:  Module 'pgsql' already loaded in Unknown on line 0
PHP Warning:  Module 'Phar' already loaded in Unknown on line 0
>>> HYBRID SYNC STARTED: 2026-09-10 to 2026-09-11 <<<
>>> USING POSTGRESQL FINAL LOGIN CALCULATION FOR CSR/AGENT <<<
Fetching from Main... Found 1007 records.
Fetching from Amazon... Found 241 records.

>>> SYNC RESULTS <<<
Total records synced: 854
Fixed/Updated records: 0

WARNING: 352 CSR records still have work > 8 hours.

>>> Sync Complete <<<
PHP Warning:  PHP Startup: Unable to load dynamic library 'fileinfo.so' (tried: /usr/lib64/php7/extensions/fileinfo.so (/usr/lib64/php7/extensions/fileinfo.so: cannot open shared object file: No such file or directory), /usr/lib64/php7/extensions/fileinfo.so.so (/usr/lib64/php7/extensions/fileinfo.so.so: cannot open shared object file: No such file or directory)) in Unknown on line 0
PHP Warning:  Module 'pdo_pgsql' already loaded in Unknown on line 0
PHP Warning:  Module 'pgsql' already loaded in Unknown on line 0
PHP Warning:  Module 'Phar' already loaded in Unknown on line 0
>>> HYBRID SYNC STARTED: 2026-09-10 to 2026-09-11 <<<
>>> USING POSTGRESQL FINAL LOGIN CALCULATION FOR CSR/AGENT <<<
Fetching from Main... Found 1007 records.
Fetching from Amazon... Found 241 records.

>>> SYNC RESULTS <<<
Total records synced: 854
Fixed/Updated records: 0

WARNING: 352 CSR records still have work > 8 hours.

>>> Sync Complete <<<
PHP Warning:  PHP Startup: Unable to load dynamic library 'fileinfo.so' (tried: /usr/lib64/php7/extensions/fileinfo.so (/usr/lib64/php7/extensions/fileinfo.so: cannot open shared object file: No such file or directory), /usr/lib64/php7/extensions/fileinfo.so.so (/usr/lib64/php7/extensions/fileinfo.so.so: cannot open shared object file: No such file or directory)) in Unknown on line 0
PHP Warning:  Module 'pdo_pgsql' already loaded in Unknown on line 0
PHP Warning:  Module 'pgsql' already loaded in Unknown on line 0
PHP Warning:  Module 'Phar' already loaded in Unknown on line 0
>>> HYBRID SYNC STARTED: 2026-09-10 to 2026-09-11 <<<
>>> USING POSTGRESQL FINAL LOGIN CALCULATION FOR CSR/AGENT <<<
Fetching from Main... Found 1007 records.
Fetching from Amazon... Found 241 records.

>>> SYNC RESULTS <<<
Total records synced: 854
Fixed/Updated records: 0

WARNING: 352 CSR records still have work > 8 hours.

>>> Sync Complete <<<
PHP Warning:  PHP Startup: Unable to load dynamic library 'fileinfo.so' (tried: /usr/lib64/php7/extensions/fileinfo.so (/usr/lib64/php7/extensions/fileinfo.so: cannot open shared object file: No such file or directory), /usr/lib64/php7/extensions/fileinfo.so.so (/usr/lib64/php7/extensions/fileinfo.so.so: cannot open shared object file: No such file or directory)) in Unknown on line 0
PHP Warning:  Module 'pdo_pgsql' already loaded in Unknown on line 0
PHP Warning:  Module 'pgsql' already loaded in Unknown on line 0
PHP Warning:  Module 'Phar' already loaded in Unknown on line 0
>>> HYBRID SYNC STARTED: 2026-09-10 to 2026-09-11 <<<
>>> USING POSTGRESQL FINAL LOGIN CALCULATION FOR CSR/AGENT <<<
Fetching from Main... Found 1007 records.
Fetching from Amazon... Found 241 records.

>>> SYNC RESULTS <<<
Total records synced: 854
Fixed/Updated records: 0

WARNING: 352 CSR records still have work > 8 hours.

>>> Sync Complete <<<
PHP Warning:  PHP Startup: Unable to load dynamic library 'fileinfo.so' (tried: /usr/lib64/php7/extensions/fileinfo.so (/usr/lib64/php7/extensions/fileinfo.so: cannot open shared object file: No such file or directory), /usr/lib64/php7/extensions/fileinfo.so.so (/usr/lib64/php7/extensions/fileinfo.so.so: cannot open shared object file: No such file or directory)) in Unknown on line 0
PHP Warning:  Module 'pdo_pgsql' already loaded in Unknown on line 0
PHP Warning:  Module 'pgsql' already loaded in Unknown on line 0
PHP Warning:  Module 'Phar' already loaded in Unknown on line 0
>>> HYBRID SYNC STARTED: 2026-09-10 to 2026-09-11 <<<
>>> USING POSTGRESQL FINAL LOGIN CALCULATION FOR CSR/AGENT <<<
Fetching from Main... Found 1007 records.
Fetching from Amazon... Found 241 records.

>>> SYNC RESULTS <<<
Total records synced: 854
Fixed/Updated records: 0

WARNING: 352 CSR records still have work > 8 hours.

>>> Sync Complete <<<
PHP Warning:  PHP Startup: Unable to load dynamic library 'fileinfo.so' (tried: /usr/lib64/php7/extensions/fileinfo.so (/usr/lib64/php7/extensions/fileinfo.so: cannot open shared object file: No such file or directory), /usr/lib64/php7/extensions/fileinfo.so.so (/usr/lib64/php7/extensions/fileinfo.so.so: cannot open shared object file: No such file or directory)) in Unknown on line 0
PHP Warning:  Module 'pdo_pgsql' already loaded in Unknown on line 0
PHP Warning:  Module 'pgsql' already loaded in Unknown on line 0
PHP Warning:  Module 'Phar' already loaded in Unknown on line 0
>>> HYBRID SYNC STARTED: 2026-09-10 to 2026-09-11 <<<
>>> USING POSTGRESQL FINAL LOGIN CALCULATION FOR CSR/AGENT <<<
Fetching from Main... Found 1007 records.
Fetching from Amazon... Found 241 records.

>>> SYNC RESULTS <<<
Total records synced: 854
Fixed/Updated records: 0

WARNING: 352 CSR records still have work > 8 hours.

>>> Sync Complete <<<
PHP Warning:  PHP Startup: Unable to load dynamic library 'fileinfo.so' (tried: /usr/lib64/php7/extensions/fileinfo.so (/usr/lib64/php7/extensions/fileinfo.so: cannot open shared object file: No such file or directory), /usr/lib64/php7/extensions/fileinfo.so.so (/usr/lib64/php7/extensions/fileinfo.so.so: cannot open shared object file: No such file or directory)) in Unknown on line 0
PHP Warning:  Module 'pdo_pgsql' already loaded in Unknown on line 0
PHP Warning:  Module 'pgsql' already loaded in Unknown on line 0
PHP Warning:  Module 'Phar' already loaded in Unknown on line 0
>>> HYBRID SYNC STARTED: 2026-09-10 to 2026-09-11 <<<
>>> USING POSTGRESQL FINAL LOGIN CALCULATION FOR CSR/AGENT <<<
Fetching from Main... Found 1007 records.
Fetching from Amazon... Found 241 records.

>>> SYNC RESULTS <<<
Total records synced: 854
Fixed/Updated records: 0

WARNING: 352 CSR records still have work > 8 hours.

>>> Sync Complete <<<
PHP Warning:  PHP Startup: Unable to load dynamic library 'fileinfo.so' (tried: /usr/lib64/php7/extensions/fileinfo.so (/usr/lib64/php7/extensions/fileinfo.so: cannot open shared object file: No such file or directory), /usr/lib64/php7/extensions/fileinfo.so.so (/usr/lib64/php7/extensions/fileinfo.so.so: cannot open shared object file: No such file or directory)) in Unknown on line 0
PHP Warning:  Module 'pdo_pgsql' already loaded in Unknown on line 0
PHP Warning:  Module 'pgsql' already loaded in Unknown on line 0
PHP Warning:  Module 'Phar' already loaded in Unknown on line 0
>>> HYBRID SYNC STARTED: 2026-09-10 to 2026-09-11 <<<
>>> USING POSTGRESQL FINAL LOGIN CALCULATION FOR CSR/AGENT <<<
Fetching from Main... Found 1007 records.
Fetching from Amazon... Found 241 records.

>>> SYNC RESULTS <<<
Total records synced: 854
Fixed/Updated records: 0

WARNING: 352 CSR records still have work > 8 hours.

>>> Sync Complete <<<
PHP Warning:  PHP Startup: Unable to load dynamic library 'fileinfo.so' (tried: /usr/lib64/php7/extensions/fileinfo.so (/usr/lib64/php7/extensions/fileinfo.so: cannot open shared object file: No such file or directory), /usr/lib64/php7/extensions/fileinfo.so.so (/usr/lib64/php7/extensions/fileinfo.so.so: cannot open shared object file: No such file or directory)) in Unknown on line 0
PHP Warning:  Module 'pdo_pgsql' already loaded in Unknown on line 0
PHP Warning:  Module 'pgsql' already loaded in Unknown on line 0
PHP Warning:  Module 'Phar' already loaded in Unknown on line 0
>>> HYBRID SYNC STARTED: 2026-09-11 to 2026-09-12 <<<
>>> USING POSTGRESQL FINAL LOGIN CALCULATION FOR CSR/AGENT <<<
Fetching from Main... Found 490 records.
Fetching from Amazon... Found 120 records.

>>> SYNC RESULTS <<<
Total records synced: 403
Fixed/Updated records: 0

WARNING: 173 CSR records still have work > 8 hours.

>>> Sync Complete <<<
PHP Warning:  PHP Startup: Unable to load dynamic library 'fileinfo.so' (tried: /usr/lib64/php7/extensions/fileinfo.so (/usr/lib64/php7/extensions/fileinfo.so: cannot open shared object file: No such file or directory), /usr/lib64/php7/extensions/fileinfo.so.so (/usr/lib64/php7/extensions/fileinfo.so.so: cannot open shared object file: No such file or directory)) in Unknown on line 0
PHP Warning:  Module 'pdo_pgsql' already loaded in Unknown on line 0
PHP Warning:  Module 'pgsql' already loaded in Unknown on line 0
PHP Warning:  Module 'Phar' already loaded in Unknown on line 0
>>> HYBRID SYNC STARTED: 2026-09-11 to 2026-09-12 <<<
>>> USING POSTGRESQL FINAL LOGIN CALCULATION FOR CSR/AGENT <<<
Fetching from Main... Found 499 records.
Fetching from Amazon... Found 121 records.

>>> SYNC RESULTS <<<
Total records synced: 408
Fixed/Updated records: 0

WARNING: 173 CSR records still have work > 8 hours.

>>> Sync Complete <<<
PHP Warning:  PHP Startup: Unable to load dynamic library 'fileinfo.so' (tried: /usr/lib64/php7/extensions/fileinfo.so (/usr/lib64/php7/extensions/fileinfo.so: cannot open shared object file: No such file or directory), /usr/lib64/php7/extensions/fileinfo.so.so (/usr/lib64/php7/extensions/fileinfo.so.so: cannot open shared object file: No such file or directory)) in Unknown on line 0
PHP Warning:  Module 'pdo_pgsql' already loaded in Unknown on line 0
PHP Warning:  Module 'pgsql' already loaded in Unknown on line 0
PHP Warning:  Module 'Phar' already loaded in Unknown on line 0
>>> HYBRID SYNC STARTED: 2026-09-11 to 2026-09-12 <<<
>>> USING POSTGRESQL FINAL LOGIN CALCULATION FOR CSR/AGENT <<<
Fetching from Main... Found 499 records.
Fetching from Amazon... Found 121 records.

>>> SYNC RESULTS <<<
Total records synced: 408
Fixed/Updated records: 0

WARNING: 173 CSR records still have work > 8 hours.

>>> Sync Complete <<<
PHP Warning:  PHP Startup: Unable to load dynamic library 'fileinfo.so' (tried: /usr/lib64/php7/extensions/fileinfo.so (/usr/lib64/php7/extensions/fileinfo.so: cannot open shared object file: No such file or directory), /usr/lib64/php7/extensions/fileinfo.so.so (/usr/lib64/php7/extensions/fileinfo.so.so: cannot open shared object file: No such file or directory)) in Unknown on line 0
PHP Warning:  Module 'pdo_pgsql' already loaded in Unknown on line 0
PHP Warning:  Module 'pgsql' already loaded in Unknown on line 0
PHP Warning:  Module 'Phar' already loaded in Unknown on line 0
>>> HYBRID SYNC STARTED: 2026-09-11 to 2026-09-12 <<<
>>> USING POSTGRESQL FINAL LOGIN CALCULATION FOR CSR/AGENT <<<
Fetching from Main... Found 499 records.
Fetching from Amazon... Found 121 records.

>>> SYNC RESULTS <<<
Total records synced: 408
Fixed/Updated records: 0

WARNING: 173 CSR records still have work > 8 hours.

>>> Sync Complete <<<
PHP Warning:  PHP Startup: Unable to load dynamic library 'fileinfo.so' (tried: /usr/lib64/php7/extensions/fileinfo.so (/usr/lib64/php7/extensions/fileinfo.so: cannot open shared object file: No such file or directory), /usr/lib64/php7/extensions/fileinfo.so.so (/usr/lib64/php7/extensions/fileinfo.so.so: cannot open shared object file: No such file or directory)) in Unknown on line 0
PHP Warning:  Module 'pdo_pgsql' already loaded in Unknown on line 0
PHP Warning:  Module 'pgsql' already loaded in Unknown on line 0
PHP Warning:  Module 'Phar' already loaded in Unknown on line 0
>>> HYBRID SYNC STARTED: 2026-09-11 to 2026-09-12 <<<
>>> USING POSTGRESQL FINAL LOGIN CALCULATION FOR CSR/AGENT <<<
Fetching from Main... Found 499 records.
Fetching from Amazon... Found 121 records.

>>> SYNC RESULTS <<<
Total records synced: 408
Fixed/Updated records: 0

WARNING: 173 CSR records still have work > 8 hours.

>>> Sync Complete <<<
PHP Warning:  PHP Startup: Unable to load dynamic library 'fileinfo.so' (tried: /usr/lib64/php7/extensions/fileinfo.so (/usr/lib64/php7/extensions/fileinfo.so: cannot open shared object file: No such file or directory), /usr/lib64/php7/extensions/fileinfo.so.so (/usr/lib64/php7/extensions/fileinfo.so.so: cannot open shared object file: No such file or directory)) in Unknown on line 0
PHP Warning:  Module 'pdo_pgsql' already loaded in Unknown on line 0
PHP Warning:  Module 'pgsql' already loaded in Unknown on line 0
PHP Warning:  Module 'Phar' already loaded in Unknown on line 0
>>> HYBRID SYNC STARTED: 2026-09-11 to 2026-09-12 <<<
>>> USING POSTGRESQL FINAL LOGIN CALCULATION FOR CSR/AGENT <<<
Fetching from Main... Found 499 records.
Fetching from Amazon... Found 121 records.

>>> SYNC RESULTS <<<
Total records synced: 408
Fixed/Updated records: 0

WARNING: 173 CSR records still have work > 8 hours.

>>> Sync Complete <<<
PHP Warning:  PHP Startup: Unable to load dynamic library 'fileinfo.so' (tried: /usr/lib64/php7/extensions/fileinfo.so (/usr/lib64/php7/extensions/fileinfo.so: cannot open shared object file: No such file or directory), /usr/lib64/php7/extensions/fileinfo.so.so (/usr/lib64/php7/extensions/fileinfo.so.so: cannot open shared object file: No such file or directory)) in Unknown on line 0
PHP Warning:  Module 'pdo_pgsql' already loaded in Unknown on line 0
PHP Warning:  Module 'pgsql' already loaded in Unknown on line 0
PHP Warning:  Module 'Phar' already loaded in Unknown on line 0
>>> HYBRID SYNC STARTED: 2026-09-11 to 2026-09-12 <<<
>>> USING POSTGRESQL FINAL LOGIN CALCULATION FOR CSR/AGENT <<<
Fetching from Main... Found 499 records.
Fetching from Amazon... Found 121 records.

>>> SYNC RESULTS <<<
Total records synced: 408
Fixed/Updated records: 0

WARNING: 173 CSR records still have work > 8 hours.

>>> Sync Complete <<<
PHP Warning:  PHP Startup: Unable to load dynamic library 'fileinfo.so' (tried: /usr/lib64/php7/extensions/fileinfo.so (/usr/lib64/php7/extensions/fileinfo.so: cannot open shared object file: No such file or directory), /usr/lib64/php7/extensions/fileinfo.so.so (/usr/lib64/php7/extensions/fileinfo.so.so: cannot open shared object file: No such file or directory)) in Unknown on line 0
PHP Warning:  Module 'pdo_pgsql' already loaded in Unknown on line 0
PHP Warning:  Module 'pgsql' already loaded in Unknown on line 0
PHP Warning:  Module 'Phar' already loaded in Unknown on line 0
>>> HYBRID SYNC STARTED: 2026-09-11 to 2026-09-12 <<<
>>> USING POSTGRESQL FINAL LOGIN CALCULATION FOR CSR/AGENT <<<
Fetching from Main... Found 499 records.
Fetching from Amazon... Found 121 records.

>>> SYNC RESULTS <<<
Total records synced: 408
Fixed/Updated records: 0

WARNING: 173 CSR records still have work > 8 hours.

>>> Sync Complete <<<
PHP Warning:  PHP Startup: Unable to load dynamic library 'fileinfo.so' (tried: /usr/lib64/php7/extensions/fileinfo.so (/usr/lib64/php7/extensions/fileinfo.so: cannot open shared object file: No such file or directory), /usr/lib64/php7/extensions/fileinfo.so.so (/usr/lib64/php7/extensions/fileinfo.so.so: cannot open shared object file: No such file or directory)) in Unknown on line 0
PHP Warning:  Module 'pdo_pgsql' already loaded in Unknown on line 0
PHP Warning:  Module 'pgsql' already loaded in Unknown on line 0
PHP Warning:  Module 'Phar' already loaded in Unknown on line 0
>>> HYBRID SYNC STARTED: 2026-09-11 to 2026-09-12 <<<
>>> USING POSTGRESQL FINAL LOGIN CALCULATION FOR CSR/AGENT <<<
Fetching from Main... Found 499 records.
Fetching from Amazon... Found 121 records.

>>> SYNC RESULTS <<<
Total records synced: 408
Fixed/Updated records: 0

WARNING: 173 CSR records still have work > 8 hours.

>>> Sync Complete <<<
PHP Warning:  PHP Startup: Unable to load dynamic library 'fileinfo.so' (tried: /usr/lib64/php7/extensions/fileinfo.so (/usr/lib64/php7/extensions/fileinfo.so: cannot open shared object file: No such file or directory), /usr/lib64/php7/extensions/fileinfo.so.so (/usr/lib64/php7/extensions/fileinfo.so.so: cannot open shared object file: No such file or directory)) in Unknown on line 0
PHP Warning:  Module 'pdo_pgsql' already loaded in Unknown on line 0
PHP Warning:  Module 'pgsql' already loaded in Unknown on line 0
PHP Warning:  Module 'Phar' already loaded in Unknown on line 0
>>> HYBRID SYNC STARTED: 2026-09-11 to 2026-09-12 <<<
>>> USING POSTGRESQL FINAL LOGIN CALCULATION FOR CSR/AGENT <<<
Fetching from Main... Found 499 records.
Fetching from Amazon... Found 121 records.

>>> SYNC RESULTS <<<
Total records synced: 408
Fixed/Updated records: 0

WARNING: 173 CSR records still have work > 8 hours.

>>> Sync Complete <<<
PHP Warning:  PHP Startup: Unable to load dynamic library 'fileinfo.so' (tried: /usr/lib64/php7/extensions/fileinfo.so (/usr/lib64/php7/extensions/fileinfo.so: cannot open shared object file: No such file or directory), /usr/lib64/php7/extensions/fileinfo.so.so (/usr/lib64/php7/extensions/fileinfo.so.so: cannot open shared object file: No such file or directory)) in Unknown on line 0
PHP Warning:  Module 'pdo_pgsql' already loaded in Unknown on line 0
PHP Warning:  Module 'pgsql' already loaded in Unknown on line 0
PHP Warning:  Module 'Phar' already loaded in Unknown on line 0
>>> HYBRID SYNC STARTED: 2026-09-11 to 2026-09-12 <<<
>>> USING POSTGRESQL FINAL LOGIN CALCULATION FOR CSR/AGENT <<<
Fetching from Main... Found 499 records.
Fetching from Amazon... Found 121 records.

>>> SYNC RESULTS <<<
Total records synced: 408
Fixed/Updated records: 0

WARNING: 173 CSR records still have work > 8 hours.

>>> Sync Complete <<<
PHP Warning:  PHP Startup: Unable to load dynamic library 'fileinfo.so' (tried: /usr/lib64/php7/extensions/fileinfo.so (/usr/lib64/php7/extensions/fileinfo.so: cannot open shared object file: No such file or directory), /usr/lib64/php7/extensions/fileinfo.so.so (/usr/lib64/php7/extensions/fileinfo.so.so: cannot open shared object file: No such file or directory)) in Unknown on line 0
PHP Warning:  Module 'pdo_pgsql' already loaded in Unknown on line 0
PHP Warning:  Module 'pgsql' already loaded in Unknown on line 0
PHP Warning:  Module 'Phar' already loaded in Unknown on line 0
>>> HYBRID SYNC STARTED: 2026-09-11 to 2026-09-12 <<<
>>> USING POSTGRESQL FINAL LOGIN CALCULATION FOR CSR/AGENT <<<
Fetching from Main... Found 499 records.
Fetching from Amazon... Found 121 records.

>>> SYNC RESULTS <<<
Total records synced: 408
Fixed/Updated records: 0

WARNING: 173 CSR records still have work > 8 hours.

>>> Sync Complete <<<
PHP Warning:  PHP Startup: Unable to load dynamic library 'fileinfo.so' (tried: /usr/lib64/php7/extensions/fileinfo.so (/usr/lib64/php7/extensions/fileinfo.so: cannot open shared object file: No such file or directory), /usr/lib64/php7/extensions/fileinfo.so.so (/usr/lib64/php7/extensions/fileinfo.so.so: cannot open shared object file: No such file or directory)) in Unknown on line 0
PHP Warning:  Module 'pdo_pgsql' already loaded in Unknown on line 0
PHP Warning:  Module 'pgsql' already loaded in Unknown on line 0
PHP Warning:  Module 'Phar' already loaded in Unknown on line 0
>>> HYBRID SYNC STARTED: 2026-09-11 to 2026-09-12 <<<
>>> USING POSTGRESQL FINAL LOGIN CALCULATION FOR CSR/AGENT <<<
Fetching from Main... Found 499 records.
Fetching from Amazon... Found 121 records.

>>> SYNC RESULTS <<<
Total records synced: 408
Fixed/Updated records: 0

WARNING: 173 CSR records still have work > 8 hours.

>>> Sync Complete <<<
PHP Warning:  PHP Startup: Unable to load dynamic library 'fileinfo.so' (tried: /usr/lib64/php7/extensions/fileinfo.so (/usr/lib64/php7/extensions/fileinfo.so: cannot open shared object file: No such file or directory), /usr/lib64/php7/extensions/fileinfo.so.so (/usr/lib64/php7/extensions/fileinfo.so.so: cannot open shared object file: No such file or directory)) in Unknown on line 0
PHP Warning:  Module 'pdo_pgsql' already loaded in Unknown on line 0
PHP Warning:  Module 'pgsql' already loaded in Unknown on line 0
PHP Warning:  Module 'Phar' already loaded in Unknown on line 0
>>> HYBRID SYNC STARTED: 2026-09-11 to 2026-09-12 <<<
>>> USING POSTGRESQL FINAL LOGIN CALCULATION FOR CSR/AGENT <<<
Fetching from Main... Found 499 records.
Fetching from Amazon... Found 121 records.

>>> SYNC RESULTS <<<
Total records synced: 408
Fixed/Updated records: 0

WARNING: 173 CSR records still have work > 8 hours.

>>> Sync Complete <<<
PHP Warning:  PHP Startup: Unable to load dynamic library 'fileinfo.so' (tried: /usr/lib64/php7/extensions/fileinfo.so (/usr/lib64/php7/extensions/fileinfo.so: cannot open shared object file: No such file or directory), /usr/lib64/php7/extensions/fileinfo.so.so (/usr/lib64/php7/extensions/fileinfo.so.so: cannot open shared object file: No such file or directory)) in Unknown on line 0
PHP Warning:  Module 'pdo_pgsql' already loaded in Unknown on line 0
PHP Warning:  Module 'pgsql' already loaded in Unknown on line 0
PHP Warning:  Module 'Phar' already loaded in Unknown on line 0
>>> HYBRID SYNC STARTED: 2026-09-11 to 2026-09-12 <<<
>>> USING POSTGRESQL FINAL LOGIN CALCULATION FOR CSR/AGENT <<<
Fetching from Main... Found 499 records.
Fetching from Amazon... Found 121 records.

>>> SYNC RESULTS <<<
Total records synced: 408
Fixed/Updated records: 0

WARNING: 173 CSR records still have work > 8 hours.

>>> Sync Complete <<<
PHP Warning:  PHP Startup: Unable to load dynamic library 'fileinfo.so' (tried: /usr/lib64/php7/extensions/fileinfo.so (/usr/lib64/php7/extensions/fileinfo.so: cannot open shared object file: No such file or directory), /usr/lib64/php7/extensions/fileinfo.so.so (/usr/lib64/php7/extensions/fileinfo.so.so: cannot open shared object file: No such file or directory)) in Unknown on line 0
PHP Warning:  Module 'pdo_pgsql' already loaded in Unknown on line 0
PHP Warning:  Module 'pgsql' already loaded in Unknown on line 0
PHP Warning:  Module 'Phar' already loaded in Unknown on line 0
>>> HYBRID SYNC STARTED: 2026-09-11 to 2026-09-12 <<<
>>> USING POSTGRESQL FINAL LOGIN CALCULATION FOR CSR/AGENT <<<
Fetching from Main... Found 499 records.
Fetching from Amazon... Found 121 records.

>>> SYNC RESULTS <<<
Total records synced: 408
Fixed/Updated records: 0

WARNING: 173 CSR records still have work > 8 hours.

>>> Sync Complete <<<
PHP Warning:  PHP Startup: Unable to load dynamic library 'fileinfo.so' (tried: /usr/lib64/php7/extensions/fileinfo.so (/usr/lib64/php7/extensions/fileinfo.so: cannot open shared object file: No such file or directory), /usr/lib64/php7/extensions/fileinfo.so.so (/usr/lib64/php7/extensions/fileinfo.so.so: cannot open shared object file: No such file or directory)) in Unknown on line 0
PHP Warning:  Module 'pdo_pgsql' already loaded in Unknown on line 0
PHP Warning:  Module 'pgsql' already loaded in Unknown on line 0
PHP Warning:  Module 'Phar' already loaded in Unknown on line 0
>>> HYBRID SYNC STARTED: 2026-09-11 to 2026-09-12 <<<
>>> USING POSTGRESQL FINAL LOGIN CALCULATION FOR CSR/AGENT <<<
Fetching from Main... Found 499 records.
Fetching from Amazon... Found 121 records.

>>> SYNC RESULTS <<<
Total records synced: 408
Fixed/Updated records: 0

WARNING: 173 CSR records still have work > 8 hours.

>>> Sync Complete <<<
PHP Warning:  PHP Startup: Unable to load dynamic library 'fileinfo.so' (tried: /usr/lib64/php7/extensions/fileinfo.so (/usr/lib64/php7/extensions/fileinfo.so: cannot open shared object file: No such file or directory), /usr/lib64/php7/extensions/fileinfo.so.so (/usr/lib64/php7/extensions/fileinfo.so.so: cannot open shared object file: No such file or directory)) in Unknown on line 0
PHP Warning:  Module 'pdo_pgsql' already loaded in Unknown on line 0
PHP Warning:  Module 'pgsql' already loaded in Unknown on line 0
PHP Warning:  Module 'Phar' already loaded in Unknown on line 0
>>> HYBRID SYNC STARTED: 2026-09-11 to 2026-09-12 <<<
>>> USING POSTGRESQL FINAL LOGIN CALCULATION FOR CSR/AGENT <<<
Fetching from Main... Found 499 records.
Fetching from Amazon... Found 121 records.

>>> SYNC RESULTS <<<
Total records synced: 408
Fixed/Updated records: 0

WARNING: 173 CSR records still have work > 8 hours.

>>> Sync Complete <<<
PHP Warning:  PHP Startup: Unable to load dynamic library 'fileinfo.so' (tried: /usr/lib64/php7/extensions/fileinfo.so (/usr/lib64/php7/extensions/fileinfo.so: cannot open shared object file: No such file or directory), /usr/lib64/php7/extensions/fileinfo.so.so (/usr/lib64/php7/extensions/fileinfo.so.so: cannot open shared object file: No such file or directory)) in Unknown on line 0
PHP Warning:  Module 'pdo_pgsql' already loaded in Unknown on line 0
PHP Warning:  Module 'pgsql' already loaded in Unknown on line 0
PHP Warning:  Module 'Phar' already loaded in Unknown on line 0
>>> HYBRID SYNC STARTED: 2026-09-11 to 2026-09-12 <<<
>>> USING POSTGRESQL FINAL LOGIN CALCULATION FOR CSR/AGENT <<<
Fetching from Main... Found 508 records.
Fetching from Amazon... Found 127 records.

>>> SYNC RESULTS <<<
Total records synced: 410
Fixed/Updated records: 0

WARNING: 173 CSR records still have work > 8 hours.

>>> Sync Complete <<<
PHP Warning:  PHP Startup: Unable to load dynamic library 'fileinfo.so' (tried: /usr/lib64/php7/extensions/fileinfo.so (/usr/lib64/php7/extensions/fileinfo.so: cannot open shared object file: No such file or directory), /usr/lib64/php7/extensions/fileinfo.so.so (/usr/lib64/php7/extensions/fileinfo.so.so: cannot open shared object file: No such file or directory)) in Unknown on line 0
PHP Warning:  Module 'pdo_pgsql' already loaded in Unknown on line 0
PHP Warning:  Module 'pgsql' already loaded in Unknown on line 0
PHP Warning:  Module 'Phar' already loaded in Unknown on line 0
>>> HYBRID SYNC STARTED: 2026-09-11 to 2026-09-12 <<<
>>> USING POSTGRESQL FINAL LOGIN CALCULATION FOR CSR/AGENT <<<
Fetching from Main... Found 594 records.
Fetching from Amazon... Found 154 records.

>>> SYNC RESULTS <<<
Total records synced: 434
Fixed/Updated records: 0

WARNING: 173 CSR records still have work > 8 hours.

>>> Sync Complete <<<
PHP Warning:  PHP Startup: Unable to load dynamic library 'fileinfo.so' (tried: /usr/lib64/php7/extensions/fileinfo.so (/usr/lib64/php7/extensions/fileinfo.so: cannot open shared object file: No such file or directory), /usr/lib64/php7/extensions/fileinfo.so.so (/usr/lib64/php7/extensions/fileinfo.so.so: cannot open shared object file: No such file or directory)) in Unknown on line 0
PHP Warning:  Module 'pdo_pgsql' already loaded in Unknown on line 0
PHP Warning:  Module 'pgsql' already loaded in Unknown on line 0
PHP Warning:  Module 'Phar' already loaded in Unknown on line 0
>>> HYBRID SYNC STARTED: 2026-09-11 to 2026-09-12 <<<
>>> USING POSTGRESQL FINAL LOGIN CALCULATION FOR CSR/AGENT <<<
Fetching from Main... Found 922 records.
Fetching from Amazon... Found 231 records.

>>> SYNC RESULTS <<<
Total records synced: 754
Fixed/Updated records: 0

WARNING: 173 CSR records still have work > 8 hours.

>>> Sync Complete <<<
PHP Warning:  PHP Startup: Unable to load dynamic library 'fileinfo.so' (tried: /usr/lib64/php7/extensions/fileinfo.so (/usr/lib64/php7/extensions/fileinfo.so: cannot open shared object file: No such file or directory), /usr/lib64/php7/extensions/fileinfo.so.so (/usr/lib64/php7/extensions/fileinfo.so.so: cannot open shared object file: No such file or directory)) in Unknown on line 0
PHP Warning:  Module 'pdo_pgsql' already loaded in Unknown on line 0
PHP Warning:  Module 'pgsql' already loaded in Unknown on line 0
PHP Warning:  Module 'Phar' already loaded in Unknown on line 0
>>> HYBRID SYNC STARTED: 2026-09-11 to 2026-09-12 <<<
>>> USING POSTGRESQL FINAL LOGIN CALCULATION FOR CSR/AGENT <<<
Fetching from Main... Found 962 records.
Fetching from Amazon... Found 241 records.

>>> SYNC RESULTS <<<
Total records synced: 813
Fixed/Updated records: 0

WARNING: 173 CSR records still have work > 8 hours.

>>> Sync Complete <<<
PHP Warning:  PHP Startup: Unable to load dynamic library 'fileinfo.so' (tried: /usr/lib64/php7/extensions/fileinfo.so (/usr/lib64/php7/extensions/fileinfo.so: cannot open shared object file: No such file or directory), /usr/lib64/php7/extensions/fileinfo.so.so (/usr/lib64/php7/extensions/fileinfo.so.so: cannot open shared object file: No such file or directory)) in Unknown on line 0
PHP Warning:  Module 'pdo_pgsql' already loaded in Unknown on line 0
PHP Warning:  Module 'pgsql' already loaded in Unknown on line 0
PHP Warning:  Module 'Phar' already loaded in Unknown on line 0
>>> HYBRID SYNC STARTED: 2026-09-11 to 2026-09-12 <<<
>>> USING POSTGRESQL FINAL LOGIN CALCULATION FOR CSR/AGENT <<<
Fetching from Main... Found 968 records.
Fetching from Amazon... Found 241 records.

>>> SYNC RESULTS <<<
Total records synced: 816
Fixed/Updated records: 0

WARNING: 173 CSR records still have work > 8 hours.

>>> Sync Complete <<<
PHP Warning:  PHP Startup: Unable to load dynamic library 'fileinfo.so' (tried: /usr/lib64/php7/extensions/fileinfo.so (/usr/lib64/php7/extensions/fileinfo.so: cannot open shared object file: No such file or directory), /usr/lib64/php7/extensions/fileinfo.so.so (/usr/lib64/php7/extensions/fileinfo.so.so: cannot open shared object file: No such file or directory)) in Unknown on line 0
PHP Warning:  Module 'pdo_pgsql' already loaded in Unknown on line 0
PHP Warning:  Module 'pgsql' already loaded in Unknown on line 0
PHP Warning:  Module 'Phar' already loaded in Unknown on line 0
>>> HYBRID SYNC STARTED: 2026-09-11 to 2026-09-12 <<<
>>> USING POSTGRESQL FINAL LOGIN CALCULATION FOR CSR/AGENT <<<
Fetching from Main... Found 975 records.
Fetching from Amazon... Found 241 records.

>>> SYNC RESULTS <<<
Total records synced: 818
Fixed/Updated records: 0

WARNING: 173 CSR records still have work > 8 hours.

>>> Sync Complete <<<
PHP Warning:  PHP Startup: Unable to load dynamic library 'fileinfo.so' (tried: /usr/lib64/php7/extensions/fileinfo.so (/usr/lib64/php7/extensions/fileinfo.so: cannot open shared object file: No such file or directory), /usr/lib64/php7/extensions/fileinfo.so.so (/usr/lib64/php7/extensions/fileinfo.so.so: cannot open shared object file: No such file or directory)) in Unknown on line 0
PHP Warning:  Module 'pdo_pgsql' already loaded in Unknown on line 0
PHP Warning:  Module 'pgsql' already loaded in Unknown on line 0
PHP Warning:  Module 'Phar' already loaded in Unknown on line 0
>>> HYBRID SYNC STARTED: 2026-09-11 to 2026-09-12 <<<
>>> USING POSTGRESQL FINAL LOGIN CALCULATION FOR CSR/AGENT <<<
Fetching from Main... Found 978 records.
Fetching from Amazon... Found 241 records.

>>> SYNC RESULTS <<<
Total records synced: 820
Fixed/Updated records: 0

WARNING: 173 CSR records still have work > 8 hours.

>>> Sync Complete <<<
PHP Warning:  PHP Startup: Unable to load dynamic library 'fileinfo.so' (tried: /usr/lib64/php7/extensions/fileinfo.so (/usr/lib64/php7/extensions/fileinfo.so: cannot open shared object file: No such file or directory), /usr/lib64/php7/extensions/fileinfo.so.so (/usr/lib64/php7/extensions/fileinfo.so.so: cannot open shared object file: No such file or directory)) in Unknown on line 0
PHP Warning:  Module 'pdo_pgsql' already loaded in Unknown on line 0
PHP Warning:  Module 'pgsql' already loaded in Unknown on line 0
PHP Warning:  Module 'Phar' already loaded in Unknown on line 0
>>> HYBRID SYNC STARTED: 2026-09-11 to 2026-09-12 <<<
>>> USING POSTGRESQL FINAL LOGIN CALCULATION FOR CSR/AGENT <<<
Fetching from Main... Found 990 records.
Fetching from Amazon... Found 241 records.

>>> SYNC RESULTS <<<
Total records synced: 820
Fixed/Updated records: 0

WARNING: 173 CSR records still have work > 8 hours.

>>> Sync Complete <<<
PHP Warning:  PHP Startup: Unable to load dynamic library 'fileinfo.so' (tried: /usr/lib64/php7/extensions/fileinfo.so (/usr/lib64/php7/extensions/fileinfo.so: cannot open shared object file: No such file or directory), /usr/lib64/php7/extensions/fileinfo.so.so (/usr/lib64/php7/extensions/fileinfo.so.so: cannot open shared object file: No such file or directory)) in Unknown on line 0
PHP Warning:  Module 'pdo_pgsql' already loaded in Unknown on line 0
PHP Warning:  Module 'pgsql' already loaded in Unknown on line 0
PHP Warning:  Module 'Phar' already loaded in Unknown on line 0
>>> HYBRID SYNC STARTED: 2026-09-11 to 2026-09-12 <<<
>>> USING POSTGRESQL FINAL LOGIN CALCULATION FOR CSR/AGENT <<<
Fetching from Main... Found 993 records.
Fetching from Amazon... Found 241 records.

>>> SYNC RESULTS <<<
Total records synced: 820
Fixed/Updated records: 0

WARNING: 173 CSR records still have work > 8 hours.

>>> Sync Complete <<<
PHP Warning:  PHP Startup: Unable to load dynamic library 'fileinfo.so' (tried: /usr/lib64/php7/extensions/fileinfo.so (/usr/lib64/php7/extensions/fileinfo.so: cannot open shared object file: No such file or directory), /usr/lib64/php7/extensions/fileinfo.so.so (/usr/lib64/php7/extensions/fileinfo.so.so: cannot open shared object file: No such file or directory)) in Unknown on line 0
PHP Warning:  Module 'pdo_pgsql' already loaded in Unknown on line 0
PHP Warning:  Module 'pgsql' already loaded in Unknown on line 0
PHP Warning:  Module 'Phar' already loaded in Unknown on line 0
>>> HYBRID SYNC STARTED: 2026-09-11 to 2026-09-12 <<<
>>> USING POSTGRESQL FINAL LOGIN CALCULATION FOR CSR/AGENT <<<
Fetching from Main... Found 995 records.
Fetching from Amazon... Found 241 records.

>>> SYNC RESULTS <<<
Total records synced: 820
Fixed/Updated records: 0

WARNING: 173 CSR records still have work > 8 hours.

>>> Sync Complete <<<
PHP Warning:  PHP Startup: Unable to load dynamic library 'fileinfo.so' (tried: /usr/lib64/php7/extensions/fileinfo.so (/usr/lib64/php7/extensions/fileinfo.so: cannot open shared object file: No such file or directory), /usr/lib64/php7/extensions/fileinfo.so.so (/usr/lib64/php7/extensions/fileinfo.so.so: cannot open shared object file: No such file or directory)) in Unknown on line 0
PHP Warning:  Module 'pdo_pgsql' already loaded in Unknown on line 0
PHP Warning:  Module 'pgsql' already loaded in Unknown on line 0
PHP Warning:  Module 'Phar' already loaded in Unknown on line 0
>>> HYBRID SYNC STARTED: 2026-09-11 to 2026-09-12 <<<
>>> USING POSTGRESQL FINAL LOGIN CALCULATION FOR CSR/AGENT <<<
Fetching from Main... Found 996 records.
Fetching from Amazon... Found 241 records.

>>> SYNC RESULTS <<<
Total records synced: 820
Fixed/Updated records: 0

WARNING: 173 CSR records still have work > 8 hours.

>>> Sync Complete <<<
PHP Warning:  PHP Startup: Unable to load dynamic library 'fileinfo.so' (tried: /usr/lib64/php7/extensions/fileinfo.so (/usr/lib64/php7/extensions/fileinfo.so: cannot open shared object file: No such file or directory), /usr/lib64/php7/extensions/fileinfo.so.so (/usr/lib64/php7/extensions/fileinfo.so.so: cannot open shared object file: No such file or directory)) in Unknown on line 0
PHP Warning:  Module 'pdo_pgsql' already loaded in Unknown on line 0
PHP Warning:  Module 'pgsql' already loaded in Unknown on line 0
PHP Warning:  Module 'Phar' already loaded in Unknown on line 0
>>> HYBRID SYNC STARTED: 2026-09-11 to 2026-09-12 <<<
>>> USING POSTGRESQL FINAL LOGIN CALCULATION FOR CSR/AGENT <<<
Fetching from Main... Found 996 records.
Fetching from Amazon... Found 241 records.

>>> SYNC RESULTS <<<
Total records synced: 820
Fixed/Updated records: 0

WARNING: 173 CSR records still have work > 8 hours.

>>> Sync Complete <<<
PHP Warning:  PHP Startup: Unable to load dynamic library 'fileinfo.so' (tried: /usr/lib64/php7/extensions/fileinfo.so (/usr/lib64/php7/extensions/fileinfo.so: cannot open shared object file: No such file or directory), /usr/lib64/php7/extensions/fileinfo.so.so (/usr/lib64/php7/extensions/fileinfo.so.so: cannot open shared object file: No such file or directory)) in Unknown on line 0
PHP Warning:  Module 'pdo_pgsql' already loaded in Unknown on line 0
PHP Warning:  Module 'pgsql' already loaded in Unknown on line 0
PHP Warning:  Module 'Phar' already loaded in Unknown on line 0
>>> HYBRID SYNC STARTED: 2026-09-11 to 2026-09-12 <<<
>>> USING POSTGRESQL FINAL LOGIN CALCULATION FOR CSR/AGENT <<<
Fetching from Main... Found 999 records.
Fetching from Amazon... Found 241 records.

>>> SYNC RESULTS <<<
Total records synced: 820
Fixed/Updated records: 0

WARNING: 173 CSR records still have work > 8 hours.

>>> Sync Complete <<<
PHP Warning:  PHP Startup: Unable to load dynamic library 'fileinfo.so' (tried: /usr/lib64/php7/extensions/fileinfo.so (/usr/lib64/php7/extensions/fileinfo.so: cannot open shared object file: No such file or directory), /usr/lib64/php7/extensions/fileinfo.so.so (/usr/lib64/php7/extensions/fileinfo.so.so: cannot open shared object file: No such file or directory)) in Unknown on line 0
PHP Warning:  Module 'pdo_pgsql' already loaded in Unknown on line 0
PHP Warning:  Module 'pgsql' already loaded in Unknown on line 0
PHP Warning:  Module 'Phar' already loaded in Unknown on line 0
>>> HYBRID SYNC STARTED: 2026-09-11 to 2026-09-12 <<<
>>> USING POSTGRESQL FINAL LOGIN CALCULATION FOR CSR/AGENT <<<
Fetching from Main... Found 999 records.
Fetching from Amazon... Found 241 records.

>>> SYNC RESULTS <<<
Total records synced: 820
Fixed/Updated records: 0

WARNING: 173 CSR records still have work > 8 hours.

>>> Sync Complete <<<
PHP Warning:  PHP Startup: Unable to load dynamic library 'fileinfo.so' (tried: /usr/lib64/php7/extensions/fileinfo.so (/usr/lib64/php7/extensions/fileinfo.so: cannot open shared object file: No such file or directory), /usr/lib64/php7/extensions/fileinfo.so.so (/usr/lib64/php7/extensions/fileinfo.so.so: cannot open shared object file: No such file or directory)) in Unknown on line 0
PHP Warning:  Module 'pdo_pgsql' already loaded in Unknown on line 0
PHP Warning:  Module 'pgsql' already loaded in Unknown on line 0
PHP Warning:  Module 'Phar' already loaded in Unknown on line 0
>>> HYBRID SYNC STARTED: 2026-09-11 to 2026-09-12 <<<
>>> USING POSTGRESQL FINAL LOGIN CALCULATION FOR CSR/AGENT <<<
Fetching from Main... Found 1001 records.
Fetching from Amazon... Found 241 records.

>>> SYNC RESULTS <<<
Total records synced: 820
Fixed/Updated records: 0

WARNING: 173 CSR records still have work > 8 hours.

>>> Sync Complete <<<
PHP Warning:  PHP Startup: Unable to load dynamic library 'fileinfo.so' (tried: /usr/lib64/php7/extensions/fileinfo.so (/usr/lib64/php7/extensions/fileinfo.so: cannot open shared object file: No such file or directory), /usr/lib64/php7/extensions/fileinfo.so.so (/usr/lib64/php7/extensions/fileinfo.so.so: cannot open shared object file: No such file or directory)) in Unknown on line 0
PHP Warning:  Module 'pdo_pgsql' already loaded in Unknown on line 0
PHP Warning:  Module 'pgsql' already loaded in Unknown on line 0
PHP Warning:  Module 'Phar' already loaded in Unknown on line 0
>>> HYBRID SYNC STARTED: 2026-09-11 to 2026-09-12 <<<
>>> USING POSTGRESQL FINAL LOGIN CALCULATION FOR CSR/AGENT <<<
Fetching from Main... Found 1001 records.
Fetching from Amazon... Found 242 records.

>>> SYNC RESULTS <<<
Total records synced: 820
Fixed/Updated records: 0

WARNING: 173 CSR records still have work > 8 hours.

>>> Sync Complete <<<
PHP Warning:  PHP Startup: Unable to load dynamic library 'fileinfo.so' (tried: /usr/lib64/php7/extensions/fileinfo.so (/usr/lib64/php7/extensions/fileinfo.so: cannot open shared object file: No such file or directory), /usr/lib64/php7/extensions/fileinfo.so.so (/usr/lib64/php7/extensions/fileinfo.so.so: cannot open shared object file: No such file or directory)) in Unknown on line 0
PHP Warning:  Module 'pdo_pgsql' already loaded in Unknown on line 0
PHP Warning:  Module 'pgsql' already loaded in Unknown on line 0
PHP Warning:  Module 'Phar' already loaded in Unknown on line 0
>>> HYBRID SYNC STARTED: 2026-09-11 to 2026-09-12 <<<
>>> USING POSTGRESQL FINAL LOGIN CALCULATION FOR CSR/AGENT <<<
Fetching from Main... Found 1002 records.
Fetching from Amazon... Found 242 records.

>>> SYNC RESULTS <<<
Total records synced: 820
Fixed/Updated records: 0

WARNING: 173 CSR records still have work > 8 hours.

>>> Sync Complete <<<
PHP Warning:  PHP Startup: Unable to load dynamic library 'fileinfo.so' (tried: /usr/lib64/php7/extensions/fileinfo.so (/usr/lib64/php7/extensions/fileinfo.so: cannot open shared object file: No such file or directory), /usr/lib64/php7/extensions/fileinfo.so.so (/usr/lib64/php7/extensions/fileinfo.so.so: cannot open shared object file: No such file or directory)) in Unknown on line 0
PHP Warning:  Module 'pdo_pgsql' already loaded in Unknown on line 0
PHP Warning:  Module 'pgsql' already loaded in Unknown on line 0
PHP Warning:  Module 'Phar' already loaded in Unknown on line 0
>>> HYBRID SYNC STARTED: 2026-09-11 to 2026-09-12 <<<
>>> USING POSTGRESQL FINAL LOGIN CALCULATION FOR CSR/AGENT <<<
Fetching from Main... Found 1003 records.
Fetching from Amazon... Found 242 records.

>>> SYNC RESULTS <<<
Total records synced: 820
Fixed/Updated records: 0

WARNING: 173 CSR records still have work > 8 hours.

>>> Sync Complete <<<
PHP Warning:  PHP Startup: Unable to load dynamic library 'fileinfo.so' (tried: /usr/lib64/php7/extensions/fileinfo.so (/usr/lib64/php7/extensions/fileinfo.so: cannot open shared object file: No such file or directory), /usr/lib64/php7/extensions/fileinfo.so.so (/usr/lib64/php7/extensions/fileinfo.so.so: cannot open shared object file: No such file or directory)) in Unknown on line 0
PHP Warning:  Module 'pdo_pgsql' already loaded in Unknown on line 0
PHP Warning:  Module 'pgsql' already loaded in Unknown on line 0
PHP Warning:  Module 'Phar' already loaded in Unknown on line 0
>>> HYBRID SYNC STARTED: 2026-09-11 to 2026-09-12 <<<
>>> USING POSTGRESQL FINAL LOGIN CALCULATION FOR CSR/AGENT <<<
Fetching from Main... Found 1003 records.
Fetching from Amazon... Found 242 records.

>>> SYNC RESULTS <<<
Total records synced: 820
Fixed/Updated records: 0

WARNING: 174 CSR records still have work > 8 hours.

>>> Sync Complete <<<
PHP Warning:  PHP Startup: Unable to load dynamic library 'fileinfo.so' (tried: /usr/lib64/php7/extensions/fileinfo.so (/usr/lib64/php7/extensions/fileinfo.so: cannot open shared object file: No such file or directory), /usr/lib64/php7/extensions/fileinfo.so.so (/usr/lib64/php7/extensions/fileinfo.so.so: cannot open shared object file: No such file or directory)) in Unknown on line 0
PHP Warning:  Module 'pdo_pgsql' already loaded in Unknown on line 0
PHP Warning:  Module 'pgsql' already loaded in Unknown on line 0
PHP Warning:  Module 'Phar' already loaded in Unknown on line 0
>>> HYBRID SYNC STARTED: 2026-09-11 to 2026-09-12 <<<
>>> USING POSTGRESQL FINAL LOGIN CALCULATION FOR CSR/AGENT <<<
Fetching from Main... Found 1003 records.
Fetching from Amazon... Found 242 records.

>>> SYNC RESULTS <<<
Total records synced: 820
Fixed/Updated records: 0

WARNING: 179 CSR records still have work > 8 hours.

>>> Sync Complete <<<
PHP Warning:  PHP Startup: Unable to load dynamic library 'fileinfo.so' (tried: /usr/lib64/php7/extensions/fileinfo.so (/usr/lib64/php7/extensions/fileinfo.so: cannot open shared object file: No such file or directory), /usr/lib64/php7/extensions/fileinfo.so.so (/usr/lib64/php7/extensions/fileinfo.so.so: cannot open shared object file: No such file or directory)) in Unknown on line 0
PHP Warning:  Module 'pdo_pgsql' already loaded in Unknown on line 0
PHP Warning:  Module 'pgsql' already loaded in Unknown on line 0
PHP Warning:  Module 'Phar' already loaded in Unknown on line 0
>>> HYBRID SYNC STARTED: 2026-09-11 to 2026-09-12 <<<
>>> USING POSTGRESQL FINAL LOGIN CALCULATION FOR CSR/AGENT <<<
Fetching from Main... Found 1003 records.
Fetching from Amazon... Found 242 records.

>>> SYNC RESULTS <<<
Total records synced: 820
Fixed/Updated records: 0

WARNING: 200 CSR records still have work > 8 hours.

>>> Sync Complete <<<
PHP Warning:  PHP Startup: Unable to load dynamic library 'fileinfo.so' (tried: /usr/lib64/php7/extensions/fileinfo.so (/usr/lib64/php7/extensions/fileinfo.so: cannot open shared object file: No such file or directory), /usr/lib64/php7/extensions/fileinfo.so.so (/usr/lib64/php7/extensions/fileinfo.so.so: cannot open shared object file: No such file or directory)) in Unknown on line 0
PHP Warning:  Module 'pdo_pgsql' already loaded in Unknown on line 0
PHP Warning:  Module 'pgsql' already loaded in Unknown on line 0
PHP Warning:  Module 'Phar' already loaded in Unknown on line 0
>>> HYBRID SYNC STARTED: 2026-09-11 to 2026-09-12 <<<
>>> USING POSTGRESQL FINAL LOGIN CALCULATION FOR CSR/AGENT <<<
Fetching from Main... Found 1003 records.
Fetching from Amazon... Found 242 records.

>>> SYNC RESULTS <<<
Total records synced: 820
Fixed/Updated records: 0

WARNING: 347 CSR records still have work > 8 hours.

>>> Sync Complete <<<
PHP Warning:  PHP Startup: Unable to load dynamic library 'fileinfo.so' (tried: /usr/lib64/php7/extensions/fileinfo.so (/usr/lib64/php7/extensions/fileinfo.so: cannot open shared object file: No such file or directory), /usr/lib64/php7/extensions/fileinfo.so.so (/usr/lib64/php7/extensions/fileinfo.so.so: cannot open shared object file: No such file or directory)) in Unknown on line 0
PHP Warning:  Module 'pdo_pgsql' already loaded in Unknown on line 0
PHP Warning:  Module 'pgsql' already loaded in Unknown on line 0
PHP Warning:  Module 'Phar' already loaded in Unknown on line 0
>>> HYBRID SYNC STARTED: 2026-09-11 to 2026-09-12 <<<
>>> USING POSTGRESQL FINAL LOGIN CALCULATION FOR CSR/AGENT <<<
Fetching from Main... Found 1003 records.
Fetching from Amazon... Found 242 records.

>>> SYNC RESULTS <<<
Total records synced: 820
Fixed/Updated records: 0

WARNING: 356 CSR records still have work > 8 hours.

>>> Sync Complete <<<
PHP Warning:  PHP Startup: Unable to load dynamic library 'fileinfo.so' (tried: /usr/lib64/php7/extensions/fileinfo.so (/usr/lib64/php7/extensions/fileinfo.so: cannot open shared object file: No such file or directory), /usr/lib64/php7/extensions/fileinfo.so.so (/usr/lib64/php7/extensions/fileinfo.so.so: cannot open shared object file: No such file or directory)) in Unknown on line 0
PHP Warning:  Module 'pdo_pgsql' already loaded in Unknown on line 0
PHP Warning:  Module 'pgsql' already loaded in Unknown on line 0
PHP Warning:  Module 'Phar' already loaded in Unknown on line 0
>>> HYBRID SYNC STARTED: 2026-09-11 to 2026-09-12 <<<
>>> USING POSTGRESQL FINAL LOGIN CALCULATION FOR CSR/AGENT <<<
Fetching from Main... Found 1003 records.
Fetching from Amazon... Found 242 records.

>>> SYNC RESULTS <<<
Total records synced: 820
Fixed/Updated records: 0

WARNING: 356 CSR records still have work > 8 hours.

>>> Sync Complete <<<
PHP Warning:  PHP Startup: Unable to load dynamic library 'fileinfo.so' (tried: /usr/lib64/php7/extensions/fileinfo.so (/usr/lib64/php7/extensions/fileinfo.so: cannot open shared object file: No such file or directory), /usr/lib64/php7/extensions/fileinfo.so.so (/usr/lib64/php7/extensions/fileinfo.so.so: cannot open shared object file: No such file or directory)) in Unknown on line 0
PHP Warning:  Module 'pdo_pgsql' already loaded in Unknown on line 0
PHP Warning:  Module 'pgsql' already loaded in Unknown on line 0
PHP Warning:  Module 'Phar' already loaded in Unknown on line 0
>>> HYBRID SYNC STARTED: 2026-09-11 to 2026-09-12 <<<
>>> USING POSTGRESQL FINAL LOGIN CALCULATION FOR CSR/AGENT <<<
Fetching from Main... Found 1003 records.
Fetching from Amazon... Found 242 records.

>>> SYNC RESULTS <<<
Total records synced: 820
Fixed/Updated records: 0

WARNING: 356 CSR records still have work > 8 hours.

>>> Sync Complete <<<
PHP Warning:  PHP Startup: Unable to load dynamic library 'fileinfo.so' (tried: /usr/lib64/php7/extensions/fileinfo.so (/usr/lib64/php7/extensions/fileinfo.so: cannot open shared object file: No such file or directory), /usr/lib64/php7/extensions/fileinfo.so.so (/usr/lib64/php7/extensions/fileinfo.so.so: cannot open shared object file: No such file or directory)) in Unknown on line 0
PHP Warning:  Module 'pdo_pgsql' already loaded in Unknown on line 0
PHP Warning:  Module 'pgsql' already loaded in Unknown on line 0
PHP Warning:  Module 'Phar' already loaded in Unknown on line 0
>>> HYBRID SYNC STARTED: 2026-09-11 to 2026-09-12 <<<
>>> USING POSTGRESQL FINAL LOGIN CALCULATION FOR CSR/AGENT <<<
Fetching from Main... Found 1003 records.
Fetching from Amazon... Found 242 records.

>>> SYNC RESULTS <<<
Total records synced: 820
Fixed/Updated records: 0

WARNING: 356 CSR records still have work > 8 hours.

>>> Sync Complete <<<
PHP Warning:  PHP Startup: Unable to load dynamic library 'fileinfo.so' (tried: /usr/lib64/php7/extensions/fileinfo.so (/usr/lib64/php7/extensions/fileinfo.so: cannot open shared object file: No such file or directory), /usr/lib64/php7/extensions/fileinfo.so.so (/usr/lib64/php7/extensions/fileinfo.so.so: cannot open shared object file: No such file or directory)) in Unknown on line 0
PHP Warning:  Module 'pdo_pgsql' already loaded in Unknown on line 0
PHP Warning:  Module 'pgsql' already loaded in Unknown on line 0
PHP Warning:  Module 'Phar' already loaded in Unknown on line 0
>>> HYBRID SYNC STARTED: 2026-09-11 to 2026-09-12 <<<
>>> USING POSTGRESQL FINAL LOGIN CALCULATION FOR CSR/AGENT <<<
Fetching from Main... Found 1003 records.
Fetching from Amazon... Found 242 records.

>>> SYNC RESULTS <<<
Total records synced: 820
Fixed/Updated records: 0

WARNING: 356 CSR records still have work > 8 hours.

>>> Sync Complete <<<
PHP Warning:  PHP Startup: Unable to load dynamic library 'fileinfo.so' (tried: /usr/lib64/php7/extensions/fileinfo.so (/usr/lib64/php7/extensions/fileinfo.so: cannot open shared object file: No such file or directory), /usr/lib64/php7/extensions/fileinfo.so.so (/usr/lib64/php7/extensions/fileinfo.so.so: cannot open shared object file: No such file or directory)) in Unknown on line 0
PHP Warning:  Module 'pdo_pgsql' already loaded in Unknown on line 0
PHP Warning:  Module 'pgsql' already loaded in Unknown on line 0
PHP Warning:  Module 'Phar' already loaded in Unknown on line 0
>>> HYBRID SYNC STARTED: 2026-09-11 to 2026-09-12 <<<
>>> USING POSTGRESQL FINAL LOGIN CALCULATION FOR CSR/AGENT <<<
Fetching from Main... Found 1003 records.
Fetching from Amazon... Found 242 records.

>>> SYNC RESULTS <<<
Total records synced: 820
Fixed/Updated records: 0

WARNING: 356 CSR records still have work > 8 hours.

>>> Sync Complete <<<
PHP Warning:  PHP Startup: Unable to load dynamic library 'fileinfo.so' (tried: /usr/lib64/php7/extensions/fileinfo.so (/usr/lib64/php7/extensions/fileinfo.so: cannot open shared object file: No such file or directory), /usr/lib64/php7/extensions/fileinfo.so.so (/usr/lib64/php7/extensions/fileinfo.so.so: cannot open shared object file: No such file or directory)) in Unknown on line 0
PHP Warning:  Module 'pdo_pgsql' already loaded in Unknown on line 0
PHP Warning:  Module 'pgsql' already loaded in Unknown on line 0
PHP Warning:  Module 'Phar' already loaded in Unknown on line 0
>>> HYBRID SYNC STARTED: 2026-09-11 to 2026-09-12 <<<
>>> USING POSTGRESQL FINAL LOGIN CALCULATION FOR CSR/AGENT <<<
Fetching from Main... Found 1003 records.
Fetching from Amazon... Found 242 records.

>>> SYNC RESULTS <<<
Total records synced: 820
Fixed/Updated records: 0

WARNING: 356 CSR records still have work > 8 hours.

>>> Sync Complete <<<
PHP Warning:  PHP Startup: Unable to load dynamic library 'fileinfo.so' (tried: /usr/lib64/php7/extensions/fileinfo.so (/usr/lib64/php7/extensions/fileinfo.so: cannot open shared object file: No such file or directory), /usr/lib64/php7/extensions/fileinfo.so.so (/usr/lib64/php7/extensions/fileinfo.so.so: cannot open shared object file: No such file or directory)) in Unknown on line 0
PHP Warning:  Module 'pdo_pgsql' already loaded in Unknown on line 0
PHP Warning:  Module 'pgsql' already loaded in Unknown on line 0
PHP Warning:  Module 'Phar' already loaded in Unknown on line 0
>>> HYBRID SYNC STARTED: 2026-09-11 to 2026-09-12 <<<
>>> USING POSTGRESQL FINAL LOGIN CALCULATION FOR CSR/AGENT <<<
Fetching from Main... Found 1003 records.
Fetching from Amazon... Found 242 records.

>>> SYNC RESULTS <<<
Total records synced: 820
Fixed/Updated records: 0

WARNING: 356 CSR records still have work > 8 hours.

>>> Sync Complete <<<
PHP Warning:  PHP Startup: Unable to load dynamic library 'fileinfo.so' (tried: /usr/lib64/php7/extensions/fileinfo.so (/usr/lib64/php7/extensions/fileinfo.so: cannot open shared object file: No such file or directory), /usr/lib64/php7/extensions/fileinfo.so.so (/usr/lib64/php7/extensions/fileinfo.so.so: cannot open shared object file: No such file or directory)) in Unknown on line 0
PHP Warning:  Module 'pdo_pgsql' already loaded in Unknown on line 0
PHP Warning:  Module 'pgsql' already loaded in Unknown on line 0
PHP Warning:  Module 'Phar' already loaded in Unknown on line 0
>>> HYBRID SYNC STARTED: 2026-09-12 to 2026-09-13 <<<
>>> USING POSTGRESQL FINAL LOGIN CALCULATION FOR CSR/AGENT <<<
Fetching from Main... Found 513 records.
Fetching from Amazon... Found 122 records.

>>> SYNC RESULTS <<<
Total records synced: 417
Fixed/Updated records: 0

WARNING: 183 CSR records still have work > 8 hours.

>>> Sync Complete <<<
PHP Warning:  PHP Startup: Unable to load dynamic library 'fileinfo.so' (tried: /usr/lib64/php7/extensions/fileinfo.so (/usr/lib64/php7/extensions/fileinfo.so: cannot open shared object file: No such file or directory), /usr/lib64/php7/extensions/fileinfo.so.so (/usr/lib64/php7/extensions/fileinfo.so.so: cannot open shared object file: No such file or directory)) in Unknown on line 0
PHP Warning:  Module 'pdo_pgsql' already loaded in Unknown on line 0
PHP Warning:  Module 'pgsql' already loaded in Unknown on line 0
PHP Warning:  Module 'Phar' already loaded in Unknown on line 0
>>> HYBRID SYNC STARTED: 2026-09-12 to 2026-09-13 <<<
>>> USING POSTGRESQL FINAL LOGIN CALCULATION FOR CSR/AGENT <<<
Fetching from Main... Found 544 records.
Fetching from Amazon... Found 131 records.

>>> SYNC RESULTS <<<
Total records synced: 444
Fixed/Updated records: 0

WARNING: 183 CSR records still have work > 8 hours.

>>> Sync Complete <<<
PHP Warning:  PHP Startup: Unable to load dynamic library 'fileinfo.so' (tried: /usr/lib64/php7/extensions/fileinfo.so (/usr/lib64/php7/extensions/fileinfo.so: cannot open shared object file: No such file or directory), /usr/lib64/php7/extensions/fileinfo.so.so (/usr/lib64/php7/extensions/fileinfo.so.so: cannot open shared object file: No such file or directory)) in Unknown on line 0
PHP Warning:  Module 'pdo_pgsql' already loaded in Unknown on line 0
PHP Warning:  Module 'pgsql' already loaded in Unknown on line 0
PHP Warning:  Module 'Phar' already loaded in Unknown on line 0
>>> HYBRID SYNC STARTED: 2026-09-12 to 2026-09-13 <<<
>>> USING POSTGRESQL FINAL LOGIN CALCULATION FOR CSR/AGENT <<<
Fetching from Main... Found 544 records.
Fetching from Amazon... Found 131 records.

>>> SYNC RESULTS <<<
Total records synced: 444
Fixed/Updated records: 0

WARNING: 183 CSR records still have work > 8 hours.

>>> Sync Complete <<<
PHP Warning:  PHP Startup: Unable to load dynamic library 'fileinfo.so' (tried: /usr/lib64/php7/extensions/fileinfo.so (/usr/lib64/php7/extensions/fileinfo.so: cannot open shared object file: No such file or directory), /usr/lib64/php7/extensions/fileinfo.so.so (/usr/lib64/php7/extensions/fileinfo.so.so: cannot open shared object file: No such file or directory)) in Unknown on line 0
PHP Warning:  Module 'pdo_pgsql' already loaded in Unknown on line 0
PHP Warning:  Module 'pgsql' already loaded in Unknown on line 0
PHP Warning:  Module 'Phar' already loaded in Unknown on line 0
>>> HYBRID SYNC STARTED: 2026-09-12 to 2026-09-13 <<<
>>> USING POSTGRESQL FINAL LOGIN CALCULATION FOR CSR/AGENT <<<
Fetching from Main... Found 544 records.
Fetching from Amazon... Found 131 records.

>>> SYNC RESULTS <<<
Total records synced: 444
Fixed/Updated records: 0

WARNING: 183 CSR records still have work > 8 hours.

>>> Sync Complete <<<
PHP Warning:  PHP Startup: Unable to load dynamic library 'fileinfo.so' (tried: /usr/lib64/php7/extensions/fileinfo.so (/usr/lib64/php7/extensions/fileinfo.so: cannot open shared object file: No such file or directory), /usr/lib64/php7/extensions/fileinfo.so.so (/usr/lib64/php7/extensions/fileinfo.so.so: cannot open shared object file: No such file or directory)) in Unknown on line 0
PHP Warning:  Module 'pdo_pgsql' already loaded in Unknown on line 0
PHP Warning:  Module 'pgsql' already loaded in Unknown on line 0
PHP Warning:  Module 'Phar' already loaded in Unknown on line 0
>>> HYBRID SYNC STARTED: 2026-09-12 to 2026-09-13 <<<
>>> USING POSTGRESQL FINAL LOGIN CALCULATION FOR CSR/AGENT <<<
Fetching from Main... Found 544 records.
Fetching from Amazon... Found 131 records.

>>> SYNC RESULTS <<<
Total records synced: 444
Fixed/Updated records: 0

WARNING: 183 CSR records still have work > 8 hours.

>>> Sync Complete <<<
PHP Warning:  PHP Startup: Unable to load dynamic library 'fileinfo.so' (tried: /usr/lib64/php7/extensions/fileinfo.so (/usr/lib64/php7/extensions/fileinfo.so: cannot open shared object file: No such file or directory), /usr/lib64/php7/extensions/fileinfo.so.so (/usr/lib64/php7/extensions/fileinfo.so.so: cannot open shared object file: No such file or directory)) in Unknown on line 0
PHP Warning:  Module 'pdo_pgsql' already loaded in Unknown on line 0
PHP Warning:  Module 'pgsql' already loaded in Unknown on line 0
PHP Warning:  Module 'Phar' already loaded in Unknown on line 0
>>> HYBRID SYNC STARTED: 2026-09-12 to 2026-09-13 <<<
>>> USING POSTGRESQL FINAL LOGIN CALCULATION FOR CSR/AGENT <<<
Fetching from Main... Found 544 records.
Fetching from Amazon... Found 131 records.

>>> SYNC RESULTS <<<
Total records synced: 444
Fixed/Updated records: 0

WARNING: 183 CSR records still have work > 8 hours.

>>> Sync Complete <<<
PHP Warning:  PHP Startup: Unable to load dynamic library 'fileinfo.so' (tried: /usr/lib64/php7/extensions/fileinfo.so (/usr/lib64/php7/extensions/fileinfo.so: cannot open shared object file: No such file or directory), /usr/lib64/php7/extensions/fileinfo.so.so (/usr/lib64/php7/extensions/fileinfo.so.so: cannot open shared object file: No such file or directory)) in Unknown on line 0
PHP Warning:  Module 'pdo_pgsql' already loaded in Unknown on line 0
PHP Warning:  Module 'pgsql' already loaded in Unknown on line 0
PHP Warning:  Module 'Phar' already loaded in Unknown on line 0
>>> HYBRID SYNC STARTED: 2026-09-12 to 2026-09-13 <<<
>>> USING POSTGRESQL FINAL LOGIN CALCULATION FOR CSR/AGENT <<<
Fetching from Main... Found 544 records.
Fetching from Amazon... Found 131 records.

>>> SYNC RESULTS <<<
Total records synced: 444
Fixed/Updated records: 0

WARNING: 183 CSR records still have work > 8 hours.

>>> Sync Complete <<<
PHP Warning:  PHP Startup: Unable to load dynamic library 'fileinfo.so' (tried: /usr/lib64/php7/extensions/fileinfo.so (/usr/lib64/php7/extensions/fileinfo.so: cannot open shared object file: No such file or directory), /usr/lib64/php7/extensions/fileinfo.so.so (/usr/lib64/php7/extensions/fileinfo.so.so: cannot open shared object file: No such file or directory)) in Unknown on line 0
PHP Warning:  Module 'pdo_pgsql' already loaded in Unknown on line 0
PHP Warning:  Module 'pgsql' already loaded in Unknown on line 0
PHP Warning:  Module 'Phar' already loaded in Unknown on line 0
>>> HYBRID SYNC STARTED: 2026-09-12 to 2026-09-13 <<<
>>> USING POSTGRESQL FINAL LOGIN CALCULATION FOR CSR/AGENT <<<
Fetching from Main... Found 544 records.
Fetching from Amazon... Found 131 records.

>>> SYNC RESULTS <<<
Total records synced: 444
Fixed/Updated records: 0

WARNING: 183 CSR records still have work > 8 hours.

>>> Sync Complete <<<
PHP Warning:  PHP Startup: Unable to load dynamic library 'fileinfo.so' (tried: /usr/lib64/php7/extensions/fileinfo.so (/usr/lib64/php7/extensions/fileinfo.so: cannot open shared object file: No such file or directory), /usr/lib64/php7/extensions/fileinfo.so.so (/usr/lib64/php7/extensions/fileinfo.so.so: cannot open shared object file: No such file or directory)) in Unknown on line 0
PHP Warning:  Module 'pdo_pgsql' already loaded in Unknown on line 0
PHP Warning:  Module 'pgsql' already loaded in Unknown on line 0
PHP Warning:  Module 'Phar' already loaded in Unknown on line 0
>>> HYBRID SYNC STARTED: 2026-09-12 to 2026-09-13 <<<
>>> USING POSTGRESQL FINAL LOGIN CALCULATION FOR CSR/AGENT <<<
Fetching from Main... Found 544 records.
Fetching from Amazon... Found 131 records.

>>> SYNC RESULTS <<<
Total records synced: 444
Fixed/Updated records: 0

WARNING: 183 CSR records still have work > 8 hours.

>>> Sync Complete <<<
PHP Warning:  PHP Startup: Unable to load dynamic library 'fileinfo.so' (tried: /usr/lib64/php7/extensions/fileinfo.so (/usr/lib64/php7/extensions/fileinfo.so: cannot open shared object file: No such file or directory), /usr/lib64/php7/extensions/fileinfo.so.so (/usr/lib64/php7/extensions/fileinfo.so.so: cannot open shared object file: No such file or directory)) in Unknown on line 0
PHP Warning:  Module 'pdo_pgsql' already loaded in Unknown on line 0
PHP Warning:  Module 'pgsql' already loaded in Unknown on line 0
PHP Warning:  Module 'Phar' already loaded in Unknown on line 0
>>> HYBRID SYNC STARTED: 2026-09-12 to 2026-09-13 <<<
>>> USING POSTGRESQL FINAL LOGIN CALCULATION FOR CSR/AGENT <<<
Fetching from Main... Found 544 records.
Fetching from Amazon... Found 131 records.

>>> SYNC RESULTS <<<
Total records synced: 444
Fixed/Updated records: 0

WARNING: 183 CSR records still have work > 8 hours.

>>> Sync Complete <<<
PHP Warning:  PHP Startup: Unable to load dynamic library 'fileinfo.so' (tried: /usr/lib64/php7/extensions/fileinfo.so (/usr/lib64/php7/extensions/fileinfo.so: cannot open shared object file: No such file or directory), /usr/lib64/php7/extensions/fileinfo.so.so (/usr/lib64/php7/extensions/fileinfo.so.so: cannot open shared object file: No such file or directory)) in Unknown on line 0
PHP Warning:  Module 'pdo_pgsql' already loaded in Unknown on line 0
PHP Warning:  Module 'pgsql' already loaded in Unknown on line 0
PHP Warning:  Module 'Phar' already loaded in Unknown on line 0
>>> HYBRID SYNC STARTED: 2026-09-12 to 2026-09-13 <<<
>>> USING POSTGRESQL FINAL LOGIN CALCULATION FOR CSR/AGENT <<<
Fetching from Main... Found 544 records.
Fetching from Amazon... Found 131 records.

>>> SYNC RESULTS <<<
Total records synced: 444
Fixed/Updated records: 0

WARNING: 183 CSR records still have work > 8 hours.

>>> Sync Complete <<<
PHP Warning:  PHP Startup: Unable to load dynamic library 'fileinfo.so' (tried: /usr/lib64/php7/extensions/fileinfo.so (/usr/lib64/php7/extensions/fileinfo.so: cannot open shared object file: No such file or directory), /usr/lib64/php7/extensions/fileinfo.so.so (/usr/lib64/php7/extensions/fileinfo.so.so: cannot open shared object file: No such file or directory)) in Unknown on line 0
PHP Warning:  Module 'pdo_pgsql' already loaded in Unknown on line 0
PHP Warning:  Module 'pgsql' already loaded in Unknown on line 0
PHP Warning:  Module 'Phar' already loaded in Unknown on line 0
>>> HYBRID SYNC STARTED: 2026-09-12 to 2026-09-13 <<<
>>> USING POSTGRESQL FINAL LOGIN CALCULATION FOR CSR/AGENT <<<
Fetching from Main... Found 544 records.
Fetching from Amazon... Found 131 records.

>>> SYNC RESULTS <<<
Total records synced: 444
Fixed/Updated records: 0

WARNING: 183 CSR records still have work > 8 hours.

>>> Sync Complete <<<
PHP Warning:  PHP Startup: Unable to load dynamic library 'fileinfo.so' (tried: /usr/lib64/php7/extensions/fileinfo.so (/usr/lib64/php7/extensions/fileinfo.so: cannot open shared object file: No such file or directory), /usr/lib64/php7/extensions/fileinfo.so.so (/usr/lib64/php7/extensions/fileinfo.so.so: cannot open shared object file: No such file or directory)) in Unknown on line 0
PHP Warning:  Module 'pdo_pgsql' already loaded in Unknown on line 0
PHP Warning:  Module 'pgsql' already loaded in Unknown on line 0
PHP Warning:  Module 'Phar' already loaded in Unknown on line 0
>>> HYBRID SYNC STARTED: 2026-09-12 to 2026-09-13 <<<
>>> USING POSTGRESQL FINAL LOGIN CALCULATION FOR CSR/AGENT <<<
Fetching from Main... Found 544 records.
Fetching from Amazon... Found 131 records.

>>> SYNC RESULTS <<<
Total records synced: 444
Fixed/Updated records: 0

WARNING: 183 CSR records still have work > 8 hours.

>>> Sync Complete <<<
PHP Warning:  PHP Startup: Unable to load dynamic library 'fileinfo.so' (tried: /usr/lib64/php7/extensions/fileinfo.so (/usr/lib64/php7/extensions/fileinfo.so: cannot open shared object file: No such file or directory), /usr/lib64/php7/extensions/fileinfo.so.so (/usr/lib64/php7/extensions/fileinfo.so.so: cannot open shared object file: No such file or directory)) in Unknown on line 0
PHP Warning:  Module 'pdo_pgsql' already loaded in Unknown on line 0
PHP Warning:  Module 'pgsql' already loaded in Unknown on line 0
PHP Warning:  Module 'Phar' already loaded in Unknown on line 0
>>> HYBRID SYNC STARTED: 2026-09-12 to 2026-09-13 <<<
>>> USING POSTGRESQL FINAL LOGIN CALCULATION FOR CSR/AGENT <<<
Fetching from Main... Found 544 records.
Fetching from Amazon... Found 131 records.

>>> SYNC RESULTS <<<
Total records synced: 444
Fixed/Updated records: 0

WARNING: 183 CSR records still have work > 8 hours.

>>> Sync Complete <<<
PHP Warning:  PHP Startup: Unable to load dynamic library 'fileinfo.so' (tried: /usr/lib64/php7/extensions/fileinfo.so (/usr/lib64/php7/extensions/fileinfo.so: cannot open shared object file: No such file or directory), /usr/lib64/php7/extensions/fileinfo.so.so (/usr/lib64/php7/extensions/fileinfo.so.so: cannot open shared object file: No such file or directory)) in Unknown on line 0
PHP Warning:  Module 'pdo_pgsql' already loaded in Unknown on line 0
PHP Warning:  Module 'pgsql' already loaded in Unknown on line 0
PHP Warning:  Module 'Phar' already loaded in Unknown on line 0
>>> HYBRID SYNC STARTED: 2026-09-12 to 2026-09-13 <<<
>>> USING POSTGRESQL FINAL LOGIN CALCULATION FOR CSR/AGENT <<<
Fetching from Main... Found 544 records.
Fetching from Amazon... Found 131 records.

>>> SYNC RESULTS <<<
Total records synced: 444
Fixed/Updated records: 0

WARNING: 183 CSR records still have work > 8 hours.

>>> Sync Complete <<<
PHP Warning:  PHP Startup: Unable to load dynamic library 'fileinfo.so' (tried: /usr/lib64/php7/extensions/fileinfo.so (/usr/lib64/php7/extensions/fileinfo.so: cannot open shared object file: No such file or directory), /usr/lib64/php7/extensions/fileinfo.so.so (/usr/lib64/php7/extensions/fileinfo.so.so: cannot open shared object file: No such file or directory)) in Unknown on line 0
PHP Warning:  Module 'pdo_pgsql' already loaded in Unknown on line 0
PHP Warning:  Module 'pgsql' already loaded in Unknown on line 0
PHP Warning:  Module 'Phar' already loaded in Unknown on line 0
>>> HYBRID SYNC STARTED: 2026-09-12 to 2026-09-13 <<<
>>> USING POSTGRESQL FINAL LOGIN CALCULATION FOR CSR/AGENT <<<
Fetching from Main... Found 544 records.
Fetching from Amazon... Found 131 records.

>>> SYNC RESULTS <<<
Total records synced: 444
Fixed/Updated records: 0

WARNING: 183 CSR records still have work > 8 hours.

>>> Sync Complete <<<
PHP Warning:  PHP Startup: Unable to load dynamic library 'fileinfo.so' (tried: /usr/lib64/php7/extensions/fileinfo.so (/usr/lib64/php7/extensions/fileinfo.so: cannot open shared object file: No such file or directory), /usr/lib64/php7/extensions/fileinfo.so.so (/usr/lib64/php7/extensions/fileinfo.so.so: cannot open shared object file: No such file or directory)) in Unknown on line 0
PHP Warning:  Module 'pdo_pgsql' already loaded in Unknown on line 0
PHP Warning:  Module 'pgsql' already loaded in Unknown on line 0
PHP Warning:  Module 'Phar' already loaded in Unknown on line 0
>>> HYBRID SYNC STARTED: 2026-09-12 to 2026-09-13 <<<
>>> USING POSTGRESQL FINAL LOGIN CALCULATION FOR CSR/AGENT <<<
Fetching from Main... Found 544 records.
Fetching from Amazon... Found 131 records.

>>> SYNC RESULTS <<<
Total records synced: 444
Fixed/Updated records: 0

WARNING: 183 CSR records still have work > 8 hours.

>>> Sync Complete <<<
PHP Warning:  PHP Startup: Unable to load dynamic library 'fileinfo.so' (tried: /usr/lib64/php7/extensions/fileinfo.so (/usr/lib64/php7/extensions/fileinfo.so: cannot open shared object file: No such file or directory), /usr/lib64/php7/extensions/fileinfo.so.so (/usr/lib64/php7/extensions/fileinfo.so.so: cannot open shared object file: No such file or directory)) in Unknown on line 0
PHP Warning:  Module 'pdo_pgsql' already loaded in Unknown on line 0
PHP Warning:  Module 'pgsql' already loaded in Unknown on line 0
PHP Warning:  Module 'Phar' already loaded in Unknown on line 0
>>> HYBRID SYNC STARTED: 2026-09-12 to 2026-09-13 <<<
>>> USING POSTGRESQL FINAL LOGIN CALCULATION FOR CSR/AGENT <<<
Fetching from Main... Found 544 records.
Fetching from Amazon... Found 131 records.

>>> SYNC RESULTS <<<
Total records synced: 444
Fixed/Updated records: 0

WARNING: 183 CSR records still have work > 8 hours.

>>> Sync Complete <<<
PHP Warning:  PHP Startup: Unable to load dynamic library 'fileinfo.so' (tried: /usr/lib64/php7/extensions/fileinfo.so (/usr/lib64/php7/extensions/fileinfo.so: cannot open shared object file: No such file or directory), /usr/lib64/php7/extensions/fileinfo.so.so (/usr/lib64/php7/extensions/fileinfo.so.so: cannot open shared object file: No such file or directory)) in Unknown on line 0
PHP Warning:  Module 'pdo_pgsql' already loaded in Unknown on line 0
PHP Warning:  Module 'pgsql' already loaded in Unknown on line 0
PHP Warning:  Module 'Phar' already loaded in Unknown on line 0
>>> HYBRID SYNC STARTED: 2026-09-12 to 2026-09-13 <<<
>>> USING POSTGRESQL FINAL LOGIN CALCULATION FOR CSR/AGENT <<<
Fetching from Main... Found 544 records.
Fetching from Amazon... Found 131 records.

>>> SYNC RESULTS <<<
Total records synced: 444
Fixed/Updated records: 0

WARNING: 183 CSR records still have work > 8 hours.

>>> Sync Complete <<<
PHP Warning:  PHP Startup: Unable to load dynamic library 'fileinfo.so' (tried: /usr/lib64/php7/extensions/fileinfo.so (/usr/lib64/php7/extensions/fileinfo.so: cannot open shared object file: No such file or directory), /usr/lib64/php7/extensions/fileinfo.so.so (/usr/lib64/php7/extensions/fileinfo.so.so: cannot open shared object file: No such file or directory)) in Unknown on line 0
PHP Warning:  Module 'pdo_pgsql' already loaded in Unknown on line 0
PHP Warning:  Module 'pgsql' already loaded in Unknown on line 0
PHP Warning:  Module 'Phar' already loaded in Unknown on line 0
>>> HYBRID SYNC STARTED: 2026-09-12 to 2026-09-13 <<<
>>> USING POSTGRESQL FINAL LOGIN CALCULATION FOR CSR/AGENT <<<
Fetching from Main... Found 551 records.
Fetching from Amazon... Found 131 records.

>>> SYNC RESULTS <<<
Total records synced: 445
Fixed/Updated records: 0

WARNING: 183 CSR records still have work > 8 hours.

>>> Sync Complete <<<
PHP Warning:  PHP Startup: Unable to load dynamic library 'fileinfo.so' (tried: /usr/lib64/php7/extensions/fileinfo.so (/usr/lib64/php7/extensions/fileinfo.so: cannot open shared object file: No such file or directory), /usr/lib64/php7/extensions/fileinfo.so.so (/usr/lib64/php7/extensions/fileinfo.so.so: cannot open shared object file: No such file or directory)) in Unknown on line 0
PHP Warning:  Module 'pdo_pgsql' already loaded in Unknown on line 0
PHP Warning:  Module 'pgsql' already loaded in Unknown on line 0
PHP Warning:  Module 'Phar' already loaded in Unknown on line 0
>>> HYBRID SYNC STARTED: 2026-09-12 to 2026-09-13 <<<
>>> USING POSTGRESQL FINAL LOGIN CALCULATION FOR CSR/AGENT <<<
Fetching from Main... Found 588 records.
Fetching from Amazon... Found 131 records.

>>> SYNC RESULTS <<<
Total records synced: 477
Fixed/Updated records: 0

WARNING: 183 CSR records still have work > 8 hours.

>>> Sync Complete <<<
PHP Warning:  PHP Startup: Unable to load dynamic library 'fileinfo.so' (tried: /usr/lib64/php7/extensions/fileinfo.so (/usr/lib64/php7/extensions/fileinfo.so: cannot open shared object file: No such file or directory), /usr/lib64/php7/extensions/fileinfo.so.so (/usr/lib64/php7/extensions/fileinfo.so.so: cannot open shared object file: No such file or directory)) in Unknown on line 0
PHP Warning:  Module 'pdo_pgsql' already loaded in Unknown on line 0
PHP Warning:  Module 'pgsql' already loaded in Unknown on line 0
PHP Warning:  Module 'Phar' already loaded in Unknown on line 0
>>> HYBRID SYNC STARTED: 2026-09-12 to 2026-09-13 <<<
>>> USING POSTGRESQL FINAL LOGIN CALCULATION FOR CSR/AGENT <<<
Fetching from Main... Found 596 records.
Fetching from Amazon... Found 131 records.

>>> SYNC RESULTS <<<
Total records synced: 482
Fixed/Updated records: 0

WARNING: 183 CSR records still have work > 8 hours.

>>> Sync Complete <<<
PHP Warning:  PHP Startup: Unable to load dynamic library 'fileinfo.so' (tried: /usr/lib64/php7/extensions/fileinfo.so (/usr/lib64/php7/extensions/fileinfo.so: cannot open shared object file: No such file or directory), /usr/lib64/php7/extensions/fileinfo.so.so (/usr/lib64/php7/extensions/fileinfo.so.so: cannot open shared object file: No such file or directory)) in Unknown on line 0
PHP Warning:  Module 'pdo_pgsql' already loaded in Unknown on line 0
PHP Warning:  Module 'pgsql' already loaded in Unknown on line 0
PHP Warning:  Module 'Phar' already loaded in Unknown on line 0
>>> HYBRID SYNC STARTED: 2026-09-12 to 2026-09-13 <<<
>>> USING POSTGRESQL FINAL LOGIN CALCULATION FOR CSR/AGENT <<<
Fetching from Main... Found 599 records.
Fetching from Amazon... Found 131 records.

>>> SYNC RESULTS <<<
Total records synced: 483
Fixed/Updated records: 0

WARNING: 183 CSR records still have work > 8 hours.

>>> Sync Complete <<<
PHP Warning:  PHP Startup: Unable to load dynamic library 'fileinfo.so' (tried: /usr/lib64/php7/extensions/fileinfo.so (/usr/lib64/php7/extensions/fileinfo.so: cannot open shared object file: No such file or directory), /usr/lib64/php7/extensions/fileinfo.so.so (/usr/lib64/php7/extensions/fileinfo.so.so: cannot open shared object file: No such file or directory)) in Unknown on line 0
PHP Warning:  Module 'pdo_pgsql' already loaded in Unknown on line 0
PHP Warning:  Module 'pgsql' already loaded in Unknown on line 0
PHP Warning:  Module 'Phar' already loaded in Unknown on line 0
>>> HYBRID SYNC STARTED: 2026-09-12 to 2026-09-13 <<<
>>> USING POSTGRESQL FINAL LOGIN CALCULATION FOR CSR/AGENT <<<
Fetching from Main... Found 599 records.
Fetching from Amazon... Found 131 records.

>>> SYNC RESULTS <<<
Total records synced: 483
Fixed/Updated records: 0

WARNING: 183 CSR records still have work > 8 hours.

>>> Sync Complete <<<
PHP Warning:  PHP Startup: Unable to load dynamic library 'fileinfo.so' (tried: /usr/lib64/php7/extensions/fileinfo.so (/usr/lib64/php7/extensions/fileinfo.so: cannot open shared object file: No such file or directory), /usr/lib64/php7/extensions/fileinfo.so.so (/usr/lib64/php7/extensions/fileinfo.so.so: cannot open shared object file: No such file or directory)) in Unknown on line 0
PHP Warning:  Module 'pdo_pgsql' already loaded in Unknown on line 0
PHP Warning:  Module 'pgsql' already loaded in Unknown on line 0
PHP Warning:  Module 'Phar' already loaded in Unknown on line 0
>>> HYBRID SYNC STARTED: 2026-09-12 to 2026-09-13 <<<
>>> USING POSTGRESQL FINAL LOGIN CALCULATION FOR CSR/AGENT <<<
Fetching from Main... Found 599 records.
Fetching from Amazon... Found 131 records.

>>> SYNC RESULTS <<<
Total records synced: 483
Fixed/Updated records: 0

WARNING: 183 CSR records still have work > 8 hours.

>>> Sync Complete <<<
PHP Warning:  PHP Startup: Unable to load dynamic library 'fileinfo.so' (tried: /usr/lib64/php7/extensions/fileinfo.so (/usr/lib64/php7/extensions/fileinfo.so: cannot open shared object file: No such file or directory), /usr/lib64/php7/extensions/fileinfo.so.so (/usr/lib64/php7/extensions/fileinfo.so.so: cannot open shared object file: No such file or directory)) in Unknown on line 0
PHP Warning:  Module 'pdo_pgsql' already loaded in Unknown on line 0
PHP Warning:  Module 'pgsql' already loaded in Unknown on line 0
PHP Warning:  Module 'Phar' already loaded in Unknown on line 0
>>> HYBRID SYNC STARTED: 2026-09-12 to 2026-09-13 <<<
>>> USING POSTGRESQL FINAL LOGIN CALCULATION FOR CSR/AGENT <<<
Fetching from Main... Found 599 records.
Fetching from Amazon... Found 131 records.

>>> SYNC RESULTS <<<
Total records synced: 483
Fixed/Updated records: 0

WARNING: 183 CSR records still have work > 8 hours.

>>> Sync Complete <<<
PHP Warning:  PHP Startup: Unable to load dynamic library 'fileinfo.so' (tried: /usr/lib64/php7/extensions/fileinfo.so (/usr/lib64/php7/extensions/fileinfo.so: cannot open shared object file: No such file or directory), /usr/lib64/php7/extensions/fileinfo.so.so (/usr/lib64/php7/extensions/fileinfo.so.so: cannot open shared object file: No such file or directory)) in Unknown on line 0
PHP Warning:  Module 'pdo_pgsql' already loaded in Unknown on line 0
PHP Warning:  Module 'pgsql' already loaded in Unknown on line 0
PHP Warning:  Module 'Phar' already loaded in Unknown on line 0
>>> HYBRID SYNC STARTED: 2026-09-12 to 2026-09-13 <<<
>>> USING POSTGRESQL FINAL LOGIN CALCULATION FOR CSR/AGENT <<<
Fetching from Main... Found 602 records.
Fetching from Amazon... Found 131 records.

>>> SYNC RESULTS <<<
Total records synced: 483
Fixed/Updated records: 0

WARNING: 183 CSR records still have work > 8 hours.

>>> Sync Complete <<<
PHP Warning:  PHP Startup: Unable to load dynamic library 'fileinfo.so' (tried: /usr/lib64/php7/extensions/fileinfo.so (/usr/lib64/php7/extensions/fileinfo.so: cannot open shared object file: No such file or directory), /usr/lib64/php7/extensions/fileinfo.so.so (/usr/lib64/php7/extensions/fileinfo.so.so: cannot open shared object file: No such file or directory)) in Unknown on line 0
PHP Warning:  Module 'pdo_pgsql' already loaded in Unknown on line 0
PHP Warning:  Module 'pgsql' already loaded in Unknown on line 0
PHP Warning:  Module 'Phar' already loaded in Unknown on line 0
>>> HYBRID SYNC STARTED: 2026-09-12 to 2026-09-13 <<<
>>> USING POSTGRESQL FINAL LOGIN CALCULATION FOR CSR/AGENT <<<
Fetching from Main... Found 602 records.
Fetching from Amazon... Found 131 records.

>>> SYNC RESULTS <<<
Total records synced: 483
Fixed/Updated records: 0

WARNING: 183 CSR records still have work > 8 hours.

>>> Sync Complete <<<
PHP Warning:  PHP Startup: Unable to load dynamic library 'fileinfo.so' (tried: /usr/lib64/php7/extensions/fileinfo.so (/usr/lib64/php7/extensions/fileinfo.so: cannot open shared object file: No such file or directory), /usr/lib64/php7/extensions/fileinfo.so.so (/usr/lib64/php7/extensions/fileinfo.so.so: cannot open shared object file: No such file or directory)) in Unknown on line 0
PHP Warning:  Module 'pdo_pgsql' already loaded in Unknown on line 0
PHP Warning:  Module 'pgsql' already loaded in Unknown on line 0
PHP Warning:  Module 'Phar' already loaded in Unknown on line 0
>>> HYBRID SYNC STARTED: 2026-09-12 to 2026-09-13 <<<
>>> USING POSTGRESQL FINAL LOGIN CALCULATION FOR CSR/AGENT <<<
Fetching from Main... Found 602 records.
Fetching from Amazon... Found 131 records.

>>> SYNC RESULTS <<<
Total records synced: 483
Fixed/Updated records: 0

WARNING: 183 CSR records still have work > 8 hours.

>>> Sync Complete <<<
PHP Warning:  PHP Startup: Unable to load dynamic library 'fileinfo.so' (tried: /usr/lib64/php7/extensions/fileinfo.so (/usr/lib64/php7/extensions/fileinfo.so: cannot open shared object file: No such file or directory), /usr/lib64/php7/extensions/fileinfo.so.so (/usr/lib64/php7/extensions/fileinfo.so.so: cannot open shared object file: No such file or directory)) in Unknown on line 0
PHP Warning:  Module 'pdo_pgsql' already loaded in Unknown on line 0
PHP Warning:  Module 'pgsql' already loaded in Unknown on line 0
PHP Warning:  Module 'Phar' already loaded in Unknown on line 0
>>> HYBRID SYNC STARTED: 2026-09-12 to 2026-09-13 <<<
>>> USING POSTGRESQL FINAL LOGIN CALCULATION FOR CSR/AGENT <<<
Fetching from Main... Found 602 records.
Fetching from Amazon... Found 131 records.

>>> SYNC RESULTS <<<
Total records synced: 483
Fixed/Updated records: 0

WARNING: 183 CSR records still have work > 8 hours.

>>> Sync Complete <<<
PHP Warning:  PHP Startup: Unable to load dynamic library 'fileinfo.so' (tried: /usr/lib64/php7/extensions/fileinfo.so (/usr/lib64/php7/extensions/fileinfo.so: cannot open shared object file: No such file or directory), /usr/lib64/php7/extensions/fileinfo.so.so (/usr/lib64/php7/extensions/fileinfo.so.so: cannot open shared object file: No such file or directory)) in Unknown on line 0
PHP Warning:  Module 'pdo_pgsql' already loaded in Unknown on line 0
PHP Warning:  Module 'pgsql' already loaded in Unknown on line 0
PHP Warning:  Module 'Phar' already loaded in Unknown on line 0
>>> HYBRID SYNC STARTED: 2026-09-12 to 2026-09-13 <<<
>>> USING POSTGRESQL FINAL LOGIN CALCULATION FOR CSR/AGENT <<<
Fetching from Main... Found 602 records.
Fetching from Amazon... Found 131 records.

>>> SYNC RESULTS <<<
Total records synced: 483
Fixed/Updated records: 0

WARNING: 183 CSR records still have work > 8 hours.

>>> Sync Complete <<<
PHP Warning:  PHP Startup: Unable to load dynamic library 'fileinfo.so' (tried: /usr/lib64/php7/extensions/fileinfo.so (/usr/lib64/php7/extensions/fileinfo.so: cannot open shared object file: No such file or directory), /usr/lib64/php7/extensions/fileinfo.so.so (/usr/lib64/php7/extensions/fileinfo.so.so: cannot open shared object file: No such file or directory)) in Unknown on line 0
PHP Warning:  Module 'pdo_pgsql' already loaded in Unknown on line 0
PHP Warning:  Module 'pgsql' already loaded in Unknown on line 0
PHP Warning:  Module 'Phar' already loaded in Unknown on line 0
>>> HYBRID SYNC STARTED: 2026-09-12 to 2026-09-13 <<<
>>> USING POSTGRESQL FINAL LOGIN CALCULATION FOR CSR/AGENT <<<
Fetching from Main... Found 602 records.
Fetching from Amazon... Found 131 records.

>>> SYNC RESULTS <<<
Total records synced: 483
Fixed/Updated records: 0

WARNING: 183 CSR records still have work > 8 hours.

>>> Sync Complete <<<
PHP Warning:  PHP Startup: Unable to load dynamic library 'fileinfo.so' (tried: /usr/lib64/php7/extensions/fileinfo.so (/usr/lib64/php7/extensions/fileinfo.so: cannot open shared object file: No such file or directory), /usr/lib64/php7/extensions/fileinfo.so.so (/usr/lib64/php7/extensions/fileinfo.so.so: cannot open shared object file: No such file or directory)) in Unknown on line 0
PHP Warning:  Module 'pdo_pgsql' already loaded in Unknown on line 0
PHP Warning:  Module 'pgsql' already loaded in Unknown on line 0
PHP Warning:  Module 'Phar' already loaded in Unknown on line 0
>>> HYBRID SYNC STARTED: 2026-09-12 to 2026-09-13 <<<
>>> USING POSTGRESQL FINAL LOGIN CALCULATION FOR CSR/AGENT <<<
Fetching from Main... Found 603 records.
Fetching from Amazon... Found 131 records.

>>> SYNC RESULTS <<<
Total records synced: 484
Fixed/Updated records: 0

WARNING: 183 CSR records still have work > 8 hours.

>>> Sync Complete <<<
PHP Warning:  PHP Startup: Unable to load dynamic library 'fileinfo.so' (tried: /usr/lib64/php7/extensions/fileinfo.so (/usr/lib64/php7/extensions/fileinfo.so: cannot open shared object file: No such file or directory), /usr/lib64/php7/extensions/fileinfo.so.so (/usr/lib64/php7/extensions/fileinfo.so.so: cannot open shared object file: No such file or directory)) in Unknown on line 0
PHP Warning:  Module 'pdo_pgsql' already loaded in Unknown on line 0
PHP Warning:  Module 'pgsql' already loaded in Unknown on line 0
PHP Warning:  Module 'Phar' already loaded in Unknown on line 0
>>> HYBRID SYNC STARTED: 2026-09-12 to 2026-09-13 <<<
>>> USING POSTGRESQL FINAL LOGIN CALCULATION FOR CSR/AGENT <<<
Fetching from Main... Found 603 records.
Fetching from Amazon... Found 131 records.

>>> SYNC RESULTS <<<
Total records synced: 484
Fixed/Updated records: 0

WARNING: 183 CSR records still have work > 8 hours.

>>> Sync Complete <<<
PHP Warning:  PHP Startup: Unable to load dynamic library 'fileinfo.so' (tried: /usr/lib64/php7/extensions/fileinfo.so (/usr/lib64/php7/extensions/fileinfo.so: cannot open shared object file: No such file or directory), /usr/lib64/php7/extensions/fileinfo.so.so (/usr/lib64/php7/extensions/fileinfo.so.so: cannot open shared object file: No such file or directory)) in Unknown on line 0
PHP Warning:  Module 'pdo_pgsql' already loaded in Unknown on line 0
PHP Warning:  Module 'pgsql' already loaded in Unknown on line 0
PHP Warning:  Module 'Phar' already loaded in Unknown on line 0
>>> HYBRID SYNC STARTED: 2026-09-12 to 2026-09-13 <<<
>>> USING POSTGRESQL FINAL LOGIN CALCULATION FOR CSR/AGENT <<<
Fetching from Main... Found 604 records.
Fetching from Amazon... Found 131 records.

>>> SYNC RESULTS <<<
Total records synced: 484
Fixed/Updated records: 0

WARNING: 183 CSR records still have work > 8 hours.

>>> Sync Complete <<<
PHP Warning:  PHP Startup: Unable to load dynamic library 'fileinfo.so' (tried: /usr/lib64/php7/extensions/fileinfo.so (/usr/lib64/php7/extensions/fileinfo.so: cannot open shared object file: No such file or directory), /usr/lib64/php7/extensions/fileinfo.so.so (/usr/lib64/php7/extensions/fileinfo.so.so: cannot open shared object file: No such file or directory)) in Unknown on line 0
PHP Warning:  Module 'pdo_pgsql' already loaded in Unknown on line 0
PHP Warning:  Module 'pgsql' already loaded in Unknown on line 0
PHP Warning:  Module 'Phar' already loaded in Unknown on line 0
>>> HYBRID SYNC STARTED: 2026-09-12 to 2026-09-13 <<<
>>> USING POSTGRESQL FINAL LOGIN CALCULATION FOR CSR/AGENT <<<
Fetching from Main... Found 604 records.
Fetching from Amazon... Found 131 records.

>>> SYNC RESULTS <<<
Total records synced: 484
Fixed/Updated records: 0

WARNING: 183 CSR records still have work > 8 hours.

>>> Sync Complete <<<
PHP Warning:  PHP Startup: Unable to load dynamic library 'fileinfo.so' (tried: /usr/lib64/php7/extensions/fileinfo.so (/usr/lib64/php7/extensions/fileinfo.so: cannot open shared object file: No such file or directory), /usr/lib64/php7/extensions/fileinfo.so.so (/usr/lib64/php7/extensions/fileinfo.so.so: cannot open shared object file: No such file or directory)) in Unknown on line 0
PHP Warning:  Module 'pdo_pgsql' already loaded in Unknown on line 0
PHP Warning:  Module 'pgsql' already loaded in Unknown on line 0
PHP Warning:  Module 'Phar' already loaded in Unknown on line 0
>>> HYBRID SYNC STARTED: 2026-09-12 to 2026-09-13 <<<
>>> USING POSTGRESQL FINAL LOGIN CALCULATION FOR CSR/AGENT <<<
Fetching from Main... Found 604 records.
Fetching from Amazon... Found 131 records.

>>> SYNC RESULTS <<<
Total records synced: 484
Fixed/Updated records: 0

WARNING: 183 CSR records still have work > 8 hours.

>>> Sync Complete <<<
PHP Warning:  PHP Startup: Unable to load dynamic library 'fileinfo.so' (tried: /usr/lib64/php7/extensions/fileinfo.so (/usr/lib64/php7/extensions/fileinfo.so: cannot open shared object file: No such file or directory), /usr/lib64/php7/extensions/fileinfo.so.so (/usr/lib64/php7/extensions/fileinfo.so.so: cannot open shared object file: No such file or directory)) in Unknown on line 0
PHP Warning:  Module 'pdo_pgsql' already loaded in Unknown on line 0
PHP Warning:  Module 'pgsql' already loaded in Unknown on line 0
PHP Warning:  Module 'Phar' already loaded in Unknown on line 0
>>> HYBRID SYNC STARTED: 2026-09-12 to 2026-09-13 <<<
>>> USING POSTGRESQL FINAL LOGIN CALCULATION FOR CSR/AGENT <<<
Fetching from Main... Found 604 records.
Fetching from Amazon... Found 131 records.

>>> SYNC RESULTS <<<
Total records synced: 484
Fixed/Updated records: 0

WARNING: 183 CSR records still have work > 8 hours.

>>> Sync Complete <<<
PHP Warning:  PHP Startup: Unable to load dynamic library 'fileinfo.so' (tried: /usr/lib64/php7/extensions/fileinfo.so (/usr/lib64/php7/extensions/fileinfo.so: cannot open shared object file: No such file or directory), /usr/lib64/php7/extensions/fileinfo.so.so (/usr/lib64/php7/extensions/fileinfo.so.so: cannot open shared object file: No such file or directory)) in Unknown on line 0
PHP Warning:  Module 'pdo_pgsql' already loaded in Unknown on line 0
PHP Warning:  Module 'pgsql' already loaded in Unknown on line 0
PHP Warning:  Module 'Phar' already loaded in Unknown on line 0
>>> HYBRID SYNC STARTED: 2026-09-12 to 2026-09-13 <<<
>>> USING POSTGRESQL FINAL LOGIN CALCULATION FOR CSR/AGENT <<<
Fetching from Main... Found 604 records.
Fetching from Amazon... Found 131 records.

>>> SYNC RESULTS <<<
Total records synced: 484
Fixed/Updated records: 0

WARNING: 183 CSR records still have work > 8 hours.

>>> Sync Complete <<<
PHP Warning:  PHP Startup: Unable to load dynamic library 'fileinfo.so' (tried: /usr/lib64/php7/extensions/fileinfo.so (/usr/lib64/php7/extensions/fileinfo.so: cannot open shared object file: No such file or directory), /usr/lib64/php7/extensions/fileinfo.so.so (/usr/lib64/php7/extensions/fileinfo.so.so: cannot open shared object file: No such file or directory)) in Unknown on line 0
PHP Warning:  Module 'pdo_pgsql' already loaded in Unknown on line 0
PHP Warning:  Module 'pgsql' already loaded in Unknown on line 0
PHP Warning:  Module 'Phar' already loaded in Unknown on line 0
>>> HYBRID SYNC STARTED: 2026-09-12 to 2026-09-13 <<<
>>> USING POSTGRESQL FINAL LOGIN CALCULATION FOR CSR/AGENT <<<
Fetching from Main... Found 604 records.
Fetching from Amazon... Found 131 records.

>>> SYNC RESULTS <<<
Total records synced: 484
Fixed/Updated records: 0

WARNING: 183 CSR records still have work > 8 hours.

>>> Sync Complete <<<
PHP Warning:  PHP Startup: Unable to load dynamic library 'fileinfo.so' (tried: /usr/lib64/php7/extensions/fileinfo.so (/usr/lib64/php7/extensions/fileinfo.so: cannot open shared object file: No such file or directory), /usr/lib64/php7/extensions/fileinfo.so.so (/usr/lib64/php7/extensions/fileinfo.so.so: cannot open shared object file: No such file or directory)) in Unknown on line 0
PHP Warning:  Module 'pdo_pgsql' already loaded in Unknown on line 0
PHP Warning:  Module 'pgsql' already loaded in Unknown on line 0
PHP Warning:  Module 'Phar' already loaded in Unknown on line 0
>>> HYBRID SYNC STARTED: 2026-09-12 to 2026-09-13 <<<
>>> USING POSTGRESQL FINAL LOGIN CALCULATION FOR CSR/AGENT <<<
Fetching from Main... Found 604 records.
Fetching from Amazon... Found 131 records.

>>> SYNC RESULTS <<<
Total records synced: 484
Fixed/Updated records: 0

WARNING: 183 CSR records still have work > 8 hours.

>>> Sync Complete <<<
PHP Warning:  PHP Startup: Unable to load dynamic library 'fileinfo.so' (tried: /usr/lib64/php7/extensions/fileinfo.so (/usr/lib64/php7/extensions/fileinfo.so: cannot open shared object file: No such file or directory), /usr/lib64/php7/extensions/fileinfo.so.so (/usr/lib64/php7/extensions/fileinfo.so.so: cannot open shared object file: No such file or directory)) in Unknown on line 0
PHP Warning:  Module 'pdo_pgsql' already loaded in Unknown on line 0
PHP Warning:  Module 'pgsql' already loaded in Unknown on line 0
PHP Warning:  Module 'Phar' already loaded in Unknown on line 0
>>> HYBRID SYNC STARTED: 2026-09-12 to 2026-09-13 <<<
>>> USING POSTGRESQL FINAL LOGIN CALCULATION FOR CSR/AGENT <<<
Fetching from Main... Found 604 records.
Fetching from Amazon... Found 131 records.

>>> SYNC RESULTS <<<
Total records synced: 484
Fixed/Updated records: 0

WARNING: 183 CSR records still have work > 8 hours.

>>> Sync Complete <<<
PHP Warning:  PHP Startup: Unable to load dynamic library 'fileinfo.so' (tried: /usr/lib64/php7/extensions/fileinfo.so (/usr/lib64/php7/extensions/fileinfo.so: cannot open shared object file: No such file or directory), /usr/lib64/php7/extensions/fileinfo.so.so (/usr/lib64/php7/extensions/fileinfo.so.so: cannot open shared object file: No such file or directory)) in Unknown on line 0
PHP Warning:  Module 'pdo_pgsql' already loaded in Unknown on line 0
PHP Warning:  Module 'pgsql' already loaded in Unknown on line 0
PHP Warning:  Module 'Phar' already loaded in Unknown on line 0
>>> HYBRID SYNC STARTED: 2026-09-12 to 2026-09-13 <<<
>>> USING POSTGRESQL FINAL LOGIN CALCULATION FOR CSR/AGENT <<<
Fetching from Main... Found 604 records.
Fetching from Amazon... Found 131 records.

>>> SYNC RESULTS <<<
Total records synced: 484
Fixed/Updated records: 0

WARNING: 183 CSR records still have work > 8 hours.

>>> Sync Complete <<<
PHP Warning:  PHP Startup: Unable to load dynamic library 'fileinfo.so' (tried: /usr/lib64/php7/extensions/fileinfo.so (/usr/lib64/php7/extensions/fileinfo.so: cannot open shared object file: No such file or directory), /usr/lib64/php7/extensions/fileinfo.so.so (/usr/lib64/php7/extensions/fileinfo.so.so: cannot open shared object file: No such file or directory)) in Unknown on line 0
PHP Warning:  Module 'pdo_pgsql' already loaded in Unknown on line 0
PHP Warning:  Module 'pgsql' already loaded in Unknown on line 0
PHP Warning:  Module 'Phar' already loaded in Unknown on line 0
>>> HYBRID SYNC STARTED: 2026-09-12 to 2026-09-13 <<<
>>> USING POSTGRESQL FINAL LOGIN CALCULATION FOR CSR/AGENT <<<
Fetching from Main... Found 604 records.
Fetching from Amazon... Found 131 records.

>>> SYNC RESULTS <<<
Total records synced: 484
Fixed/Updated records: 0

WARNING: 183 CSR records still have work > 8 hours.

>>> Sync Complete <<<
PHP Warning:  PHP Startup: Unable to load dynamic library 'fileinfo.so' (tried: /usr/lib64/php7/extensions/fileinfo.so (/usr/lib64/php7/extensions/fileinfo.so: cannot open shared object file: No such file or directory), /usr/lib64/php7/extensions/fileinfo.so.so (/usr/lib64/php7/extensions/fileinfo.so.so: cannot open shared object file: No such file or directory)) in Unknown on line 0
PHP Warning:  Module 'pdo_pgsql' already loaded in Unknown on line 0
PHP Warning:  Module 'pgsql' already loaded in Unknown on line 0
PHP Warning:  Module 'Phar' already loaded in Unknown on line 0
>>> HYBRID SYNC STARTED: 2026-09-12 to 2026-09-13 <<<
>>> USING POSTGRESQL FINAL LOGIN CALCULATION FOR CSR/AGENT <<<
Fetching from Main... Found 604 records.
Fetching from Amazon... Found 131 records.

>>> SYNC RESULTS <<<
Total records synced: 484
Fixed/Updated records: 0

WARNING: 183 CSR records still have work > 8 hours.

>>> Sync Complete <<<
PHP Warning:  PHP Startup: Unable to load dynamic library 'fileinfo.so' (tried: /usr/lib64/php7/extensions/fileinfo.so (/usr/lib64/php7/extensions/fileinfo.so: cannot open shared object file: No such file or directory), /usr/lib64/php7/extensions/fileinfo.so.so (/usr/lib64/php7/extensions/fileinfo.so.so: cannot open shared object file: No such file or directory)) in Unknown on line 0
PHP Warning:  Module 'pdo_pgsql' already loaded in Unknown on line 0
PHP Warning:  Module 'pgsql' already loaded in Unknown on line 0
PHP Warning:  Module 'Phar' already loaded in Unknown on line 0
>>> HYBRID SYNC STARTED: 2026-09-12 to 2026-09-13 <<<
>>> USING POSTGRESQL FINAL LOGIN CALCULATION FOR CSR/AGENT <<<
Fetching from Main... Found 604 records.
Fetching from Amazon... Found 131 records.

>>> SYNC RESULTS <<<
Total records synced: 484
Fixed/Updated records: 0

WARNING: 183 CSR records still have work > 8 hours.

>>> Sync Complete <<<
PHP Warning:  PHP Startup: Unable to load dynamic library 'fileinfo.so' (tried: /usr/lib64/php7/extensions/fileinfo.so (/usr/lib64/php7/extensions/fileinfo.so: cannot open shared object file: No such file or directory), /usr/lib64/php7/extensions/fileinfo.so.so (/usr/lib64/php7/extensions/fileinfo.so.so: cannot open shared object file: No such file or directory)) in Unknown on line 0
PHP Warning:  Module 'pdo_pgsql' already loaded in Unknown on line 0
PHP Warning:  Module 'pgsql' already loaded in Unknown on line 0
PHP Warning:  Module 'Phar' already loaded in Unknown on line 0
>>> HYBRID SYNC STARTED: 2026-09-12 to 2026-09-13 <<<
>>> USING POSTGRESQL FINAL LOGIN CALCULATION FOR CSR/AGENT <<<
Fetching from Main... Found 604 records.
Fetching from Amazon... Found 131 records.

>>> SYNC RESULTS <<<
Total records synced: 484
Fixed/Updated records: 0

WARNING: 183 CSR records still have work > 8 hours.

>>> Sync Complete <<<
PHP Warning:  PHP Startup: Unable to load dynamic library 'fileinfo.so' (tried: /usr/lib64/php7/extensions/fileinfo.so (/usr/lib64/php7/extensions/fileinfo.so: cannot open shared object file: No such file or directory), /usr/lib64/php7/extensions/fileinfo.so.so (/usr/lib64/php7/extensions/fileinfo.so.so: cannot open shared object file: No such file or directory)) in Unknown on line 0
PHP Warning:  Module 'pdo_pgsql' already loaded in Unknown on line 0
PHP Warning:  Module 'pgsql' already loaded in Unknown on line 0
PHP Warning:  Module 'Phar' already loaded in Unknown on line 0
>>> HYBRID SYNC STARTED: 2026-09-12 to 2026-09-13 <<<
>>> USING POSTGRESQL FINAL LOGIN CALCULATION FOR CSR/AGENT <<<
Fetching from Main... Found 604 records.
Fetching from Amazon... Found 131 records.

>>> SYNC RESULTS <<<
Total records synced: 484
Fixed/Updated records: 0

WARNING: 183 CSR records still have work > 8 hours.

>>> Sync Complete <<<
PHP Warning:  PHP Startup: Unable to load dynamic library 'fileinfo.so' (tried: /usr/lib64/php7/extensions/fileinfo.so (/usr/lib64/php7/extensions/fileinfo.so: cannot open shared object file: No such file or directory), /usr/lib64/php7/extensions/fileinfo.so.so (/usr/lib64/php7/extensions/fileinfo.so.so: cannot open shared object file: No such file or directory)) in Unknown on line 0
PHP Warning:  Module 'pdo_pgsql' already loaded in Unknown on line 0
PHP Warning:  Module 'pgsql' already loaded in Unknown on line 0
PHP Warning:  Module 'Phar' already loaded in Unknown on line 0
>>> HYBRID SYNC STARTED: 2026-09-13 to 2026-09-14 <<<
>>> USING POSTGRESQL FINAL LOGIN CALCULATION FOR CSR/AGENT <<<
Fetching from Main... Found 91 records.
Fetching from Amazon... Found 9 records.

>>> SYNC RESULTS <<<
Total records synced: 67
Fixed/Updated records: 0

? ALL CSR records verified with correct work hours (<= 8 hours)

>>> Sync Complete <<<
PHP Warning:  PHP Startup: Unable to load dynamic library 'fileinfo.so' (tried: /usr/lib64/php7/extensions/fileinfo.so (/usr/lib64/php7/extensions/fileinfo.so: cannot open shared object file: No such file or directory), /usr/lib64/php7/extensions/fileinfo.so.so (/usr/lib64/php7/extensions/fileinfo.so.so: cannot open shared object file: No such file or directory)) in Unknown on line 0
PHP Warning:  Module 'pdo_pgsql' already loaded in Unknown on line 0
PHP Warning:  Module 'pgsql' already loaded in Unknown on line 0
PHP Warning:  Module 'Phar' already loaded in Unknown on line 0
>>> HYBRID SYNC STARTED: 2026-09-13 to 2026-09-14 <<<
>>> USING POSTGRESQL FINAL LOGIN CALCULATION FOR CSR/AGENT <<<
Fetching from Main... Found 107 records.
Fetching from Amazon... Found 11 records.

>>> SYNC RESULTS <<<
Total records synced: 77
Fixed/Updated records: 0

? ALL CSR records verified with correct work hours (<= 8 hours)

>>> Sync Complete <<<
PHP Warning:  PHP Startup: Unable to load dynamic library 'fileinfo.so' (tried: /usr/lib64/php7/extensions/fileinfo.so (/usr/lib64/php7/extensions/fileinfo.so: cannot open shared object file: No such file or directory), /usr/lib64/php7/extensions/fileinfo.so.so (/usr/lib64/php7/extensions/fileinfo.so.so: cannot open shared object file: No such file or directory)) in Unknown on line 0
PHP Warning:  Module 'pdo_pgsql' already loaded in Unknown on line 0
PHP Warning:  Module 'pgsql' already loaded in Unknown on line 0
PHP Warning:  Module 'Phar' already loaded in Unknown on line 0
>>> HYBRID SYNC STARTED: 2026-09-13 to 2026-09-14 <<<
>>> USING POSTGRESQL FINAL LOGIN CALCULATION FOR CSR/AGENT <<<
Fetching from Main... Found 107 records.
Fetching from Amazon... Found 11 records.

>>> SYNC RESULTS <<<
Total records synced: 77
Fixed/Updated records: 0

? ALL CSR records verified with correct work hours (<= 8 hours)

>>> Sync Complete <<<
PHP Warning:  PHP Startup: Unable to load dynamic library 'fileinfo.so' (tried: /usr/lib64/php7/extensions/fileinfo.so (/usr/lib64/php7/extensions/fileinfo.so: cannot open shared object file: No such file or directory), /usr/lib64/php7/extensions/fileinfo.so.so (/usr/lib64/php7/extensions/fileinfo.so.so: cannot open shared object file: No such file or directory)) in Unknown on line 0
PHP Warning:  Module 'pdo_pgsql' already loaded in Unknown on line 0
PHP Warning:  Module 'pgsql' already loaded in Unknown on line 0
PHP Warning:  Module 'Phar' already loaded in Unknown on line 0
>>> HYBRID SYNC STARTED: 2026-09-13 to 2026-09-14 <<<
>>> USING POSTGRESQL FINAL LOGIN CALCULATION FOR CSR/AGENT <<<
Fetching from Main... Found 107 records.
Fetching from Amazon... Found 11 records.

>>> SYNC RESULTS <<<
Total records synced: 77
Fixed/Updated records: 0

? ALL CSR records verified with correct work hours (<= 8 hours)

>>> Sync Complete <<<
PHP Warning:  PHP Startup: Unable to load dynamic library 'fileinfo.so' (tried: /usr/lib64/php7/extensions/fileinfo.so (/usr/lib64/php7/extensions/fileinfo.so: cannot open shared object file: No such file or directory), /usr/lib64/php7/extensions/fileinfo.so.so (/usr/lib64/php7/extensions/fileinfo.so.so: cannot open shared object file: No such file or directory)) in Unknown on line 0
PHP Warning:  Module 'pdo_pgsql' already loaded in Unknown on line 0
PHP Warning:  Module 'pgsql' already loaded in Unknown on line 0
PHP Warning:  Module 'Phar' already loaded in Unknown on line 0
>>> HYBRID SYNC STARTED: 2026-09-13 to 2026-09-14 <<<
>>> USING POSTGRESQL FINAL LOGIN CALCULATION FOR CSR/AGENT <<<
Fetching from Main... Found 107 records.
Fetching from Amazon... Found 11 records.

>>> SYNC RESULTS <<<
Total records synced: 77
Fixed/Updated records: 0

? ALL CSR records verified with correct work hours (<= 8 hours)

>>> Sync Complete <<<
PHP Warning:  PHP Startup: Unable to load dynamic library 'fileinfo.so' (tried: /usr/lib64/php7/extensions/fileinfo.so (/usr/lib64/php7/extensions/fileinfo.so: cannot open shared object file: No such file or directory), /usr/lib64/php7/extensions/fileinfo.so.so (/usr/lib64/php7/extensions/fileinfo.so.so: cannot open shared object file: No such file or directory)) in Unknown on line 0
PHP Warning:  Module 'pdo_pgsql' already loaded in Unknown on line 0
PHP Warning:  Module 'pgsql' already loaded in Unknown on line 0
PHP Warning:  Module 'Phar' already loaded in Unknown on line 0
>>> HYBRID SYNC STARTED: 2026-09-13 to 2026-09-14 <<<
>>> USING POSTGRESQL FINAL LOGIN CALCULATION FOR CSR/AGENT <<<
Fetching from Main... Found 107 records.
Fetching from Amazon... Found 11 records.

>>> SYNC RESULTS <<<
Total records synced: 77
Fixed/Updated records: 0

? ALL CSR records verified with correct work hours (<= 8 hours)

>>> Sync Complete <<<
PHP Warning:  PHP Startup: Unable to load dynamic library 'fileinfo.so' (tried: /usr/lib64/php7/extensions/fileinfo.so (/usr/lib64/php7/extensions/fileinfo.so: cannot open shared object file: No such file or directory), /usr/lib64/php7/extensions/fileinfo.so.so (/usr/lib64/php7/extensions/fileinfo.so.so: cannot open shared object file: No such file or directory)) in Unknown on line 0
PHP Warning:  Module 'pdo_pgsql' already loaded in Unknown on line 0
PHP Warning:  Module 'pgsql' already loaded in Unknown on line 0
PHP Warning:  Module 'Phar' already loaded in Unknown on line 0
>>> HYBRID SYNC STARTED: 2026-09-13 to 2026-09-14 <<<
>>> USING POSTGRESQL FINAL LOGIN CALCULATION FOR CSR/AGENT <<<
Fetching from Main... Found 107 records.
Fetching from Amazon... Found 11 records.

>>> SYNC RESULTS <<<
Total records synced: 77
Fixed/Updated records: 0

? ALL CSR records verified with correct work hours (<= 8 hours)

>>> Sync Complete <<<
PHP Warning:  PHP Startup: Unable to load dynamic library 'fileinfo.so' (tried: /usr/lib64/php7/extensions/fileinfo.so (/usr/lib64/php7/extensions/fileinfo.so: cannot open shared object file: No such file or directory), /usr/lib64/php7/extensions/fileinfo.so.so (/usr/lib64/php7/extensions/fileinfo.so.so: cannot open shared object file: No such file or directory)) in Unknown on line 0
PHP Warning:  Module 'pdo_pgsql' already loaded in Unknown on line 0
PHP Warning:  Module 'pgsql' already loaded in Unknown on line 0
PHP Warning:  Module 'Phar' already loaded in Unknown on line 0
>>> HYBRID SYNC STARTED: 2026-09-13 to 2026-09-14 <<<
>>> USING POSTGRESQL FINAL LOGIN CALCULATION FOR CSR/AGENT <<<
Fetching from Main... Found 107 records.
Fetching from Amazon... Found 11 records.

>>> SYNC RESULTS <<<
Total records synced: 77
Fixed/Updated records: 0

? ALL CSR records verified with correct work hours (<= 8 hours)

>>> Sync Complete <<<
PHP Warning:  PHP Startup: Unable to load dynamic library 'fileinfo.so' (tried: /usr/lib64/php7/extensions/fileinfo.so (/usr/lib64/php7/extensions/fileinfo.so: cannot open shared object file: No such file or directory), /usr/lib64/php7/extensions/fileinfo.so.so (/usr/lib64/php7/extensions/fileinfo.so.so: cannot open shared object file: No such file or directory)) in Unknown on line 0
PHP Warning:  Module 'pdo_pgsql' already loaded in Unknown on line 0
PHP Warning:  Module 'pgsql' already loaded in Unknown on line 0
PHP Warning:  Module 'Phar' already loaded in Unknown on line 0
>>> HYBRID SYNC STARTED: 2026-09-13 to 2026-09-14 <<<
>>> USING POSTGRESQL FINAL LOGIN CALCULATION FOR CSR/AGENT <<<
Fetching from Main... Found 107 records.
Fetching from Amazon... Found 11 records.

>>> SYNC RESULTS <<<
Total records synced: 77
Fixed/Updated records: 0

? ALL CSR records verified with correct work hours (<= 8 hours)

>>> Sync Complete <<<
PHP Warning:  PHP Startup: Unable to load dynamic library 'fileinfo.so' (tried: /usr/lib64/php7/extensions/fileinfo.so (/usr/lib64/php7/extensions/fileinfo.so: cannot open shared object file: No such file or directory), /usr/lib64/php7/extensions/fileinfo.so.so (/usr/lib64/php7/extensions/fileinfo.so.so: cannot open shared object file: No such file or directory)) in Unknown on line 0
PHP Warning:  Module 'pdo_pgsql' already loaded in Unknown on line 0
PHP Warning:  Module 'pgsql' already loaded in Unknown on line 0
PHP Warning:  Module 'Phar' already loaded in Unknown on line 0
>>> HYBRID SYNC STARTED: 2026-09-13 to 2026-09-14 <<<
>>> USING POSTGRESQL FINAL LOGIN CALCULATION FOR CSR/AGENT <<<
Fetching from Main... Found 107 records.
Fetching from Amazon... Found 11 records.

>>> SYNC RESULTS <<<
Total records synced: 77
Fixed/Updated records: 0

? ALL CSR records verified with correct work hours (<= 8 hours)

>>> Sync Complete <<<
PHP Warning:  PHP Startup: Unable to load dynamic library 'fileinfo.so' (tried: /usr/lib64/php7/extensions/fileinfo.so (/usr/lib64/php7/extensions/fileinfo.so: cannot open shared object file: No such file or directory), /usr/lib64/php7/extensions/fileinfo.so.so (/usr/lib64/php7/extensions/fileinfo.so.so: cannot open shared object file: No such file or directory)) in Unknown on line 0
PHP Warning:  Module 'pdo_pgsql' already loaded in Unknown on line 0
PHP Warning:  Module 'pgsql' already loaded in Unknown on line 0
PHP Warning:  Module 'Phar' already loaded in Unknown on line 0
>>> HYBRID SYNC STARTED: 2026-09-13 to 2026-09-14 <<<
>>> USING POSTGRESQL FINAL LOGIN CALCULATION FOR CSR/AGENT <<<
Fetching from Main... Found 107 records.
Fetching from Amazon... Found 11 records.

>>> SYNC RESULTS <<<
Total records synced: 77
Fixed/Updated records: 0

? ALL CSR records verified with correct work hours (<= 8 hours)

>>> Sync Complete <<<
PHP Warning:  PHP Startup: Unable to load dynamic library 'fileinfo.so' (tried: /usr/lib64/php7/extensions/fileinfo.so (/usr/lib64/php7/extensions/fileinfo.so: cannot open shared object file: No such file or directory), /usr/lib64/php7/extensions/fileinfo.so.so (/usr/lib64/php7/extensions/fileinfo.so.so: cannot open shared object file: No such file or directory)) in Unknown on line 0
PHP Warning:  Module 'pdo_pgsql' already loaded in Unknown on line 0
PHP Warning:  Module 'pgsql' already loaded in Unknown on line 0
PHP Warning:  Module 'Phar' already loaded in Unknown on line 0
>>> HYBRID SYNC STARTED: 2026-09-13 to 2026-09-14 <<<
>>> USING POSTGRESQL FINAL LOGIN CALCULATION FOR CSR/AGENT <<<
Fetching from Main... Found 107 records.
Fetching from Amazon... Found 11 records.

>>> SYNC RESULTS <<<
Total records synced: 77
Fixed/Updated records: 0

? ALL CSR records verified with correct work hours (<= 8 hours)

>>> Sync Complete <<<
PHP Warning:  PHP Startup: Unable to load dynamic library 'fileinfo.so' (tried: /usr/lib64/php7/extensions/fileinfo.so (/usr/lib64/php7/extensions/fileinfo.so: cannot open shared object file: No such file or directory), /usr/lib64/php7/extensions/fileinfo.so.so (/usr/lib64/php7/extensions/fileinfo.so.so: cannot open shared object file: No such file or directory)) in Unknown on line 0
PHP Warning:  Module 'pdo_pgsql' already loaded in Unknown on line 0
PHP Warning:  Module 'pgsql' already loaded in Unknown on line 0
PHP Warning:  Module 'Phar' already loaded in Unknown on line 0
>>> HYBRID SYNC STARTED: 2026-09-13 to 2026-09-14 <<<
>>> USING POSTGRESQL FINAL LOGIN CALCULATION FOR CSR/AGENT <<<
Fetching from Main... Found 107 records.
Fetching from Amazon... Found 11 records.

>>> SYNC RESULTS <<<
Total records synced: 77
Fixed/Updated records: 0

? ALL CSR records verified with correct work hours (<= 8 hours)

>>> Sync Complete <<<
PHP Warning:  PHP Startup: Unable to load dynamic library 'fileinfo.so' (tried: /usr/lib64/php7/extensions/fileinfo.so (/usr/lib64/php7/extensions/fileinfo.so: cannot open shared object file: No such file or directory), /usr/lib64/php7/extensions/fileinfo.so.so (/usr/lib64/php7/extensions/fileinfo.so.so: cannot open shared object file: No such file or directory)) in Unknown on line 0
PHP Warning:  Module 'pdo_pgsql' already loaded in Unknown on line 0
PHP Warning:  Module 'pgsql' already loaded in Unknown on line 0
PHP Warning:  Module 'Phar' already loaded in Unknown on line 0
>>> HYBRID SYNC STARTED: 2026-09-13 to 2026-09-14 <<<
>>> USING POSTGRESQL FINAL LOGIN CALCULATION FOR CSR/AGENT <<<
Fetching from Main... Found 107 records.
Fetching from Amazon... Found 11 records.

>>> SYNC RESULTS <<<
Total records synced: 77
Fixed/Updated records: 0

? ALL CSR records verified with correct work hours (<= 8 hours)

>>> Sync Complete <<<
PHP Warning:  PHP Startup: Unable to load dynamic library 'fileinfo.so' (tried: /usr/lib64/php7/extensions/fileinfo.so (/usr/lib64/php7/extensions/fileinfo.so: cannot open shared object file: No such file or directory), /usr/lib64/php7/extensions/fileinfo.so.so (/usr/lib64/php7/extensions/fileinfo.so.so: cannot open shared object file: No such file or directory)) in Unknown on line 0
PHP Warning:  Module 'pdo_pgsql' already loaded in Unknown on line 0
PHP Warning:  Module 'pgsql' already loaded in Unknown on line 0
PHP Warning:  Module 'Phar' already loaded in Unknown on line 0
>>> HYBRID SYNC STARTED: 2026-09-13 to 2026-09-14 <<<
>>> USING POSTGRESQL FINAL LOGIN CALCULATION FOR CSR/AGENT <<<
Fetching from Main... Found 107 records.
Fetching from Amazon... Found 11 records.

>>> SYNC RESULTS <<<
Total records synced: 77
Fixed/Updated records: 0

? ALL CSR records verified with correct work hours (<= 8 hours)

>>> Sync Complete <<<
PHP Warning:  PHP Startup: Unable to load dynamic library 'fileinfo.so' (tried: /usr/lib64/php7/extensions/fileinfo.so (/usr/lib64/php7/extensions/fileinfo.so: cannot open shared object file: No such file or directory), /usr/lib64/php7/extensions/fileinfo.so.so (/usr/lib64/php7/extensions/fileinfo.so.so: cannot open shared object file: No such file or directory)) in Unknown on line 0
PHP Warning:  Module 'pdo_pgsql' already loaded in Unknown on line 0
PHP Warning:  Module 'pgsql' already loaded in Unknown on line 0
PHP Warning:  Module 'Phar' already loaded in Unknown on line 0
>>> HYBRID SYNC STARTED: 2026-09-13 to 2026-09-14 <<<
>>> USING POSTGRESQL FINAL LOGIN CALCULATION FOR CSR/AGENT <<<
Fetching from Main... Found 107 records.
Fetching from Amazon... Found 11 records.

>>> SYNC RESULTS <<<
Total records synced: 77
Fixed/Updated records: 0

? ALL CSR records verified with correct work hours (<= 8 hours)

>>> Sync Complete <<<
PHP Warning:  PHP Startup: Unable to load dynamic library 'fileinfo.so' (tried: /usr/lib64/php7/extensions/fileinfo.so (/usr/lib64/php7/extensions/fileinfo.so: cannot open shared object file: No such file or directory), /usr/lib64/php7/extensions/fileinfo.so.so (/usr/lib64/php7/extensions/fileinfo.so.so: cannot open shared object file: No such file or directory)) in Unknown on line 0
PHP Warning:  Module 'pdo_pgsql' already loaded in Unknown on line 0
PHP Warning:  Module 'pgsql' already loaded in Unknown on line 0
PHP Warning:  Module 'Phar' already loaded in Unknown on line 0
>>> HYBRID SYNC STARTED: 2026-09-13 to 2026-09-14 <<<
>>> USING POSTGRESQL FINAL LOGIN CALCULATION FOR CSR/AGENT <<<
Fetching from Main... Found 107 records.
Fetching from Amazon... Found 11 records.

>>> SYNC RESULTS <<<
Total records synced: 77
Fixed/Updated records: 0

? ALL CSR records verified with correct work hours (<= 8 hours)

>>> Sync Complete <<<
PHP Warning:  PHP Startup: Unable to load dynamic library 'fileinfo.so' (tried: /usr/lib64/php7/extensions/fileinfo.so (/usr/lib64/php7/extensions/fileinfo.so: cannot open shared object file: No such file or directory), /usr/lib64/php7/extensions/fileinfo.so.so (/usr/lib64/php7/extensions/fileinfo.so.so: cannot open shared object file: No such file or directory)) in Unknown on line 0
PHP Warning:  Module 'pdo_pgsql' already loaded in Unknown on line 0
PHP Warning:  Module 'pgsql' already loaded in Unknown on line 0
PHP Warning:  Module 'Phar' already loaded in Unknown on line 0
>>> HYBRID SYNC STARTED: 2026-09-13 to 2026-09-14 <<<
>>> USING POSTGRESQL FINAL LOGIN CALCULATION FOR CSR/AGENT <<<
Fetching from Main... Found 107 records.
Fetching from Amazon... Found 11 records.

>>> SYNC RESULTS <<<
Total records synced: 77
Fixed/Updated records: 0

? ALL CSR records verified with correct work hours (<= 8 hours)

>>> Sync Complete <<<
PHP Warning:  PHP Startup: Unable to load dynamic library 'fileinfo.so' (tried: /usr/lib64/php7/extensions/fileinfo.so (/usr/lib64/php7/extensions/fileinfo.so: cannot open shared object file: No such file or directory), /usr/lib64/php7/extensions/fileinfo.so.so (/usr/lib64/php7/extensions/fileinfo.so.so: cannot open shared object file: No such file or directory)) in Unknown on line 0
PHP Warning:  Module 'pdo_pgsql' already loaded in Unknown on line 0
PHP Warning:  Module 'pgsql' already loaded in Unknown on line 0
PHP Warning:  Module 'Phar' already loaded in Unknown on line 0
>>> HYBRID SYNC STARTED: 2026-09-13 to 2026-09-14 <<<
>>> USING POSTGRESQL FINAL LOGIN CALCULATION FOR CSR/AGENT <<<
Fetching from Main... Found 108 records.
Fetching from Amazon... Found 13 records.

>>> SYNC RESULTS <<<
Total records synced: 77
Fixed/Updated records: 0

? ALL CSR records verified with correct work hours (<= 8 hours)

>>> Sync Complete <<<
PHP Warning:  PHP Startup: Unable to load dynamic library 'fileinfo.so' (tried: /usr/lib64/php7/extensions/fileinfo.so (/usr/lib64/php7/extensions/fileinfo.so: cannot open shared object file: No such file or directory), /usr/lib64/php7/extensions/fileinfo.so.so (/usr/lib64/php7/extensions/fileinfo.so.so: cannot open shared object file: No such file or directory)) in Unknown on line 0
PHP Warning:  Module 'pdo_pgsql' already loaded in Unknown on line 0
PHP Warning:  Module 'pgsql' already loaded in Unknown on line 0
PHP Warning:  Module 'Phar' already loaded in Unknown on line 0
>>> HYBRID SYNC STARTED: 2026-09-13 to 2026-09-14 <<<
>>> USING POSTGRESQL FINAL LOGIN CALCULATION FOR CSR/AGENT <<<
Fetching from Main... Found 173 records.
Fetching from Amazon... Found 34 records.

>>> SYNC RESULTS <<<
Total records synced: 90
Fixed/Updated records: 0

? ALL CSR records verified with correct work hours (<= 8 hours)

>>> Sync Complete <<<
PHP Warning:  PHP Startup: Unable to load dynamic library 'fileinfo.so' (tried: /usr/lib64/php7/extensions/fileinfo.so (/usr/lib64/php7/extensions/fileinfo.so: cannot open shared object file: No such file or directory), /usr/lib64/php7/extensions/fileinfo.so.so (/usr/lib64/php7/extensions/fileinfo.so.so: cannot open shared object file: No such file or directory)) in Unknown on line 0
PHP Warning:  Module 'pdo_pgsql' already loaded in Unknown on line 0
PHP Warning:  Module 'pgsql' already loaded in Unknown on line 0
PHP Warning:  Module 'Phar' already loaded in Unknown on line 0
>>> HYBRID SYNC STARTED: 2026-09-13 to 2026-09-14 <<<
>>> USING POSTGRESQL FINAL LOGIN CALCULATION FOR CSR/AGENT <<<
Fetching from Main... Found 339 records.
Fetching from Amazon... Found 80 records.

>>> SYNC RESULTS <<<
Total records synced: 263
Fixed/Updated records: 0

? ALL CSR records verified with correct work hours (<= 8 hours)

>>> Sync Complete <<<
PHP Warning:  PHP Startup: Unable to load dynamic library 'fileinfo.so' (tried: /usr/lib64/php7/extensions/fileinfo.so (/usr/lib64/php7/extensions/fileinfo.so: cannot open shared object file: No such file or directory), /usr/lib64/php7/extensions/fileinfo.so.so (/usr/lib64/php7/extensions/fileinfo.so.so: cannot open shared object file: No such file or directory)) in Unknown on line 0
PHP Warning:  Module 'pdo_pgsql' already loaded in Unknown on line 0
PHP Warning:  Module 'pgsql' already loaded in Unknown on line 0
PHP Warning:  Module 'Phar' already loaded in Unknown on line 0
>>> HYBRID SYNC STARTED: 2026-09-13 to 2026-09-14 <<<
>>> USING POSTGRESQL FINAL LOGIN CALCULATION FOR CSR/AGENT <<<
Fetching from Main... Found 358 records.
Fetching from Amazon... Found 85 records.

>>> SYNC RESULTS <<<
Total records synced: 292
Fixed/Updated records: 0

? ALL CSR records verified with correct work hours (<= 8 hours)

>>> Sync Complete <<<
PHP Warning:  PHP Startup: Unable to load dynamic library 'fileinfo.so' (tried: /usr/lib64/php7/extensions/fileinfo.so (/usr/lib64/php7/extensions/fileinfo.so: cannot open shared object file: No such file or directory), /usr/lib64/php7/extensions/fileinfo.so.so (/usr/lib64/php7/extensions/fileinfo.so.so: cannot open shared object file: No such file or directory)) in Unknown on line 0
PHP Warning:  Module 'pdo_pgsql' already loaded in Unknown on line 0
PHP Warning:  Module 'pgsql' already loaded in Unknown on line 0
PHP Warning:  Module 'Phar' already loaded in Unknown on line 0
>>> HYBRID SYNC STARTED: 2026-09-13 to 2026-09-14 <<<
>>> USING POSTGRESQL FINAL LOGIN CALCULATION FOR CSR/AGENT <<<
Fetching from Main... Found 360 records.
Fetching from Amazon... Found 91 records.

>>> SYNC RESULTS <<<
Total records synced: 298
Fixed/Updated records: 0

? ALL CSR records verified with correct work hours (<= 8 hours)

>>> Sync Complete <<<
PHP Warning:  PHP Startup: Unable to load dynamic library 'fileinfo.so' (tried: /usr/lib64/php7/extensions/fileinfo.so (/usr/lib64/php7/extensions/fileinfo.so: cannot open shared object file: No such file or directory), /usr/lib64/php7/extensions/fileinfo.so.so (/usr/lib64/php7/extensions/fileinfo.so.so: cannot open shared object file: No such file or directory)) in Unknown on line 0
PHP Warning:  Module 'pdo_pgsql' already loaded in Unknown on line 0
PHP Warning:  Module 'pgsql' already loaded in Unknown on line 0
PHP Warning:  Module 'Phar' already loaded in Unknown on line 0
>>> HYBRID SYNC STARTED: 2026-09-13 to 2026-09-14 <<<
>>> USING POSTGRESQL FINAL LOGIN CALCULATION FOR CSR/AGENT <<<
Fetching from Main... Found 367 records.
Fetching from Amazon... Found 91 records.

>>> SYNC RESULTS <<<
Total records synced: 300
Fixed/Updated records: 0

? ALL CSR records verified with correct work hours (<= 8 hours)

>>> Sync Complete <<<
PHP Warning:  PHP Startup: Unable to load dynamic library 'fileinfo.so' (tried: /usr/lib64/php7/extensions/fileinfo.so (/usr/lib64/php7/extensions/fileinfo.so: cannot open shared object file: No such file or directory), /usr/lib64/php7/extensions/fileinfo.so.so (/usr/lib64/php7/extensions/fileinfo.so.so: cannot open shared object file: No such file or directory)) in Unknown on line 0
PHP Warning:  Module 'pdo_pgsql' already loaded in Unknown on line 0
PHP Warning:  Module 'pgsql' already loaded in Unknown on line 0
PHP Warning:  Module 'Phar' already loaded in Unknown on line 0
>>> HYBRID SYNC STARTED: 2026-09-13 to 2026-09-14 <<<
>>> USING POSTGRESQL FINAL LOGIN CALCULATION FOR CSR/AGENT <<<
Fetching from Main... Found 371 records.
Fetching from Amazon... Found 92 records.

>>> SYNC RESULTS <<<
Total records synced: 301
Fixed/Updated records: 0

? ALL CSR records verified with correct work hours (<= 8 hours)

>>> Sync Complete <<<
PHP Warning:  PHP Startup: Unable to load dynamic library 'fileinfo.so' (tried: /usr/lib64/php7/extensions/fileinfo.so (/usr/lib64/php7/extensions/fileinfo.so: cannot open shared object file: No such file or directory), /usr/lib64/php7/extensions/fileinfo.so.so (/usr/lib64/php7/extensions/fileinfo.so.so: cannot open shared object file: No such file or directory)) in Unknown on line 0
PHP Warning:  Module 'pdo_pgsql' already loaded in Unknown on line 0
PHP Warning:  Module 'pgsql' already loaded in Unknown on line 0
PHP Warning:  Module 'Phar' already loaded in Unknown on line 0
>>> HYBRID SYNC STARTED: 2026-09-13 to 2026-09-14 <<<
>>> USING POSTGRESQL FINAL LOGIN CALCULATION FOR CSR/AGENT <<<
Fetching from Main... Found 373 records.
Fetching from Amazon... Found 93 records.

>>> SYNC RESULTS <<<
Total records synced: 302
Fixed/Updated records: 0

? ALL CSR records verified with correct work hours (<= 8 hours)

>>> Sync Complete <<<
PHP Warning:  PHP Startup: Unable to load dynamic library 'fileinfo.so' (tried: /usr/lib64/php7/extensions/fileinfo.so (/usr/lib64/php7/extensions/fileinfo.so: cannot open shared object file: No such file or directory), /usr/lib64/php7/extensions/fileinfo.so.so (/usr/lib64/php7/extensions/fileinfo.so.so: cannot open shared object file: No such file or directory)) in Unknown on line 0
PHP Warning:  Module 'pdo_pgsql' already loaded in Unknown on line 0
PHP Warning:  Module 'pgsql' already loaded in Unknown on line 0
PHP Warning:  Module 'Phar' already loaded in Unknown on line 0
>>> HYBRID SYNC STARTED: 2026-09-13 to 2026-09-14 <<<
>>> USING POSTGRESQL FINAL LOGIN CALCULATION FOR CSR/AGENT <<<
Fetching from Main... Found 374 records.
Fetching from Amazon... Found 93 records.

>>> SYNC RESULTS <<<
Total records synced: 303
Fixed/Updated records: 0

? ALL CSR records verified with correct work hours (<= 8 hours)

>>> Sync Complete <<<
PHP Warning:  PHP Startup: Unable to load dynamic library 'fileinfo.so' (tried: /usr/lib64/php7/extensions/fileinfo.so (/usr/lib64/php7/extensions/fileinfo.so: cannot open shared object file: No such file or directory), /usr/lib64/php7/extensions/fileinfo.so.so (/usr/lib64/php7/extensions/fileinfo.so.so: cannot open shared object file: No such file or directory)) in Unknown on line 0
PHP Warning:  Module 'pdo_pgsql' already loaded in Unknown on line 0
PHP Warning:  Module 'pgsql' already loaded in Unknown on line 0
PHP Warning:  Module 'Phar' already loaded in Unknown on line 0
>>> HYBRID SYNC STARTED: 2026-09-13 to 2026-09-14 <<<
>>> USING POSTGRESQL FINAL LOGIN CALCULATION FOR CSR/AGENT <<<
Fetching from Main... Found 374 records.
Fetching from Amazon... Found 95 records.

>>> SYNC RESULTS <<<
Total records synced: 304
Fixed/Updated records: 0

? ALL CSR records verified with correct work hours (<= 8 hours)

>>> Sync Complete <<<
PHP Warning:  PHP Startup: Unable to load dynamic library 'fileinfo.so' (tried: /usr/lib64/php7/extensions/fileinfo.so (/usr/lib64/php7/extensions/fileinfo.so: cannot open shared object file: No such file or directory), /usr/lib64/php7/extensions/fileinfo.so.so (/usr/lib64/php7/extensions/fileinfo.so.so: cannot open shared object file: No such file or directory)) in Unknown on line 0
PHP Warning:  Module 'pdo_pgsql' already loaded in Unknown on line 0
PHP Warning:  Module 'pgsql' already loaded in Unknown on line 0
PHP Warning:  Module 'Phar' already loaded in Unknown on line 0
>>> HYBRID SYNC STARTED: 2026-09-13 to 2026-09-14 <<<
>>> USING POSTGRESQL FINAL LOGIN CALCULATION FOR CSR/AGENT <<<
Fetching from Main... Found 374 records.
Fetching from Amazon... Found 95 records.

>>> SYNC RESULTS <<<
Total records synced: 304
Fixed/Updated records: 0

? ALL CSR records verified with correct work hours (<= 8 hours)

>>> Sync Complete <<<
PHP Warning:  PHP Startup: Unable to load dynamic library 'fileinfo.so' (tried: /usr/lib64/php7/extensions/fileinfo.so (/usr/lib64/php7/extensions/fileinfo.so: cannot open shared object file: No such file or directory), /usr/lib64/php7/extensions/fileinfo.so.so (/usr/lib64/php7/extensions/fileinfo.so.so: cannot open shared object file: No such file or directory)) in Unknown on line 0
PHP Warning:  Module 'pdo_pgsql' already loaded in Unknown on line 0
PHP Warning:  Module 'pgsql' already loaded in Unknown on line 0
PHP Warning:  Module 'Phar' already loaded in Unknown on line 0
>>> HYBRID SYNC STARTED: 2026-09-13 to 2026-09-14 <<<
>>> USING POSTGRESQL FINAL LOGIN CALCULATION FOR CSR/AGENT <<<
Fetching from Main... Found 376 records.
Fetching from Amazon... Found 95 records.

>>> SYNC RESULTS <<<
Total records synced: 304
Fixed/Updated records: 0

? ALL CSR records verified with correct work hours (<= 8 hours)

>>> Sync Complete <<<
PHP Warning:  PHP Startup: Unable to load dynamic library 'fileinfo.so' (tried: /usr/lib64/php7/extensions/fileinfo.so (/usr/lib64/php7/extensions/fileinfo.so: cannot open shared object file: No such file or directory), /usr/lib64/php7/extensions/fileinfo.so.so (/usr/lib64/php7/extensions/fileinfo.so.so: cannot open shared object file: No such file or directory)) in Unknown on line 0
PHP Warning:  Module 'pdo_pgsql' already loaded in Unknown on line 0
PHP Warning:  Module 'pgsql' already loaded in Unknown on line 0
PHP Warning:  Module 'Phar' already loaded in Unknown on line 0
>>> HYBRID SYNC STARTED: 2026-09-13 to 2026-09-14 <<<
>>> USING POSTGRESQL FINAL LOGIN CALCULATION FOR CSR/AGENT <<<
Fetching from Main... Found 376 records.
Fetching from Amazon... Found 95 records.

>>> SYNC RESULTS <<<
Total records synced: 304
Fixed/Updated records: 0

? ALL CSR records verified with correct work hours (<= 8 hours)

>>> Sync Complete <<<
PHP Warning:  PHP Startup: Unable to load dynamic library 'fileinfo.so' (tried: /usr/lib64/php7/extensions/fileinfo.so (/usr/lib64/php7/extensions/fileinfo.so: cannot open shared object file: No such file or directory), /usr/lib64/php7/extensions/fileinfo.so.so (/usr/lib64/php7/extensions/fileinfo.so.so: cannot open shared object file: No such file or directory)) in Unknown on line 0
PHP Warning:  Module 'pdo_pgsql' already loaded in Unknown on line 0
PHP Warning:  Module 'pgsql' already loaded in Unknown on line 0
PHP Warning:  Module 'Phar' already loaded in Unknown on line 0
>>> HYBRID SYNC STARTED: 2026-09-13 to 2026-09-14 <<<
>>> USING POSTGRESQL FINAL LOGIN CALCULATION FOR CSR/AGENT <<<
Fetching from Main... Found 376 records.
Fetching from Amazon... Found 95 records.

>>> SYNC RESULTS <<<
Total records synced: 304
Fixed/Updated records: 0

? ALL CSR records verified with correct work hours (<= 8 hours)

>>> Sync Complete <<<
PHP Warning:  PHP Startup: Unable to load dynamic library 'fileinfo.so' (tried: /usr/lib64/php7/extensions/fileinfo.so (/usr/lib64/php7/extensions/fileinfo.so: cannot open shared object file: No such file or directory), /usr/lib64/php7/extensions/fileinfo.so.so (/usr/lib64/php7/extensions/fileinfo.so.so: cannot open shared object file: No such file or directory)) in Unknown on line 0
PHP Warning:  Module 'pdo_pgsql' already loaded in Unknown on line 0
PHP Warning:  Module 'pgsql' already loaded in Unknown on line 0
PHP Warning:  Module 'Phar' already loaded in Unknown on line 0
>>> HYBRID SYNC STARTED: 2026-09-13 to 2026-09-14 <<<
>>> USING POSTGRESQL FINAL LOGIN CALCULATION FOR CSR/AGENT <<<
Fetching from Main... Found 376 records.
Fetching from Amazon... Found 95 records.

>>> SYNC RESULTS <<<
Total records synced: 304
Fixed/Updated records: 0

? ALL CSR records verified with correct work hours (<= 8 hours)

>>> Sync Complete <<<
PHP Warning:  PHP Startup: Unable to load dynamic library 'fileinfo.so' (tried: /usr/lib64/php7/extensions/fileinfo.so (/usr/lib64/php7/extensions/fileinfo.so: cannot open shared object file: No such file or directory), /usr/lib64/php7/extensions/fileinfo.so.so (/usr/lib64/php7/extensions/fileinfo.so.so: cannot open shared object file: No such file or directory)) in Unknown on line 0
PHP Warning:  Module 'pdo_pgsql' already loaded in Unknown on line 0
PHP Warning:  Module 'pgsql' already loaded in Unknown on line 0
PHP Warning:  Module 'Phar' already loaded in Unknown on line 0
>>> HYBRID SYNC STARTED: 2026-09-13 to 2026-09-14 <<<
>>> USING POSTGRESQL FINAL LOGIN CALCULATION FOR CSR/AGENT <<<
Fetching from Main... Found 376 records.
Fetching from Amazon... Found 95 records.

>>> SYNC RESULTS <<<
Total records synced: 304
Fixed/Updated records: 0

? ALL CSR records verified with correct work hours (<= 8 hours)

>>> Sync Complete <<<
PHP Warning:  PHP Startup: Unable to load dynamic library 'fileinfo.so' (tried: /usr/lib64/php7/extensions/fileinfo.so (/usr/lib64/php7/extensions/fileinfo.so: cannot open shared object file: No such file or directory), /usr/lib64/php7/extensions/fileinfo.so.so (/usr/lib64/php7/extensions/fileinfo.so.so: cannot open shared object file: No such file or directory)) in Unknown on line 0
PHP Warning:  Module 'pdo_pgsql' already loaded in Unknown on line 0
PHP Warning:  Module 'pgsql' already loaded in Unknown on line 0
PHP Warning:  Module 'Phar' already loaded in Unknown on line 0
>>> HYBRID SYNC STARTED: 2026-09-13 to 2026-09-14 <<<
>>> USING POSTGRESQL FINAL LOGIN CALCULATION FOR CSR/AGENT <<<
Fetching from Main... Found 376 records.
Fetching from Amazon... Found 95 records.

>>> SYNC RESULTS <<<
Total records synced: 304
Fixed/Updated records: 0

? ALL CSR records verified with correct work hours (<= 8 hours)

>>> Sync Complete <<<
PHP Warning:  PHP Startup: Unable to load dynamic library 'fileinfo.so' (tried: /usr/lib64/php7/extensions/fileinfo.so (/usr/lib64/php7/extensions/fileinfo.so: cannot open shared object file: No such file or directory), /usr/lib64/php7/extensions/fileinfo.so.so (/usr/lib64/php7/extensions/fileinfo.so.so: cannot open shared object file: No such file or directory)) in Unknown on line 0
PHP Warning:  Module 'pdo_pgsql' already loaded in Unknown on line 0
PHP Warning:  Module 'pgsql' already loaded in Unknown on line 0
PHP Warning:  Module 'Phar' already loaded in Unknown on line 0
>>> HYBRID SYNC STARTED: 2026-09-13 to 2026-09-14 <<<
>>> USING POSTGRESQL FINAL LOGIN CALCULATION FOR CSR/AGENT <<<
Fetching from Main... Found 376 records.
Fetching from Amazon... Found 95 records.

>>> SYNC RESULTS <<<
Total records synced: 304
Fixed/Updated records: 0

? ALL CSR records verified with correct work hours (<= 8 hours)

>>> Sync Complete <<<
PHP Warning:  PHP Startup: Unable to load dynamic library 'fileinfo.so' (tried: /usr/lib64/php7/extensions/fileinfo.so (/usr/lib64/php7/extensions/fileinfo.so: cannot open shared object file: No such file or directory), /usr/lib64/php7/extensions/fileinfo.so.so (/usr/lib64/php7/extensions/fileinfo.so.so: cannot open shared object file: No such file or directory)) in Unknown on line 0
PHP Warning:  Module 'pdo_pgsql' already loaded in Unknown on line 0
PHP Warning:  Module 'pgsql' already loaded in Unknown on line 0
PHP Warning:  Module 'Phar' already loaded in Unknown on line 0
>>> HYBRID SYNC STARTED: 2026-09-13 to 2026-09-14 <<<
>>> USING POSTGRESQL FINAL LOGIN CALCULATION FOR CSR/AGENT <<<
Fetching from Main... Found 376 records.
Fetching from Amazon... Found 95 records.

>>> SYNC RESULTS <<<
Total records synced: 304
Fixed/Updated records: 0

? ALL CSR records verified with correct work hours (<= 8 hours)

>>> Sync Complete <<<
PHP Warning:  PHP Startup: Unable to load dynamic library 'fileinfo.so' (tried: /usr/lib64/php7/extensions/fileinfo.so (/usr/lib64/php7/extensions/fileinfo.so: cannot open shared object file: No such file or directory), /usr/lib64/php7/extensions/fileinfo.so.so (/usr/lib64/php7/extensions/fileinfo.so.so: cannot open shared object file: No such file or directory)) in Unknown on line 0
PHP Warning:  Module 'pdo_pgsql' already loaded in Unknown on line 0
PHP Warning:  Module 'pgsql' already loaded in Unknown on line 0
PHP Warning:  Module 'Phar' already loaded in Unknown on line 0
>>> HYBRID SYNC STARTED: 2026-09-13 to 2026-09-14 <<<
>>> USING POSTGRESQL FINAL LOGIN CALCULATION FOR CSR/AGENT <<<
Fetching from Main... Found 376 records.
Fetching from Amazon... Found 95 records.

>>> SYNC RESULTS <<<
Total records synced: 304
Fixed/Updated records: 0

? ALL CSR records verified with correct work hours (<= 8 hours)

>>> Sync Complete <<<
PHP Warning:  PHP Startup: Unable to load dynamic library 'fileinfo.so' (tried: /usr/lib64/php7/extensions/fileinfo.so (/usr/lib64/php7/extensions/fileinfo.so: cannot open shared object file: No such file or directory), /usr/lib64/php7/extensions/fileinfo.so.so (/usr/lib64/php7/extensions/fileinfo.so.so: cannot open shared object file: No such file or directory)) in Unknown on line 0
PHP Warning:  Module 'pdo_pgsql' already loaded in Unknown on line 0
PHP Warning:  Module 'pgsql' already loaded in Unknown on line 0
PHP Warning:  Module 'Phar' already loaded in Unknown on line 0
>>> HYBRID SYNC STARTED: 2026-09-13 to 2026-09-14 <<<
>>> USING POSTGRESQL FINAL LOGIN CALCULATION FOR CSR/AGENT <<<
Fetching from Main... Found 376 records.
Fetching from Amazon... Found 95 records.

>>> SYNC RESULTS <<<
Total records synced: 304
Fixed/Updated records: 0

? ALL CSR records verified with correct work hours (<= 8 hours)

>>> Sync Complete <<<
PHP Warning:  PHP Startup: Unable to load dynamic library 'fileinfo.so' (tried: /usr/lib64/php7/extensions/fileinfo.so (/usr/lib64/php7/extensions/fileinfo.so: cannot open shared object file: No such file or directory), /usr/lib64/php7/extensions/fileinfo.so.so (/usr/lib64/php7/extensions/fileinfo.so.so: cannot open shared object file: No such file or directory)) in Unknown on line 0
PHP Warning:  Module 'pdo_pgsql' already loaded in Unknown on line 0
PHP Warning:  Module 'pgsql' already loaded in Unknown on line 0
PHP Warning:  Module 'Phar' already loaded in Unknown on line 0
>>> HYBRID SYNC STARTED: 2026-09-13 to 2026-09-14 <<<
>>> USING POSTGRESQL FINAL LOGIN CALCULATION FOR CSR/AGENT <<<
Fetching from Main... Found 376 records.
Fetching from Amazon... Found 95 records.

>>> SYNC RESULTS <<<
Total records synced: 304
Fixed/Updated records: 0

? ALL CSR records verified with correct work hours (<= 8 hours)

>>> Sync Complete <<<
PHP Warning:  PHP Startup: Unable to load dynamic library 'fileinfo.so' (tried: /usr/lib64/php7/extensions/fileinfo.so (/usr/lib64/php7/extensions/fileinfo.so: cannot open shared object file: No such file or directory), /usr/lib64/php7/extensions/fileinfo.so.so (/usr/lib64/php7/extensions/fileinfo.so.so: cannot open shared object file: No such file or directory)) in Unknown on line 0
PHP Warning:  Module 'pdo_pgsql' already loaded in Unknown on line 0
PHP Warning:  Module 'pgsql' already loaded in Unknown on line 0
PHP Warning:  Module 'Phar' already loaded in Unknown on line 0
>>> HYBRID SYNC STARTED: 2026-09-13 to 2026-09-14 <<<
>>> USING POSTGRESQL FINAL LOGIN CALCULATION FOR CSR/AGENT <<<
Fetching from Main... Found 376 records.
Fetching from Amazon... Found 95 records.

>>> SYNC RESULTS <<<
Total records synced: 304
Fixed/Updated records: 0

? ALL CSR records verified with correct work hours (<= 8 hours)

>>> Sync Complete <<<
PHP Warning:  PHP Startup: Unable to load dynamic library 'fileinfo.so' (tried: /usr/lib64/php7/extensions/fileinfo.so (/usr/lib64/php7/extensions/fileinfo.so: cannot open shared object file: No such file or directory), /usr/lib64/php7/extensions/fileinfo.so.so (/usr/lib64/php7/extensions/fileinfo.so.so: cannot open shared object file: No such file or directory)) in Unknown on line 0
PHP Warning:  Module 'pdo_pgsql' already loaded in Unknown on line 0
PHP Warning:  Module 'pgsql' already loaded in Unknown on line 0
PHP Warning:  Module 'Phar' already loaded in Unknown on line 0
>>> HYBRID SYNC STARTED: 2026-09-13 to 2026-09-14 <<<
>>> USING POSTGRESQL FINAL LOGIN CALCULATION FOR CSR/AGENT <<<
Fetching from Main... Found 376 records.
Fetching from Amazon... Found 95 records.

>>> SYNC RESULTS <<<
Total records synced: 304
Fixed/Updated records: 0

? ALL CSR records verified with correct work hours (<= 8 hours)

>>> Sync Complete <<<
PHP Warning:  PHP Startup: Unable to load dynamic library 'fileinfo.so' (tried: /usr/lib64/php7/extensions/fileinfo.so (/usr/lib64/php7/extensions/fileinfo.so: cannot open shared object file: No such file or directory), /usr/lib64/php7/extensions/fileinfo.so.so (/usr/lib64/php7/extensions/fileinfo.so.so: cannot open shared object file: No such file or directory)) in Unknown on line 0
PHP Warning:  Module 'pdo_pgsql' already loaded in Unknown on line 0
PHP Warning:  Module 'pgsql' already loaded in Unknown on line 0
PHP Warning:  Module 'Phar' already loaded in Unknown on line 0
>>> HYBRID SYNC STARTED: 2026-09-13 to 2026-09-14 <<<
>>> USING POSTGRESQL FINAL LOGIN CALCULATION FOR CSR/AGENT <<<
Fetching from Main... Found 376 records.
Fetching from Amazon... Found 95 records.

>>> SYNC RESULTS <<<
Total records synced: 304
Fixed/Updated records: 0

? ALL CSR records verified with correct work hours (<= 8 hours)

>>> Sync Complete <<<
PHP Warning:  PHP Startup: Unable to load dynamic library 'fileinfo.so' (tried: /usr/lib64/php7/extensions/fileinfo.so (/usr/lib64/php7/extensions/fileinfo.so: cannot open shared object file: No such file or directory), /usr/lib64/php7/extensions/fileinfo.so.so (/usr/lib64/php7/extensions/fileinfo.so.so: cannot open shared object file: No such file or directory)) in Unknown on line 0
PHP Warning:  Module 'pdo_pgsql' already loaded in Unknown on line 0
PHP Warning:  Module 'pgsql' already loaded in Unknown on line 0
PHP Warning:  Module 'Phar' already loaded in Unknown on line 0
>>> HYBRID SYNC STARTED: 2026-09-13 to 2026-09-14 <<<
>>> USING POSTGRESQL FINAL LOGIN CALCULATION FOR CSR/AGENT <<<
Fetching from Main... Found 376 records.
Fetching from Amazon... Found 95 records.

>>> SYNC RESULTS <<<
Total records synced: 304
Fixed/Updated records: 0

? ALL CSR records verified with correct work hours (<= 8 hours)

>>> Sync Complete <<<
PHP Warning:  PHP Startup: Unable to load dynamic library 'fileinfo.so' (tried: /usr/lib64/php7/extensions/fileinfo.so (/usr/lib64/php7/extensions/fileinfo.so: cannot open shared object file: No such file or directory), /usr/lib64/php7/extensions/fileinfo.so.so (/usr/lib64/php7/extensions/fileinfo.so.so: cannot open shared object file: No such file or directory)) in Unknown on line 0
PHP Warning:  Module 'pdo_pgsql' already loaded in Unknown on line 0
PHP Warning:  Module 'pgsql' already loaded in Unknown on line 0
PHP Warning:  Module 'Phar' already loaded in Unknown on line 0
>>> HYBRID SYNC STARTED: 2026-09-13 to 2026-09-14 <<<
>>> USING POSTGRESQL FINAL LOGIN CALCULATION FOR CSR/AGENT <<<
Fetching from Main... Found 376 records.
Fetching from Amazon... Found 95 records.

>>> SYNC RESULTS <<<
Total records synced: 304
Fixed/Updated records: 0

? ALL CSR records verified with correct work hours (<= 8 hours)

>>> Sync Complete <<<
PHP Warning:  PHP Startup: Unable to load dynamic library 'fileinfo.so' (tried: /usr/lib64/php7/extensions/fileinfo.so (/usr/lib64/php7/extensions/fileinfo.so: cannot open shared object file: No such file or directory), /usr/lib64/php7/extensions/fileinfo.so.so (/usr/lib64/php7/extensions/fileinfo.so.so: cannot open shared object file: No such file or directory)) in Unknown on line 0
PHP Warning:  Module 'pdo_pgsql' already loaded in Unknown on line 0
PHP Warning:  Module 'pgsql' already loaded in Unknown on line 0
PHP Warning:  Module 'Phar' already loaded in Unknown on line 0
>>> HYBRID SYNC STARTED: 2026-09-13 to 2026-09-14 <<<
>>> USING POSTGRESQL FINAL LOGIN CALCULATION FOR CSR/AGENT <<<
Fetching from Main... Found 376 records.
Fetching from Amazon... Found 95 records.

>>> SYNC RESULTS <<<
Total records synced: 304
Fixed/Updated records: 0

? ALL CSR records verified with correct work hours (<= 8 hours)

>>> Sync Complete <<<
PHP Warning:  PHP Startup: Unable to load dynamic library 'fileinfo.so' (tried: /usr/lib64/php7/extensions/fileinfo.so (/usr/lib64/php7/extensions/fileinfo.so: cannot open shared object file: No such file or directory), /usr/lib64/php7/extensions/fileinfo.so.so (/usr/lib64/php7/extensions/fileinfo.so.so: cannot open shared object file: No such file or directory)) in Unknown on line 0
PHP Warning:  Module 'pdo_pgsql' already loaded in Unknown on line 0
PHP Warning:  Module 'pgsql' already loaded in Unknown on line 0
PHP Warning:  Module 'Phar' already loaded in Unknown on line 0
>>> HYBRID SYNC STARTED: 2026-09-13 to 2026-09-14 <<<
>>> USING POSTGRESQL FINAL LOGIN CALCULATION FOR CSR/AGENT <<<
Fetching from Main... Found 376 records.
Fetching from Amazon... Found 95 records.

>>> SYNC RESULTS <<<
Total records synced: 304
Fixed/Updated records: 0

? ALL CSR records verified with correct work hours (<= 8 hours)

>>> Sync Complete <<<
PHP Warning:  PHP Startup: Unable to load dynamic library 'fileinfo.so' (tried: /usr/lib64/php7/extensions/fileinfo.so (/usr/lib64/php7/extensions/fileinfo.so: cannot open shared object file: No such file or directory), /usr/lib64/php7/extensions/fileinfo.so.so (/usr/lib64/php7/extensions/fileinfo.so.so: cannot open shared object file: No such file or directory)) in Unknown on line 0
PHP Warning:  Module 'pdo_pgsql' already loaded in Unknown on line 0
PHP Warning:  Module 'pgsql' already loaded in Unknown on line 0
PHP Warning:  Module 'Phar' already loaded in Unknown on line 0
>>> HYBRID SYNC STARTED: 2026-09-13 to 2026-09-14 <<<
>>> USING POSTGRESQL FINAL LOGIN CALCULATION FOR CSR/AGENT <<<
Fetching from Main... Found 376 records.
Fetching from Amazon... Found 95 records.

>>> SYNC RESULTS <<<
Total records synced: 304
Fixed/Updated records: 0

? ALL CSR records verified with correct work hours (<= 8 hours)

>>> Sync Complete <<<
PHP Warning:  PHP Startup: Unable to load dynamic library 'fileinfo.so' (tried: /usr/lib64/php7/extensions/fileinfo.so (/usr/lib64/php7/extensions/fileinfo.so: cannot open shared object file: No such file or directory), /usr/lib64/php7/extensions/fileinfo.so.so (/usr/lib64/php7/extensions/fileinfo.so.so: cannot open shared object file: No such file or directory)) in Unknown on line 0
PHP Warning:  Module 'pdo_pgsql' already loaded in Unknown on line 0
PHP Warning:  Module 'pgsql' already loaded in Unknown on line 0
PHP Warning:  Module 'Phar' already loaded in Unknown on line 0
>>> HYBRID SYNC STARTED: 2026-09-14 to 2026-09-15 <<<
>>> USING POSTGRESQL FINAL LOGIN CALCULATION FOR CSR/AGENT <<<
Fetching from Main... Found 285 records.
Fetching from Amazon... Found 86 records.

>>> SYNC RESULTS <<<
Total records synced: 237
Fixed/Updated records: 0

? ALL CSR records verified with correct work hours (<= 8 hours)

>>> Sync Complete <<<
PHP Warning:  PHP Startup: Unable to load dynamic library 'fileinfo.so' (tried: /usr/lib64/php7/extensions/fileinfo.so (/usr/lib64/php7/extensions/fileinfo.so: cannot open shared object file: No such file or directory), /usr/lib64/php7/extensions/fileinfo.so.so (/usr/lib64/php7/extensions/fileinfo.so.so: cannot open shared object file: No such file or directory)) in Unknown on line 0
PHP Warning:  Module 'pdo_pgsql' already loaded in Unknown on line 0
PHP Warning:  Module 'pgsql' already loaded in Unknown on line 0
PHP Warning:  Module 'Phar' already loaded in Unknown on line 0
>>> HYBRID SYNC STARTED: 2026-09-14 to 2026-09-15 <<<
>>> USING POSTGRESQL FINAL LOGIN CALCULATION FOR CSR/AGENT <<<
Fetching from Main... Found 302 records.
Fetching from Amazon... Found 87 records.

>>> SYNC RESULTS <<<
Total records synced: 243
Fixed/Updated records: 0

? ALL CSR records verified with correct work hours (<= 8 hours)

>>> Sync Complete <<<
PHP Warning:  PHP Startup: Unable to load dynamic library 'fileinfo.so' (tried: /usr/lib64/php7/extensions/fileinfo.so (/usr/lib64/php7/extensions/fileinfo.so: cannot open shared object file: No such file or directory), /usr/lib64/php7/extensions/fileinfo.so.so (/usr/lib64/php7/extensions/fileinfo.so.so: cannot open shared object file: No such file or directory)) in Unknown on line 0
PHP Warning:  Module 'pdo_pgsql' already loaded in Unknown on line 0
PHP Warning:  Module 'pgsql' already loaded in Unknown on line 0
PHP Warning:  Module 'Phar' already loaded in Unknown on line 0
>>> HYBRID SYNC STARTED: 2026-09-14 to 2026-09-15 <<<
>>> USING POSTGRESQL FINAL LOGIN CALCULATION FOR CSR/AGENT <<<
Fetching from Main... Found 302 records.
Fetching from Amazon... Found 87 records.

>>> SYNC RESULTS <<<
Total records synced: 243
Fixed/Updated records: 0

? ALL CSR records verified with correct work hours (<= 8 hours)

>>> Sync Complete <<<
PHP Warning:  PHP Startup: Unable to load dynamic library 'fileinfo.so' (tried: /usr/lib64/php7/extensions/fileinfo.so (/usr/lib64/php7/extensions/fileinfo.so: cannot open shared object file: No such file or directory), /usr/lib64/php7/extensions/fileinfo.so.so (/usr/lib64/php7/extensions/fileinfo.so.so: cannot open shared object file: No such file or directory)) in Unknown on line 0
PHP Warning:  Module 'pdo_pgsql' already loaded in Unknown on line 0
PHP Warning:  Module 'pgsql' already loaded in Unknown on line 0
PHP Warning:  Module 'Phar' already loaded in Unknown on line 0
>>> HYBRID SYNC STARTED: 2026-09-14 to 2026-09-15 <<<
>>> USING POSTGRESQL FINAL LOGIN CALCULATION FOR CSR/AGENT <<<
Fetching from Main... Found 302 records.
Fetching from Amazon... Found 87 records.

>>> SYNC RESULTS <<<
Total records synced: 243
Fixed/Updated records: 0

? ALL CSR records verified with correct work hours (<= 8 hours)

>>> Sync Complete <<<
PHP Warning:  PHP Startup: Unable to load dynamic library 'fileinfo.so' (tried: /usr/lib64/php7/extensions/fileinfo.so (/usr/lib64/php7/extensions/fileinfo.so: cannot open shared object file: No such file or directory), /usr/lib64/php7/extensions/fileinfo.so.so (/usr/lib64/php7/extensions/fileinfo.so.so: cannot open shared object file: No such file or directory)) in Unknown on line 0
PHP Warning:  Module 'pdo_pgsql' already loaded in Unknown on line 0
PHP Warning:  Module 'pgsql' already loaded in Unknown on line 0
PHP Warning:  Module 'Phar' already loaded in Unknown on line 0
>>> HYBRID SYNC STARTED: 2026-09-14 to 2026-09-15 <<<
>>> USING POSTGRESQL FINAL LOGIN CALCULATION FOR CSR/AGENT <<<
Fetching from Main... Found 302 records.
Fetching from Amazon... Found 87 records.

>>> SYNC RESULTS <<<
Total records synced: 243
Fixed/Updated records: 0

? ALL CSR records verified with correct work hours (<= 8 hours)

>>> Sync Complete <<<
PHP Warning:  PHP Startup: Unable to load dynamic library 'fileinfo.so' (tried: /usr/lib64/php7/extensions/fileinfo.so (/usr/lib64/php7/extensions/fileinfo.so: cannot open shared object file: No such file or directory), /usr/lib64/php7/extensions/fileinfo.so.so (/usr/lib64/php7/extensions/fileinfo.so.so: cannot open shared object file: No such file or directory)) in Unknown on line 0
PHP Warning:  Module 'pdo_pgsql' already loaded in Unknown on line 0
PHP Warning:  Module 'pgsql' already loaded in Unknown on line 0
PHP Warning:  Module 'Phar' already loaded in Unknown on line 0
>>> HYBRID SYNC STARTED: 2026-09-14 to 2026-09-15 <<<
>>> USING POSTGRESQL FINAL LOGIN CALCULATION FOR CSR/AGENT <<<
Fetching from Main... Found 302 records.
Fetching from Amazon... Found 87 records.

>>> SYNC RESULTS <<<
Total records synced: 243
Fixed/Updated records: 0

? ALL CSR records verified with correct work hours (<= 8 hours)

>>> Sync Complete <<<
PHP Warning:  PHP Startup: Unable to load dynamic library 'fileinfo.so' (tried: /usr/lib64/php7/extensions/fileinfo.so (/usr/lib64/php7/extensions/fileinfo.so: cannot open shared object file: No such file or directory), /usr/lib64/php7/extensions/fileinfo.so.so (/usr/lib64/php7/extensions/fileinfo.so.so: cannot open shared object file: No such file or directory)) in Unknown on line 0
PHP Warning:  Module 'pdo_pgsql' already loaded in Unknown on line 0
PHP Warning:  Module 'pgsql' already loaded in Unknown on line 0
PHP Warning:  Module 'Phar' already loaded in Unknown on line 0
>>> HYBRID SYNC STARTED: 2026-09-14 to 2026-09-15 <<<
>>> USING POSTGRESQL FINAL LOGIN CALCULATION FOR CSR/AGENT <<<
Fetching from Main... Found 302 records.
Fetching from Amazon... Found 87 records.

>>> SYNC RESULTS <<<
Total records synced: 243
Fixed/Updated records: 0

? ALL CSR records verified with correct work hours (<= 8 hours)

>>> Sync Complete <<<
PHP Warning:  PHP Startup: Unable to load dynamic library 'fileinfo.so' (tried: /usr/lib64/php7/extensions/fileinfo.so (/usr/lib64/php7/extensions/fileinfo.so: cannot open shared object file: No such file or directory), /usr/lib64/php7/extensions/fileinfo.so.so (/usr/lib64/php7/extensions/fileinfo.so.so: cannot open shared object file: No such file or directory)) in Unknown on line 0
PHP Warning:  Module 'pdo_pgsql' already loaded in Unknown on line 0
PHP Warning:  Module 'pgsql' already loaded in Unknown on line 0
PHP Warning:  Module 'Phar' already loaded in Unknown on line 0
>>> HYBRID SYNC STARTED: 2026-09-14 to 2026-09-15 <<<
>>> USING POSTGRESQL FINAL LOGIN CALCULATION FOR CSR/AGENT <<<
Fetching from Main... Found 302 records.
Fetching from Amazon... Found 87 records.

>>> SYNC RESULTS <<<
Total records synced: 243
Fixed/Updated records: 0

? ALL CSR records verified with correct work hours (<= 8 hours)

>>> Sync Complete <<<
PHP Warning:  PHP Startup: Unable to load dynamic library 'fileinfo.so' (tried: /usr/lib64/php7/extensions/fileinfo.so (/usr/lib64/php7/extensions/fileinfo.so: cannot open shared object file: No such file or directory), /usr/lib64/php7/extensions/fileinfo.so.so (/usr/lib64/php7/extensions/fileinfo.so.so: cannot open shared object file: No such file or directory)) in Unknown on line 0
PHP Warning:  Module 'pdo_pgsql' already loaded in Unknown on line 0
PHP Warning:  Module 'pgsql' already loaded in Unknown on line 0
PHP Warning:  Module 'Phar' already loaded in Unknown on line 0
>>> HYBRID SYNC STARTED: 2026-09-14 to 2026-09-15 <<<
>>> USING POSTGRESQL FINAL LOGIN CALCULATION FOR CSR/AGENT <<<
Fetching from Main... Found 302 records.
Fetching from Amazon... Found 87 records.

>>> SYNC RESULTS <<<
Total records synced: 243
Fixed/Updated records: 0

? ALL CSR records verified with correct work hours (<= 8 hours)

>>> Sync Complete <<<
PHP Warning:  PHP Startup: Unable to load dynamic library 'fileinfo.so' (tried: /usr/lib64/php7/extensions/fileinfo.so (/usr/lib64/php7/extensions/fileinfo.so: cannot open shared object file: No such file or directory), /usr/lib64/php7/extensions/fileinfo.so.so (/usr/lib64/php7/extensions/fileinfo.so.so: cannot open shared object file: No such file or directory)) in Unknown on line 0
PHP Warning:  Module 'pdo_pgsql' already loaded in Unknown on line 0
PHP Warning:  Module 'pgsql' already loaded in Unknown on line 0
PHP Warning:  Module 'Phar' already loaded in Unknown on line 0
>>> HYBRID SYNC STARTED: 2026-09-14 to 2026-09-15 <<<
>>> USING POSTGRESQL FINAL LOGIN CALCULATION FOR CSR/AGENT <<<
Fetching from Main... Found 302 records.
Fetching from Amazon... Found 87 records.

>>> SYNC RESULTS <<<
Total records synced: 243
Fixed/Updated records: 0

? ALL CSR records verified with correct work hours (<= 8 hours)

>>> Sync Complete <<<
PHP Warning:  PHP Startup: Unable to load dynamic library 'fileinfo.so' (tried: /usr/lib64/php7/extensions/fileinfo.so (/usr/lib64/php7/extensions/fileinfo.so: cannot open shared object file: No such file or directory), /usr/lib64/php7/extensions/fileinfo.so.so (/usr/lib64/php7/extensions/fileinfo.so.so: cannot open shared object file: No such file or directory)) in Unknown on line 0
PHP Warning:  Module 'pdo_pgsql' already loaded in Unknown on line 0
PHP Warning:  Module 'pgsql' already loaded in Unknown on line 0
PHP Warning:  Module 'Phar' already loaded in Unknown on line 0
>>> HYBRID SYNC STARTED: 2026-09-14 to 2026-09-15 <<<
>>> USING POSTGRESQL FINAL LOGIN CALCULATION FOR CSR/AGENT <<<
Fetching from Main... Found 302 records.
Fetching from Amazon... Found 87 records.

>>> SYNC RESULTS <<<
Total records synced: 243
Fixed/Updated records: 0

? ALL CSR records verified with correct work hours (<= 8 hours)

>>> Sync Complete <<<
PHP Warning:  PHP Startup: Unable to load dynamic library 'fileinfo.so' (tried: /usr/lib64/php7/extensions/fileinfo.so (/usr/lib64/php7/extensions/fileinfo.so: cannot open shared object file: No such file or directory), /usr/lib64/php7/extensions/fileinfo.so.so (/usr/lib64/php7/extensions/fileinfo.so.so: cannot open shared object file: No such file or directory)) in Unknown on line 0
PHP Warning:  Module 'pdo_pgsql' already loaded in Unknown on line 0
PHP Warning:  Module 'pgsql' already loaded in Unknown on line 0
PHP Warning:  Module 'Phar' already loaded in Unknown on line 0
>>> HYBRID SYNC STARTED: 2026-09-14 to 2026-09-15 <<<
>>> USING POSTGRESQL FINAL LOGIN CALCULATION FOR CSR/AGENT <<<
Fetching from Main... Found 302 records.
Fetching from Amazon... Found 87 records.

>>> SYNC RESULTS <<<
Total records synced: 243
Fixed/Updated records: 0

? ALL CSR records verified with correct work hours (<= 8 hours)

>>> Sync Complete <<<
PHP Warning:  PHP Startup: Unable to load dynamic library 'fileinfo.so' (tried: /usr/lib64/php7/extensions/fileinfo.so (/usr/lib64/php7/extensions/fileinfo.so: cannot open shared object file: No such file or directory), /usr/lib64/php7/extensions/fileinfo.so.so (/usr/lib64/php7/extensions/fileinfo.so.so: cannot open shared object file: No such file or directory)) in Unknown on line 0
PHP Warning:  Module 'pdo_pgsql' already loaded in Unknown on line 0
PHP Warning:  Module 'pgsql' already loaded in Unknown on line 0
PHP Warning:  Module 'Phar' already loaded in Unknown on line 0
>>> HYBRID SYNC STARTED: 2026-09-14 to 2026-09-15 <<<
>>> USING POSTGRESQL FINAL LOGIN CALCULATION FOR CSR/AGENT <<<
Fetching from Main... Found 302 records.
Fetching from Amazon... Found 87 records.

>>> SYNC RESULTS <<<
Total records synced: 243
Fixed/Updated records: 0

? ALL CSR records verified with correct work hours (<= 8 hours)

>>> Sync Complete <<<
PHP Warning:  PHP Startup: Unable to load dynamic library 'fileinfo.so' (tried: /usr/lib64/php7/extensions/fileinfo.so (/usr/lib64/php7/extensions/fileinfo.so: cannot open shared object file: No such file or directory), /usr/lib64/php7/extensions/fileinfo.so.so (/usr/lib64/php7/extensions/fileinfo.so.so: cannot open shared object file: No such file or directory)) in Unknown on line 0
PHP Warning:  Module 'pdo_pgsql' already loaded in Unknown on line 0
PHP Warning:  Module 'pgsql' already loaded in Unknown on line 0
PHP Warning:  Module 'Phar' already loaded in Unknown on line 0
>>> HYBRID SYNC STARTED: 2026-09-14 to 2026-09-15 <<<
>>> USING POSTGRESQL FINAL LOGIN CALCULATION FOR CSR/AGENT <<<
Fetching from Main... Found 302 records.
Fetching from Amazon... Found 87 records.

>>> SYNC RESULTS <<<
Total records synced: 243
Fixed/Updated records: 0

? ALL CSR records verified with correct work hours (<= 8 hours)

>>> Sync Complete <<<
PHP Warning:  PHP Startup: Unable to load dynamic library 'fileinfo.so' (tried: /usr/lib64/php7/extensions/fileinfo.so (/usr/lib64/php7/extensions/fileinfo.so: cannot open shared object file: No such file or directory), /usr/lib64/php7/extensions/fileinfo.so.so (/usr/lib64/php7/extensions/fileinfo.so.so: cannot open shared object file: No such file or directory)) in Unknown on line 0
PHP Warning:  Module 'pdo_pgsql' already loaded in Unknown on line 0
PHP Warning:  Module 'pgsql' already loaded in Unknown on line 0
PHP Warning:  Module 'Phar' already loaded in Unknown on line 0
>>> HYBRID SYNC STARTED: 2026-09-14 to 2026-09-15 <<<
>>> USING POSTGRESQL FINAL LOGIN CALCULATION FOR CSR/AGENT <<<
Fetching from Main... Found 302 records.
Fetching from Amazon... Found 87 records.

>>> SYNC RESULTS <<<
Total records synced: 243
Fixed/Updated records: 0

? ALL CSR records verified with correct work hours (<= 8 hours)

>>> Sync Complete <<<
PHP Warning:  PHP Startup: Unable to load dynamic library 'fileinfo.so' (tried: /usr/lib64/php7/extensions/fileinfo.so (/usr/lib64/php7/extensions/fileinfo.so: cannot open shared object file: No such file or directory), /usr/lib64/php7/extensions/fileinfo.so.so (/usr/lib64/php7/extensions/fileinfo.so.so: cannot open shared object file: No such file or directory)) in Unknown on line 0
PHP Warning:  Module 'pdo_pgsql' already loaded in Unknown on line 0
PHP Warning:  Module 'pgsql' already loaded in Unknown on line 0
PHP Warning:  Module 'Phar' already loaded in Unknown on line 0
>>> HYBRID SYNC STARTED: 2026-09-14 to 2026-09-15 <<<
>>> USING POSTGRESQL FINAL LOGIN CALCULATION FOR CSR/AGENT <<<
Fetching from Main... Found 302 records.
Fetching from Amazon... Found 87 records.

>>> SYNC RESULTS <<<
Total records synced: 243
Fixed/Updated records: 0

? ALL CSR records verified with correct work hours (<= 8 hours)

>>> Sync Complete <<<
PHP Warning:  PHP Startup: Unable to load dynamic library 'fileinfo.so' (tried: /usr/lib64/php7/extensions/fileinfo.so (/usr/lib64/php7/extensions/fileinfo.so: cannot open shared object file: No such file or directory), /usr/lib64/php7/extensions/fileinfo.so.so (/usr/lib64/php7/extensions/fileinfo.so.so: cannot open shared object file: No such file or directory)) in Unknown on line 0
PHP Warning:  Module 'pdo_pgsql' already loaded in Unknown on line 0
PHP Warning:  Module 'pgsql' already loaded in Unknown on line 0
PHP Warning:  Module 'Phar' already loaded in Unknown on line 0
>>> HYBRID SYNC STARTED: 2026-09-14 to 2026-09-15 <<<
>>> USING POSTGRESQL FINAL LOGIN CALCULATION FOR CSR/AGENT <<<
Fetching from Main... Found 302 records.
Fetching from Amazon... Found 87 records.

>>> SYNC RESULTS <<<
Total records synced: 243
Fixed/Updated records: 0

? ALL CSR records verified with correct work hours (<= 8 hours)

>>> Sync Complete <<<
PHP Warning:  PHP Startup: Unable to load dynamic library 'fileinfo.so' (tried: /usr/lib64/php7/extensions/fileinfo.so (/usr/lib64/php7/extensions/fileinfo.so: cannot open shared object file: No such file or directory), /usr/lib64/php7/extensions/fileinfo.so.so (/usr/lib64/php7/extensions/fileinfo.so.so: cannot open shared object file: No such file or directory)) in Unknown on line 0
PHP Warning:  Module 'pdo_pgsql' already loaded in Unknown on line 0
PHP Warning:  Module 'pgsql' already loaded in Unknown on line 0
PHP Warning:  Module 'Phar' already loaded in Unknown on line 0
>>> HYBRID SYNC STARTED: 2026-09-14 to 2026-09-15 <<<
>>> USING POSTGRESQL FINAL LOGIN CALCULATION FOR CSR/AGENT <<<
Fetching from Main... Found 302 records.
Fetching from Amazon... Found 87 records.

>>> SYNC RESULTS <<<
Total records synced: 243
Fixed/Updated records: 0

? ALL CSR records verified with correct work hours (<= 8 hours)

>>> Sync Complete <<<
PHP Warning:  PHP Startup: Unable to load dynamic library 'fileinfo.so' (tried: /usr/lib64/php7/extensions/fileinfo.so (/usr/lib64/php7/extensions/fileinfo.so: cannot open shared object file: No such file or directory), /usr/lib64/php7/extensions/fileinfo.so.so (/usr/lib64/php7/extensions/fileinfo.so.so: cannot open shared object file: No such file or directory)) in Unknown on line 0
PHP Warning:  Module 'pdo_pgsql' already loaded in Unknown on line 0
PHP Warning:  Module 'pgsql' already loaded in Unknown on line 0
PHP Warning:  Module 'Phar' already loaded in Unknown on line 0
>>> HYBRID SYNC STARTED: 2026-09-14 to 2026-09-15 <<<
>>> USING POSTGRESQL FINAL LOGIN CALCULATION FOR CSR/AGENT <<<
Fetching from Main... Found 308 records.
Fetching from Amazon... Found 91 records.

>>> SYNC RESULTS <<<
Total records synced: 246
Fixed/Updated records: 0

? ALL CSR records verified with correct work hours (<= 8 hours)

>>> Sync Complete <<<
PHP Warning:  PHP Startup: Unable to load dynamic library 'fileinfo.so' (tried: /usr/lib64/php7/extensions/fileinfo.so (/usr/lib64/php7/extensions/fileinfo.so: cannot open shared object file: No such file or directory), /usr/lib64/php7/extensions/fileinfo.so.so (/usr/lib64/php7/extensions/fileinfo.so.so: cannot open shared object file: No such file or directory)) in Unknown on line 0
PHP Warning:  Module 'pdo_pgsql' already loaded in Unknown on line 0
PHP Warning:  Module 'pgsql' already loaded in Unknown on line 0
PHP Warning:  Module 'Phar' already loaded in Unknown on line 0
>>> HYBRID SYNC STARTED: 2026-09-14 to 2026-09-15 <<<
>>> USING POSTGRESQL FINAL LOGIN CALCULATION FOR CSR/AGENT <<<
Fetching from Main... Found 396 records.
Fetching from Amazon... Found 108 records.

>>> SYNC RESULTS <<<
Total records synced: 276
Fixed/Updated records: 0

? ALL CSR records verified with correct work hours (<= 8 hours)

>>> Sync Complete <<<
PHP Warning:  PHP Startup: Unable to load dynamic library 'fileinfo.so' (tried: /usr/lib64/php7/extensions/fileinfo.so (/usr/lib64/php7/extensions/fileinfo.so: cannot open shared object file: No such file or directory), /usr/lib64/php7/extensions/fileinfo.so.so (/usr/lib64/php7/extensions/fileinfo.so.so: cannot open shared object file: No such file or directory)) in Unknown on line 0
PHP Warning:  Module 'pdo_pgsql' already loaded in Unknown on line 0
PHP Warning:  Module 'pgsql' already loaded in Unknown on line 0
PHP Warning:  Module 'Phar' already loaded in Unknown on line 0
>>> HYBRID SYNC STARTED: 2026-09-14 to 2026-09-15 <<<
>>> USING POSTGRESQL FINAL LOGIN CALCULATION FOR CSR/AGENT <<<
Fetching from Main... Found 700 records.
Fetching from Amazon... Found 179 records.

>>> SYNC RESULTS <<<
Total records synced: 552
Fixed/Updated records: 0

? ALL CSR records verified with correct work hours (<= 8 hours)

>>> Sync Complete <<<
PHP Warning:  PHP Startup: Unable to load dynamic library 'fileinfo.so' (tried: /usr/lib64/php7/extensions/fileinfo.so (/usr/lib64/php7/extensions/fileinfo.so: cannot open shared object file: No such file or directory), /usr/lib64/php7/extensions/fileinfo.so.so (/usr/lib64/php7/extensions/fileinfo.so.so: cannot open shared object file: No such file or directory)) in Unknown on line 0
PHP Warning:  Module 'pdo_pgsql' already loaded in Unknown on line 0
PHP Warning:  Module 'pgsql' already loaded in Unknown on line 0
PHP Warning:  Module 'Phar' already loaded in Unknown on line 0
>>> HYBRID SYNC STARTED: 2026-09-14 to 2026-09-15 <<<
>>> USING POSTGRESQL FINAL LOGIN CALCULATION FOR CSR/AGENT <<<
Fetching from Main... Found 723 records.
Fetching from Amazon... Found 188 records.

>>> SYNC RESULTS <<<
Total records synced: 596
Fixed/Updated records: 0

? ALL CSR records verified with correct work hours (<= 8 hours)

>>> Sync Complete <<<
PHP Warning:  PHP Startup: Unable to load dynamic library 'fileinfo.so' (tried: /usr/lib64/php7/extensions/fileinfo.so (/usr/lib64/php7/extensions/fileinfo.so: cannot open shared object file: No such file or directory), /usr/lib64/php7/extensions/fileinfo.so.so (/usr/lib64/php7/extensions/fileinfo.so.so: cannot open shared object file: No such file or directory)) in Unknown on line 0
PHP Warning:  Module 'pdo_pgsql' already loaded in Unknown on line 0
PHP Warning:  Module 'pgsql' already loaded in Unknown on line 0
PHP Warning:  Module 'Phar' already loaded in Unknown on line 0
>>> HYBRID SYNC STARTED: 2026-09-14 to 2026-09-15 <<<
>>> USING POSTGRESQL FINAL LOGIN CALCULATION FOR CSR/AGENT <<<
Fetching from Main... Found 731 records.
Fetching from Amazon... Found 191 records.

>>> SYNC RESULTS <<<
Total records synced: 601
Fixed/Updated records: 0

? ALL CSR records verified with correct work hours (<= 8 hours)

>>> Sync Complete <<<
PHP Warning:  PHP Startup: Unable to load dynamic library 'fileinfo.so' (tried: /usr/lib64/php7/extensions/fileinfo.so (/usr/lib64/php7/extensions/fileinfo.so: cannot open shared object file: No such file or directory), /usr/lib64/php7/extensions/fileinfo.so.so (/usr/lib64/php7/extensions/fileinfo.so.so: cannot open shared object file: No such file or directory)) in Unknown on line 0
PHP Warning:  Module 'pdo_pgsql' already loaded in Unknown on line 0
PHP Warning:  Module 'pgsql' already loaded in Unknown on line 0
PHP Warning:  Module 'Phar' already loaded in Unknown on line 0
>>> HYBRID SYNC STARTED: 2026-09-14 to 2026-09-15 <<<
>>> USING POSTGRESQL FINAL LOGIN CALCULATION FOR CSR/AGENT <<<
Fetching from Main... Found 738 records.
Fetching from Amazon... Found 191 records.

>>> SYNC RESULTS <<<
Total records synced: 604
Fixed/Updated records: 0

? ALL CSR records verified with correct work hours (<= 8 hours)

>>> Sync Complete <<<
PHP Warning:  PHP Startup: Unable to load dynamic library 'fileinfo.so' (tried: /usr/lib64/php7/extensions/fileinfo.so (/usr/lib64/php7/extensions/fileinfo.so: cannot open shared object file: No such file or directory), /usr/lib64/php7/extensions/fileinfo.so.so (/usr/lib64/php7/extensions/fileinfo.so.so: cannot open shared object file: No such file or directory)) in Unknown on line 0
PHP Warning:  Module 'pdo_pgsql' already loaded in Unknown on line 0
PHP Warning:  Module 'pgsql' already loaded in Unknown on line 0
PHP Warning:  Module 'Phar' already loaded in Unknown on line 0
>>> HYBRID SYNC STARTED: 2026-09-14 to 2026-09-15 <<<
>>> USING POSTGRESQL FINAL LOGIN CALCULATION FOR CSR/AGENT <<<
Fetching from Main... Found 744 records.
Fetching from Amazon... Found 191 records.

>>> SYNC RESULTS <<<
Total records synced: 606
Fixed/Updated records: 0

? ALL CSR records verified with correct work hours (<= 8 hours)

>>> Sync Complete <<<
PHP Warning:  PHP Startup: Unable to load dynamic library 'fileinfo.so' (tried: /usr/lib64/php7/extensions/fileinfo.so (/usr/lib64/php7/extensions/fileinfo.so: cannot open shared object file: No such file or directory), /usr/lib64/php7/extensions/fileinfo.so.so (/usr/lib64/php7/extensions/fileinfo.so.so: cannot open shared object file: No such file or directory)) in Unknown on line 0
PHP Warning:  Module 'pdo_pgsql' already loaded in Unknown on line 0
PHP Warning:  Module 'pgsql' already loaded in Unknown on line 0
PHP Warning:  Module 'Phar' already loaded in Unknown on line 0
>>> HYBRID SYNC STARTED: 2026-09-14 to 2026-09-15 <<<
>>> USING POSTGRESQL FINAL LOGIN CALCULATION FOR CSR/AGENT <<<
Fetching from Main... Found 749 records.
Fetching from Amazon... Found 193 records.

>>> SYNC RESULTS <<<
Total records synced: 606
Fixed/Updated records: 0

? ALL CSR records verified with correct work hours (<= 8 hours)

>>> Sync Complete <<<
PHP Warning:  PHP Startup: Unable to load dynamic library 'fileinfo.so' (tried: /usr/lib64/php7/extensions/fileinfo.so (/usr/lib64/php7/extensions/fileinfo.so: cannot open shared object file: No such file or directory), /usr/lib64/php7/extensions/fileinfo.so.so (/usr/lib64/php7/extensions/fileinfo.so.so: cannot open shared object file: No such file or directory)) in Unknown on line 0
PHP Warning:  Module 'pdo_pgsql' already loaded in Unknown on line 0
PHP Warning:  Module 'pgsql' already loaded in Unknown on line 0
PHP Warning:  Module 'Phar' already loaded in Unknown on line 0
>>> HYBRID SYNC STARTED: 2026-09-14 to 2026-09-15 <<<
>>> USING POSTGRESQL FINAL LOGIN CALCULATION FOR CSR/AGENT <<<
Fetching from Main... Found 751 records.
Fetching from Amazon... Found 195 records.

>>> SYNC RESULTS <<<
Total records synced: 607
Fixed/Updated records: 0

? ALL CSR records verified with correct work hours (<= 8 hours)

>>> Sync Complete <<<
PHP Warning:  PHP Startup: Unable to load dynamic library 'fileinfo.so' (tried: /usr/lib64/php7/extensions/fileinfo.so (/usr/lib64/php7/extensions/fileinfo.so: cannot open shared object file: No such file or directory), /usr/lib64/php7/extensions/fileinfo.so.so (/usr/lib64/php7/extensions/fileinfo.so.so: cannot open shared object file: No such file or directory)) in Unknown on line 0
PHP Warning:  Module 'pdo_pgsql' already loaded in Unknown on line 0
PHP Warning:  Module 'pgsql' already loaded in Unknown on line 0
PHP Warning:  Module 'Phar' already loaded in Unknown on line 0
>>> HYBRID SYNC STARTED: 2026-09-14 to 2026-09-15 <<<
>>> USING POSTGRESQL FINAL LOGIN CALCULATION FOR CSR/AGENT <<<
Fetching from Main... Found 755 records.
Fetching from Amazon... Found 195 records.

>>> SYNC RESULTS <<<
Total records synced: 609
Fixed/Updated records: 0

? ALL CSR records verified with correct work hours (<= 8 hours)

>>> Sync Complete <<<
PHP Warning:  PHP Startup: Unable to load dynamic library 'fileinfo.so' (tried: /usr/lib64/php7/extensions/fileinfo.so (/usr/lib64/php7/extensions/fileinfo.so: cannot open shared object file: No such file or directory), /usr/lib64/php7/extensions/fileinfo.so.so (/usr/lib64/php7/extensions/fileinfo.so.so: cannot open shared object file: No such file or directory)) in Unknown on line 0
PHP Warning:  Module 'pdo_pgsql' already loaded in Unknown on line 0
PHP Warning:  Module 'pgsql' already loaded in Unknown on line 0
PHP Warning:  Module 'Phar' already loaded in Unknown on line 0
>>> HYBRID SYNC STARTED: 2026-09-14 to 2026-09-15 <<<
>>> USING POSTGRESQL FINAL LOGIN CALCULATION FOR CSR/AGENT <<<
Fetching from Main... Found 757 records.
Fetching from Amazon... Found 195 records.

>>> SYNC RESULTS <<<
Total records synced: 609
Fixed/Updated records: 0

? ALL CSR records verified with correct work hours (<= 8 hours)

>>> Sync Complete <<<
PHP Warning:  PHP Startup: Unable to load dynamic library 'fileinfo.so' (tried: /usr/lib64/php7/extensions/fileinfo.so (/usr/lib64/php7/extensions/fileinfo.so: cannot open shared object file: No such file or directory), /usr/lib64/php7/extensions/fileinfo.so.so (/usr/lib64/php7/extensions/fileinfo.so.so: cannot open shared object file: No such file or directory)) in Unknown on line 0
PHP Warning:  Module 'pdo_pgsql' already loaded in Unknown on line 0
PHP Warning:  Module 'pgsql' already loaded in Unknown on line 0
PHP Warning:  Module 'Phar' already loaded in Unknown on line 0
>>> HYBRID SYNC STARTED: 2026-09-14 to 2026-09-15 <<<
>>> USING POSTGRESQL FINAL LOGIN CALCULATION FOR CSR/AGENT <<<
Fetching from Main... Found 757 records.
Fetching from Amazon... Found 195 records.

>>> SYNC RESULTS <<<
Total records synced: 609
Fixed/Updated records: 0

? ALL CSR records verified with correct work hours (<= 8 hours)

>>> Sync Complete <<<
PHP Warning:  PHP Startup: Unable to load dynamic library 'fileinfo.so' (tried: /usr/lib64/php7/extensions/fileinfo.so (/usr/lib64/php7/extensions/fileinfo.so: cannot open shared object file: No such file or directory), /usr/lib64/php7/extensions/fileinfo.so.so (/usr/lib64/php7/extensions/fileinfo.so.so: cannot open shared object file: No such file or directory)) in Unknown on line 0
PHP Warning:  Module 'pdo_pgsql' already loaded in Unknown on line 0
PHP Warning:  Module 'pgsql' already loaded in Unknown on line 0
PHP Warning:  Module 'Phar' already loaded in Unknown on line 0
>>> HYBRID SYNC STARTED: 2026-09-14 to 2026-09-15 <<<
>>> USING POSTGRESQL FINAL LOGIN CALCULATION FOR CSR/AGENT <<<
Fetching from Main... Found 758 records.
Fetching from Amazon... Found 195 records.

>>> SYNC RESULTS <<<
Total records synced: 609
Fixed/Updated records: 0

? ALL CSR records verified with correct work hours (<= 8 hours)

>>> Sync Complete <<<
PHP Warning:  PHP Startup: Unable to load dynamic library 'fileinfo.so' (tried: /usr/lib64/php7/extensions/fileinfo.so (/usr/lib64/php7/extensions/fileinfo.so: cannot open shared object file: No such file or directory), /usr/lib64/php7/extensions/fileinfo.so.so (/usr/lib64/php7/extensions/fileinfo.so.so: cannot open shared object file: No such file or directory)) in Unknown on line 0
PHP Warning:  Module 'pdo_pgsql' already loaded in Unknown on line 0
PHP Warning:  Module 'pgsql' already loaded in Unknown on line 0
PHP Warning:  Module 'Phar' already loaded in Unknown on line 0
>>> HYBRID SYNC STARTED: 2026-09-14 to 2026-09-15 <<<
>>> USING POSTGRESQL FINAL LOGIN CALCULATION FOR CSR/AGENT <<<
Fetching from Main... Found 759 records.
Fetching from Amazon... Found 195 records.

>>> SYNC RESULTS <<<
Total records synced: 609
Fixed/Updated records: 0

? ALL CSR records verified with correct work hours (<= 8 hours)

>>> Sync Complete <<<
PHP Warning:  PHP Startup: Unable to load dynamic library 'fileinfo.so' (tried: /usr/lib64/php7/extensions/fileinfo.so (/usr/lib64/php7/extensions/fileinfo.so: cannot open shared object file: No such file or directory), /usr/lib64/php7/extensions/fileinfo.so.so (/usr/lib64/php7/extensions/fileinfo.so.so: cannot open shared object file: No such file or directory)) in Unknown on line 0
PHP Warning:  Module 'pdo_pgsql' already loaded in Unknown on line 0
PHP Warning:  Module 'pgsql' already loaded in Unknown on line 0
PHP Warning:  Module 'Phar' already loaded in Unknown on line 0
>>> HYBRID SYNC STARTED: 2026-09-14 to 2026-09-15 <<<
>>> USING POSTGRESQL FINAL LOGIN CALCULATION FOR CSR/AGENT <<<
Fetching from Main... Found 759 records.
Fetching from Amazon... Found 195 records.

>>> SYNC RESULTS <<<
Total records synced: 609
Fixed/Updated records: 0

? ALL CSR records verified with correct work hours (<= 8 hours)

>>> Sync Complete <<<
PHP Warning:  PHP Startup: Unable to load dynamic library 'fileinfo.so' (tried: /usr/lib64/php7/extensions/fileinfo.so (/usr/lib64/php7/extensions/fileinfo.so: cannot open shared object file: No such file or directory), /usr/lib64/php7/extensions/fileinfo.so.so (/usr/lib64/php7/extensions/fileinfo.so.so: cannot open shared object file: No such file or directory)) in Unknown on line 0
PHP Warning:  Module 'pdo_pgsql' already loaded in Unknown on line 0
PHP Warning:  Module 'pgsql' already loaded in Unknown on line 0
PHP Warning:  Module 'Phar' already loaded in Unknown on line 0
>>> HYBRID SYNC STARTED: 2026-09-14 to 2026-09-15 <<<
>>> USING POSTGRESQL FINAL LOGIN CALCULATION FOR CSR/AGENT <<<
Fetching from Main... Found 762 records.
Fetching from Amazon... Found 195 records.

>>> SYNC RESULTS <<<
Total records synced: 609
Fixed/Updated records: 0

? ALL CSR records verified with correct work hours (<= 8 hours)

>>> Sync Complete <<<
PHP Warning:  PHP Startup: Unable to load dynamic library 'fileinfo.so' (tried: /usr/lib64/php7/extensions/fileinfo.so (/usr/lib64/php7/extensions/fileinfo.so: cannot open shared object file: No such file or directory), /usr/lib64/php7/extensions/fileinfo.so.so (/usr/lib64/php7/extensions/fileinfo.so.so: cannot open shared object file: No such file or directory)) in Unknown on line 0
PHP Warning:  Module 'pdo_pgsql' already loaded in Unknown on line 0
PHP Warning:  Module 'pgsql' already loaded in Unknown on line 0
PHP Warning:  Module 'Phar' already loaded in Unknown on line 0
>>> HYBRID SYNC STARTED: 2026-09-14 to 2026-09-15 <<<
>>> USING POSTGRESQL FINAL LOGIN CALCULATION FOR CSR/AGENT <<<
Fetching from Main... Found 762 records.
Fetching from Amazon... Found 195 records.

>>> SYNC RESULTS <<<
Total records synced: 609
Fixed/Updated records: 0

? ALL CSR records verified with correct work hours (<= 8 hours)

>>> Sync Complete <<<
PHP Warning:  PHP Startup: Unable to load dynamic library 'fileinfo.so' (tried: /usr/lib64/php7/extensions/fileinfo.so (/usr/lib64/php7/extensions/fileinfo.so: cannot open shared object file: No such file or directory), /usr/lib64/php7/extensions/fileinfo.so.so (/usr/lib64/php7/extensions/fileinfo.so.so: cannot open shared object file: No such file or directory)) in Unknown on line 0
PHP Warning:  Module 'pdo_pgsql' already loaded in Unknown on line 0
PHP Warning:  Module 'pgsql' already loaded in Unknown on line 0
PHP Warning:  Module 'Phar' already loaded in Unknown on line 0
>>> HYBRID SYNC STARTED: 2026-09-14 to 2026-09-15 <<<
>>> USING POSTGRESQL FINAL LOGIN CALCULATION FOR CSR/AGENT <<<
Fetching from Main... Found 763 records.
Fetching from Amazon... Found 195 records.

>>> SYNC RESULTS <<<
Total records synced: 609
Fixed/Updated records: 0

? ALL CSR records verified with correct work hours (<= 8 hours)

>>> Sync Complete <<<
PHP Warning:  PHP Startup: Unable to load dynamic library 'fileinfo.so' (tried: /usr/lib64/php7/extensions/fileinfo.so (/usr/lib64/php7/extensions/fileinfo.so: cannot open shared object file: No such file or directory), /usr/lib64/php7/extensions/fileinfo.so.so (/usr/lib64/php7/extensions/fileinfo.so.so: cannot open shared object file: No such file or directory)) in Unknown on line 0
PHP Warning:  Module 'pdo_pgsql' already loaded in Unknown on line 0
PHP Warning:  Module 'pgsql' already loaded in Unknown on line 0
PHP Warning:  Module 'Phar' already loaded in Unknown on line 0
>>> HYBRID SYNC STARTED: 2026-09-14 to 2026-09-15 <<<
>>> USING POSTGRESQL FINAL LOGIN CALCULATION FOR CSR/AGENT <<<
Fetching from Main... Found 763 records.
Fetching from Amazon... Found 196 records.

>>> SYNC RESULTS <<<
Total records synced: 609
Fixed/Updated records: 0

WARNING: 1 CSR records still have work > 8 hours.

>>> Sync Complete <<<
PHP Warning:  PHP Startup: Unable to load dynamic library 'fileinfo.so' (tried: /usr/lib64/php7/extensions/fileinfo.so (/usr/lib64/php7/extensions/fileinfo.so: cannot open shared object file: No such file or directory), /usr/lib64/php7/extensions/fileinfo.so.so (/usr/lib64/php7/extensions/fileinfo.so.so: cannot open shared object file: No such file or directory)) in Unknown on line 0
PHP Warning:  Module 'pdo_pgsql' already loaded in Unknown on line 0
PHP Warning:  Module 'pgsql' already loaded in Unknown on line 0
PHP Warning:  Module 'Phar' already loaded in Unknown on line 0
>>> HYBRID SYNC STARTED: 2026-09-14 to 2026-09-15 <<<
>>> USING POSTGRESQL FINAL LOGIN CALCULATION FOR CSR/AGENT <<<
Fetching from Main... Found 763 records.
Fetching from Amazon... Found 196 records.

>>> SYNC RESULTS <<<
Total records synced: 609
Fixed/Updated records: 0

WARNING: 10 CSR records still have work > 8 hours.

>>> Sync Complete <<<
PHP Warning:  PHP Startup: Unable to load dynamic library 'fileinfo.so' (tried: /usr/lib64/php7/extensions/fileinfo.so (/usr/lib64/php7/extensions/fileinfo.so: cannot open shared object file: No such file or directory), /usr/lib64/php7/extensions/fileinfo.so.so (/usr/lib64/php7/extensions/fileinfo.so.so: cannot open shared object file: No such file or directory)) in Unknown on line 0
PHP Warning:  Module 'pdo_pgsql' already loaded in Unknown on line 0
PHP Warning:  Module 'pgsql' already loaded in Unknown on line 0
PHP Warning:  Module 'Phar' already loaded in Unknown on line 0
>>> HYBRID SYNC STARTED: 2026-09-14 to 2026-09-15 <<<
>>> USING POSTGRESQL FINAL LOGIN CALCULATION FOR CSR/AGENT <<<
Fetching from Main... Found 763 records.
Fetching from Amazon... Found 196 records.

>>> SYNC RESULTS <<<
Total records synced: 609
Fixed/Updated records: 0

WARNING: 31 CSR records still have work > 8 hours.

>>> Sync Complete <<<
PHP Warning:  PHP Startup: Unable to load dynamic library 'fileinfo.so' (tried: /usr/lib64/php7/extensions/fileinfo.so (/usr/lib64/php7/extensions/fileinfo.so: cannot open shared object file: No such file or directory), /usr/lib64/php7/extensions/fileinfo.so.so (/usr/lib64/php7/extensions/fileinfo.so.so: cannot open shared object file: No such file or directory)) in Unknown on line 0
PHP Warning:  Module 'pdo_pgsql' already loaded in Unknown on line 0
PHP Warning:  Module 'pgsql' already loaded in Unknown on line 0
PHP Warning:  Module 'Phar' already loaded in Unknown on line 0
>>> HYBRID SYNC STARTED: 2026-09-14 to 2026-09-15 <<<
>>> USING POSTGRESQL FINAL LOGIN CALCULATION FOR CSR/AGENT <<<
Fetching from Main... Found 763 records.
Fetching from Amazon... Found 196 records.

>>> SYNC RESULTS <<<
Total records synced: 609
Fixed/Updated records: 0

WARNING: 159 CSR records still have work > 8 hours.

>>> Sync Complete <<<
PHP Warning:  PHP Startup: Unable to load dynamic library 'fileinfo.so' (tried: /usr/lib64/php7/extensions/fileinfo.so (/usr/lib64/php7/extensions/fileinfo.so: cannot open shared object file: No such file or directory), /usr/lib64/php7/extensions/fileinfo.so.so (/usr/lib64/php7/extensions/fileinfo.so.so: cannot open shared object file: No such file or directory)) in Unknown on line 0
PHP Warning:  Module 'pdo_pgsql' already loaded in Unknown on line 0
PHP Warning:  Module 'pgsql' already loaded in Unknown on line 0
PHP Warning:  Module 'Phar' already loaded in Unknown on line 0
>>> HYBRID SYNC STARTED: 2026-09-14 to 2026-09-15 <<<
>>> USING POSTGRESQL FINAL LOGIN CALCULATION FOR CSR/AGENT <<<
Fetching from Main... Found 763 records.
Fetching from Amazon... Found 196 records.

>>> SYNC RESULTS <<<
Total records synced: 609
Fixed/Updated records: 0

WARNING: 172 CSR records still have work > 8 hours.

>>> Sync Complete <<<
PHP Warning:  PHP Startup: Unable to load dynamic library 'fileinfo.so' (tried: /usr/lib64/php7/extensions/fileinfo.so (/usr/lib64/php7/extensions/fileinfo.so: cannot open shared object file: No such file or directory), /usr/lib64/php7/extensions/fileinfo.so.so (/usr/lib64/php7/extensions/fileinfo.so.so: cannot open shared object file: No such file or directory)) in Unknown on line 0
PHP Warning:  Module 'pdo_pgsql' already loaded in Unknown on line 0
PHP Warning:  Module 'pgsql' already loaded in Unknown on line 0
PHP Warning:  Module 'Phar' already loaded in Unknown on line 0
>>> HYBRID SYNC STARTED: 2026-09-14 to 2026-09-15 <<<
>>> USING POSTGRESQL FINAL LOGIN CALCULATION FOR CSR/AGENT <<<
Fetching from Main... Found 763 records.
Fetching from Amazon... Found 196 records.

>>> SYNC RESULTS <<<
Total records synced: 609
Fixed/Updated records: 0

WARNING: 172 CSR records still have work > 8 hours.

>>> Sync Complete <<<
PHP Warning:  PHP Startup: Unable to load dynamic library 'fileinfo.so' (tried: /usr/lib64/php7/extensions/fileinfo.so (/usr/lib64/php7/extensions/fileinfo.so: cannot open shared object file: No such file or directory), /usr/lib64/php7/extensions/fileinfo.so.so (/usr/lib64/php7/extensions/fileinfo.so.so: cannot open shared object file: No such file or directory)) in Unknown on line 0
PHP Warning:  Module 'pdo_pgsql' already loaded in Unknown on line 0
PHP Warning:  Module 'pgsql' already loaded in Unknown on line 0
PHP Warning:  Module 'Phar' already loaded in Unknown on line 0
>>> HYBRID SYNC STARTED: 2026-09-14 to 2026-09-15 <<<
>>> USING POSTGRESQL FINAL LOGIN CALCULATION FOR CSR/AGENT <<<
Fetching from Main... Found 763 records.
Fetching from Amazon... Found 196 records.

>>> SYNC RESULTS <<<
Total records synced: 609
Fixed/Updated records: 0

WARNING: 172 CSR records still have work > 8 hours.

>>> Sync Complete <<<
PHP Warning:  PHP Startup: Unable to load dynamic library 'fileinfo.so' (tried: /usr/lib64/php7/extensions/fileinfo.so (/usr/lib64/php7/extensions/fileinfo.so: cannot open shared object file: No such file or directory), /usr/lib64/php7/extensions/fileinfo.so.so (/usr/lib64/php7/extensions/fileinfo.so.so: cannot open shared object file: No such file or directory)) in Unknown on line 0
PHP Warning:  Module 'pdo_pgsql' already loaded in Unknown on line 0
PHP Warning:  Module 'pgsql' already loaded in Unknown on line 0
PHP Warning:  Module 'Phar' already loaded in Unknown on line 0
>>> HYBRID SYNC STARTED: 2026-09-14 to 2026-09-15 <<<
>>> USING POSTGRESQL FINAL LOGIN CALCULATION FOR CSR/AGENT <<<
Fetching from Main... Found 763 records.
Fetching from Amazon... Found 196 records.

>>> SYNC RESULTS <<<
Total records synced: 609
Fixed/Updated records: 0

WARNING: 172 CSR records still have work > 8 hours.

>>> Sync Complete <<<
PHP Warning:  PHP Startup: Unable to load dynamic library 'fileinfo.so' (tried: /usr/lib64/php7/extensions/fileinfo.so (/usr/lib64/php7/extensions/fileinfo.so: cannot open shared object file: No such file or directory), /usr/lib64/php7/extensions/fileinfo.so.so (/usr/lib64/php7/extensions/fileinfo.so.so: cannot open shared object file: No such file or directory)) in Unknown on line 0
PHP Warning:  Module 'pdo_pgsql' already loaded in Unknown on line 0
PHP Warning:  Module 'pgsql' already loaded in Unknown on line 0
PHP Warning:  Module 'Phar' already loaded in Unknown on line 0
>>> HYBRID SYNC STARTED: 2026-09-14 to 2026-09-15 <<<
>>> USING POSTGRESQL FINAL LOGIN CALCULATION FOR CSR/AGENT <<<
Fetching from Main... Found 763 records.
Fetching from Amazon... Found 196 records.

>>> SYNC RESULTS <<<
Total records synced: 609
Fixed/Updated records: 0

WARNING: 172 CSR records still have work > 8 hours.

>>> Sync Complete <<<
PHP Warning:  PHP Startup: Unable to load dynamic library 'fileinfo.so' (tried: /usr/lib64/php7/extensions/fileinfo.so (/usr/lib64/php7/extensions/fileinfo.so: cannot open shared object file: No such file or directory), /usr/lib64/php7/extensions/fileinfo.so.so (/usr/lib64/php7/extensions/fileinfo.so.so: cannot open shared object file: No such file or directory)) in Unknown on line 0
PHP Warning:  Module 'pdo_pgsql' already loaded in Unknown on line 0
PHP Warning:  Module 'pgsql' already loaded in Unknown on line 0
PHP Warning:  Module 'Phar' already loaded in Unknown on line 0
>>> HYBRID SYNC STARTED: 2026-09-14 to 2026-09-15 <<<
>>> USING POSTGRESQL FINAL LOGIN CALCULATION FOR CSR/AGENT <<<
Fetching from Main... Found 763 records.
Fetching from Amazon... Found 196 records.

>>> SYNC RESULTS <<<
Total records synced: 609
Fixed/Updated records: 0

WARNING: 172 CSR records still have work > 8 hours.

>>> Sync Complete <<<
PHP Warning:  PHP Startup: Unable to load dynamic library 'fileinfo.so' (tried: /usr/lib64/php7/extensions/fileinfo.so (/usr/lib64/php7/extensions/fileinfo.so: cannot open shared object file: No such file or directory), /usr/lib64/php7/extensions/fileinfo.so.so (/usr/lib64/php7/extensions/fileinfo.so.so: cannot open shared object file: No such file or directory)) in Unknown on line 0
PHP Warning:  Module 'pdo_pgsql' already loaded in Unknown on line 0
PHP Warning:  Module 'pgsql' already loaded in Unknown on line 0
PHP Warning:  Module 'Phar' already loaded in Unknown on line 0
>>> HYBRID SYNC STARTED: 2026-09-14 to 2026-09-15 <<<
>>> USING POSTGRESQL FINAL LOGIN CALCULATION FOR CSR/AGENT <<<
Fetching from Main... Found 763 records.
Fetching from Amazon... Found 196 records.

>>> SYNC RESULTS <<<
Total records synced: 609
Fixed/Updated records: 0

WARNING: 172 CSR records still have work > 8 hours.

>>> Sync Complete <<<
PHP Warning:  PHP Startup: Unable to load dynamic library 'fileinfo.so' (tried: /usr/lib64/php7/extensions/fileinfo.so (/usr/lib64/php7/extensions/fileinfo.so: cannot open shared object file: No such file or directory), /usr/lib64/php7/extensions/fileinfo.so.so (/usr/lib64/php7/extensions/fileinfo.so.so: cannot open shared object file: No such file or directory)) in Unknown on line 0
PHP Warning:  Module 'pdo_pgsql' already loaded in Unknown on line 0
PHP Warning:  Module 'pgsql' already loaded in Unknown on line 0
PHP Warning:  Module 'Phar' already loaded in Unknown on line 0
>>> HYBRID SYNC STARTED: 2026-09-14 to 2026-09-15 <<<
>>> USING POSTGRESQL FINAL LOGIN CALCULATION FOR CSR/AGENT <<<
Fetching from Main... Found 763 records.
Fetching from Amazon... Found 196 records.

>>> SYNC RESULTS <<<
Total records synced: 609
Fixed/Updated records: 0

WARNING: 172 CSR records still have work > 8 hours.

>>> Sync Complete <<<
PHP Warning:  PHP Startup: Unable to load dynamic library 'fileinfo.so' (tried: /usr/lib64/php7/extensions/fileinfo.so (/usr/lib64/php7/extensions/fileinfo.so: cannot open shared object file: No such file or directory), /usr/lib64/php7/extensions/fileinfo.so.so (/usr/lib64/php7/extensions/fileinfo.so.so: cannot open shared object file: No such file or directory)) in Unknown on line 0
PHP Warning:  Module 'pdo_pgsql' already loaded in Unknown on line 0
PHP Warning:  Module 'pgsql' already loaded in Unknown on line 0
PHP Warning:  Module 'Phar' already loaded in Unknown on line 0
>>> HYBRID SYNC STARTED: 2026-09-15 to 2026-09-16 <<<
>>> USING POSTGRESQL FINAL LOGIN CALCULATION FOR CSR/AGENT <<<
Fetching from Main... Found 478 records.
Fetching from Amazon... Found 110 records.

>>> SYNC RESULTS <<<
Total records synced: 372
Fixed/Updated records: 0

WARNING: 172 CSR records still have work > 8 hours.

>>> Sync Complete <<<
PHP Warning:  PHP Startup: Unable to load dynamic library 'fileinfo.so' (tried: /usr/lib64/php7/extensions/fileinfo.so (/usr/lib64/php7/extensions/fileinfo.so: cannot open shared object file: No such file or directory), /usr/lib64/php7/extensions/fileinfo.so.so (/usr/lib64/php7/extensions/fileinfo.so.so: cannot open shared object file: No such file or directory)) in Unknown on line 0
PHP Warning:  Module 'pdo_pgsql' already loaded in Unknown on line 0
PHP Warning:  Module 'pgsql' already loaded in Unknown on line 0
PHP Warning:  Module 'Phar' already loaded in Unknown on line 0
>>> HYBRID SYNC STARTED: 2026-09-15 to 2026-09-16 <<<
>>> USING POSTGRESQL FINAL LOGIN CALCULATION FOR CSR/AGENT <<<
Fetching from Main... Found 495 records.
Fetching from Amazon... Found 110 records.

>>> SYNC RESULTS <<<
Total records synced: 379
Fixed/Updated records: 0

WARNING: 172 CSR records still have work > 8 hours.

>>> Sync Complete <<<
PHP Warning:  PHP Startup: Unable to load dynamic library 'fileinfo.so' (tried: /usr/lib64/php7/extensions/fileinfo.so (/usr/lib64/php7/extensions/fileinfo.so: cannot open shared object file: No such file or directory), /usr/lib64/php7/extensions/fileinfo.so.so (/usr/lib64/php7/extensions/fileinfo.so.so: cannot open shared object file: No such file or directory)) in Unknown on line 0
PHP Warning:  Module 'pdo_pgsql' already loaded in Unknown on line 0
PHP Warning:  Module 'pgsql' already loaded in Unknown on line 0
PHP Warning:  Module 'Phar' already loaded in Unknown on line 0
>>> HYBRID SYNC STARTED: 2026-09-15 to 2026-09-16 <<<
>>> USING POSTGRESQL FINAL LOGIN CALCULATION FOR CSR/AGENT <<<
Fetching from Main... Found 495 records.
Fetching from Amazon... Found 110 records.

>>> SYNC RESULTS <<<
Total records synced: 379
Fixed/Updated records: 0

WARNING: 172 CSR records still have work > 8 hours.

>>> Sync Complete <<<
PHP Warning:  PHP Startup: Unable to load dynamic library 'fileinfo.so' (tried: /usr/lib64/php7/extensions/fileinfo.so (/usr/lib64/php7/extensions/fileinfo.so: cannot open shared object file: No such file or directory), /usr/lib64/php7/extensions/fileinfo.so.so (/usr/lib64/php7/extensions/fileinfo.so.so: cannot open shared object file: No such file or directory)) in Unknown on line 0
PHP Warning:  Module 'pdo_pgsql' already loaded in Unknown on line 0
PHP Warning:  Module 'pgsql' already loaded in Unknown on line 0
PHP Warning:  Module 'Phar' already loaded in Unknown on line 0
>>> HYBRID SYNC STARTED: 2026-09-15 to 2026-09-16 <<<
>>> USING POSTGRESQL FINAL LOGIN CALCULATION FOR CSR/AGENT <<<
Fetching from Main... Found 495 records.
Fetching from Amazon... Found 110 records.

>>> SYNC RESULTS <<<
Total records synced: 379
Fixed/Updated records: 0

WARNING: 172 CSR records still have work > 8 hours.

>>> Sync Complete <<<
PHP Warning:  PHP Startup: Unable to load dynamic library 'fileinfo.so' (tried: /usr/lib64/php7/extensions/fileinfo.so (/usr/lib64/php7/extensions/fileinfo.so: cannot open shared object file: No such file or directory), /usr/lib64/php7/extensions/fileinfo.so.so (/usr/lib64/php7/extensions/fileinfo.so.so: cannot open shared object file: No such file or directory)) in Unknown on line 0
PHP Warning:  Module 'pdo_pgsql' already loaded in Unknown on line 0
PHP Warning:  Module 'pgsql' already loaded in Unknown on line 0
PHP Warning:  Module 'Phar' already loaded in Unknown on line 0
>>> HYBRID SYNC STARTED: 2026-09-15 to 2026-09-16 <<<
>>> USING POSTGRESQL FINAL LOGIN CALCULATION FOR CSR/AGENT <<<
Fetching from Main... Found 495 records.
Fetching from Amazon... Found 110 records.

>>> SYNC RESULTS <<<
Total records synced: 379
Fixed/Updated records: 0

WARNING: 172 CSR records still have work > 8 hours.

>>> Sync Complete <<<
PHP Warning:  PHP Startup: Unable to load dynamic library 'fileinfo.so' (tried: /usr/lib64/php7/extensions/fileinfo.so (/usr/lib64/php7/extensions/fileinfo.so: cannot open shared object file: No such file or directory), /usr/lib64/php7/extensions/fileinfo.so.so (/usr/lib64/php7/extensions/fileinfo.so.so: cannot open shared object file: No such file or directory)) in Unknown on line 0
PHP Warning:  Module 'pdo_pgsql' already loaded in Unknown on line 0
PHP Warning:  Module 'pgsql' already loaded in Unknown on line 0
PHP Warning:  Module 'Phar' already loaded in Unknown on line 0
>>> HYBRID SYNC STARTED: 2026-09-15 to 2026-09-16 <<<
>>> USING POSTGRESQL FINAL LOGIN CALCULATION FOR CSR/AGENT <<<
Fetching from Main... Found 495 records.
Fetching from Amazon... Found 110 records.

>>> SYNC RESULTS <<<
Total records synced: 379
Fixed/Updated records: 0

WARNING: 172 CSR records still have work > 8 hours.

>>> Sync Complete <<<
PHP Warning:  PHP Startup: Unable to load dynamic library 'fileinfo.so' (tried: /usr/lib64/php7/extensions/fileinfo.so (/usr/lib64/php7/extensions/fileinfo.so: cannot open shared object file: No such file or directory), /usr/lib64/php7/extensions/fileinfo.so.so (/usr/lib64/php7/extensions/fileinfo.so.so: cannot open shared object file: No such file or directory)) in Unknown on line 0
PHP Warning:  Module 'pdo_pgsql' already loaded in Unknown on line 0
PHP Warning:  Module 'pgsql' already loaded in Unknown on line 0
PHP Warning:  Module 'Phar' already loaded in Unknown on line 0
>>> HYBRID SYNC STARTED: 2026-09-15 to 2026-09-16 <<<
>>> USING POSTGRESQL FINAL LOGIN CALCULATION FOR CSR/AGENT <<<
Fetching from Main... Found 495 records.
Fetching from Amazon... Found 110 records.

>>> SYNC RESULTS <<<
Total records synced: 379
Fixed/Updated records: 0

WARNING: 172 CSR records still have work > 8 hours.

>>> Sync Complete <<<
PHP Warning:  PHP Startup: Unable to load dynamic library 'fileinfo.so' (tried: /usr/lib64/php7/extensions/fileinfo.so (/usr/lib64/php7/extensions/fileinfo.so: cannot open shared object file: No such file or directory), /usr/lib64/php7/extensions/fileinfo.so.so (/usr/lib64/php7/extensions/fileinfo.so.so: cannot open shared object file: No such file or directory)) in Unknown on line 0
PHP Warning:  Module 'pdo_pgsql' already loaded in Unknown on line 0
PHP Warning:  Module 'pgsql' already loaded in Unknown on line 0
PHP Warning:  Module 'Phar' already loaded in Unknown on line 0
>>> HYBRID SYNC STARTED: 2026-09-15 to 2026-09-16 <<<
>>> USING POSTGRESQL FINAL LOGIN CALCULATION FOR CSR/AGENT <<<
Fetching from Main... Found 495 records.
Fetching from Amazon... Found 110 records.

>>> SYNC RESULTS <<<
Total records synced: 379
Fixed/Updated records: 0

WARNING: 172 CSR records still have work > 8 hours.

>>> Sync Complete <<<
PHP Warning:  PHP Startup: Unable to load dynamic library 'fileinfo.so' (tried: /usr/lib64/php7/extensions/fileinfo.so (/usr/lib64/php7/extensions/fileinfo.so: cannot open shared object file: No such file or directory), /usr/lib64/php7/extensions/fileinfo.so.so (/usr/lib64/php7/extensions/fileinfo.so.so: cannot open shared object file: No such file or directory)) in Unknown on line 0
PHP Warning:  Module 'pdo_pgsql' already loaded in Unknown on line 0
PHP Warning:  Module 'pgsql' already loaded in Unknown on line 0
PHP Warning:  Module 'Phar' already loaded in Unknown on line 0
>>> HYBRID SYNC STARTED: 2026-09-15 to 2026-09-16 <<<
>>> USING POSTGRESQL FINAL LOGIN CALCULATION FOR CSR/AGENT <<<
Fetching from Main... Found 495 records.
Fetching from Amazon... Found 110 records.

>>> SYNC RESULTS <<<
Total records synced: 379
Fixed/Updated records: 0

WARNING: 172 CSR records still have work > 8 hours.

>>> Sync Complete <<<
PHP Warning:  PHP Startup: Unable to load dynamic library 'fileinfo.so' (tried: /usr/lib64/php7/extensions/fileinfo.so (/usr/lib64/php7/extensions/fileinfo.so: cannot open shared object file: No such file or directory), /usr/lib64/php7/extensions/fileinfo.so.so (/usr/lib64/php7/extensions/fileinfo.so.so: cannot open shared object file: No such file or directory)) in Unknown on line 0
PHP Warning:  Module 'pdo_pgsql' already loaded in Unknown on line 0
PHP Warning:  Module 'pgsql' already loaded in Unknown on line 0
PHP Warning:  Module 'Phar' already loaded in Unknown on line 0
>>> HYBRID SYNC STARTED: 2026-09-15 to 2026-09-16 <<<
>>> USING POSTGRESQL FINAL LOGIN CALCULATION FOR CSR/AGENT <<<
Fetching from Main... Found 495 records.
Fetching from Amazon... Found 110 records.

>>> SYNC RESULTS <<<
Total records synced: 379
Fixed/Updated records: 0

WARNING: 172 CSR records still have work > 8 hours.

>>> Sync Complete <<<
PHP Warning:  PHP Startup: Unable to load dynamic library 'fileinfo.so' (tried: /usr/lib64/php7/extensions/fileinfo.so (/usr/lib64/php7/extensions/fileinfo.so: cannot open shared object file: No such file or directory), /usr/lib64/php7/extensions/fileinfo.so.so (/usr/lib64/php7/extensions/fileinfo.so.so: cannot open shared object file: No such file or directory)) in Unknown on line 0
PHP Warning:  Module 'pdo_pgsql' already loaded in Unknown on line 0
PHP Warning:  Module 'pgsql' already loaded in Unknown on line 0
PHP Warning:  Module 'Phar' already loaded in Unknown on line 0
>>> HYBRID SYNC STARTED: 2026-09-15 to 2026-09-16 <<<
>>> USING POSTGRESQL FINAL LOGIN CALCULATION FOR CSR/AGENT <<<
Fetching from Main... Found 495 records.
Fetching from Amazon... Found 110 records.

>>> SYNC RESULTS <<<
Total records synced: 379
Fixed/Updated records: 0

WARNING: 172 CSR records still have work > 8 hours.

>>> Sync Complete <<<
PHP Warning:  PHP Startup: Unable to load dynamic library 'fileinfo.so' (tried: /usr/lib64/php7/extensions/fileinfo.so (/usr/lib64/php7/extensions/fileinfo.so: cannot open shared object file: No such file or directory), /usr/lib64/php7/extensions/fileinfo.so.so (/usr/lib64/php7/extensions/fileinfo.so.so: cannot open shared object file: No such file or directory)) in Unknown on line 0
PHP Warning:  Module 'pdo_pgsql' already loaded in Unknown on line 0
PHP Warning:  Module 'pgsql' already loaded in Unknown on line 0
PHP Warning:  Module 'Phar' already loaded in Unknown on line 0
>>> HYBRID SYNC STARTED: 2026-09-15 to 2026-09-16 <<<
>>> USING POSTGRESQL FINAL LOGIN CALCULATION FOR CSR/AGENT <<<
Fetching from Main... Found 495 records.
Fetching from Amazon... Found 110 records.

>>> SYNC RESULTS <<<
Total records synced: 379
Fixed/Updated records: 0

WARNING: 172 CSR records still have work > 8 hours.

>>> Sync Complete <<<
PHP Warning:  PHP Startup: Unable to load dynamic library 'fileinfo.so' (tried: /usr/lib64/php7/extensions/fileinfo.so (/usr/lib64/php7/extensions/fileinfo.so: cannot open shared object file: No such file or directory), /usr/lib64/php7/extensions/fileinfo.so.so (/usr/lib64/php7/extensions/fileinfo.so.so: cannot open shared object file: No such file or directory)) in Unknown on line 0
PHP Warning:  Module 'pdo_pgsql' already loaded in Unknown on line 0
PHP Warning:  Module 'pgsql' already loaded in Unknown on line 0
PHP Warning:  Module 'Phar' already loaded in Unknown on line 0
>>> HYBRID SYNC STARTED: 2026-09-15 to 2026-09-16 <<<
>>> USING POSTGRESQL FINAL LOGIN CALCULATION FOR CSR/AGENT <<<
Fetching from Main... Found 495 records.
Fetching from Amazon... Found 110 records.

>>> SYNC RESULTS <<<
Total records synced: 379
Fixed/Updated records: 0

WARNING: 172 CSR records still have work > 8 hours.

>>> Sync Complete <<<
PHP Warning:  PHP Startup: Unable to load dynamic library 'fileinfo.so' (tried: /usr/lib64/php7/extensions/fileinfo.so (/usr/lib64/php7/extensions/fileinfo.so: cannot open shared object file: No such file or directory), /usr/lib64/php7/extensions/fileinfo.so.so (/usr/lib64/php7/extensions/fileinfo.so.so: cannot open shared object file: No such file or directory)) in Unknown on line 0
PHP Warning:  Module 'pdo_pgsql' already loaded in Unknown on line 0
PHP Warning:  Module 'pgsql' already loaded in Unknown on line 0
PHP Warning:  Module 'Phar' already loaded in Unknown on line 0
>>> HYBRID SYNC STARTED: 2026-09-15 to 2026-09-16 <<<
>>> USING POSTGRESQL FINAL LOGIN CALCULATION FOR CSR/AGENT <<<
Fetching from Main... Found 495 records.
Fetching from Amazon... Found 110 records.

>>> SYNC RESULTS <<<
Total records synced: 379
Fixed/Updated records: 0

WARNING: 172 CSR records still have work > 8 hours.

>>> Sync Complete <<<
PHP Warning:  PHP Startup: Unable to load dynamic library 'fileinfo.so' (tried: /usr/lib64/php7/extensions/fileinfo.so (/usr/lib64/php7/extensions/fileinfo.so: cannot open shared object file: No such file or directory), /usr/lib64/php7/extensions/fileinfo.so.so (/usr/lib64/php7/extensions/fileinfo.so.so: cannot open shared object file: No such file or directory)) in Unknown on line 0
PHP Warning:  Module 'pdo_pgsql' already loaded in Unknown on line 0
PHP Warning:  Module 'pgsql' already loaded in Unknown on line 0
PHP Warning:  Module 'Phar' already loaded in Unknown on line 0
>>> HYBRID SYNC STARTED: 2026-09-15 to 2026-09-16 <<<
>>> USING POSTGRESQL FINAL LOGIN CALCULATION FOR CSR/AGENT <<<
Fetching from Main... Found 495 records.
Fetching from Amazon... Found 110 records.

>>> SYNC RESULTS <<<
Total records synced: 379
Fixed/Updated records: 0

WARNING: 172 CSR records still have work > 8 hours.

>>> Sync Complete <<<
PHP Warning:  PHP Startup: Unable to load dynamic library 'fileinfo.so' (tried: /usr/lib64/php7/extensions/fileinfo.so (/usr/lib64/php7/extensions/fileinfo.so: cannot open shared object file: No such file or directory), /usr/lib64/php7/extensions/fileinfo.so.so (/usr/lib64/php7/extensions/fileinfo.so.so: cannot open shared object file: No such file or directory)) in Unknown on line 0
PHP Warning:  Module 'pdo_pgsql' already loaded in Unknown on line 0
PHP Warning:  Module 'pgsql' already loaded in Unknown on line 0
PHP Warning:  Module 'Phar' already loaded in Unknown on line 0
>>> HYBRID SYNC STARTED: 2026-09-15 to 2026-09-16 <<<
>>> USING POSTGRESQL FINAL LOGIN CALCULATION FOR CSR/AGENT <<<
Fetching from Main... Found 495 records.
Fetching from Amazon... Found 110 records.

>>> SYNC RESULTS <<<
Total records synced: 379
Fixed/Updated records: 0

WARNING: 172 CSR records still have work > 8 hours.

>>> Sync Complete <<<
PHP Warning:  PHP Startup: Unable to load dynamic library 'fileinfo.so' (tried: /usr/lib64/php7/extensions/fileinfo.so (/usr/lib64/php7/extensions/fileinfo.so: cannot open shared object file: No such file or directory), /usr/lib64/php7/extensions/fileinfo.so.so (/usr/lib64/php7/extensions/fileinfo.so.so: cannot open shared object file: No such file or directory)) in Unknown on line 0
PHP Warning:  Module 'pdo_pgsql' already loaded in Unknown on line 0
PHP Warning:  Module 'pgsql' already loaded in Unknown on line 0
PHP Warning:  Module 'Phar' already loaded in Unknown on line 0
>>> HYBRID SYNC STARTED: 2026-09-15 to 2026-09-16 <<<
>>> USING POSTGRESQL FINAL LOGIN CALCULATION FOR CSR/AGENT <<<
Fetching from Main... Found 495 records.
Fetching from Amazon... Found 110 records.

>>> SYNC RESULTS <<<
Total records synced: 379
Fixed/Updated records: 0

WARNING: 172 CSR records still have work > 8 hours.

>>> Sync Complete <<<
PHP Warning:  PHP Startup: Unable to load dynamic library 'fileinfo.so' (tried: /usr/lib64/php7/extensions/fileinfo.so (/usr/lib64/php7/extensions/fileinfo.so: cannot open shared object file: No such file or directory), /usr/lib64/php7/extensions/fileinfo.so.so (/usr/lib64/php7/extensions/fileinfo.so.so: cannot open shared object file: No such file or directory)) in Unknown on line 0
PHP Warning:  Module 'pdo_pgsql' already loaded in Unknown on line 0
PHP Warning:  Module 'pgsql' already loaded in Unknown on line 0
PHP Warning:  Module 'Phar' already loaded in Unknown on line 0
>>> HYBRID SYNC STARTED: 2026-09-15 to 2026-09-16 <<<
>>> USING POSTGRESQL FINAL LOGIN CALCULATION FOR CSR/AGENT <<<
Fetching from Main... Found 495 records.
Fetching from Amazon... Found 110 records.

>>> SYNC RESULTS <<<
Total records synced: 379
Fixed/Updated records: 0

WARNING: 172 CSR records still have work > 8 hours.

>>> Sync Complete <<<
PHP Warning:  PHP Startup: Unable to load dynamic library 'fileinfo.so' (tried: /usr/lib64/php7/extensions/fileinfo.so (/usr/lib64/php7/extensions/fileinfo.so: cannot open shared object file: No such file or directory), /usr/lib64/php7/extensions/fileinfo.so.so (/usr/lib64/php7/extensions/fileinfo.so.so: cannot open shared object file: No such file or directory)) in Unknown on line 0
PHP Warning:  Module 'pdo_pgsql' already loaded in Unknown on line 0
PHP Warning:  Module 'pgsql' already loaded in Unknown on line 0
PHP Warning:  Module 'Phar' already loaded in Unknown on line 0
>>> HYBRID SYNC STARTED: 2026-09-15 to 2026-09-16 <<<
>>> USING POSTGRESQL FINAL LOGIN CALCULATION FOR CSR/AGENT <<<
Fetching from Main... Found 500 records.
Fetching from Amazon... Found 113 records.

>>> SYNC RESULTS <<<
Total records synced: 382
Fixed/Updated records: 0

WARNING: 172 CSR records still have work > 8 hours.

>>> Sync Complete <<<
PHP Warning:  PHP Startup: Unable to load dynamic library 'fileinfo.so' (tried: /usr/lib64/php7/extensions/fileinfo.so (/usr/lib64/php7/extensions/fileinfo.so: cannot open shared object file: No such file or directory), /usr/lib64/php7/extensions/fileinfo.so.so (/usr/lib64/php7/extensions/fileinfo.so.so: cannot open shared object file: No such file or directory)) in Unknown on line 0
PHP Warning:  Module 'pdo_pgsql' already loaded in Unknown on line 0
PHP Warning:  Module 'pgsql' already loaded in Unknown on line 0
PHP Warning:  Module 'Phar' already loaded in Unknown on line 0
>>> HYBRID SYNC STARTED: 2026-09-15 to 2026-09-16 <<<
>>> USING POSTGRESQL FINAL LOGIN CALCULATION FOR CSR/AGENT <<<
Fetching from Main... Found 580 records.
Fetching from Amazon... Found 137 records.

>>> SYNC RESULTS <<<
Total records synced: 405
Fixed/Updated records: 0

WARNING: 172 CSR records still have work > 8 hours.

>>> Sync Complete <<<
PHP Warning:  PHP Startup: Unable to load dynamic library 'fileinfo.so' (tried: /usr/lib64/php7/extensions/fileinfo.so (/usr/lib64/php7/extensions/fileinfo.so: cannot open shared object file: No such file or directory), /usr/lib64/php7/extensions/fileinfo.so.so (/usr/lib64/php7/extensions/fileinfo.so.so: cannot open shared object file: No such file or directory)) in Unknown on line 0
PHP Warning:  Module 'pdo_pgsql' already loaded in Unknown on line 0
PHP Warning:  Module 'pgsql' already loaded in Unknown on line 0
PHP Warning:  Module 'Phar' already loaded in Unknown on line 0
>>> HYBRID SYNC STARTED: 2026-09-15 to 2026-09-16 <<<
>>> USING POSTGRESQL FINAL LOGIN CALCULATION FOR CSR/AGENT <<<
Fetching from Main... Found 899 records.
Fetching from Amazon... Found 207 records.

>>> SYNC RESULTS <<<
Total records synced: 680
Fixed/Updated records: 0

WARNING: 172 CSR records still have work > 8 hours.

>>> Sync Complete <<<
PHP Warning:  PHP Startup: Unable to load dynamic library 'fileinfo.so' (tried: /usr/lib64/php7/extensions/fileinfo.so (/usr/lib64/php7/extensions/fileinfo.so: cannot open shared object file: No such file or directory), /usr/lib64/php7/extensions/fileinfo.so.so (/usr/lib64/php7/extensions/fileinfo.so.so: cannot open shared object file: No such file or directory)) in Unknown on line 0
PHP Warning:  Module 'pdo_pgsql' already loaded in Unknown on line 0
PHP Warning:  Module 'pgsql' already loaded in Unknown on line 0
PHP Warning:  Module 'Phar' already loaded in Unknown on line 0
>>> HYBRID SYNC STARTED: 2026-09-15 to 2026-09-16 <<<
>>> USING POSTGRESQL FINAL LOGIN CALCULATION FOR CSR/AGENT <<<
Fetching from Main... Found 936 records.
Fetching from Amazon... Found 217 records.

>>> SYNC RESULTS <<<
Total records synced: 742
Fixed/Updated records: 0

WARNING: 172 CSR records still have work > 8 hours.

>>> Sync Complete <<<
PHP Warning:  PHP Startup: Unable to load dynamic library 'fileinfo.so' (tried: /usr/lib64/php7/extensions/fileinfo.so (/usr/lib64/php7/extensions/fileinfo.so: cannot open shared object file: No such file or directory), /usr/lib64/php7/extensions/fileinfo.so.so (/usr/lib64/php7/extensions/fileinfo.so.so: cannot open shared object file: No such file or directory)) in Unknown on line 0
PHP Warning:  Module 'pdo_pgsql' already loaded in Unknown on line 0
PHP Warning:  Module 'pgsql' already loaded in Unknown on line 0
PHP Warning:  Module 'Phar' already loaded in Unknown on line 0
>>> HYBRID SYNC STARTED: 2026-09-15 to 2026-09-16 <<<
>>> USING POSTGRESQL FINAL LOGIN CALCULATION FOR CSR/AGENT <<<
Fetching from Main... Found 943 records.
Fetching from Amazon... Found 220 records.

>>> SYNC RESULTS <<<
Total records synced: 746
Fixed/Updated records: 0

WARNING: 172 CSR records still have work > 8 hours.

>>> Sync Complete <<<
PHP Warning:  PHP Startup: Unable to load dynamic library 'fileinfo.so' (tried: /usr/lib64/php7/extensions/fileinfo.so (/usr/lib64/php7/extensions/fileinfo.so: cannot open shared object file: No such file or directory), /usr/lib64/php7/extensions/fileinfo.so.so (/usr/lib64/php7/extensions/fileinfo.so.so: cannot open shared object file: No such file or directory)) in Unknown on line 0
PHP Warning:  Module 'pdo_pgsql' already loaded in Unknown on line 0
PHP Warning:  Module 'pgsql' already loaded in Unknown on line 0
PHP Warning:  Module 'Phar' already loaded in Unknown on line 0
>>> HYBRID SYNC STARTED: 2026-09-15 to 2026-09-16 <<<
>>> USING POSTGRESQL FINAL LOGIN CALCULATION FOR CSR/AGENT <<<
Fetching from Main... Found 946 records.
Fetching from Amazon... Found 220 records.

>>> SYNC RESULTS <<<
Total records synced: 747
Fixed/Updated records: 0

WARNING: 172 CSR records still have work > 8 hours.

>>> Sync Complete <<<
PHP Warning:  PHP Startup: Unable to load dynamic library 'fileinfo.so' (tried: /usr/lib64/php7/extensions/fileinfo.so (/usr/lib64/php7/extensions/fileinfo.so: cannot open shared object file: No such file or directory), /usr/lib64/php7/extensions/fileinfo.so.so (/usr/lib64/php7/extensions/fileinfo.so.so: cannot open shared object file: No such file or directory)) in Unknown on line 0
PHP Warning:  Module 'pdo_pgsql' already loaded in Unknown on line 0
PHP Warning:  Module 'pgsql' already loaded in Unknown on line 0
PHP Warning:  Module 'Phar' already loaded in Unknown on line 0
>>> HYBRID SYNC STARTED: 2026-09-15 to 2026-09-16 <<<
>>> USING POSTGRESQL FINAL LOGIN CALCULATION FOR CSR/AGENT <<<
Fetching from Main... Found 946 records.
Fetching from Amazon... Found 220 records.

>>> SYNC RESULTS <<<
Total records synced: 747
Fixed/Updated records: 0

WARNING: 172 CSR records still have work > 8 hours.

>>> Sync Complete <<<
PHP Warning:  PHP Startup: Unable to load dynamic library 'fileinfo.so' (tried: /usr/lib64/php7/extensions/fileinfo.so (/usr/lib64/php7/extensions/fileinfo.so: cannot open shared object file: No such file or directory), /usr/lib64/php7/extensions/fileinfo.so.so (/usr/lib64/php7/extensions/fileinfo.so.so: cannot open shared object file: No such file or directory)) in Unknown on line 0
PHP Warning:  Module 'pdo_pgsql' already loaded in Unknown on line 0
PHP Warning:  Module 'pgsql' already loaded in Unknown on line 0
PHP Warning:  Module 'Phar' already loaded in Unknown on line 0
>>> HYBRID SYNC STARTED: 2026-09-15 to 2026-09-16 <<<
>>> USING POSTGRESQL FINAL LOGIN CALCULATION FOR CSR/AGENT <<<
Fetching from Main... Found 946 records.
Fetching from Amazon... Found 223 records.

>>> SYNC RESULTS <<<
Total records synced: 748
Fixed/Updated records: 0

WARNING: 172 CSR records still have work > 8 hours.

>>> Sync Complete <<<
PHP Warning:  PHP Startup: Unable to load dynamic library 'fileinfo.so' (tried: /usr/lib64/php7/extensions/fileinfo.so (/usr/lib64/php7/extensions/fileinfo.so: cannot open shared object file: No such file or directory), /usr/lib64/php7/extensions/fileinfo.so.so (/usr/lib64/php7/extensions/fileinfo.so.so: cannot open shared object file: No such file or directory)) in Unknown on line 0
PHP Warning:  Module 'pdo_pgsql' already loaded in Unknown on line 0
PHP Warning:  Module 'pgsql' already loaded in Unknown on line 0
PHP Warning:  Module 'Phar' already loaded in Unknown on line 0
>>> HYBRID SYNC STARTED: 2026-09-15 to 2026-09-16 <<<
>>> USING POSTGRESQL FINAL LOGIN CALCULATION FOR CSR/AGENT <<<
Fetching from Main... Found 947 records.
Fetching from Amazon... Found 223 records.

>>> SYNC RESULTS <<<
Total records synced: 748
Fixed/Updated records: 0

WARNING: 172 CSR records still have work > 8 hours.

>>> Sync Complete <<<
PHP Warning:  PHP Startup: Unable to load dynamic library 'fileinfo.so' (tried: /usr/lib64/php7/extensions/fileinfo.so (/usr/lib64/php7/extensions/fileinfo.so: cannot open shared object file: No such file or directory), /usr/lib64/php7/extensions/fileinfo.so.so (/usr/lib64/php7/extensions/fileinfo.so.so: cannot open shared object file: No such file or directory)) in Unknown on line 0
PHP Warning:  Module 'pdo_pgsql' already loaded in Unknown on line 0
PHP Warning:  Module 'pgsql' already loaded in Unknown on line 0
PHP Warning:  Module 'Phar' already loaded in Unknown on line 0
>>> HYBRID SYNC STARTED: 2026-09-15 to 2026-09-16 <<<
>>> USING POSTGRESQL FINAL LOGIN CALCULATION FOR CSR/AGENT <<<
Fetching from Main... Found 949 records.
Fetching from Amazon... Found 223 records.

>>> SYNC RESULTS <<<
Total records synced: 748
Fixed/Updated records: 0

WARNING: 172 CSR records still have work > 8 hours.

>>> Sync Complete <<<
PHP Warning:  PHP Startup: Unable to load dynamic library 'fileinfo.so' (tried: /usr/lib64/php7/extensions/fileinfo.so (/usr/lib64/php7/extensions/fileinfo.so: cannot open shared object file: No such file or directory), /usr/lib64/php7/extensions/fileinfo.so.so (/usr/lib64/php7/extensions/fileinfo.so.so: cannot open shared object file: No such file or directory)) in Unknown on line 0
PHP Warning:  Module 'pdo_pgsql' already loaded in Unknown on line 0
PHP Warning:  Module 'pgsql' already loaded in Unknown on line 0
PHP Warning:  Module 'Phar' already loaded in Unknown on line 0
>>> HYBRID SYNC STARTED: 2026-09-15 to 2026-09-16 <<<
>>> USING POSTGRESQL FINAL LOGIN CALCULATION FOR CSR/AGENT <<<
Fetching from Main... Found 950 records.
Fetching from Amazon... Found 223 records.

>>> SYNC RESULTS <<<
Total records synced: 748
Fixed/Updated records: 0

WARNING: 172 CSR records still have work > 8 hours.

>>> Sync Complete <<<
PHP Warning:  PHP Startup: Unable to load dynamic library 'fileinfo.so' (tried: /usr/lib64/php7/extensions/fileinfo.so (/usr/lib64/php7/extensions/fileinfo.so: cannot open shared object file: No such file or directory), /usr/lib64/php7/extensions/fileinfo.so.so (/usr/lib64/php7/extensions/fileinfo.so.so: cannot open shared object file: No such file or directory)) in Unknown on line 0
PHP Warning:  Module 'pdo_pgsql' already loaded in Unknown on line 0
PHP Warning:  Module 'pgsql' already loaded in Unknown on line 0
PHP Warning:  Module 'Phar' already loaded in Unknown on line 0
>>> HYBRID SYNC STARTED: 2026-09-15 to 2026-09-16 <<<
>>> USING POSTGRESQL FINAL LOGIN CALCULATION FOR CSR/AGENT <<<
Fetching from Main... Found 951 records.
Fetching from Amazon... Found 223 records.

>>> SYNC RESULTS <<<
Total records synced: 752
Fixed/Updated records: 0

WARNING: 172 CSR records still have work > 8 hours.

>>> Sync Complete <<<
PHP Warning:  PHP Startup: Unable to load dynamic library 'fileinfo.so' (tried: /usr/lib64/php7/extensions/fileinfo.so (/usr/lib64/php7/extensions/fileinfo.so: cannot open shared object file: No such file or directory), /usr/lib64/php7/extensions/fileinfo.so.so (/usr/lib64/php7/extensions/fileinfo.so.so: cannot open shared object file: No such file or directory)) in Unknown on line 0
PHP Warning:  Module 'pdo_pgsql' already loaded in Unknown on line 0
PHP Warning:  Module 'pgsql' already loaded in Unknown on line 0
PHP Warning:  Module 'Phar' already loaded in Unknown on line 0
>>> HYBRID SYNC STARTED: 2026-09-15 to 2026-09-16 <<<
>>> USING POSTGRESQL FINAL LOGIN CALCULATION FOR CSR/AGENT <<<
Fetching from Main... Found 951 records.
Fetching from Amazon... Found 223 records.

>>> SYNC RESULTS <<<
Total records synced: 752
Fixed/Updated records: 0

WARNING: 172 CSR records still have work > 8 hours.

>>> Sync Complete <<<
PHP Warning:  PHP Startup: Unable to load dynamic library 'fileinfo.so' (tried: /usr/lib64/php7/extensions/fileinfo.so (/usr/lib64/php7/extensions/fileinfo.so: cannot open shared object file: No such file or directory), /usr/lib64/php7/extensions/fileinfo.so.so (/usr/lib64/php7/extensions/fileinfo.so.so: cannot open shared object file: No such file or directory)) in Unknown on line 0
PHP Warning:  Module 'pdo_pgsql' already loaded in Unknown on line 0
PHP Warning:  Module 'pgsql' already loaded in Unknown on line 0
PHP Warning:  Module 'Phar' already loaded in Unknown on line 0
>>> HYBRID SYNC STARTED: 2026-09-15 to 2026-09-16 <<<
>>> USING POSTGRESQL FINAL LOGIN CALCULATION FOR CSR/AGENT <<<
Fetching from Main... Found 951 records.
Fetching from Amazon... Found 223 records.

>>> SYNC RESULTS <<<
Total records synced: 752
Fixed/Updated records: 0

WARNING: 172 CSR records still have work > 8 hours.

>>> Sync Complete <<<
PHP Warning:  PHP Startup: Unable to load dynamic library 'fileinfo.so' (tried: /usr/lib64/php7/extensions/fileinfo.so (/usr/lib64/php7/extensions/fileinfo.so: cannot open shared object file: No such file or directory), /usr/lib64/php7/extensions/fileinfo.so.so (/usr/lib64/php7/extensions/fileinfo.so.so: cannot open shared object file: No such file or directory)) in Unknown on line 0
PHP Warning:  Module 'pdo_pgsql' already loaded in Unknown on line 0
PHP Warning:  Module 'pgsql' already loaded in Unknown on line 0
PHP Warning:  Module 'Phar' already loaded in Unknown on line 0
>>> HYBRID SYNC STARTED: 2026-09-15 to 2026-09-16 <<<
>>> USING POSTGRESQL FINAL LOGIN CALCULATION FOR CSR/AGENT <<<
Fetching from Main... Found 951 records.
Fetching from Amazon... Found 224 records.

>>> SYNC RESULTS <<<
Total records synced: 753
Fixed/Updated records: 0

WARNING: 172 CSR records still have work > 8 hours.

>>> Sync Complete <<<
PHP Warning:  PHP Startup: Unable to load dynamic library 'fileinfo.so' (tried: /usr/lib64/php7/extensions/fileinfo.so (/usr/lib64/php7/extensions/fileinfo.so: cannot open shared object file: No such file or directory), /usr/lib64/php7/extensions/fileinfo.so.so (/usr/lib64/php7/extensions/fileinfo.so.so: cannot open shared object file: No such file or directory)) in Unknown on line 0
PHP Warning:  Module 'pdo_pgsql' already loaded in Unknown on line 0
PHP Warning:  Module 'pgsql' already loaded in Unknown on line 0
PHP Warning:  Module 'Phar' already loaded in Unknown on line 0
>>> HYBRID SYNC STARTED: 2026-09-15 to 2026-09-16 <<<
>>> USING POSTGRESQL FINAL LOGIN CALCULATION FOR CSR/AGENT <<<
Fetching from Main... Found 952 records.
Fetching from Amazon... Found 224 records.

>>> SYNC RESULTS <<<
Total records synced: 753
Fixed/Updated records: 0

WARNING: 172 CSR records still have work > 8 hours.

>>> Sync Complete <<<
PHP Warning:  PHP Startup: Unable to load dynamic library 'fileinfo.so' (tried: /usr/lib64/php7/extensions/fileinfo.so (/usr/lib64/php7/extensions/fileinfo.so: cannot open shared object file: No such file or directory), /usr/lib64/php7/extensions/fileinfo.so.so (/usr/lib64/php7/extensions/fileinfo.so.so: cannot open shared object file: No such file or directory)) in Unknown on line 0
PHP Warning:  Module 'pdo_pgsql' already loaded in Unknown on line 0
PHP Warning:  Module 'pgsql' already loaded in Unknown on line 0
PHP Warning:  Module 'Phar' already loaded in Unknown on line 0
>>> HYBRID SYNC STARTED: 2026-09-15 to 2026-09-16 <<<
>>> USING POSTGRESQL FINAL LOGIN CALCULATION FOR CSR/AGENT <<<
Fetching from Main... Found 952 records.
Fetching from Amazon... Found 224 records.

>>> SYNC RESULTS <<<
Total records synced: 753
Fixed/Updated records: 0

WARNING: 172 CSR records still have work > 8 hours.

>>> Sync Complete <<<
PHP Warning:  PHP Startup: Unable to load dynamic library 'fileinfo.so' (tried: /usr/lib64/php7/extensions/fileinfo.so (/usr/lib64/php7/extensions/fileinfo.so: cannot open shared object file: No such file or directory), /usr/lib64/php7/extensions/fileinfo.so.so (/usr/lib64/php7/extensions/fileinfo.so.so: cannot open shared object file: No such file or directory)) in Unknown on line 0
PHP Warning:  Module 'pdo_pgsql' already loaded in Unknown on line 0
PHP Warning:  Module 'pgsql' already loaded in Unknown on line 0
PHP Warning:  Module 'Phar' already loaded in Unknown on line 0
>>> HYBRID SYNC STARTED: 2026-09-15 to 2026-09-16 <<<
>>> USING POSTGRESQL FINAL LOGIN CALCULATION FOR CSR/AGENT <<<
Fetching from Main... Found 952 records.
Fetching from Amazon... Found 224 records.

>>> SYNC RESULTS <<<
Total records synced: 753
Fixed/Updated records: 0

WARNING: 172 CSR records still have work > 8 hours.

>>> Sync Complete <<<
PHP Warning:  PHP Startup: Unable to load dynamic library 'fileinfo.so' (tried: /usr/lib64/php7/extensions/fileinfo.so (/usr/lib64/php7/extensions/fileinfo.so: cannot open shared object file: No such file or directory), /usr/lib64/php7/extensions/fileinfo.so.so (/usr/lib64/php7/extensions/fileinfo.so.so: cannot open shared object file: No such file or directory)) in Unknown on line 0
PHP Warning:  Module 'pdo_pgsql' already loaded in Unknown on line 0
PHP Warning:  Module 'pgsql' already loaded in Unknown on line 0
PHP Warning:  Module 'Phar' already loaded in Unknown on line 0
>>> HYBRID SYNC STARTED: 2026-09-15 to 2026-09-16 <<<
>>> USING POSTGRESQL FINAL LOGIN CALCULATION FOR CSR/AGENT <<<
Fetching from Main... Found 952 records.
Fetching from Amazon... Found 224 records.

>>> SYNC RESULTS <<<
Total records synced: 753
Fixed/Updated records: 0

WARNING: 173 CSR records still have work > 8 hours.

>>> Sync Complete <<<
PHP Warning:  PHP Startup: Unable to load dynamic library 'fileinfo.so' (tried: /usr/lib64/php7/extensions/fileinfo.so (/usr/lib64/php7/extensions/fileinfo.so: cannot open shared object file: No such file or directory), /usr/lib64/php7/extensions/fileinfo.so.so (/usr/lib64/php7/extensions/fileinfo.so.so: cannot open shared object file: No such file or directory)) in Unknown on line 0
PHP Warning:  Module 'pdo_pgsql' already loaded in Unknown on line 0
PHP Warning:  Module 'pgsql' already loaded in Unknown on line 0
PHP Warning:  Module 'Phar' already loaded in Unknown on line 0
>>> HYBRID SYNC STARTED: 2026-09-15 to 2026-09-16 <<<
>>> USING POSTGRESQL FINAL LOGIN CALCULATION FOR CSR/AGENT <<<
Fetching from Main... Found 952 records.
Fetching from Amazon... Found 224 records.

>>> SYNC RESULTS <<<
Total records synced: 753
Fixed/Updated records: 0

WARNING: 180 CSR records still have work > 8 hours.

>>> Sync Complete <<<
PHP Warning:  PHP Startup: Unable to load dynamic library 'fileinfo.so' (tried: /usr/lib64/php7/extensions/fileinfo.so (/usr/lib64/php7/extensions/fileinfo.so: cannot open shared object file: No such file or directory), /usr/lib64/php7/extensions/fileinfo.so.so (/usr/lib64/php7/extensions/fileinfo.so.so: cannot open shared object file: No such file or directory)) in Unknown on line 0
PHP Warning:  Module 'pdo_pgsql' already loaded in Unknown on line 0
PHP Warning:  Module 'pgsql' already loaded in Unknown on line 0
PHP Warning:  Module 'Phar' already loaded in Unknown on line 0
>>> HYBRID SYNC STARTED: 2026-09-15 to 2026-09-16 <<<
>>> USING POSTGRESQL FINAL LOGIN CALCULATION FOR CSR/AGENT <<<
Fetching from Main... Found 952 records.
Fetching from Amazon... Found 224 records.

>>> SYNC RESULTS <<<
Total records synced: 753
Fixed/Updated records: 0

WARNING: 205 CSR records still have work > 8 hours.

>>> Sync Complete <<<
PHP Warning:  PHP Startup: Unable to load dynamic library 'fileinfo.so' (tried: /usr/lib64/php7/extensions/fileinfo.so (/usr/lib64/php7/extensions/fileinfo.so: cannot open shared object file: No such file or directory), /usr/lib64/php7/extensions/fileinfo.so.so (/usr/lib64/php7/extensions/fileinfo.so.so: cannot open shared object file: No such file or directory)) in Unknown on line 0
PHP Warning:  Module 'pdo_pgsql' already loaded in Unknown on line 0
PHP Warning:  Module 'pgsql' already loaded in Unknown on line 0
PHP Warning:  Module 'Phar' already loaded in Unknown on line 0
>>> HYBRID SYNC STARTED: 2026-09-15 to 2026-09-16 <<<
>>> USING POSTGRESQL FINAL LOGIN CALCULATION FOR CSR/AGENT <<<
Fetching from Main... Found 952 records.
Fetching from Amazon... Found 224 records.

>>> SYNC RESULTS <<<
Total records synced: 753
Fixed/Updated records: 0

WARNING: 335 CSR records still have work > 8 hours.

>>> Sync Complete <<<
PHP Warning:  PHP Startup: Unable to load dynamic library 'fileinfo.so' (tried: /usr/lib64/php7/extensions/fileinfo.so (/usr/lib64/php7/extensions/fileinfo.so: cannot open shared object file: No such file or directory), /usr/lib64/php7/extensions/fileinfo.so.so (/usr/lib64/php7/extensions/fileinfo.so.so: cannot open shared object file: No such file or directory)) in Unknown on line 0
PHP Warning:  Module 'pdo_pgsql' already loaded in Unknown on line 0
PHP Warning:  Module 'pgsql' already loaded in Unknown on line 0
PHP Warning:  Module 'Phar' already loaded in Unknown on line 0
>>> HYBRID SYNC STARTED: 2026-09-15 to 2026-09-16 <<<
>>> USING POSTGRESQL FINAL LOGIN CALCULATION FOR CSR/AGENT <<<
Fetching from Main... Found 952 records.
Fetching from Amazon... Found 224 records.

>>> SYNC RESULTS <<<
Total records synced: 753
Fixed/Updated records: 0

WARNING: 350 CSR records still have work > 8 hours.

>>> Sync Complete <<<
PHP Warning:  PHP Startup: Unable to load dynamic library 'fileinfo.so' (tried: /usr/lib64/php7/extensions/fileinfo.so (/usr/lib64/php7/extensions/fileinfo.so: cannot open shared object file: No such file or directory), /usr/lib64/php7/extensions/fileinfo.so.so (/usr/lib64/php7/extensions/fileinfo.so.so: cannot open shared object file: No such file or directory)) in Unknown on line 0
PHP Warning:  Module 'pdo_pgsql' already loaded in Unknown on line 0
PHP Warning:  Module 'pgsql' already loaded in Unknown on line 0
PHP Warning:  Module 'Phar' already loaded in Unknown on line 0
>>> HYBRID SYNC STARTED: 2026-09-15 to 2026-09-16 <<<
>>> USING POSTGRESQL FINAL LOGIN CALCULATION FOR CSR/AGENT <<<
Fetching from Main... Found 952 records.
Fetching from Amazon... Found 224 records.

>>> SYNC RESULTS <<<
Total records synced: 753
Fixed/Updated records: 0

WARNING: 350 CSR records still have work > 8 hours.

>>> Sync Complete <<<
PHP Warning:  PHP Startup: Unable to load dynamic library 'fileinfo.so' (tried: /usr/lib64/php7/extensions/fileinfo.so (/usr/lib64/php7/extensions/fileinfo.so: cannot open shared object file: No such file or directory), /usr/lib64/php7/extensions/fileinfo.so.so (/usr/lib64/php7/extensions/fileinfo.so.so: cannot open shared object file: No such file or directory)) in Unknown on line 0
PHP Warning:  Module 'pdo_pgsql' already loaded in Unknown on line 0
PHP Warning:  Module 'pgsql' already loaded in Unknown on line 0
PHP Warning:  Module 'Phar' already loaded in Unknown on line 0
>>> HYBRID SYNC STARTED: 2026-09-15 to 2026-09-16 <<<
>>> USING POSTGRESQL FINAL LOGIN CALCULATION FOR CSR/AGENT <<<
Fetching from Main... Found 952 records.
Fetching from Amazon... Found 224 records.

>>> SYNC RESULTS <<<
Total records synced: 753
Fixed/Updated records: 0

WARNING: 350 CSR records still have work > 8 hours.

>>> Sync Complete <<<
PHP Warning:  PHP Startup: Unable to load dynamic library 'fileinfo.so' (tried: /usr/lib64/php7/extensions/fileinfo.so (/usr/lib64/php7/extensions/fileinfo.so: cannot open shared object file: No such file or directory), /usr/lib64/php7/extensions/fileinfo.so.so (/usr/lib64/php7/extensions/fileinfo.so.so: cannot open shared object file: No such file or directory)) in Unknown on line 0
PHP Warning:  Module 'pdo_pgsql' already loaded in Unknown on line 0
PHP Warning:  Module 'pgsql' already loaded in Unknown on line 0
PHP Warning:  Module 'Phar' already loaded in Unknown on line 0
>>> HYBRID SYNC STARTED: 2026-09-15 to 2026-09-16 <<<
>>> USING POSTGRESQL FINAL LOGIN CALCULATION FOR CSR/AGENT <<<
Fetching from Main... Found 952 records.
Fetching from Amazon... Found 224 records.

>>> SYNC RESULTS <<<
Total records synced: 753
Fixed/Updated records: 0

WARNING: 350 CSR records still have work > 8 hours.

>>> Sync Complete <<<
PHP Warning:  PHP Startup: Unable to load dynamic library 'fileinfo.so' (tried: /usr/lib64/php7/extensions/fileinfo.so (/usr/lib64/php7/extensions/fileinfo.so: cannot open shared object file: No such file or directory), /usr/lib64/php7/extensions/fileinfo.so.so (/usr/lib64/php7/extensions/fileinfo.so.so: cannot open shared object file: No such file or directory)) in Unknown on line 0
PHP Warning:  Module 'pdo_pgsql' already loaded in Unknown on line 0
PHP Warning:  Module 'pgsql' already loaded in Unknown on line 0
PHP Warning:  Module 'Phar' already loaded in Unknown on line 0
>>> HYBRID SYNC STARTED: 2026-09-15 to 2026-09-16 <<<
>>> USING POSTGRESQL FINAL LOGIN CALCULATION FOR CSR/AGENT <<<
Fetching from Main... Found 952 records.
Fetching from Amazon... Found 224 records.

>>> SYNC RESULTS <<<
Total records synced: 753
Fixed/Updated records: 0

WARNING: 350 CSR records still have work > 8 hours.

>>> Sync Complete <<<
PHP Warning:  PHP Startup: Unable to load dynamic library 'fileinfo.so' (tried: /usr/lib64/php7/extensions/fileinfo.so (/usr/lib64/php7/extensions/fileinfo.so: cannot open shared object file: No such file or directory), /usr/lib64/php7/extensions/fileinfo.so.so (/usr/lib64/php7/extensions/fileinfo.so.so: cannot open shared object file: No such file or directory)) in Unknown on line 0
PHP Warning:  Module 'pdo_pgsql' already loaded in Unknown on line 0
PHP Warning:  Module 'pgsql' already loaded in Unknown on line 0
PHP Warning:  Module 'Phar' already loaded in Unknown on line 0
>>> HYBRID SYNC STARTED: 2026-09-15 to 2026-09-16 <<<
>>> USING POSTGRESQL FINAL LOGIN CALCULATION FOR CSR/AGENT <<<
Fetching from Main... Found 952 records.
Fetching from Amazon... Found 224 records.

>>> SYNC RESULTS <<<
Total records synced: 753
Fixed/Updated records: 0

WARNING: 350 CSR records still have work > 8 hours.

>>> Sync Complete <<<
PHP Warning:  PHP Startup: Unable to load dynamic library 'fileinfo.so' (tried: /usr/lib64/php7/extensions/fileinfo.so (/usr/lib64/php7/extensions/fileinfo.so: cannot open shared object file: No such file or directory), /usr/lib64/php7/extensions/fileinfo.so.so (/usr/lib64/php7/extensions/fileinfo.so.so: cannot open shared object file: No such file or directory)) in Unknown on line 0
PHP Warning:  Module 'pdo_pgsql' already loaded in Unknown on line 0
PHP Warning:  Module 'pgsql' already loaded in Unknown on line 0
PHP Warning:  Module 'Phar' already loaded in Unknown on line 0
>>> HYBRID SYNC STARTED: 2026-09-15 to 2026-09-16 <<<
>>> USING POSTGRESQL FINAL LOGIN CALCULATION FOR CSR/AGENT <<<
Fetching from Main... Found 952 records.
Fetching from Amazon... Found 224 records.

>>> SYNC RESULTS <<<
Total records synced: 753
Fixed/Updated records: 0

WARNING: 350 CSR records still have work > 8 hours.

>>> Sync Complete <<<
PHP Warning:  PHP Startup: Unable to load dynamic library 'fileinfo.so' (tried: /usr/lib64/php7/extensions/fileinfo.so (/usr/lib64/php7/extensions/fileinfo.so: cannot open shared object file: No such file or directory), /usr/lib64/php7/extensions/fileinfo.so.so (/usr/lib64/php7/extensions/fileinfo.so.so: cannot open shared object file: No such file or directory)) in Unknown on line 0
PHP Warning:  Module 'pdo_pgsql' already loaded in Unknown on line 0
PHP Warning:  Module 'pgsql' already loaded in Unknown on line 0
PHP Warning:  Module 'Phar' already loaded in Unknown on line 0
>>> HYBRID SYNC STARTED: 2026-09-15 to 2026-09-16 <<<
>>> USING POSTGRESQL FINAL LOGIN CALCULATION FOR CSR/AGENT <<<
Fetching from Main... Found 952 records.
Fetching from Amazon... Found 224 records.

>>> SYNC RESULTS <<<
Total records synced: 753
Fixed/Updated records: 0

WARNING: 350 CSR records still have work > 8 hours.

>>> Sync Complete <<<
PHP Warning:  PHP Startup: Unable to load dynamic library 'fileinfo.so' (tried: /usr/lib64/php7/extensions/fileinfo.so (/usr/lib64/php7/extensions/fileinfo.so: cannot open shared object file: No such file or directory), /usr/lib64/php7/extensions/fileinfo.so.so (/usr/lib64/php7/extensions/fileinfo.so.so: cannot open shared object file: No such file or directory)) in Unknown on line 0
PHP Warning:  Module 'pdo_pgsql' already loaded in Unknown on line 0
PHP Warning:  Module 'pgsql' already loaded in Unknown on line 0
PHP Warning:  Module 'Phar' already loaded in Unknown on line 0
>>> HYBRID SYNC STARTED: 2026-09-16 to 2026-09-17 <<<
>>> USING POSTGRESQL FINAL LOGIN CALCULATION FOR CSR/AGENT <<<
Fetching from Main... Found 474 records.
Fetching from Amazon... Found 114 records.

>>> SYNC RESULTS <<<
Total records synced: 379
Fixed/Updated records: 0

WARNING: 178 CSR records still have work > 8 hours.

>>> Sync Complete <<<
PHP Warning:  PHP Startup: Unable to load dynamic library 'fileinfo.so' (tried: /usr/lib64/php7/extensions/fileinfo.so (/usr/lib64/php7/extensions/fileinfo.so: cannot open shared object file: No such file or directory), /usr/lib64/php7/extensions/fileinfo.so.so (/usr/lib64/php7/extensions/fileinfo.so.so: cannot open shared object file: No such file or directory)) in Unknown on line 0
PHP Warning:  Module 'pdo_pgsql' already loaded in Unknown on line 0
PHP Warning:  Module 'pgsql' already loaded in Unknown on line 0
PHP Warning:  Module 'Phar' already loaded in Unknown on line 0
>>> HYBRID SYNC STARTED: 2026-09-16 to 2026-09-17 <<<
>>> USING POSTGRESQL FINAL LOGIN CALCULATION FOR CSR/AGENT <<<
Fetching from Main... Found 487 records.
Fetching from Amazon... Found 114 records.

>>> SYNC RESULTS <<<
Total records synced: 386
Fixed/Updated records: 0

WARNING: 178 CSR records still have work > 8 hours.

>>> Sync Complete <<<
PHP Warning:  PHP Startup: Unable to load dynamic library 'fileinfo.so' (tried: /usr/lib64/php7/extensions/fileinfo.so (/usr/lib64/php7/extensions/fileinfo.so: cannot open shared object file: No such file or directory), /usr/lib64/php7/extensions/fileinfo.so.so (/usr/lib64/php7/extensions/fileinfo.so.so: cannot open shared object file: No such file or directory)) in Unknown on line 0
PHP Warning:  Module 'pdo_pgsql' already loaded in Unknown on line 0
PHP Warning:  Module 'pgsql' already loaded in Unknown on line 0
PHP Warning:  Module 'Phar' already loaded in Unknown on line 0
>>> HYBRID SYNC STARTED: 2026-09-16 to 2026-09-17 <<<
>>> USING POSTGRESQL FINAL LOGIN CALCULATION FOR CSR/AGENT <<<
Fetching from Main... Found 487 records.
Fetching from Amazon... Found 114 records.

>>> SYNC RESULTS <<<
Total records synced: 386
Fixed/Updated records: 0

WARNING: 178 CSR records still have work > 8 hours.

>>> Sync Complete <<<
PHP Warning:  PHP Startup: Unable to load dynamic library 'fileinfo.so' (tried: /usr/lib64/php7/extensions/fileinfo.so (/usr/lib64/php7/extensions/fileinfo.so: cannot open shared object file: No such file or directory), /usr/lib64/php7/extensions/fileinfo.so.so (/usr/lib64/php7/extensions/fileinfo.so.so: cannot open shared object file: No such file or directory)) in Unknown on line 0
PHP Warning:  Module 'pdo_pgsql' already loaded in Unknown on line 0
PHP Warning:  Module 'pgsql' already loaded in Unknown on line 0
PHP Warning:  Module 'Phar' already loaded in Unknown on line 0
>>> HYBRID SYNC STARTED: 2026-09-16 to 2026-09-17 <<<
>>> USING POSTGRESQL FINAL LOGIN CALCULATION FOR CSR/AGENT <<<
Fetching from Main... Found 487 records.
Fetching from Amazon... Found 114 records.

>>> SYNC RESULTS <<<
Total records synced: 386
Fixed/Updated records: 0

WARNING: 178 CSR records still have work > 8 hours.

>>> Sync Complete <<<
PHP Warning:  PHP Startup: Unable to load dynamic library 'fileinfo.so' (tried: /usr/lib64/php7/extensions/fileinfo.so (/usr/lib64/php7/extensions/fileinfo.so: cannot open shared object file: No such file or directory), /usr/lib64/php7/extensions/fileinfo.so.so (/usr/lib64/php7/extensions/fileinfo.so.so: cannot open shared object file: No such file or directory)) in Unknown on line 0
PHP Warning:  Module 'pdo_pgsql' already loaded in Unknown on line 0
PHP Warning:  Module 'pgsql' already loaded in Unknown on line 0
PHP Warning:  Module 'Phar' already loaded in Unknown on line 0
>>> HYBRID SYNC STARTED: 2026-09-16 to 2026-09-17 <<<
>>> USING POSTGRESQL FINAL LOGIN CALCULATION FOR CSR/AGENT <<<
Fetching from Main... Found 487 records.
Fetching from Amazon... Found 114 records.

>>> SYNC RESULTS <<<
Total records synced: 386
Fixed/Updated records: 0

WARNING: 178 CSR records still have work > 8 hours.

>>> Sync Complete <<<
PHP Warning:  PHP Startup: Unable to load dynamic library 'fileinfo.so' (tried: /usr/lib64/php7/extensions/fileinfo.so (/usr/lib64/php7/extensions/fileinfo.so: cannot open shared object file: No such file or directory), /usr/lib64/php7/extensions/fileinfo.so.so (/usr/lib64/php7/extensions/fileinfo.so.so: cannot open shared object file: No such file or directory)) in Unknown on line 0
PHP Warning:  Module 'pdo_pgsql' already loaded in Unknown on line 0
PHP Warning:  Module 'pgsql' already loaded in Unknown on line 0
PHP Warning:  Module 'Phar' already loaded in Unknown on line 0
>>> HYBRID SYNC STARTED: 2026-09-16 to 2026-09-17 <<<
>>> USING POSTGRESQL FINAL LOGIN CALCULATION FOR CSR/AGENT <<<
Fetching from Main... Found 487 records.
Fetching from Amazon... Found 114 records.

>>> SYNC RESULTS <<<
Total records synced: 386
Fixed/Updated records: 0

WARNING: 178 CSR records still have work > 8 hours.

>>> Sync Complete <<<
PHP Warning:  PHP Startup: Unable to load dynamic library 'fileinfo.so' (tried: /usr/lib64/php7/extensions/fileinfo.so (/usr/lib64/php7/extensions/fileinfo.so: cannot open shared object file: No such file or directory), /usr/lib64/php7/extensions/fileinfo.so.so (/usr/lib64/php7/extensions/fileinfo.so.so: cannot open shared object file: No such file or directory)) in Unknown on line 0
PHP Warning:  Module 'pdo_pgsql' already loaded in Unknown on line 0
PHP Warning:  Module 'pgsql' already loaded in Unknown on line 0
PHP Warning:  Module 'Phar' already loaded in Unknown on line 0
>>> HYBRID SYNC STARTED: 2026-09-16 to 2026-09-17 <<<
>>> USING POSTGRESQL FINAL LOGIN CALCULATION FOR CSR/AGENT <<<
Fetching from Main... Found 487 records.
Fetching from Amazon... Found 114 records.

>>> SYNC RESULTS <<<
Total records synced: 386
Fixed/Updated records: 0

WARNING: 178 CSR records still have work > 8 hours.

>>> Sync Complete <<<
PHP Warning:  PHP Startup: Unable to load dynamic library 'fileinfo.so' (tried: /usr/lib64/php7/extensions/fileinfo.so (/usr/lib64/php7/extensions/fileinfo.so: cannot open shared object file: No such file or directory), /usr/lib64/php7/extensions/fileinfo.so.so (/usr/lib64/php7/extensions/fileinfo.so.so: cannot open shared object file: No such file or directory)) in Unknown on line 0
PHP Warning:  Module 'pdo_pgsql' already loaded in Unknown on line 0
PHP Warning:  Module 'pgsql' already loaded in Unknown on line 0
PHP Warning:  Module 'Phar' already loaded in Unknown on line 0
>>> HYBRID SYNC STARTED: 2026-09-16 to 2026-09-17 <<<
>>> USING POSTGRESQL FINAL LOGIN CALCULATION FOR CSR/AGENT <<<
Fetching from Main... Found 487 records.
Fetching from Amazon... Found 114 records.

>>> SYNC RESULTS <<<
Total records synced: 386
Fixed/Updated records: 0

WARNING: 178 CSR records still have work > 8 hours.

>>> Sync Complete <<<
PHP Warning:  PHP Startup: Unable to load dynamic library 'fileinfo.so' (tried: /usr/lib64/php7/extensions/fileinfo.so (/usr/lib64/php7/extensions/fileinfo.so: cannot open shared object file: No such file or directory), /usr/lib64/php7/extensions/fileinfo.so.so (/usr/lib64/php7/extensions/fileinfo.so.so: cannot open shared object file: No such file or directory)) in Unknown on line 0
PHP Warning:  Module 'pdo_pgsql' already loaded in Unknown on line 0
PHP Warning:  Module 'pgsql' already loaded in Unknown on line 0
PHP Warning:  Module 'Phar' already loaded in Unknown on line 0
>>> HYBRID SYNC STARTED: 2026-09-16 to 2026-09-17 <<<
>>> USING POSTGRESQL FINAL LOGIN CALCULATION FOR CSR/AGENT <<<
Fetching from Main... Found 487 records.
Fetching from Amazon... Found 114 records.

>>> SYNC RESULTS <<<
Total records synced: 386
Fixed/Updated records: 0

WARNING: 178 CSR records still have work > 8 hours.

>>> Sync Complete <<<
PHP Warning:  PHP Startup: Unable to load dynamic library 'fileinfo.so' (tried: /usr/lib64/php7/extensions/fileinfo.so (/usr/lib64/php7/extensions/fileinfo.so: cannot open shared object file: No such file or directory), /usr/lib64/php7/extensions/fileinfo.so.so (/usr/lib64/php7/extensions/fileinfo.so.so: cannot open shared object file: No such file or directory)) in Unknown on line 0
PHP Warning:  Module 'pdo_pgsql' already loaded in Unknown on line 0
PHP Warning:  Module 'pgsql' already loaded in Unknown on line 0
PHP Warning:  Module 'Phar' already loaded in Unknown on line 0
>>> HYBRID SYNC STARTED: 2026-09-16 to 2026-09-17 <<<
>>> USING POSTGRESQL FINAL LOGIN CALCULATION FOR CSR/AGENT <<<
Fetching from Main... Found 487 records.
Fetching from Amazon... Found 114 records.

>>> SYNC RESULTS <<<
Total records synced: 386
Fixed/Updated records: 0

WARNING: 178 CSR records still have work > 8 hours.

>>> Sync Complete <<<
PHP Warning:  PHP Startup: Unable to load dynamic library 'fileinfo.so' (tried: /usr/lib64/php7/extensions/fileinfo.so (/usr/lib64/php7/extensions/fileinfo.so: cannot open shared object file: No such file or directory), /usr/lib64/php7/extensions/fileinfo.so.so (/usr/lib64/php7/extensions/fileinfo.so.so: cannot open shared object file: No such file or directory)) in Unknown on line 0
PHP Warning:  Module 'pdo_pgsql' already loaded in Unknown on line 0
PHP Warning:  Module 'pgsql' already loaded in Unknown on line 0
PHP Warning:  Module 'Phar' already loaded in Unknown on line 0
>>> HYBRID SYNC STARTED: 2026-09-16 to 2026-09-17 <<<
>>> USING POSTGRESQL FINAL LOGIN CALCULATION FOR CSR/AGENT <<<
Fetching from Main... Found 487 records.
Fetching from Amazon... Found 114 records.

>>> SYNC RESULTS <<<
Total records synced: 386
Fixed/Updated records: 0

WARNING: 178 CSR records still have work > 8 hours.

>>> Sync Complete <<<
PHP Warning:  PHP Startup: Unable to load dynamic library 'fileinfo.so' (tried: /usr/lib64/php7/extensions/fileinfo.so (/usr/lib64/php7/extensions/fileinfo.so: cannot open shared object file: No such file or directory), /usr/lib64/php7/extensions/fileinfo.so.so (/usr/lib64/php7/extensions/fileinfo.so.so: cannot open shared object file: No such file or directory)) in Unknown on line 0
PHP Warning:  Module 'pdo_pgsql' already loaded in Unknown on line 0
PHP Warning:  Module 'pgsql' already loaded in Unknown on line 0
PHP Warning:  Module 'Phar' already loaded in Unknown on line 0
>>> HYBRID SYNC STARTED: 2026-09-16 to 2026-09-17 <<<
>>> USING POSTGRESQL FINAL LOGIN CALCULATION FOR CSR/AGENT <<<
Fetching from Main... Found 487 records.
Fetching from Amazon... Found 114 records.

>>> SYNC RESULTS <<<
Total records synced: 386
Fixed/Updated records: 0

WARNING: 178 CSR records still have work > 8 hours.

>>> Sync Complete <<<
PHP Warning:  PHP Startup: Unable to load dynamic library 'fileinfo.so' (tried: /usr/lib64/php7/extensions/fileinfo.so (/usr/lib64/php7/extensions/fileinfo.so: cannot open shared object file: No such file or directory), /usr/lib64/php7/extensions/fileinfo.so.so (/usr/lib64/php7/extensions/fileinfo.so.so: cannot open shared object file: No such file or directory)) in Unknown on line 0
PHP Warning:  Module 'pdo_pgsql' already loaded in Unknown on line 0
PHP Warning:  Module 'pgsql' already loaded in Unknown on line 0
PHP Warning:  Module 'Phar' already loaded in Unknown on line 0
>>> HYBRID SYNC STARTED: 2026-09-16 to 2026-09-17 <<<
>>> USING POSTGRESQL FINAL LOGIN CALCULATION FOR CSR/AGENT <<<
Fetching from Main... Found 487 records.
Fetching from Amazon... Found 114 records.

>>> SYNC RESULTS <<<
Total records synced: 386
Fixed/Updated records: 0

WARNING: 178 CSR records still have work > 8 hours.

>>> Sync Complete <<<
PHP Warning:  PHP Startup: Unable to load dynamic library 'fileinfo.so' (tried: /usr/lib64/php7/extensions/fileinfo.so (/usr/lib64/php7/extensions/fileinfo.so: cannot open shared object file: No such file or directory), /usr/lib64/php7/extensions/fileinfo.so.so (/usr/lib64/php7/extensions/fileinfo.so.so: cannot open shared object file: No such file or directory)) in Unknown on line 0
PHP Warning:  Module 'pdo_pgsql' already loaded in Unknown on line 0
PHP Warning:  Module 'pgsql' already loaded in Unknown on line 0
PHP Warning:  Module 'Phar' already loaded in Unknown on line 0
>>> HYBRID SYNC STARTED: 2026-09-16 to 2026-09-17 <<<
>>> USING POSTGRESQL FINAL LOGIN CALCULATION FOR CSR/AGENT <<<
Fetching from Main... Found 487 records.
Fetching from Amazon... Found 114 records.

>>> SYNC RESULTS <<<
Total records synced: 386
Fixed/Updated records: 0

WARNING: 178 CSR records still have work > 8 hours.

>>> Sync Complete <<<
PHP Warning:  PHP Startup: Unable to load dynamic library 'fileinfo.so' (tried: /usr/lib64/php7/extensions/fileinfo.so (/usr/lib64/php7/extensions/fileinfo.so: cannot open shared object file: No such file or directory), /usr/lib64/php7/extensions/fileinfo.so.so (/usr/lib64/php7/extensions/fileinfo.so.so: cannot open shared object file: No such file or directory)) in Unknown on line 0
PHP Warning:  Module 'pdo_pgsql' already loaded in Unknown on line 0
PHP Warning:  Module 'pgsql' already loaded in Unknown on line 0
PHP Warning:  Module 'Phar' already loaded in Unknown on line 0
>>> HYBRID SYNC STARTED: 2026-09-16 to 2026-09-17 <<<
>>> USING POSTGRESQL FINAL LOGIN CALCULATION FOR CSR/AGENT <<<
Fetching from Main... Found 487 records.
Fetching from Amazon... Found 114 records.

>>> SYNC RESULTS <<<
Total records synced: 386
Fixed/Updated records: 0

WARNING: 178 CSR records still have work > 8 hours.

>>> Sync Complete <<<
PHP Warning:  PHP Startup: Unable to load dynamic library 'fileinfo.so' (tried: /usr/lib64/php7/extensions/fileinfo.so (/usr/lib64/php7/extensions/fileinfo.so: cannot open shared object file: No such file or directory), /usr/lib64/php7/extensions/fileinfo.so.so (/usr/lib64/php7/extensions/fileinfo.so.so: cannot open shared object file: No such file or directory)) in Unknown on line 0
PHP Warning:  Module 'pdo_pgsql' already loaded in Unknown on line 0
PHP Warning:  Module 'pgsql' already loaded in Unknown on line 0
PHP Warning:  Module 'Phar' already loaded in Unknown on line 0
>>> HYBRID SYNC STARTED: 2026-09-16 to 2026-09-17 <<<
>>> USING POSTGRESQL FINAL LOGIN CALCULATION FOR CSR/AGENT <<<
Fetching from Main... Found 487 records.
Fetching from Amazon... Found 114 records.

>>> SYNC RESULTS <<<
Total records synced: 386
Fixed/Updated records: 0

WARNING: 178 CSR records still have work > 8 hours.

>>> Sync Complete <<<
PHP Warning:  PHP Startup: Unable to load dynamic library 'fileinfo.so' (tried: /usr/lib64/php7/extensions/fileinfo.so (/usr/lib64/php7/extensions/fileinfo.so: cannot open shared object file: No such file or directory), /usr/lib64/php7/extensions/fileinfo.so.so (/usr/lib64/php7/extensions/fileinfo.so.so: cannot open shared object file: No such file or directory)) in Unknown on line 0
PHP Warning:  Module 'pdo_pgsql' already loaded in Unknown on line 0
PHP Warning:  Module 'pgsql' already loaded in Unknown on line 0
PHP Warning:  Module 'Phar' already loaded in Unknown on line 0
>>> HYBRID SYNC STARTED: 2026-09-16 to 2026-09-17 <<<
>>> USING POSTGRESQL FINAL LOGIN CALCULATION FOR CSR/AGENT <<<
Fetching from Main... Found 487 records.
Fetching from Amazon... Found 114 records.

>>> SYNC RESULTS <<<
Total records synced: 386
Fixed/Updated records: 0

WARNING: 178 CSR records still have work > 8 hours.

>>> Sync Complete <<<
PHP Warning:  PHP Startup: Unable to load dynamic library 'fileinfo.so' (tried: /usr/lib64/php7/extensions/fileinfo.so (/usr/lib64/php7/extensions/fileinfo.so: cannot open shared object file: No such file or directory), /usr/lib64/php7/extensions/fileinfo.so.so (/usr/lib64/php7/extensions/fileinfo.so.so: cannot open shared object file: No such file or directory)) in Unknown on line 0
PHP Warning:  Module 'pdo_pgsql' already loaded in Unknown on line 0
PHP Warning:  Module 'pgsql' already loaded in Unknown on line 0
PHP Warning:  Module 'Phar' already loaded in Unknown on line 0
>>> HYBRID SYNC STARTED: 2026-09-16 to 2026-09-17 <<<
>>> USING POSTGRESQL FINAL LOGIN CALCULATION FOR CSR/AGENT <<<
Fetching from Main... Found 487 records.
Fetching from Amazon... Found 114 records.

>>> SYNC RESULTS <<<
Total records synced: 386
Fixed/Updated records: 0

WARNING: 178 CSR records still have work > 8 hours.

>>> Sync Complete <<<
PHP Warning:  PHP Startup: Unable to load dynamic library 'fileinfo.so' (tried: /usr/lib64/php7/extensions/fileinfo.so (/usr/lib64/php7/extensions/fileinfo.so: cannot open shared object file: No such file or directory), /usr/lib64/php7/extensions/fileinfo.so.so (/usr/lib64/php7/extensions/fileinfo.so.so: cannot open shared object file: No such file or directory)) in Unknown on line 0
PHP Warning:  Module 'pdo_pgsql' already loaded in Unknown on line 0
PHP Warning:  Module 'pgsql' already loaded in Unknown on line 0
PHP Warning:  Module 'Phar' already loaded in Unknown on line 0
>>> HYBRID SYNC STARTED: 2026-09-16 to 2026-09-17 <<<
>>> USING POSTGRESQL FINAL LOGIN CALCULATION FOR CSR/AGENT <<<
Fetching from Main... Found 492 records.
Fetching from Amazon... Found 116 records.

>>> SYNC RESULTS <<<
Total records synced: 388
Fixed/Updated records: 0

WARNING: 178 CSR records still have work > 8 hours.

>>> Sync Complete <<<
PHP Warning:  PHP Startup: Unable to load dynamic library 'fileinfo.so' (tried: /usr/lib64/php7/extensions/fileinfo.so (/usr/lib64/php7/extensions/fileinfo.so: cannot open shared object file: No such file or directory), /usr/lib64/php7/extensions/fileinfo.so.so (/usr/lib64/php7/extensions/fileinfo.so.so: cannot open shared object file: No such file or directory)) in Unknown on line 0
PHP Warning:  Module 'pdo_pgsql' already loaded in Unknown on line 0
PHP Warning:  Module 'pgsql' already loaded in Unknown on line 0
PHP Warning:  Module 'Phar' already loaded in Unknown on line 0
>>> HYBRID SYNC STARTED: 2026-09-16 to 2026-09-17 <<<
>>> USING POSTGRESQL FINAL LOGIN CALCULATION FOR CSR/AGENT <<<
Fetching from Main... Found 580 records.
Fetching from Amazon... Found 141 records.

>>> SYNC RESULTS <<<
Total records synced: 422
Fixed/Updated records: 0

WARNING: 178 CSR records still have work > 8 hours.

>>> Sync Complete <<<
PHP Warning:  PHP Startup: Unable to load dynamic library 'fileinfo.so' (tried: /usr/lib64/php7/extensions/fileinfo.so (/usr/lib64/php7/extensions/fileinfo.so: cannot open shared object file: No such file or directory), /usr/lib64/php7/extensions/fileinfo.so.so (/usr/lib64/php7/extensions/fileinfo.so.so: cannot open shared object file: No such file or directory)) in Unknown on line 0
PHP Warning:  Module 'pdo_pgsql' already loaded in Unknown on line 0
PHP Warning:  Module 'pgsql' already loaded in Unknown on line 0
PHP Warning:  Module 'Phar' already loaded in Unknown on line 0
>>> HYBRID SYNC STARTED: 2026-09-16 to 2026-09-17 <<<
>>> USING POSTGRESQL FINAL LOGIN CALCULATION FOR CSR/AGENT <<<
Fetching from Main... Found 887 records.
Fetching from Amazon... Found 215 records.

>>> SYNC RESULTS <<<
Total records synced: 699
Fixed/Updated records: 0

WARNING: 178 CSR records still have work > 8 hours.

>>> Sync Complete <<<
PHP Warning:  PHP Startup: Unable to load dynamic library 'fileinfo.so' (tried: /usr/lib64/php7/extensions/fileinfo.so (/usr/lib64/php7/extensions/fileinfo.so: cannot open shared object file: No such file or directory), /usr/lib64/php7/extensions/fileinfo.so.so (/usr/lib64/php7/extensions/fileinfo.so.so: cannot open shared object file: No such file or directory)) in Unknown on line 0
PHP Warning:  Module 'pdo_pgsql' already loaded in Unknown on line 0
PHP Warning:  Module 'pgsql' already loaded in Unknown on line 0
PHP Warning:  Module 'Phar' already loaded in Unknown on line 0
>>> HYBRID SYNC STARTED: 2026-09-16 to 2026-09-17 <<<
>>> USING POSTGRESQL FINAL LOGIN CALCULATION FOR CSR/AGENT <<<
Fetching from Main... Found 928 records.
Fetching from Amazon... Found 226 records.

>>> SYNC RESULTS <<<
Total records synced: 747
Fixed/Updated records: 0

WARNING: 178 CSR records still have work > 8 hours.

>>> Sync Complete <<<
PHP Warning:  PHP Startup: Unable to load dynamic library 'fileinfo.so' (tried: /usr/lib64/php7/extensions/fileinfo.so (/usr/lib64/php7/extensions/fileinfo.so: cannot open shared object file: No such file or directory), /usr/lib64/php7/extensions/fileinfo.so.so (/usr/lib64/php7/extensions/fileinfo.so.so: cannot open shared object file: No such file or directory)) in Unknown on line 0
PHP Warning:  Module 'pdo_pgsql' already loaded in Unknown on line 0
PHP Warning:  Module 'pgsql' already loaded in Unknown on line 0
PHP Warning:  Module 'Phar' already loaded in Unknown on line 0
>>> HYBRID SYNC STARTED: 2026-09-16 to 2026-09-17 <<<
>>> USING POSTGRESQL FINAL LOGIN CALCULATION FOR CSR/AGENT <<<
Fetching from Main... Found 935 records.
Fetching from Amazon... Found 229 records.

>>> SYNC RESULTS <<<
Total records synced: 751
Fixed/Updated records: 0

WARNING: 178 CSR records still have work > 8 hours.

>>> Sync Complete <<<
PHP Warning:  PHP Startup: Unable to load dynamic library 'fileinfo.so' (tried: /usr/lib64/php7/extensions/fileinfo.so (/usr/lib64/php7/extensions/fileinfo.so: cannot open shared object file: No such file or directory), /usr/lib64/php7/extensions/fileinfo.so.so (/usr/lib64/php7/extensions/fileinfo.so.so: cannot open shared object file: No such file or directory)) in Unknown on line 0
PHP Warning:  Module 'pdo_pgsql' already loaded in Unknown on line 0
PHP Warning:  Module 'pgsql' already loaded in Unknown on line 0
PHP Warning:  Module 'Phar' already loaded in Unknown on line 0
>>> HYBRID SYNC STARTED: 2026-09-16 to 2026-09-17 <<<
>>> USING POSTGRESQL FINAL LOGIN CALCULATION FOR CSR/AGENT <<<
Fetching from Main... Found 941 records.
Fetching from Amazon... Found 229 records.

>>> SYNC RESULTS <<<
Total records synced: 756
Fixed/Updated records: 0

WARNING: 178 CSR records still have work > 8 hours.

>>> Sync Complete <<<
PHP Warning:  PHP Startup: Unable to load dynamic library 'fileinfo.so' (tried: /usr/lib64/php7/extensions/fileinfo.so (/usr/lib64/php7/extensions/fileinfo.so: cannot open shared object file: No such file or directory), /usr/lib64/php7/extensions/fileinfo.so.so (/usr/lib64/php7/extensions/fileinfo.so.so: cannot open shared object file: No such file or directory)) in Unknown on line 0
PHP Warning:  Module 'pdo_pgsql' already loaded in Unknown on line 0
PHP Warning:  Module 'pgsql' already loaded in Unknown on line 0
PHP Warning:  Module 'Phar' already loaded in Unknown on line 0
>>> HYBRID SYNC STARTED: 2026-09-16 to 2026-09-17 <<<
>>> USING POSTGRESQL FINAL LOGIN CALCULATION FOR CSR/AGENT <<<
Fetching from Main... Found 945 records.
Fetching from Amazon... Found 229 records.

>>> SYNC RESULTS <<<
Total records synced: 757
Fixed/Updated records: 0

WARNING: 178 CSR records still have work > 8 hours.

>>> Sync Complete <<<
PHP Warning:  PHP Startup: Unable to load dynamic library 'fileinfo.so' (tried: /usr/lib64/php7/extensions/fileinfo.so (/usr/lib64/php7/extensions/fileinfo.so: cannot open shared object file: No such file or directory), /usr/lib64/php7/extensions/fileinfo.so.so (/usr/lib64/php7/extensions/fileinfo.so.so: cannot open shared object file: No such file or directory)) in Unknown on line 0
PHP Warning:  Module 'pdo_pgsql' already loaded in Unknown on line 0
PHP Warning:  Module 'pgsql' already loaded in Unknown on line 0
PHP Warning:  Module 'Phar' already loaded in Unknown on line 0
>>> HYBRID SYNC STARTED: 2026-09-16 to 2026-09-17 <<<
>>> USING POSTGRESQL FINAL LOGIN CALCULATION FOR CSR/AGENT <<<
Fetching from Main... Found 946 records.
Fetching from Amazon... Found 230 records.

>>> SYNC RESULTS <<<
Total records synced: 758
Fixed/Updated records: 0

WARNING: 178 CSR records still have work > 8 hours.

>>> Sync Complete <<<
PHP Warning:  PHP Startup: Unable to load dynamic library 'fileinfo.so' (tried: /usr/lib64/php7/extensions/fileinfo.so (/usr/lib64/php7/extensions/fileinfo.so: cannot open shared object file: No such file or directory), /usr/lib64/php7/extensions/fileinfo.so.so (/usr/lib64/php7/extensions/fileinfo.so.so: cannot open shared object file: No such file or directory)) in Unknown on line 0
PHP Warning:  Module 'pdo_pgsql' already loaded in Unknown on line 0
PHP Warning:  Module 'pgsql' already loaded in Unknown on line 0
PHP Warning:  Module 'Phar' already loaded in Unknown on line 0
>>> HYBRID SYNC STARTED: 2026-09-16 to 2026-09-17 <<<
>>> USING POSTGRESQL FINAL LOGIN CALCULATION FOR CSR/AGENT <<<
Fetching from Main... Found 948 records.
Fetching from Amazon... Found 236 records.

>>> SYNC RESULTS <<<
Total records synced: 758
Fixed/Updated records: 0

WARNING: 178 CSR records still have work > 8 hours.

>>> Sync Complete <<<
PHP Warning:  PHP Startup: Unable to load dynamic library 'fileinfo.so' (tried: /usr/lib64/php7/extensions/fileinfo.so (/usr/lib64/php7/extensions/fileinfo.so: cannot open shared object file: No such file or directory), /usr/lib64/php7/extensions/fileinfo.so.so (/usr/lib64/php7/extensions/fileinfo.so.so: cannot open shared object file: No such file or directory)) in Unknown on line 0
PHP Warning:  Module 'pdo_pgsql' already loaded in Unknown on line 0
PHP Warning:  Module 'pgsql' already loaded in Unknown on line 0
PHP Warning:  Module 'Phar' already loaded in Unknown on line 0
>>> HYBRID SYNC STARTED: 2026-09-16 to 2026-09-17 <<<
>>> USING POSTGRESQL FINAL LOGIN CALCULATION FOR CSR/AGENT <<<
Fetching from Main... Found 951 records.
Fetching from Amazon... Found 236 records.

>>> SYNC RESULTS <<<
Total records synced: 761
Fixed/Updated records: 0

WARNING: 178 CSR records still have work > 8 hours.

>>> Sync Complete <<<
PHP Warning:  PHP Startup: Unable to load dynamic library 'fileinfo.so' (tried: /usr/lib64/php7/extensions/fileinfo.so (/usr/lib64/php7/extensions/fileinfo.so: cannot open shared object file: No such file or directory), /usr/lib64/php7/extensions/fileinfo.so.so (/usr/lib64/php7/extensions/fileinfo.so.so: cannot open shared object file: No such file or directory)) in Unknown on line 0
PHP Warning:  Module 'pdo_pgsql' already loaded in Unknown on line 0
PHP Warning:  Module 'pgsql' already loaded in Unknown on line 0
PHP Warning:  Module 'Phar' already loaded in Unknown on line 0
>>> HYBRID SYNC STARTED: 2026-09-16 to 2026-09-17 <<<
>>> USING POSTGRESQL FINAL LOGIN CALCULATION FOR CSR/AGENT <<<
Fetching from Main... Found 953 records.
Fetching from Amazon... Found 236 records.

>>> SYNC RESULTS <<<
Total records synced: 761
Fixed/Updated records: 0

WARNING: 178 CSR records still have work > 8 hours.

>>> Sync Complete <<<
PHP Warning:  PHP Startup: Unable to load dynamic library 'fileinfo.so' (tried: /usr/lib64/php7/extensions/fileinfo.so (/usr/lib64/php7/extensions/fileinfo.so: cannot open shared object file: No such file or directory), /usr/lib64/php7/extensions/fileinfo.so.so (/usr/lib64/php7/extensions/fileinfo.so.so: cannot open shared object file: No such file or directory)) in Unknown on line 0
PHP Warning:  Module 'pdo_pgsql' already loaded in Unknown on line 0
PHP Warning:  Module 'pgsql' already loaded in Unknown on line 0
PHP Warning:  Module 'Phar' already loaded in Unknown on line 0
>>> HYBRID SYNC STARTED: 2026-09-16 to 2026-09-17 <<<
>>> USING POSTGRESQL FINAL LOGIN CALCULATION FOR CSR/AGENT <<<
Fetching from Main... Found 954 records.
Fetching from Amazon... Found 236 records.

>>> SYNC RESULTS <<<
Total records synced: 761
Fixed/Updated records: 0

WARNING: 178 CSR records still have work > 8 hours.

>>> Sync Complete <<<
PHP Warning:  PHP Startup: Unable to load dynamic library 'fileinfo.so' (tried: /usr/lib64/php7/extensions/fileinfo.so (/usr/lib64/php7/extensions/fileinfo.so: cannot open shared object file: No such file or directory), /usr/lib64/php7/extensions/fileinfo.so.so (/usr/lib64/php7/extensions/fileinfo.so.so: cannot open shared object file: No such file or directory)) in Unknown on line 0
PHP Warning:  Module 'pdo_pgsql' already loaded in Unknown on line 0
PHP Warning:  Module 'pgsql' already loaded in Unknown on line 0
PHP Warning:  Module 'Phar' already loaded in Unknown on line 0
>>> HYBRID SYNC STARTED: 2026-09-16 to 2026-09-17 <<<
>>> USING POSTGRESQL FINAL LOGIN CALCULATION FOR CSR/AGENT <<<
Fetching from Main... Found 955 records.
Fetching from Amazon... Found 236 records.

>>> SYNC RESULTS <<<
Total records synced: 761
Fixed/Updated records: 0

WARNING: 199 CSR records still have work > 8 hours.

>>> Sync Complete <<<
PHP Warning:  PHP Startup: Unable to load dynamic library 'fileinfo.so' (tried: /usr/lib64/php7/extensions/fileinfo.so (/usr/lib64/php7/extensions/fileinfo.so: cannot open shared object file: No such file or directory), /usr/lib64/php7/extensions/fileinfo.so.so (/usr/lib64/php7/extensions/fileinfo.so.so: cannot open shared object file: No such file or directory)) in Unknown on line 0
PHP Warning:  Module 'pdo_pgsql' already loaded in Unknown on line 0
PHP Warning:  Module 'pgsql' already loaded in Unknown on line 0
PHP Warning:  Module 'Phar' already loaded in Unknown on line 0
>>> HYBRID SYNC STARTED: 2026-09-16 to 2026-09-17 <<<
>>> USING POSTGRESQL FINAL LOGIN CALCULATION FOR CSR/AGENT <<<
Fetching from Main... Found 956 records.
Fetching from Amazon... Found 236 records.

>>> SYNC RESULTS <<<
Total records synced: 761
Fixed/Updated records: 0

WARNING: 199 CSR records still have work > 8 hours.

>>> Sync Complete <<<
PHP Warning:  PHP Startup: Unable to load dynamic library 'fileinfo.so' (tried: /usr/lib64/php7/extensions/fileinfo.so (/usr/lib64/php7/extensions/fileinfo.so: cannot open shared object file: No such file or directory), /usr/lib64/php7/extensions/fileinfo.so.so (/usr/lib64/php7/extensions/fileinfo.so.so: cannot open shared object file: No such file or directory)) in Unknown on line 0
PHP Warning:  Module 'pdo_pgsql' already loaded in Unknown on line 0
PHP Warning:  Module 'pgsql' already loaded in Unknown on line 0
PHP Warning:  Module 'Phar' already loaded in Unknown on line 0
>>> HYBRID SYNC STARTED: 2026-09-16 to 2026-09-17 <<<
>>> USING POSTGRESQL FINAL LOGIN CALCULATION FOR CSR/AGENT <<<
Fetching from Main... Found 957 records.
Fetching from Amazon... Found 236 records.

>>> SYNC RESULTS <<<
Total records synced: 761
Fixed/Updated records: 0

WARNING: 199 CSR records still have work > 8 hours.

>>> Sync Complete <<<
PHP Warning:  PHP Startup: Unable to load dynamic library 'fileinfo.so' (tried: /usr/lib64/php7/extensions/fileinfo.so (/usr/lib64/php7/extensions/fileinfo.so: cannot open shared object file: No such file or directory), /usr/lib64/php7/extensions/fileinfo.so.so (/usr/lib64/php7/extensions/fileinfo.so.so: cannot open shared object file: No such file or directory)) in Unknown on line 0
PHP Warning:  Module 'pdo_pgsql' already loaded in Unknown on line 0
PHP Warning:  Module 'pgsql' already loaded in Unknown on line 0
PHP Warning:  Module 'Phar' already loaded in Unknown on line 0
>>> HYBRID SYNC STARTED: 2026-09-16 to 2026-09-17 <<<
>>> USING POSTGRESQL FINAL LOGIN CALCULATION FOR CSR/AGENT <<<
Fetching from Main... Found 957 records.
Fetching from Amazon... Found 236 records.

>>> SYNC RESULTS <<<
Total records synced: 761
Fixed/Updated records: 0

WARNING: 199 CSR records still have work > 8 hours.

>>> Sync Complete <<<
PHP Warning:  PHP Startup: Unable to load dynamic library 'fileinfo.so' (tried: /usr/lib64/php7/extensions/fileinfo.so (/usr/lib64/php7/extensions/fileinfo.so: cannot open shared object file: No such file or directory), /usr/lib64/php7/extensions/fileinfo.so.so (/usr/lib64/php7/extensions/fileinfo.so.so: cannot open shared object file: No such file or directory)) in Unknown on line 0
PHP Warning:  Module 'pdo_pgsql' already loaded in Unknown on line 0
PHP Warning:  Module 'pgsql' already loaded in Unknown on line 0
PHP Warning:  Module 'Phar' already loaded in Unknown on line 0
>>> HYBRID SYNC STARTED: 2026-09-16 to 2026-09-17 <<<
>>> USING POSTGRESQL FINAL LOGIN CALCULATION FOR CSR/AGENT <<<
Fetching from Main... Found 958 records.
Fetching from Amazon... Found 236 records.

>>> SYNC RESULTS <<<
Total records synced: 761
Fixed/Updated records: 0

WARNING: 199 CSR records still have work > 8 hours.

>>> Sync Complete <<<
PHP Warning:  PHP Startup: Unable to load dynamic library 'fileinfo.so' (tried: /usr/lib64/php7/extensions/fileinfo.so (/usr/lib64/php7/extensions/fileinfo.so: cannot open shared object file: No such file or directory), /usr/lib64/php7/extensions/fileinfo.so.so (/usr/lib64/php7/extensions/fileinfo.so.so: cannot open shared object file: No such file or directory)) in Unknown on line 0
PHP Warning:  Module 'pdo_pgsql' already loaded in Unknown on line 0
PHP Warning:  Module 'pgsql' already loaded in Unknown on line 0
PHP Warning:  Module 'Phar' already loaded in Unknown on line 0
>>> HYBRID SYNC STARTED: 2026-09-16 to 2026-09-17 <<<
>>> USING POSTGRESQL FINAL LOGIN CALCULATION FOR CSR/AGENT <<<
Fetching from Main... Found 959 records.
Fetching from Amazon... Found 236 records.

>>> SYNC RESULTS <<<
Total records synced: 761
Fixed/Updated records: 0

WARNING: 199 CSR records still have work > 8 hours.

>>> Sync Complete <<<
PHP Warning:  PHP Startup: Unable to load dynamic library 'fileinfo.so' (tried: /usr/lib64/php7/extensions/fileinfo.so (/usr/lib64/php7/extensions/fileinfo.so: cannot open shared object file: No such file or directory), /usr/lib64/php7/extensions/fileinfo.so.so (/usr/lib64/php7/extensions/fileinfo.so.so: cannot open shared object file: No such file or directory)) in Unknown on line 0
PHP Warning:  Module 'pdo_pgsql' already loaded in Unknown on line 0
PHP Warning:  Module 'pgsql' already loaded in Unknown on line 0
PHP Warning:  Module 'Phar' already loaded in Unknown on line 0
>>> HYBRID SYNC STARTED: 2026-09-16 to 2026-09-17 <<<
>>> USING POSTGRESQL FINAL LOGIN CALCULATION FOR CSR/AGENT <<<
Fetching from Main... Found 961 records.
Fetching from Amazon... Found 236 records.

>>> SYNC RESULTS <<<
Total records synced: 761
Fixed/Updated records: 0

WARNING: 199 CSR records still have work > 8 hours.

>>> Sync Complete <<<
PHP Warning:  PHP Startup: Unable to load dynamic library 'fileinfo.so' (tried: /usr/lib64/php7/extensions/fileinfo.so (/usr/lib64/php7/extensions/fileinfo.so: cannot open shared object file: No such file or directory), /usr/lib64/php7/extensions/fileinfo.so.so (/usr/lib64/php7/extensions/fileinfo.so.so: cannot open shared object file: No such file or directory)) in Unknown on line 0
PHP Warning:  Module 'pdo_pgsql' already loaded in Unknown on line 0
PHP Warning:  Module 'pgsql' already loaded in Unknown on line 0
PHP Warning:  Module 'Phar' already loaded in Unknown on line 0
>>> HYBRID SYNC STARTED: 2026-09-16 to 2026-09-17 <<<
>>> USING POSTGRESQL FINAL LOGIN CALCULATION FOR CSR/AGENT <<<
Fetching from Main... Found 961 records.
Fetching from Amazon... Found 236 records.

>>> SYNC RESULTS <<<
Total records synced: 761
Fixed/Updated records: 0

WARNING: 202 CSR records still have work > 8 hours.

>>> Sync Complete <<<
PHP Warning:  PHP Startup: Unable to load dynamic library 'fileinfo.so' (tried: /usr/lib64/php7/extensions/fileinfo.so (/usr/lib64/php7/extensions/fileinfo.so: cannot open shared object file: No such file or directory), /usr/lib64/php7/extensions/fileinfo.so.so (/usr/lib64/php7/extensions/fileinfo.so.so: cannot open shared object file: No such file or directory)) in Unknown on line 0
PHP Warning:  Module 'pdo_pgsql' already loaded in Unknown on line 0
PHP Warning:  Module 'pgsql' already loaded in Unknown on line 0
PHP Warning:  Module 'Phar' already loaded in Unknown on line 0
>>> HYBRID SYNC STARTED: 2026-09-16 to 2026-09-17 <<<
>>> USING POSTGRESQL FINAL LOGIN CALCULATION FOR CSR/AGENT <<<
Fetching from Main... Found 961 records.
Fetching from Amazon... Found 236 records.

>>> SYNC RESULTS <<<
Total records synced: 761
Fixed/Updated records: 0

WARNING: 225 CSR records still have work > 8 hours.

>>> Sync Complete <<<
PHP Warning:  PHP Startup: Unable to load dynamic library 'fileinfo.so' (tried: /usr/lib64/php7/extensions/fileinfo.so (/usr/lib64/php7/extensions/fileinfo.so: cannot open shared object file: No such file or directory), /usr/lib64/php7/extensions/fileinfo.so.so (/usr/lib64/php7/extensions/fileinfo.so.so: cannot open shared object file: No such file or directory)) in Unknown on line 0
PHP Warning:  Module 'pdo_pgsql' already loaded in Unknown on line 0
PHP Warning:  Module 'pgsql' already loaded in Unknown on line 0
PHP Warning:  Module 'Phar' already loaded in Unknown on line 0
>>> HYBRID SYNC STARTED: 2026-09-16 to 2026-09-17 <<<
>>> USING POSTGRESQL FINAL LOGIN CALCULATION FOR CSR/AGENT <<<
Fetching from Main... Found 961 records.
Fetching from Amazon... Found 236 records.

>>> SYNC RESULTS <<<
Total records synced: 761
Fixed/Updated records: 0

WARNING: 379 CSR records still have work > 8 hours.

>>> Sync Complete <<<
PHP Warning:  PHP Startup: Unable to load dynamic library 'fileinfo.so' (tried: /usr/lib64/php7/extensions/fileinfo.so (/usr/lib64/php7/extensions/fileinfo.so: cannot open shared object file: No such file or directory), /usr/lib64/php7/extensions/fileinfo.so.so (/usr/lib64/php7/extensions/fileinfo.so.so: cannot open shared object file: No such file or directory)) in Unknown on line 0
PHP Warning:  Module 'pdo_pgsql' already loaded in Unknown on line 0
PHP Warning:  Module 'pgsql' already loaded in Unknown on line 0
PHP Warning:  Module 'Phar' already loaded in Unknown on line 0
>>> HYBRID SYNC STARTED: 2026-09-16 to 2026-09-17 <<<
>>> USING POSTGRESQL FINAL LOGIN CALCULATION FOR CSR/AGENT <<<
Fetching from Main... Found 961 records.
Fetching from Amazon... Found 236 records.

>>> SYNC RESULTS <<<
Total records synced: 761
Fixed/Updated records: 0

WARNING: 397 CSR records still have work > 8 hours.

>>> Sync Complete <<<
PHP Warning:  PHP Startup: Unable to load dynamic library 'fileinfo.so' (tried: /usr/lib64/php7/extensions/fileinfo.so (/usr/lib64/php7/extensions/fileinfo.so: cannot open shared object file: No such file or directory), /usr/lib64/php7/extensions/fileinfo.so.so (/usr/lib64/php7/extensions/fileinfo.so.so: cannot open shared object file: No such file or directory)) in Unknown on line 0
PHP Warning:  Module 'pdo_pgsql' already loaded in Unknown on line 0
PHP Warning:  Module 'pgsql' already loaded in Unknown on line 0
PHP Warning:  Module 'Phar' already loaded in Unknown on line 0
>>> HYBRID SYNC STARTED: 2026-09-16 to 2026-09-17 <<<
>>> USING POSTGRESQL FINAL LOGIN CALCULATION FOR CSR/AGENT <<<
Fetching from Main... Found 961 records.
Fetching from Amazon... Found 236 records.

>>> SYNC RESULTS <<<
Total records synced: 761
Fixed/Updated records: 0

WARNING: 397 CSR records still have work > 8 hours.

>>> Sync Complete <<<
PHP Warning:  PHP Startup: Unable to load dynamic library 'fileinfo.so' (tried: /usr/lib64/php7/extensions/fileinfo.so (/usr/lib64/php7/extensions/fileinfo.so: cannot open shared object file: No such file or directory), /usr/lib64/php7/extensions/fileinfo.so.so (/usr/lib64/php7/extensions/fileinfo.so.so: cannot open shared object file: No such file or directory)) in Unknown on line 0
PHP Warning:  Module 'pdo_pgsql' already loaded in Unknown on line 0
PHP Warning:  Module 'pgsql' already loaded in Unknown on line 0
PHP Warning:  Module 'Phar' already loaded in Unknown on line 0
>>> HYBRID SYNC STARTED: 2026-09-16 to 2026-09-17 <<<
>>> USING POSTGRESQL FINAL LOGIN CALCULATION FOR CSR/AGENT <<<
Fetching from Main... Found 961 records.
Fetching from Amazon... Found 236 records.

>>> SYNC RESULTS <<<
Total records synced: 761
Fixed/Updated records: 0

WARNING: 397 CSR records still have work > 8 hours.

>>> Sync Complete <<<
PHP Warning:  PHP Startup: Unable to load dynamic library 'fileinfo.so' (tried: /usr/lib64/php7/extensions/fileinfo.so (/usr/lib64/php7/extensions/fileinfo.so: cannot open shared object file: No such file or directory), /usr/lib64/php7/extensions/fileinfo.so.so (/usr/lib64/php7/extensions/fileinfo.so.so: cannot open shared object file: No such file or directory)) in Unknown on line 0
PHP Warning:  Module 'pdo_pgsql' already loaded in Unknown on line 0
PHP Warning:  Module 'pgsql' already loaded in Unknown on line 0
PHP Warning:  Module 'Phar' already loaded in Unknown on line 0
>>> HYBRID SYNC STARTED: 2026-09-16 to 2026-09-17 <<<
>>> USING POSTGRESQL FINAL LOGIN CALCULATION FOR CSR/AGENT <<<
Fetching from Main... Found 961 records.
Fetching from Amazon... Found 236 records.

>>> SYNC RESULTS <<<
Total records synced: 761
Fixed/Updated records: 0

WARNING: 397 CSR records still have work > 8 hours.

>>> Sync Complete <<<
PHP Warning:  PHP Startup: Unable to load dynamic library 'fileinfo.so' (tried: /usr/lib64/php7/extensions/fileinfo.so (/usr/lib64/php7/extensions/fileinfo.so: cannot open shared object file: No such file or directory), /usr/lib64/php7/extensions/fileinfo.so.so (/usr/lib64/php7/extensions/fileinfo.so.so: cannot open shared object file: No such file or directory)) in Unknown on line 0
PHP Warning:  Module 'pdo_pgsql' already loaded in Unknown on line 0
PHP Warning:  Module 'pgsql' already loaded in Unknown on line 0
PHP Warning:  Module 'Phar' already loaded in Unknown on line 0
>>> HYBRID SYNC STARTED: 2026-09-16 to 2026-09-17 <<<
>>> USING POSTGRESQL FINAL LOGIN CALCULATION FOR CSR/AGENT <<<
Fetching from Main... Found 961 records.
Fetching from Amazon... Found 236 records.

>>> SYNC RESULTS <<<
Total records synced: 761
Fixed/Updated records: 0

WARNING: 397 CSR records still have work > 8 hours.

>>> Sync Complete <<<
PHP Warning:  PHP Startup: Unable to load dynamic library 'fileinfo.so' (tried: /usr/lib64/php7/extensions/fileinfo.so (/usr/lib64/php7/extensions/fileinfo.so: cannot open shared object file: No such file or directory), /usr/lib64/php7/extensions/fileinfo.so.so (/usr/lib64/php7/extensions/fileinfo.so.so: cannot open shared object file: No such file or directory)) in Unknown on line 0
PHP Warning:  Module 'pdo_pgsql' already loaded in Unknown on line 0
PHP Warning:  Module 'pgsql' already loaded in Unknown on line 0
PHP Warning:  Module 'Phar' already loaded in Unknown on line 0
>>> HYBRID SYNC STARTED: 2026-09-16 to 2026-09-17 <<<
>>> USING POSTGRESQL FINAL LOGIN CALCULATION FOR CSR/AGENT <<<
Fetching from Main... Found 961 records.
Fetching from Amazon... Found 236 records.

>>> SYNC RESULTS <<<
Total records synced: 761
Fixed/Updated records: 0

WARNING: 397 CSR records still have work > 8 hours.

>>> Sync Complete <<<
PHP Warning:  PHP Startup: Unable to load dynamic library 'fileinfo.so' (tried: /usr/lib64/php7/extensions/fileinfo.so (/usr/lib64/php7/extensions/fileinfo.so: cannot open shared object file: No such file or directory), /usr/lib64/php7/extensions/fileinfo.so.so (/usr/lib64/php7/extensions/fileinfo.so.so: cannot open shared object file: No such file or directory)) in Unknown on line 0
PHP Warning:  Module 'pdo_pgsql' already loaded in Unknown on line 0
PHP Warning:  Module 'pgsql' already loaded in Unknown on line 0
PHP Warning:  Module 'Phar' already loaded in Unknown on line 0
>>> HYBRID SYNC STARTED: 2026-09-16 to 2026-09-17 <<<
>>> USING POSTGRESQL FINAL LOGIN CALCULATION FOR CSR/AGENT <<<
Fetching from Main... Found 961 records.
Fetching from Amazon... Found 236 records.

>>> SYNC RESULTS <<<
Total records synced: 761
Fixed/Updated records: 0

WARNING: 397 CSR records still have work > 8 hours.

>>> Sync Complete <<<
PHP Warning:  PHP Startup: Unable to load dynamic library 'fileinfo.so' (tried: /usr/lib64/php7/extensions/fileinfo.so (/usr/lib64/php7/extensions/fileinfo.so: cannot open shared object file: No such file or directory), /usr/lib64/php7/extensions/fileinfo.so.so (/usr/lib64/php7/extensions/fileinfo.so.so: cannot open shared object file: No such file or directory)) in Unknown on line 0
PHP Warning:  Module 'pdo_pgsql' already loaded in Unknown on line 0
PHP Warning:  Module 'pgsql' already loaded in Unknown on line 0
PHP Warning:  Module 'Phar' already loaded in Unknown on line 0
>>> HYBRID SYNC STARTED: 2026-09-16 to 2026-09-17 <<<
>>> USING POSTGRESQL FINAL LOGIN CALCULATION FOR CSR/AGENT <<<
Fetching from Main... Found 961 records.
Fetching from Amazon... Found 236 records.

>>> SYNC RESULTS <<<
Total records synced: 761
Fixed/Updated records: 0

WARNING: 397 CSR records still have work > 8 hours.

>>> Sync Complete <<<
PHP Warning:  PHP Startup: Unable to load dynamic library 'fileinfo.so' (tried: /usr/lib64/php7/extensions/fileinfo.so (/usr/lib64/php7/extensions/fileinfo.so: cannot open shared object file: No such file or directory), /usr/lib64/php7/extensions/fileinfo.so.so (/usr/lib64/php7/extensions/fileinfo.so.so: cannot open shared object file: No such file or directory)) in Unknown on line 0
PHP Warning:  Module 'pdo_pgsql' already loaded in Unknown on line 0
PHP Warning:  Module 'pgsql' already loaded in Unknown on line 0
PHP Warning:  Module 'Phar' already loaded in Unknown on line 0
>>> HYBRID SYNC STARTED: 2026-09-17 to 2026-09-18 <<<
>>> USING POSTGRESQL FINAL LOGIN CALCULATION FOR CSR/AGENT <<<
Fetching from Main... Found 487 records.
Fetching from Amazon... Found 122 records.

>>> SYNC RESULTS <<<
Total records synced: 382
Fixed/Updated records: 0

WARNING: 198 CSR records still have work > 8 hours.

>>> Sync Complete <<<
PHP Warning:  PHP Startup: Unable to load dynamic library 'fileinfo.so' (tried: /usr/lib64/php7/extensions/fileinfo.so (/usr/lib64/php7/extensions/fileinfo.so: cannot open shared object file: No such file or directory), /usr/lib64/php7/extensions/fileinfo.so.so (/usr/lib64/php7/extensions/fileinfo.so.so: cannot open shared object file: No such file or directory)) in Unknown on line 0
PHP Warning:  Module 'pdo_pgsql' already loaded in Unknown on line 0
PHP Warning:  Module 'pgsql' already loaded in Unknown on line 0
PHP Warning:  Module 'Phar' already loaded in Unknown on line 0
>>> HYBRID SYNC STARTED: 2026-09-17 to 2026-09-18 <<<
>>> USING POSTGRESQL FINAL LOGIN CALCULATION FOR CSR/AGENT <<<
Fetching from Main... Found 500 records.
Fetching from Amazon... Found 125 records.

>>> SYNC RESULTS <<<
Total records synced: 390
Fixed/Updated records: 0

WARNING: 198 CSR records still have work > 8 hours.

>>> Sync Complete <<<
PHP Warning:  PHP Startup: Unable to load dynamic library 'fileinfo.so' (tried: /usr/lib64/php7/extensions/fileinfo.so (/usr/lib64/php7/extensions/fileinfo.so: cannot open shared object file: No such file or directory), /usr/lib64/php7/extensions/fileinfo.so.so (/usr/lib64/php7/extensions/fileinfo.so.so: cannot open shared object file: No such file or directory)) in Unknown on line 0
PHP Warning:  Module 'pdo_pgsql' already loaded in Unknown on line 0
PHP Warning:  Module 'pgsql' already loaded in Unknown on line 0
PHP Warning:  Module 'Phar' already loaded in Unknown on line 0
>>> HYBRID SYNC STARTED: 2026-09-17 to 2026-09-18 <<<
>>> USING POSTGRESQL FINAL LOGIN CALCULATION FOR CSR/AGENT <<<
Fetching from Main... Found 500 records.
Fetching from Amazon... Found 125 records.

>>> SYNC RESULTS <<<
Total records synced: 390
Fixed/Updated records: 0

WARNING: 198 CSR records still have work > 8 hours.

>>> Sync Complete <<<
PHP Warning:  PHP Startup: Unable to load dynamic library 'fileinfo.so' (tried: /usr/lib64/php7/extensions/fileinfo.so (/usr/lib64/php7/extensions/fileinfo.so: cannot open shared object file: No such file or directory), /usr/lib64/php7/extensions/fileinfo.so.so (/usr/lib64/php7/extensions/fileinfo.so.so: cannot open shared object file: No such file or directory)) in Unknown on line 0
PHP Warning:  Module 'pdo_pgsql' already loaded in Unknown on line 0
PHP Warning:  Module 'pgsql' already loaded in Unknown on line 0
PHP Warning:  Module 'Phar' already loaded in Unknown on line 0
>>> HYBRID SYNC STARTED: 2026-09-17 to 2026-09-18 <<<
>>> USING POSTGRESQL FINAL LOGIN CALCULATION FOR CSR/AGENT <<<
Fetching from Main... Found 500 records.
Fetching from Amazon... Found 125 records.

>>> SYNC RESULTS <<<
Total records synced: 390
Fixed/Updated records: 0

WARNING: 198 CSR records still have work > 8 hours.

>>> Sync Complete <<<
PHP Warning:  PHP Startup: Unable to load dynamic library 'fileinfo.so' (tried: /usr/lib64/php7/extensions/fileinfo.so (/usr/lib64/php7/extensions/fileinfo.so: cannot open shared object file: No such file or directory), /usr/lib64/php7/extensions/fileinfo.so.so (/usr/lib64/php7/extensions/fileinfo.so.so: cannot open shared object file: No such file or directory)) in Unknown on line 0
PHP Warning:  Module 'pdo_pgsql' already loaded in Unknown on line 0
PHP Warning:  Module 'pgsql' already loaded in Unknown on line 0
PHP Warning:  Module 'Phar' already loaded in Unknown on line 0
>>> HYBRID SYNC STARTED: 2026-09-17 to 2026-09-18 <<<
>>> USING POSTGRESQL FINAL LOGIN CALCULATION FOR CSR/AGENT <<<
Fetching from Main... Found 500 records.
Fetching from Amazon... Found 125 records.

>>> SYNC RESULTS <<<
Total records synced: 390
Fixed/Updated records: 0

WARNING: 198 CSR records still have work > 8 hours.

>>> Sync Complete <<<
PHP Warning:  PHP Startup: Unable to load dynamic library 'fileinfo.so' (tried: /usr/lib64/php7/extensions/fileinfo.so (/usr/lib64/php7/extensions/fileinfo.so: cannot open shared object file: No such file or directory), /usr/lib64/php7/extensions/fileinfo.so.so (/usr/lib64/php7/extensions/fileinfo.so.so: cannot open shared object file: No such file or directory)) in Unknown on line 0
PHP Warning:  Module 'pdo_pgsql' already loaded in Unknown on line 0
PHP Warning:  Module 'pgsql' already loaded in Unknown on line 0
PHP Warning:  Module 'Phar' already loaded in Unknown on line 0
>>> HYBRID SYNC STARTED: 2026-09-17 to 2026-09-18 <<<
>>> USING POSTGRESQL FINAL LOGIN CALCULATION FOR CSR/AGENT <<<
Fetching from Main... Found 500 records.
Fetching from Amazon... Found 125 records.

>>> SYNC RESULTS <<<
Total records synced: 390
Fixed/Updated records: 0

WARNING: 198 CSR records still have work > 8 hours.

>>> Sync Complete <<<
PHP Warning:  PHP Startup: Unable to load dynamic library 'fileinfo.so' (tried: /usr/lib64/php7/extensions/fileinfo.so (/usr/lib64/php7/extensions/fileinfo.so: cannot open shared object file: No such file or directory), /usr/lib64/php7/extensions/fileinfo.so.so (/usr/lib64/php7/extensions/fileinfo.so.so: cannot open shared object file: No such file or directory)) in Unknown on line 0
PHP Warning:  Module 'pdo_pgsql' already loaded in Unknown on line 0
PHP Warning:  Module 'pgsql' already loaded in Unknown on line 0
PHP Warning:  Module 'Phar' already loaded in Unknown on line 0
>>> HYBRID SYNC STARTED: 2026-09-17 to 2026-09-18 <<<
>>> USING POSTGRESQL FINAL LOGIN CALCULATION FOR CSR/AGENT <<<
Fetching from Main... Found 500 records.
Fetching from Amazon... Found 125 records.

>>> SYNC RESULTS <<<
Total records synced: 390
Fixed/Updated records: 0

WARNING: 198 CSR records still have work > 8 hours.

>>> Sync Complete <<<
PHP Warning:  PHP Startup: Unable to load dynamic library 'fileinfo.so' (tried: /usr/lib64/php7/extensions/fileinfo.so (/usr/lib64/php7/extensions/fileinfo.so: cannot open shared object file: No such file or directory), /usr/lib64/php7/extensions/fileinfo.so.so (/usr/lib64/php7/extensions/fileinfo.so.so: cannot open shared object file: No such file or directory)) in Unknown on line 0
PHP Warning:  Module 'pdo_pgsql' already loaded in Unknown on line 0
PHP Warning:  Module 'pgsql' already loaded in Unknown on line 0
PHP Warning:  Module 'Phar' already loaded in Unknown on line 0
>>> HYBRID SYNC STARTED: 2026-09-17 to 2026-09-18 <<<
>>> USING POSTGRESQL FINAL LOGIN CALCULATION FOR CSR/AGENT <<<
Fetching from Main... Found 500 records.
Fetching from Amazon... Found 125 records.

>>> SYNC RESULTS <<<
Total records synced: 390
Fixed/Updated records: 0

WARNING: 198 CSR records still have work > 8 hours.

>>> Sync Complete <<<
PHP Warning:  PHP Startup: Unable to load dynamic library 'fileinfo.so' (tried: /usr/lib64/php7/extensions/fileinfo.so (/usr/lib64/php7/extensions/fileinfo.so: cannot open shared object file: No such file or directory), /usr/lib64/php7/extensions/fileinfo.so.so (/usr/lib64/php7/extensions/fileinfo.so.so: cannot open shared object file: No such file or directory)) in Unknown on line 0
PHP Warning:  Module 'pdo_pgsql' already loaded in Unknown on line 0
PHP Warning:  Module 'pgsql' already loaded in Unknown on line 0
PHP Warning:  Module 'Phar' already loaded in Unknown on line 0
>>> HYBRID SYNC STARTED: 2026-09-17 to 2026-09-18 <<<
>>> USING POSTGRESQL FINAL LOGIN CALCULATION FOR CSR/AGENT <<<
Fetching from Main... Found 500 records.
Fetching from Amazon... Found 125 records.

>>> SYNC RESULTS <<<
Total records synced: 390
Fixed/Updated records: 0

WARNING: 198 CSR records still have work > 8 hours.

>>> Sync Complete <<<
PHP Warning:  PHP Startup: Unable to load dynamic library 'fileinfo.so' (tried: /usr/lib64/php7/extensions/fileinfo.so (/usr/lib64/php7/extensions/fileinfo.so: cannot open shared object file: No such file or directory), /usr/lib64/php7/extensions/fileinfo.so.so (/usr/lib64/php7/extensions/fileinfo.so.so: cannot open shared object file: No such file or directory)) in Unknown on line 0
PHP Warning:  Module 'pdo_pgsql' already loaded in Unknown on line 0
PHP Warning:  Module 'pgsql' already loaded in Unknown on line 0
PHP Warning:  Module 'Phar' already loaded in Unknown on line 0
>>> HYBRID SYNC STARTED: 2026-09-17 to 2026-09-18 <<<
>>> USING POSTGRESQL FINAL LOGIN CALCULATION FOR CSR/AGENT <<<
Fetching from Main... Found 500 records.
Fetching from Amazon... Found 125 records.

>>> SYNC RESULTS <<<
Total records synced: 390
Fixed/Updated records: 0

WARNING: 198 CSR records still have work > 8 hours.

>>> Sync Complete <<<
PHP Warning:  PHP Startup: Unable to load dynamic library 'fileinfo.so' (tried: /usr/lib64/php7/extensions/fileinfo.so (/usr/lib64/php7/extensions/fileinfo.so: cannot open shared object file: No such file or directory), /usr/lib64/php7/extensions/fileinfo.so.so (/usr/lib64/php7/extensions/fileinfo.so.so: cannot open shared object file: No such file or directory)) in Unknown on line 0
PHP Warning:  Module 'pdo_pgsql' already loaded in Unknown on line 0
PHP Warning:  Module 'pgsql' already loaded in Unknown on line 0
PHP Warning:  Module 'Phar' already loaded in Unknown on line 0
>>> HYBRID SYNC STARTED: 2026-09-17 to 2026-09-18 <<<
>>> USING POSTGRESQL FINAL LOGIN CALCULATION FOR CSR/AGENT <<<
Fetching from Main... Found 500 records.
Fetching from Amazon... Found 125 records.

>>> SYNC RESULTS <<<
Total records synced: 390
Fixed/Updated records: 0

WARNING: 198 CSR records still have work > 8 hours.

>>> Sync Complete <<<
PHP Warning:  PHP Startup: Unable to load dynamic library 'fileinfo.so' (tried: /usr/lib64/php7/extensions/fileinfo.so (/usr/lib64/php7/extensions/fileinfo.so: cannot open shared object file: No such file or directory), /usr/lib64/php7/extensions/fileinfo.so.so (/usr/lib64/php7/extensions/fileinfo.so.so: cannot open shared object file: No such file or directory)) in Unknown on line 0
PHP Warning:  Module 'pdo_pgsql' already loaded in Unknown on line 0
PHP Warning:  Module 'pgsql' already loaded in Unknown on line 0
PHP Warning:  Module 'Phar' already loaded in Unknown on line 0
>>> HYBRID SYNC STARTED: 2026-09-17 to 2026-09-18 <<<
>>> USING POSTGRESQL FINAL LOGIN CALCULATION FOR CSR/AGENT <<<
Fetching from Main... Found 500 records.
Fetching from Amazon... Found 125 records.

>>> SYNC RESULTS <<<
Total records synced: 390
Fixed/Updated records: 0

WARNING: 198 CSR records still have work > 8 hours.

>>> Sync Complete <<<
PHP Warning:  PHP Startup: Unable to load dynamic library 'fileinfo.so' (tried: /usr/lib64/php7/extensions/fileinfo.so (/usr/lib64/php7/extensions/fileinfo.so: cannot open shared object file: No such file or directory), /usr/lib64/php7/extensions/fileinfo.so.so (/usr/lib64/php7/extensions/fileinfo.so.so: cannot open shared object file: No such file or directory)) in Unknown on line 0
PHP Warning:  Module 'pdo_pgsql' already loaded in Unknown on line 0
PHP Warning:  Module 'pgsql' already loaded in Unknown on line 0
PHP Warning:  Module 'Phar' already loaded in Unknown on line 0
>>> HYBRID SYNC STARTED: 2026-09-17 to 2026-09-18 <<<
>>> USING POSTGRESQL FINAL LOGIN CALCULATION FOR CSR/AGENT <<<
Fetching from Main... Found 500 records.
Fetching from Amazon... Found 125 records.

>>> SYNC RESULTS <<<
Total records synced: 390
Fixed/Updated records: 0

WARNING: 198 CSR records still have work > 8 hours.

>>> Sync Complete <<<
PHP Warning:  PHP Startup: Unable to load dynamic library 'fileinfo.so' (tried: /usr/lib64/php7/extensions/fileinfo.so (/usr/lib64/php7/extensions/fileinfo.so: cannot open shared object file: No such file or directory), /usr/lib64/php7/extensions/fileinfo.so.so (/usr/lib64/php7/extensions/fileinfo.so.so: cannot open shared object file: No such file or directory)) in Unknown on line 0
PHP Warning:  Module 'pdo_pgsql' already loaded in Unknown on line 0
PHP Warning:  Module 'pgsql' already loaded in Unknown on line 0
PHP Warning:  Module 'Phar' already loaded in Unknown on line 0
>>> HYBRID SYNC STARTED: 2026-09-17 to 2026-09-18 <<<
>>> USING POSTGRESQL FINAL LOGIN CALCULATION FOR CSR/AGENT <<<
Fetching from Main... Found 500 records.
Fetching from Amazon... Found 125 records.

>>> SYNC RESULTS <<<
Total records synced: 390
Fixed/Updated records: 0

WARNING: 198 CSR records still have work > 8 hours.

>>> Sync Complete <<<
PHP Warning:  PHP Startup: Unable to load dynamic library 'fileinfo.so' (tried: /usr/lib64/php7/extensions/fileinfo.so (/usr/lib64/php7/extensions/fileinfo.so: cannot open shared object file: No such file or directory), /usr/lib64/php7/extensions/fileinfo.so.so (/usr/lib64/php7/extensions/fileinfo.so.so: cannot open shared object file: No such file or directory)) in Unknown on line 0
PHP Warning:  Module 'pdo_pgsql' already loaded in Unknown on line 0
PHP Warning:  Module 'pgsql' already loaded in Unknown on line 0
PHP Warning:  Module 'Phar' already loaded in Unknown on line 0
>>> HYBRID SYNC STARTED: 2026-09-17 to 2026-09-18 <<<
>>> USING POSTGRESQL FINAL LOGIN CALCULATION FOR CSR/AGENT <<<
Fetching from Main... Found 500 records.
Fetching from Amazon... Found 125 records.

>>> SYNC RESULTS <<<
Total records synced: 390
Fixed/Updated records: 0

WARNING: 198 CSR records still have work > 8 hours.

>>> Sync Complete <<<
PHP Warning:  PHP Startup: Unable to load dynamic library 'fileinfo.so' (tried: /usr/lib64/php7/extensions/fileinfo.so (/usr/lib64/php7/extensions/fileinfo.so: cannot open shared object file: No such file or directory), /usr/lib64/php7/extensions/fileinfo.so.so (/usr/lib64/php7/extensions/fileinfo.so.so: cannot open shared object file: No such file or directory)) in Unknown on line 0
PHP Warning:  Module 'pdo_pgsql' already loaded in Unknown on line 0
PHP Warning:  Module 'pgsql' already loaded in Unknown on line 0
PHP Warning:  Module 'Phar' already loaded in Unknown on line 0
>>> HYBRID SYNC STARTED: 2026-09-17 to 2026-09-18 <<<
>>> USING POSTGRESQL FINAL LOGIN CALCULATION FOR CSR/AGENT <<<
Fetching from Main... Found 500 records.
Fetching from Amazon... Found 125 records.

>>> SYNC RESULTS <<<
Total records synced: 390
Fixed/Updated records: 0

WARNING: 198 CSR records still have work > 8 hours.

>>> Sync Complete <<<
PHP Warning:  PHP Startup: Unable to load dynamic library 'fileinfo.so' (tried: /usr/lib64/php7/extensions/fileinfo.so (/usr/lib64/php7/extensions/fileinfo.so: cannot open shared object file: No such file or directory), /usr/lib64/php7/extensions/fileinfo.so.so (/usr/lib64/php7/extensions/fileinfo.so.so: cannot open shared object file: No such file or directory)) in Unknown on line 0
PHP Warning:  Module 'pdo_pgsql' already loaded in Unknown on line 0
PHP Warning:  Module 'pgsql' already loaded in Unknown on line 0
PHP Warning:  Module 'Phar' already loaded in Unknown on line 0
>>> HYBRID SYNC STARTED: 2026-09-17 to 2026-09-18 <<<
>>> USING POSTGRESQL FINAL LOGIN CALCULATION FOR CSR/AGENT <<<
Fetching from Main... Found 500 records.
Fetching from Amazon... Found 125 records.

>>> SYNC RESULTS <<<
Total records synced: 390
Fixed/Updated records: 0

WARNING: 198 CSR records still have work > 8 hours.

>>> Sync Complete <<<
PHP Warning:  PHP Startup: Unable to load dynamic library 'fileinfo.so' (tried: /usr/lib64/php7/extensions/fileinfo.so (/usr/lib64/php7/extensions/fileinfo.so: cannot open shared object file: No such file or directory), /usr/lib64/php7/extensions/fileinfo.so.so (/usr/lib64/php7/extensions/fileinfo.so.so: cannot open shared object file: No such file or directory)) in Unknown on line 0
PHP Warning:  Module 'pdo_pgsql' already loaded in Unknown on line 0
PHP Warning:  Module 'pgsql' already loaded in Unknown on line 0
PHP Warning:  Module 'Phar' already loaded in Unknown on line 0
>>> HYBRID SYNC STARTED: 2026-09-17 to 2026-09-18 <<<
>>> USING POSTGRESQL FINAL LOGIN CALCULATION FOR CSR/AGENT <<<
Fetching from Main... Found 500 records.
Fetching from Amazon... Found 125 records.

>>> SYNC RESULTS <<<
Total records synced: 390
Fixed/Updated records: 0

WARNING: 198 CSR records still have work > 8 hours.

>>> Sync Complete <<<
PHP Warning:  PHP Startup: Unable to load dynamic library 'fileinfo.so' (tried: /usr/lib64/php7/extensions/fileinfo.so (/usr/lib64/php7/extensions/fileinfo.so: cannot open shared object file: No such file or directory), /usr/lib64/php7/extensions/fileinfo.so.so (/usr/lib64/php7/extensions/fileinfo.so.so: cannot open shared object file: No such file or directory)) in Unknown on line 0
PHP Warning:  Module 'pdo_pgsql' already loaded in Unknown on line 0
PHP Warning:  Module 'pgsql' already loaded in Unknown on line 0
PHP Warning:  Module 'Phar' already loaded in Unknown on line 0
>>> HYBRID SYNC STARTED: 2026-09-17 to 2026-09-18 <<<
>>> USING POSTGRESQL FINAL LOGIN CALCULATION FOR CSR/AGENT <<<
Fetching from Main... Found 504 records.
Fetching from Amazon... Found 131 records.

>>> SYNC RESULTS <<<
Total records synced: 393
Fixed/Updated records: 0

WARNING: 198 CSR records still have work > 8 hours.

>>> Sync Complete <<<
PHP Warning:  PHP Startup: Unable to load dynamic library 'fileinfo.so' (tried: /usr/lib64/php7/extensions/fileinfo.so (/usr/lib64/php7/extensions/fileinfo.so: cannot open shared object file: No such file or directory), /usr/lib64/php7/extensions/fileinfo.so.so (/usr/lib64/php7/extensions/fileinfo.so.so: cannot open shared object file: No such file or directory)) in Unknown on line 0
PHP Warning:  Module 'pdo_pgsql' already loaded in Unknown on line 0
PHP Warning:  Module 'pgsql' already loaded in Unknown on line 0
PHP Warning:  Module 'Phar' already loaded in Unknown on line 0
>>> HYBRID SYNC STARTED: 2026-09-17 to 2026-09-18 <<<
>>> USING POSTGRESQL FINAL LOGIN CALCULATION FOR CSR/AGENT <<<
Fetching from Main... Found 596 records.
Fetching from Amazon... Found 148 records.

>>> SYNC RESULTS <<<
Total records synced: 424
Fixed/Updated records: 0

WARNING: 198 CSR records still have work > 8 hours.

>>> Sync Complete <<<
PHP Warning:  PHP Startup: Unable to load dynamic library 'fileinfo.so' (tried: /usr/lib64/php7/extensions/fileinfo.so (/usr/lib64/php7/extensions/fileinfo.so: cannot open shared object file: No such file or directory), /usr/lib64/php7/extensions/fileinfo.so.so (/usr/lib64/php7/extensions/fileinfo.so.so: cannot open shared object file: No such file or directory)) in Unknown on line 0
PHP Warning:  Module 'pdo_pgsql' already loaded in Unknown on line 0
PHP Warning:  Module 'pgsql' already loaded in Unknown on line 0
PHP Warning:  Module 'Phar' already loaded in Unknown on line 0
>>> HYBRID SYNC STARTED: 2026-09-17 to 2026-09-18 <<<
>>> USING POSTGRESQL FINAL LOGIN CALCULATION FOR CSR/AGENT <<<
Fetching from Main... Found 924 records.
Fetching from Amazon... Found 233 records.

>>> SYNC RESULTS <<<
Total records synced: 661
Fixed/Updated records: 0

WARNING: 198 CSR records still have work > 8 hours.

>>> Sync Complete <<<
PHP Warning:  PHP Startup: Unable to load dynamic library 'fileinfo.so' (tried: /usr/lib64/php7/extensions/fileinfo.so (/usr/lib64/php7/extensions/fileinfo.so: cannot open shared object file: No such file or directory), /usr/lib64/php7/extensions/fileinfo.so.so (/usr/lib64/php7/extensions/fileinfo.so.so: cannot open shared object file: No such file or directory)) in Unknown on line 0
PHP Warning:  Module 'pdo_pgsql' already loaded in Unknown on line 0
PHP Warning:  Module 'pgsql' already loaded in Unknown on line 0
PHP Warning:  Module 'Phar' already loaded in Unknown on line 0
>>> HYBRID SYNC STARTED: 2026-09-17 to 2026-09-18 <<<
>>> USING POSTGRESQL FINAL LOGIN CALCULATION FOR CSR/AGENT <<<
Fetching from Main... Found 966 records.
Fetching from Amazon... Found 241 records.

>>> SYNC RESULTS <<<
Total records synced: 754
Fixed/Updated records: 0

WARNING: 198 CSR records still have work > 8 hours.

>>> Sync Complete <<<
PHP Warning:  PHP Startup: Unable to load dynamic library 'fileinfo.so' (tried: /usr/lib64/php7/extensions/fileinfo.so (/usr/lib64/php7/extensions/fileinfo.so: cannot open shared object file: No such file or directory), /usr/lib64/php7/extensions/fileinfo.so.so (/usr/lib64/php7/extensions/fileinfo.so.so: cannot open shared object file: No such file or directory)) in Unknown on line 0
PHP Warning:  Module 'pdo_pgsql' already loaded in Unknown on line 0
PHP Warning:  Module 'pgsql' already loaded in Unknown on line 0
PHP Warning:  Module 'Phar' already loaded in Unknown on line 0
>>> HYBRID SYNC STARTED: 2026-09-17 to 2026-09-18 <<<
>>> USING POSTGRESQL FINAL LOGIN CALCULATION FOR CSR/AGENT <<<
Fetching from Main... Found 973 records.
Fetching from Amazon... Found 244 records.

>>> SYNC RESULTS <<<
Total records synced: 758
Fixed/Updated records: 0

WARNING: 198 CSR records still have work > 8 hours.

>>> Sync Complete <<<
PHP Warning:  PHP Startup: Unable to load dynamic library 'fileinfo.so' (tried: /usr/lib64/php7/extensions/fileinfo.so (/usr/lib64/php7/extensions/fileinfo.so: cannot open shared object file: No such file or directory), /usr/lib64/php7/extensions/fileinfo.so.so (/usr/lib64/php7/extensions/fileinfo.so.so: cannot open shared object file: No such file or directory)) in Unknown on line 0
PHP Warning:  Module 'pdo_pgsql' already loaded in Unknown on line 0
PHP Warning:  Module 'pgsql' already loaded in Unknown on line 0
PHP Warning:  Module 'Phar' already loaded in Unknown on line 0
>>> HYBRID SYNC STARTED: 2026-09-17 to 2026-09-18 <<<
>>> USING POSTGRESQL FINAL LOGIN CALCULATION FOR CSR/AGENT <<<
Fetching from Main... Found 980 records.
Fetching from Amazon... Found 246 records.

>>> SYNC RESULTS <<<
Total records synced: 762
Fixed/Updated records: 0

WARNING: 198 CSR records still have work > 8 hours.

>>> Sync Complete <<<
PHP Warning:  PHP Startup: Unable to load dynamic library 'fileinfo.so' (tried: /usr/lib64/php7/extensions/fileinfo.so (/usr/lib64/php7/extensions/fileinfo.so: cannot open shared object file: No such file or directory), /usr/lib64/php7/extensions/fileinfo.so.so (/usr/lib64/php7/extensions/fileinfo.so.so: cannot open shared object file: No such file or directory)) in Unknown on line 0
PHP Warning:  Module 'pdo_pgsql' already loaded in Unknown on line 0
PHP Warning:  Module 'pgsql' already loaded in Unknown on line 0
PHP Warning:  Module 'Phar' already loaded in Unknown on line 0
>>> HYBRID SYNC STARTED: 2026-09-17 to 2026-09-18 <<<
>>> USING POSTGRESQL FINAL LOGIN CALCULATION FOR CSR/AGENT <<<
Fetching from Main... Found 980 records.
Fetching from Amazon... Found 247 records.

>>> SYNC RESULTS <<<
Total records synced: 763
Fixed/Updated records: 0

WARNING: 198 CSR records still have work > 8 hours.

>>> Sync Complete <<<
PHP Warning:  PHP Startup: Unable to load dynamic library 'fileinfo.so' (tried: /usr/lib64/php7/extensions/fileinfo.so (/usr/lib64/php7/extensions/fileinfo.so: cannot open shared object file: No such file or directory), /usr/lib64/php7/extensions/fileinfo.so.so (/usr/lib64/php7/extensions/fileinfo.so.so: cannot open shared object file: No such file or directory)) in Unknown on line 0
PHP Warning:  Module 'pdo_pgsql' already loaded in Unknown on line 0
PHP Warning:  Module 'pgsql' already loaded in Unknown on line 0
PHP Warning:  Module 'Phar' already loaded in Unknown on line 0
>>> HYBRID SYNC STARTED: 2026-09-17 to 2026-09-18 <<<
>>> USING POSTGRESQL FINAL LOGIN CALCULATION FOR CSR/AGENT <<<
Fetching from Main... Found 983 records.
Fetching from Amazon... Found 249 records.

>>> SYNC RESULTS <<<
Total records synced: 763
Fixed/Updated records: 0

WARNING: 198 CSR records still have work > 8 hours.

>>> Sync Complete <<<
PHP Warning:  PHP Startup: Unable to load dynamic library 'fileinfo.so' (tried: /usr/lib64/php7/extensions/fileinfo.so (/usr/lib64/php7/extensions/fileinfo.so: cannot open shared object file: No such file or directory), /usr/lib64/php7/extensions/fileinfo.so.so (/usr/lib64/php7/extensions/fileinfo.so.so: cannot open shared object file: No such file or directory)) in Unknown on line 0
PHP Warning:  Module 'pdo_pgsql' already loaded in Unknown on line 0
PHP Warning:  Module 'pgsql' already loaded in Unknown on line 0
PHP Warning:  Module 'Phar' already loaded in Unknown on line 0
>>> HYBRID SYNC STARTED: 2026-09-17 to 2026-09-18 <<<
>>> USING POSTGRESQL FINAL LOGIN CALCULATION FOR CSR/AGENT <<<
Fetching from Main... Found 984 records.
Fetching from Amazon... Found 251 records.

>>> SYNC RESULTS <<<
Total records synced: 766
Fixed/Updated records: 0

WARNING: 198 CSR records still have work > 8 hours.

>>> Sync Complete <<<
PHP Warning:  PHP Startup: Unable to load dynamic library 'fileinfo.so' (tried: /usr/lib64/php7/extensions/fileinfo.so (/usr/lib64/php7/extensions/fileinfo.so: cannot open shared object file: No such file or directory), /usr/lib64/php7/extensions/fileinfo.so.so (/usr/lib64/php7/extensions/fileinfo.so.so: cannot open shared object file: No such file or directory)) in Unknown on line 0
PHP Warning:  Module 'pdo_pgsql' already loaded in Unknown on line 0
PHP Warning:  Module 'pgsql' already loaded in Unknown on line 0
PHP Warning:  Module 'Phar' already loaded in Unknown on line 0
>>> HYBRID SYNC STARTED: 2026-09-17 to 2026-09-18 <<<
>>> USING POSTGRESQL FINAL LOGIN CALCULATION FOR CSR/AGENT <<<
Fetching from Main... Found 985 records.
Fetching from Amazon... Found 251 records.

>>> SYNC RESULTS <<<
Total records synced: 766
Fixed/Updated records: 0

WARNING: 198 CSR records still have work > 8 hours.

>>> Sync Complete <<<
PHP Warning:  PHP Startup: Unable to load dynamic library 'fileinfo.so' (tried: /usr/lib64/php7/extensions/fileinfo.so (/usr/lib64/php7/extensions/fileinfo.so: cannot open shared object file: No such file or directory), /usr/lib64/php7/extensions/fileinfo.so.so (/usr/lib64/php7/extensions/fileinfo.so.so: cannot open shared object file: No such file or directory)) in Unknown on line 0
PHP Warning:  Module 'pdo_pgsql' already loaded in Unknown on line 0
PHP Warning:  Module 'pgsql' already loaded in Unknown on line 0
PHP Warning:  Module 'Phar' already loaded in Unknown on line 0
>>> HYBRID SYNC STARTED: 2026-09-17 to 2026-09-18 <<<
>>> USING POSTGRESQL FINAL LOGIN CALCULATION FOR CSR/AGENT <<<
Fetching from Main... Found 985 records.
Fetching from Amazon... Found 252 records.

>>> SYNC RESULTS <<<
Total records synced: 766
Fixed/Updated records: 0

WARNING: 198 CSR records still have work > 8 hours.

>>> Sync Complete <<<
PHP Warning:  PHP Startup: Unable to load dynamic library 'fileinfo.so' (tried: /usr/lib64/php7/extensions/fileinfo.so (/usr/lib64/php7/extensions/fileinfo.so: cannot open shared object file: No such file or directory), /usr/lib64/php7/extensions/fileinfo.so.so (/usr/lib64/php7/extensions/fileinfo.so.so: cannot open shared object file: No such file or directory)) in Unknown on line 0
PHP Warning:  Module 'pdo_pgsql' already loaded in Unknown on line 0
PHP Warning:  Module 'pgsql' already loaded in Unknown on line 0
PHP Warning:  Module 'Phar' already loaded in Unknown on line 0
>>> HYBRID SYNC STARTED: 2026-09-17 to 2026-09-18 <<<
>>> USING POSTGRESQL FINAL LOGIN CALCULATION FOR CSR/AGENT <<<
Fetching from Main... Found 985 records.
Fetching from Amazon... Found 252 records.

>>> SYNC RESULTS <<<
Total records synced: 766
Fixed/Updated records: 0

WARNING: 198 CSR records still have work > 8 hours.

>>> Sync Complete <<<
PHP Warning:  PHP Startup: Unable to load dynamic library 'fileinfo.so' (tried: /usr/lib64/php7/extensions/fileinfo.so (/usr/lib64/php7/extensions/fileinfo.so: cannot open shared object file: No such file or directory), /usr/lib64/php7/extensions/fileinfo.so.so (/usr/lib64/php7/extensions/fileinfo.so.so: cannot open shared object file: No such file or directory)) in Unknown on line 0
PHP Warning:  Module 'pdo_pgsql' already loaded in Unknown on line 0
PHP Warning:  Module 'pgsql' already loaded in Unknown on line 0
PHP Warning:  Module 'Phar' already loaded in Unknown on line 0
>>> HYBRID SYNC STARTED: 2026-09-17 to 2026-09-18 <<<
>>> USING POSTGRESQL FINAL LOGIN CALCULATION FOR CSR/AGENT <<<
Fetching from Main... Found 985 records.
Fetching from Amazon... Found 253 records.

>>> SYNC RESULTS <<<
Total records synced: 766
Fixed/Updated records: 0

WARNING: 198 CSR records still have work > 8 hours.

>>> Sync Complete <<<
PHP Warning:  PHP Startup: Unable to load dynamic library 'fileinfo.so' (tried: /usr/lib64/php7/extensions/fileinfo.so (/usr/lib64/php7/extensions/fileinfo.so: cannot open shared object file: No such file or directory), /usr/lib64/php7/extensions/fileinfo.so.so (/usr/lib64/php7/extensions/fileinfo.so.so: cannot open shared object file: No such file or directory)) in Unknown on line 0
PHP Warning:  Module 'pdo_pgsql' already loaded in Unknown on line 0
PHP Warning:  Module 'pgsql' already loaded in Unknown on line 0
PHP Warning:  Module 'Phar' already loaded in Unknown on line 0
>>> HYBRID SYNC STARTED: 2026-09-17 to 2026-09-18 <<<
>>> USING POSTGRESQL FINAL LOGIN CALCULATION FOR CSR/AGENT <<<
Fetching from Main... Found 987 records.
Fetching from Amazon... Found 253 records.

>>> SYNC RESULTS <<<
Total records synced: 766
Fixed/Updated records: 0

WARNING: 198 CSR records still have work > 8 hours.

>>> Sync Complete <<<
PHP Warning:  PHP Startup: Unable to load dynamic library 'fileinfo.so' (tried: /usr/lib64/php7/extensions/fileinfo.so (/usr/lib64/php7/extensions/fileinfo.so: cannot open shared object file: No such file or directory), /usr/lib64/php7/extensions/fileinfo.so.so (/usr/lib64/php7/extensions/fileinfo.so.so: cannot open shared object file: No such file or directory)) in Unknown on line 0
PHP Warning:  Module 'pdo_pgsql' already loaded in Unknown on line 0
PHP Warning:  Module 'pgsql' already loaded in Unknown on line 0
PHP Warning:  Module 'Phar' already loaded in Unknown on line 0
>>> HYBRID SYNC STARTED: 2026-09-17 to 2026-09-18 <<<
>>> USING POSTGRESQL FINAL LOGIN CALCULATION FOR CSR/AGENT <<<
Fetching from Main... Found 988 records.
Fetching from Amazon... Found 253 records.

>>> SYNC RESULTS <<<
Total records synced: 766
Fixed/Updated records: 0

WARNING: 198 CSR records still have work > 8 hours.

>>> Sync Complete <<<
PHP Warning:  PHP Startup: Unable to load dynamic library 'fileinfo.so' (tried: /usr/lib64/php7/extensions/fileinfo.so (/usr/lib64/php7/extensions/fileinfo.so: cannot open shared object file: No such file or directory), /usr/lib64/php7/extensions/fileinfo.so.so (/usr/lib64/php7/extensions/fileinfo.so.so: cannot open shared object file: No such file or directory)) in Unknown on line 0
PHP Warning:  Module 'pdo_pgsql' already loaded in Unknown on line 0
PHP Warning:  Module 'pgsql' already loaded in Unknown on line 0
PHP Warning:  Module 'Phar' already loaded in Unknown on line 0
>>> HYBRID SYNC STARTED: 2026-09-17 to 2026-09-18 <<<
>>> USING POSTGRESQL FINAL LOGIN CALCULATION FOR CSR/AGENT <<<
Fetching from Main... Found 990 records.
Fetching from Amazon... Found 253 records.

>>> SYNC RESULTS <<<
Total records synced: 766
Fixed/Updated records: 0

WARNING: 198 CSR records still have work > 8 hours.

>>> Sync Complete <<<
PHP Warning:  PHP Startup: Unable to load dynamic library 'fileinfo.so' (tried: /usr/lib64/php7/extensions/fileinfo.so (/usr/lib64/php7/extensions/fileinfo.so: cannot open shared object file: No such file or directory), /usr/lib64/php7/extensions/fileinfo.so.so (/usr/lib64/php7/extensions/fileinfo.so.so: cannot open shared object file: No such file or directory)) in Unknown on line 0
PHP Warning:  Module 'pdo_pgsql' already loaded in Unknown on line 0
PHP Warning:  Module 'pgsql' already loaded in Unknown on line 0
PHP Warning:  Module 'Phar' already loaded in Unknown on line 0
>>> HYBRID SYNC STARTED: 2026-09-17 to 2026-09-18 <<<
>>> USING POSTGRESQL FINAL LOGIN CALCULATION FOR CSR/AGENT <<<
Fetching from Main... Found 991 records.
Fetching from Amazon... Found 253 records.

>>> SYNC RESULTS <<<
Total records synced: 766
Fixed/Updated records: 0

WARNING: 198 CSR records still have work > 8 hours.

>>> Sync Complete <<<
PHP Warning:  PHP Startup: Unable to load dynamic library 'fileinfo.so' (tried: /usr/lib64/php7/extensions/fileinfo.so (/usr/lib64/php7/extensions/fileinfo.so: cannot open shared object file: No such file or directory), /usr/lib64/php7/extensions/fileinfo.so.so (/usr/lib64/php7/extensions/fileinfo.so.so: cannot open shared object file: No such file or directory)) in Unknown on line 0
PHP Warning:  Module 'pdo_pgsql' already loaded in Unknown on line 0
PHP Warning:  Module 'pgsql' already loaded in Unknown on line 0
PHP Warning:  Module 'Phar' already loaded in Unknown on line 0
>>> HYBRID SYNC STARTED: 2026-09-17 to 2026-09-18 <<<
>>> USING POSTGRESQL FINAL LOGIN CALCULATION FOR CSR/AGENT <<<
Fetching from Main... Found 992 records.
Fetching from Amazon... Found 253 records.

>>> SYNC RESULTS <<<
Total records synced: 766
Fixed/Updated records: 0

WARNING: 198 CSR records still have work > 8 hours.

>>> Sync Complete <<<
PHP Warning:  PHP Startup: Unable to load dynamic library 'fileinfo.so' (tried: /usr/lib64/php7/extensions/fileinfo.so (/usr/lib64/php7/extensions/fileinfo.so: cannot open shared object file: No such file or directory), /usr/lib64/php7/extensions/fileinfo.so.so (/usr/lib64/php7/extensions/fileinfo.so.so: cannot open shared object file: No such file or directory)) in Unknown on line 0
PHP Warning:  Module 'pdo_pgsql' already loaded in Unknown on line 0
PHP Warning:  Module 'pgsql' already loaded in Unknown on line 0
PHP Warning:  Module 'Phar' already loaded in Unknown on line 0
>>> HYBRID SYNC STARTED: 2026-09-17 to 2026-09-18 <<<
>>> USING POSTGRESQL FINAL LOGIN CALCULATION FOR CSR/AGENT <<<
Fetching from Main... Found 993 records.
Fetching from Amazon... Found 253 records.

>>> SYNC RESULTS <<<
Total records synced: 766
Fixed/Updated records: 0

WARNING: 200 CSR records still have work > 8 hours.

>>> Sync Complete <<<
PHP Warning:  PHP Startup: Unable to load dynamic library 'fileinfo.so' (tried: /usr/lib64/php7/extensions/fileinfo.so (/usr/lib64/php7/extensions/fileinfo.so: cannot open shared object file: No such file or directory), /usr/lib64/php7/extensions/fileinfo.so.so (/usr/lib64/php7/extensions/fileinfo.so.so: cannot open shared object file: No such file or directory)) in Unknown on line 0
PHP Warning:  Module 'pdo_pgsql' already loaded in Unknown on line 0
PHP Warning:  Module 'pgsql' already loaded in Unknown on line 0
PHP Warning:  Module 'Phar' already loaded in Unknown on line 0
>>> HYBRID SYNC STARTED: 2026-09-17 to 2026-09-18 <<<
>>> USING POSTGRESQL FINAL LOGIN CALCULATION FOR CSR/AGENT <<<
Fetching from Main... Found 993 records.
Fetching from Amazon... Found 253 records.

>>> SYNC RESULTS <<<
Total records synced: 766
Fixed/Updated records: 0

WARNING: 205 CSR records still have work > 8 hours.

>>> Sync Complete <<<
PHP Warning:  PHP Startup: Unable to load dynamic library 'fileinfo.so' (tried: /usr/lib64/php7/extensions/fileinfo.so (/usr/lib64/php7/extensions/fileinfo.so: cannot open shared object file: No such file or directory), /usr/lib64/php7/extensions/fileinfo.so.so (/usr/lib64/php7/extensions/fileinfo.so.so: cannot open shared object file: No such file or directory)) in Unknown on line 0
PHP Warning:  Module 'pdo_pgsql' already loaded in Unknown on line 0
PHP Warning:  Module 'pgsql' already loaded in Unknown on line 0
PHP Warning:  Module 'Phar' already loaded in Unknown on line 0
>>> HYBRID SYNC STARTED: 2026-09-17 to 2026-09-18 <<<
>>> USING POSTGRESQL FINAL LOGIN CALCULATION FOR CSR/AGENT <<<
Fetching from Main... Found 993 records.
Fetching from Amazon... Found 253 records.

>>> SYNC RESULTS <<<
Total records synced: 766
Fixed/Updated records: 0

WARNING: 233 CSR records still have work > 8 hours.

>>> Sync Complete <<<
PHP Warning:  PHP Startup: Unable to load dynamic library 'fileinfo.so' (tried: /usr/lib64/php7/extensions/fileinfo.so (/usr/lib64/php7/extensions/fileinfo.so: cannot open shared object file: No such file or directory), /usr/lib64/php7/extensions/fileinfo.so.so (/usr/lib64/php7/extensions/fileinfo.so.so: cannot open shared object file: No such file or directory)) in Unknown on line 0
PHP Warning:  Module 'pdo_pgsql' already loaded in Unknown on line 0
PHP Warning:  Module 'pgsql' already loaded in Unknown on line 0
PHP Warning:  Module 'Phar' already loaded in Unknown on line 0
>>> HYBRID SYNC STARTED: 2026-09-17 to 2026-09-18 <<<
>>> USING POSTGRESQL FINAL LOGIN CALCULATION FOR CSR/AGENT <<<
Fetching from Main... Found 993 records.
Fetching from Amazon... Found 253 records.

>>> SYNC RESULTS <<<
Total records synced: 766
Fixed/Updated records: 0

WARNING: 338 CSR records still have work > 8 hours.

>>> Sync Complete <<<
PHP Warning:  PHP Startup: Unable to load dynamic library 'fileinfo.so' (tried: /usr/lib64/php7/extensions/fileinfo.so (/usr/lib64/php7/extensions/fileinfo.so: cannot open shared object file: No such file or directory), /usr/lib64/php7/extensions/fileinfo.so.so (/usr/lib64/php7/extensions/fileinfo.so.so: cannot open shared object file: No such file or directory)) in Unknown on line 0
PHP Warning:  Module 'pdo_pgsql' already loaded in Unknown on line 0
PHP Warning:  Module 'pgsql' already loaded in Unknown on line 0
PHP Warning:  Module 'Phar' already loaded in Unknown on line 0
>>> HYBRID SYNC STARTED: 2026-09-17 to 2026-09-18 <<<
>>> USING POSTGRESQL FINAL LOGIN CALCULATION FOR CSR/AGENT <<<
Fetching from Main... Found 993 records.
Fetching from Amazon... Found 253 records.

>>> SYNC RESULTS <<<
Total records synced: 766
Fixed/Updated records: 0

WARNING: 348 CSR records still have work > 8 hours.

>>> Sync Complete <<<
PHP Warning:  PHP Startup: Unable to load dynamic library 'fileinfo.so' (tried: /usr/lib64/php7/extensions/fileinfo.so (/usr/lib64/php7/extensions/fileinfo.so: cannot open shared object file: No such file or directory), /usr/lib64/php7/extensions/fileinfo.so.so (/usr/lib64/php7/extensions/fileinfo.so.so: cannot open shared object file: No such file or directory)) in Unknown on line 0
PHP Warning:  Module 'pdo_pgsql' already loaded in Unknown on line 0
PHP Warning:  Module 'pgsql' already loaded in Unknown on line 0
PHP Warning:  Module 'Phar' already loaded in Unknown on line 0
>>> HYBRID SYNC STARTED: 2026-09-17 to 2026-09-18 <<<
>>> USING POSTGRESQL FINAL LOGIN CALCULATION FOR CSR/AGENT <<<
Fetching from Main... Found 993 records.
Fetching from Amazon... Found 253 records.

>>> SYNC RESULTS <<<
Total records synced: 766
Fixed/Updated records: 0

WARNING: 348 CSR records still have work > 8 hours.

>>> Sync Complete <<<
PHP Warning:  PHP Startup: Unable to load dynamic library 'fileinfo.so' (tried: /usr/lib64/php7/extensions/fileinfo.so (/usr/lib64/php7/extensions/fileinfo.so: cannot open shared object file: No such file or directory), /usr/lib64/php7/extensions/fileinfo.so.so (/usr/lib64/php7/extensions/fileinfo.so.so: cannot open shared object file: No such file or directory)) in Unknown on line 0
PHP Warning:  Module 'pdo_pgsql' already loaded in Unknown on line 0
PHP Warning:  Module 'pgsql' already loaded in Unknown on line 0
PHP Warning:  Module 'Phar' already loaded in Unknown on line 0
>>> HYBRID SYNC STARTED: 2026-09-17 to 2026-09-18 <<<
>>> USING POSTGRESQL FINAL LOGIN CALCULATION FOR CSR/AGENT <<<
Fetching from Main... Found 993 records.
Fetching from Amazon... Found 253 records.

>>> SYNC RESULTS <<<
Total records synced: 766
Fixed/Updated records: 0

WARNING: 348 CSR records still have work > 8 hours.

>>> Sync Complete <<<
PHP Warning:  PHP Startup: Unable to load dynamic library 'fileinfo.so' (tried: /usr/lib64/php7/extensions/fileinfo.so (/usr/lib64/php7/extensions/fileinfo.so: cannot open shared object file: No such file or directory), /usr/lib64/php7/extensions/fileinfo.so.so (/usr/lib64/php7/extensions/fileinfo.so.so: cannot open shared object file: No such file or directory)) in Unknown on line 0
PHP Warning:  Module 'pdo_pgsql' already loaded in Unknown on line 0
PHP Warning:  Module 'pgsql' already loaded in Unknown on line 0
PHP Warning:  Module 'Phar' already loaded in Unknown on line 0
>>> HYBRID SYNC STARTED: 2026-09-17 to 2026-09-18 <<<
>>> USING POSTGRESQL FINAL LOGIN CALCULATION FOR CSR/AGENT <<<
Fetching from Main... Found 993 records.
Fetching from Amazon... Found 253 records.

>>> SYNC RESULTS <<<
Total records synced: 766
Fixed/Updated records: 0

WARNING: 348 CSR records still have work > 8 hours.

>>> Sync Complete <<<
PHP Warning:  PHP Startup: Unable to load dynamic library 'fileinfo.so' (tried: /usr/lib64/php7/extensions/fileinfo.so (/usr/lib64/php7/extensions/fileinfo.so: cannot open shared object file: No such file or directory), /usr/lib64/php7/extensions/fileinfo.so.so (/usr/lib64/php7/extensions/fileinfo.so.so: cannot open shared object file: No such file or directory)) in Unknown on line 0
PHP Warning:  Module 'pdo_pgsql' already loaded in Unknown on line 0
PHP Warning:  Module 'pgsql' already loaded in Unknown on line 0
PHP Warning:  Module 'Phar' already loaded in Unknown on line 0
>>> HYBRID SYNC STARTED: 2026-09-17 to 2026-09-18 <<<
>>> USING POSTGRESQL FINAL LOGIN CALCULATION FOR CSR/AGENT <<<
Fetching from Main... Found 993 records.
Fetching from Amazon... Found 253 records.

>>> SYNC RESULTS <<<
Total records synced: 766
Fixed/Updated records: 0

WARNING: 348 CSR records still have work > 8 hours.

>>> Sync Complete <<<
PHP Warning:  PHP Startup: Unable to load dynamic library 'fileinfo.so' (tried: /usr/lib64/php7/extensions/fileinfo.so (/usr/lib64/php7/extensions/fileinfo.so: cannot open shared object file: No such file or directory), /usr/lib64/php7/extensions/fileinfo.so.so (/usr/lib64/php7/extensions/fileinfo.so.so: cannot open shared object file: No such file or directory)) in Unknown on line 0
PHP Warning:  Module 'pdo_pgsql' already loaded in Unknown on line 0
PHP Warning:  Module 'pgsql' already loaded in Unknown on line 0
PHP Warning:  Module 'Phar' already loaded in Unknown on line 0
>>> HYBRID SYNC STARTED: 2026-09-17 to 2026-09-18 <<<
>>> USING POSTGRESQL FINAL LOGIN CALCULATION FOR CSR/AGENT <<<
Fetching from Main... Found 993 records.
Fetching from Amazon... Found 253 records.

>>> SYNC RESULTS <<<
Total records synced: 766
Fixed/Updated records: 0

WARNING: 348 CSR records still have work > 8 hours.

>>> Sync Complete <<<
PHP Warning:  PHP Startup: Unable to load dynamic library 'fileinfo.so' (tried: /usr/lib64/php7/extensions/fileinfo.so (/usr/lib64/php7/extensions/fileinfo.so: cannot open shared object file: No such file or directory), /usr/lib64/php7/extensions/fileinfo.so.so (/usr/lib64/php7/extensions/fileinfo.so.so: cannot open shared object file: No such file or directory)) in Unknown on line 0
PHP Warning:  Module 'pdo_pgsql' already loaded in Unknown on line 0
PHP Warning:  Module 'pgsql' already loaded in Unknown on line 0
PHP Warning:  Module 'Phar' already loaded in Unknown on line 0
>>> HYBRID SYNC STARTED: 2026-09-17 to 2026-09-18 <<<
>>> USING POSTGRESQL FINAL LOGIN CALCULATION FOR CSR/AGENT <<<
Fetching from Main... Found 993 records.
Fetching from Amazon... Found 253 records.

>>> SYNC RESULTS <<<
Total records synced: 766
Fixed/Updated records: 0

WARNING: 348 CSR records still have work > 8 hours.

>>> Sync Complete <<<
PHP Warning:  PHP Startup: Unable to load dynamic library 'fileinfo.so' (tried: /usr/lib64/php7/extensions/fileinfo.so (/usr/lib64/php7/extensions/fileinfo.so: cannot open shared object file: No such file or directory), /usr/lib64/php7/extensions/fileinfo.so.so (/usr/lib64/php7/extensions/fileinfo.so.so: cannot open shared object file: No such file or directory)) in Unknown on line 0
PHP Warning:  Module 'pdo_pgsql' already loaded in Unknown on line 0
PHP Warning:  Module 'pgsql' already loaded in Unknown on line 0
PHP Warning:  Module 'Phar' already loaded in Unknown on line 0
>>> HYBRID SYNC STARTED: 2026-09-17 to 2026-09-18 <<<
>>> USING POSTGRESQL FINAL LOGIN CALCULATION FOR CSR/AGENT <<<
Fetching from Main... Found 993 records.
Fetching from Amazon... Found 253 records.

>>> SYNC RESULTS <<<
Total records synced: 766
Fixed/Updated records: 0

WARNING: 348 CSR records still have work > 8 hours.

>>> Sync Complete <<<
PHP Warning:  PHP Startup: Unable to load dynamic library 'fileinfo.so' (tried: /usr/lib64/php7/extensions/fileinfo.so (/usr/lib64/php7/extensions/fileinfo.so: cannot open shared object file: No such file or directory), /usr/lib64/php7/extensions/fileinfo.so.so (/usr/lib64/php7/extensions/fileinfo.so.so: cannot open shared object file: No such file or directory)) in Unknown on line 0
PHP Warning:  Module 'pdo_pgsql' already loaded in Unknown on line 0
PHP Warning:  Module 'pgsql' already loaded in Unknown on line 0
PHP Warning:  Module 'Phar' already loaded in Unknown on line 0
>>> HYBRID SYNC STARTED: 2026-09-18 to 2026-09-19 <<<
>>> USING POSTGRESQL FINAL LOGIN CALCULATION FOR CSR/AGENT <<<
Fetching from Main... Found 506 records.
Fetching from Amazon... Found 131 records.

>>> SYNC RESULTS <<<
Total records synced: 384
Fixed/Updated records: 0

WARNING: 150 CSR records still have work > 8 hours.

>>> Sync Complete <<<
PHP Warning:  PHP Startup: Unable to load dynamic library 'fileinfo.so' (tried: /usr/lib64/php7/extensions/fileinfo.so (/usr/lib64/php7/extensions/fileinfo.so: cannot open shared object file: No such file or directory), /usr/lib64/php7/extensions/fileinfo.so.so (/usr/lib64/php7/extensions/fileinfo.so.so: cannot open shared object file: No such file or directory)) in Unknown on line 0
PHP Warning:  Module 'pdo_pgsql' already loaded in Unknown on line 0
PHP Warning:  Module 'pgsql' already loaded in Unknown on line 0
PHP Warning:  Module 'Phar' already loaded in Unknown on line 0
>>> HYBRID SYNC STARTED: 2026-09-18 to 2026-09-19 <<<
>>> USING POSTGRESQL FINAL LOGIN CALCULATION FOR CSR/AGENT <<<
Fetching from Main... Found 525 records.
Fetching from Amazon... Found 134 records.

>>> SYNC RESULTS <<<
Total records synced: 397
Fixed/Updated records: 0

WARNING: 150 CSR records still have work > 8 hours.

>>> Sync Complete <<<
PHP Warning:  PHP Startup: Unable to load dynamic library 'fileinfo.so' (tried: /usr/lib64/php7/extensions/fileinfo.so (/usr/lib64/php7/extensions/fileinfo.so: cannot open shared object file: No such file or directory), /usr/lib64/php7/extensions/fileinfo.so.so (/usr/lib64/php7/extensions/fileinfo.so.so: cannot open shared object file: No such file or directory)) in Unknown on line 0
PHP Warning:  Module 'pdo_pgsql' already loaded in Unknown on line 0
PHP Warning:  Module 'pgsql' already loaded in Unknown on line 0
PHP Warning:  Module 'Phar' already loaded in Unknown on line 0
>>> HYBRID SYNC STARTED: 2026-09-18 to 2026-09-19 <<<
>>> USING POSTGRESQL FINAL LOGIN CALCULATION FOR CSR/AGENT <<<
Fetching from Main... Found 525 records.
Fetching from Amazon... Found 134 records.

>>> SYNC RESULTS <<<
Total records synced: 397
Fixed/Updated records: 0

WARNING: 150 CSR records still have work > 8 hours.

>>> Sync Complete <<<
PHP Warning:  PHP Startup: Unable to load dynamic library 'fileinfo.so' (tried: /usr/lib64/php7/extensions/fileinfo.so (/usr/lib64/php7/extensions/fileinfo.so: cannot open shared object file: No such file or directory), /usr/lib64/php7/extensions/fileinfo.so.so (/usr/lib64/php7/extensions/fileinfo.so.so: cannot open shared object file: No such file or directory)) in Unknown on line 0
PHP Warning:  Module 'pdo_pgsql' already loaded in Unknown on line 0
PHP Warning:  Module 'pgsql' already loaded in Unknown on line 0
PHP Warning:  Module 'Phar' already loaded in Unknown on line 0
>>> HYBRID SYNC STARTED: 2026-09-18 to 2026-09-19 <<<
>>> USING POSTGRESQL FINAL LOGIN CALCULATION FOR CSR/AGENT <<<
Fetching from Main... Found 525 records.
Fetching from Amazon... Found 134 records.

>>> SYNC RESULTS <<<
Total records synced: 397
Fixed/Updated records: 0

WARNING: 150 CSR records still have work > 8 hours.

>>> Sync Complete <<<
PHP Warning:  PHP Startup: Unable to load dynamic library 'fileinfo.so' (tried: /usr/lib64/php7/extensions/fileinfo.so (/usr/lib64/php7/extensions/fileinfo.so: cannot open shared object file: No such file or directory), /usr/lib64/php7/extensions/fileinfo.so.so (/usr/lib64/php7/extensions/fileinfo.so.so: cannot open shared object file: No such file or directory)) in Unknown on line 0
PHP Warning:  Module 'pdo_pgsql' already loaded in Unknown on line 0
PHP Warning:  Module 'pgsql' already loaded in Unknown on line 0
PHP Warning:  Module 'Phar' already loaded in Unknown on line 0
>>> HYBRID SYNC STARTED: 2026-09-18 to 2026-09-19 <<<
>>> USING POSTGRESQL FINAL LOGIN CALCULATION FOR CSR/AGENT <<<
Fetching from Main... Found 525 records.
Fetching from Amazon... Found 134 records.

>>> SYNC RESULTS <<<
Total records synced: 397
Fixed/Updated records: 0

WARNING: 150 CSR records still have work > 8 hours.

>>> Sync Complete <<<
PHP Warning:  PHP Startup: Unable to load dynamic library 'fileinfo.so' (tried: /usr/lib64/php7/extensions/fileinfo.so (/usr/lib64/php7/extensions/fileinfo.so: cannot open shared object file: No such file or directory), /usr/lib64/php7/extensions/fileinfo.so.so (/usr/lib64/php7/extensions/fileinfo.so.so: cannot open shared object file: No such file or directory)) in Unknown on line 0
PHP Warning:  Module 'pdo_pgsql' already loaded in Unknown on line 0
PHP Warning:  Module 'pgsql' already loaded in Unknown on line 0
PHP Warning:  Module 'Phar' already loaded in Unknown on line 0
>>> HYBRID SYNC STARTED: 2026-09-18 to 2026-09-19 <<<
>>> USING POSTGRESQL FINAL LOGIN CALCULATION FOR CSR/AGENT <<<
Fetching from Main... Found 525 records.
Fetching from Amazon... Found 134 records.

>>> SYNC RESULTS <<<
Total records synced: 397
Fixed/Updated records: 0

WARNING: 150 CSR records still have work > 8 hours.

>>> Sync Complete <<<
PHP Warning:  PHP Startup: Unable to load dynamic library 'fileinfo.so' (tried: /usr/lib64/php7/extensions/fileinfo.so (/usr/lib64/php7/extensions/fileinfo.so: cannot open shared object file: No such file or directory), /usr/lib64/php7/extensions/fileinfo.so.so (/usr/lib64/php7/extensions/fileinfo.so.so: cannot open shared object file: No such file or directory)) in Unknown on line 0
PHP Warning:  Module 'pdo_pgsql' already loaded in Unknown on line 0
PHP Warning:  Module 'pgsql' already loaded in Unknown on line 0
PHP Warning:  Module 'Phar' already loaded in Unknown on line 0
>>> HYBRID SYNC STARTED: 2026-09-18 to 2026-09-19 <<<
>>> USING POSTGRESQL FINAL LOGIN CALCULATION FOR CSR/AGENT <<<
Fetching from Main... Found 525 records.
Fetching from Amazon... Found 134 records.

>>> SYNC RESULTS <<<
Total records synced: 397
Fixed/Updated records: 0

WARNING: 150 CSR records still have work > 8 hours.

>>> Sync Complete <<<
PHP Warning:  PHP Startup: Unable to load dynamic library 'fileinfo.so' (tried: /usr/lib64/php7/extensions/fileinfo.so (/usr/lib64/php7/extensions/fileinfo.so: cannot open shared object file: No such file or directory), /usr/lib64/php7/extensions/fileinfo.so.so (/usr/lib64/php7/extensions/fileinfo.so.so: cannot open shared object file: No such file or directory)) in Unknown on line 0
PHP Warning:  Module 'pdo_pgsql' already loaded in Unknown on line 0
PHP Warning:  Module 'pgsql' already loaded in Unknown on line 0
PHP Warning:  Module 'Phar' already loaded in Unknown on line 0
>>> HYBRID SYNC STARTED: 2026-09-18 to 2026-09-19 <<<
>>> USING POSTGRESQL FINAL LOGIN CALCULATION FOR CSR/AGENT <<<
Fetching from Main... Found 525 records.
Fetching from Amazon... Found 134 records.

>>> SYNC RESULTS <<<
Total records synced: 397
Fixed/Updated records: 0

WARNING: 150 CSR records still have work > 8 hours.

>>> Sync Complete <<<
PHP Warning:  PHP Startup: Unable to load dynamic library 'fileinfo.so' (tried: /usr/lib64/php7/extensions/fileinfo.so (/usr/lib64/php7/extensions/fileinfo.so: cannot open shared object file: No such file or directory), /usr/lib64/php7/extensions/fileinfo.so.so (/usr/lib64/php7/extensions/fileinfo.so.so: cannot open shared object file: No such file or directory)) in Unknown on line 0
PHP Warning:  Module 'pdo_pgsql' already loaded in Unknown on line 0
PHP Warning:  Module 'pgsql' already loaded in Unknown on line 0
PHP Warning:  Module 'Phar' already loaded in Unknown on line 0
>>> HYBRID SYNC STARTED: 2026-09-18 to 2026-09-19 <<<
>>> USING POSTGRESQL FINAL LOGIN CALCULATION FOR CSR/AGENT <<<
Fetching from Main... Found 525 records.
Fetching from Amazon... Found 134 records.

>>> SYNC RESULTS <<<
Total records synced: 397
Fixed/Updated records: 0

WARNING: 150 CSR records still have work > 8 hours.

>>> Sync Complete <<<
PHP Warning:  PHP Startup: Unable to load dynamic library 'fileinfo.so' (tried: /usr/lib64/php7/extensions/fileinfo.so (/usr/lib64/php7/extensions/fileinfo.so: cannot open shared object file: No such file or directory), /usr/lib64/php7/extensions/fileinfo.so.so (/usr/lib64/php7/extensions/fileinfo.so.so: cannot open shared object file: No such file or directory)) in Unknown on line 0
PHP Warning:  Module 'pdo_pgsql' already loaded in Unknown on line 0
PHP Warning:  Module 'pgsql' already loaded in Unknown on line 0
PHP Warning:  Module 'Phar' already loaded in Unknown on line 0
>>> HYBRID SYNC STARTED: 2026-09-18 to 2026-09-19 <<<
>>> USING POSTGRESQL FINAL LOGIN CALCULATION FOR CSR/AGENT <<<
Fetching from Main... Found 525 records.
Fetching from Amazon... Found 134 records.

>>> SYNC RESULTS <<<
Total records synced: 397
Fixed/Updated records: 0

WARNING: 150 CSR records still have work > 8 hours.

>>> Sync Complete <<<
PHP Warning:  PHP Startup: Unable to load dynamic library 'fileinfo.so' (tried: /usr/lib64/php7/extensions/fileinfo.so (/usr/lib64/php7/extensions/fileinfo.so: cannot open shared object file: No such file or directory), /usr/lib64/php7/extensions/fileinfo.so.so (/usr/lib64/php7/extensions/fileinfo.so.so: cannot open shared object file: No such file or directory)) in Unknown on line 0
PHP Warning:  Module 'pdo_pgsql' already loaded in Unknown on line 0
PHP Warning:  Module 'pgsql' already loaded in Unknown on line 0
PHP Warning:  Module 'Phar' already loaded in Unknown on line 0
>>> HYBRID SYNC STARTED: 2026-09-18 to 2026-09-19 <<<
>>> USING POSTGRESQL FINAL LOGIN CALCULATION FOR CSR/AGENT <<<
Fetching from Main... Found 525 records.
Fetching from Amazon... Found 134 records.

>>> SYNC RESULTS <<<
Total records synced: 397
Fixed/Updated records: 0

WARNING: 150 CSR records still have work > 8 hours.

>>> Sync Complete <<<
PHP Warning:  PHP Startup: Unable to load dynamic library 'fileinfo.so' (tried: /usr/lib64/php7/extensions/fileinfo.so (/usr/lib64/php7/extensions/fileinfo.so: cannot open shared object file: No such file or directory), /usr/lib64/php7/extensions/fileinfo.so.so (/usr/lib64/php7/extensions/fileinfo.so.so: cannot open shared object file: No such file or directory)) in Unknown on line 0
PHP Warning:  Module 'pdo_pgsql' already loaded in Unknown on line 0
PHP Warning:  Module 'pgsql' already loaded in Unknown on line 0
PHP Warning:  Module 'Phar' already loaded in Unknown on line 0
>>> HYBRID SYNC STARTED: 2026-09-18 to 2026-09-19 <<<
>>> USING POSTGRESQL FINAL LOGIN CALCULATION FOR CSR/AGENT <<<
Fetching from Main... Found 525 records.
Fetching from Amazon... Found 134 records.

>>> SYNC RESULTS <<<
Total records synced: 397
Fixed/Updated records: 0

WARNING: 150 CSR records still have work > 8 hours.

>>> Sync Complete <<<
PHP Warning:  PHP Startup: Unable to load dynamic library 'fileinfo.so' (tried: /usr/lib64/php7/extensions/fileinfo.so (/usr/lib64/php7/extensions/fileinfo.so: cannot open shared object file: No such file or directory), /usr/lib64/php7/extensions/fileinfo.so.so (/usr/lib64/php7/extensions/fileinfo.so.so: cannot open shared object file: No such file or directory)) in Unknown on line 0
PHP Warning:  Module 'pdo_pgsql' already loaded in Unknown on line 0
PHP Warning:  Module 'pgsql' already loaded in Unknown on line 0
PHP Warning:  Module 'Phar' already loaded in Unknown on line 0
>>> HYBRID SYNC STARTED: 2026-09-18 to 2026-09-19 <<<
>>> USING POSTGRESQL FINAL LOGIN CALCULATION FOR CSR/AGENT <<<
Fetching from Main... Found 525 records.
Fetching from Amazon... Found 134 records.

>>> SYNC RESULTS <<<
Total records synced: 397
Fixed/Updated records: 0

WARNING: 150 CSR records still have work > 8 hours.

>>> Sync Complete <<<
PHP Warning:  PHP Startup: Unable to load dynamic library 'fileinfo.so' (tried: /usr/lib64/php7/extensions/fileinfo.so (/usr/lib64/php7/extensions/fileinfo.so: cannot open shared object file: No such file or directory), /usr/lib64/php7/extensions/fileinfo.so.so (/usr/lib64/php7/extensions/fileinfo.so.so: cannot open shared object file: No such file or directory)) in Unknown on line 0
PHP Warning:  Module 'pdo_pgsql' already loaded in Unknown on line 0
PHP Warning:  Module 'pgsql' already loaded in Unknown on line 0
PHP Warning:  Module 'Phar' already loaded in Unknown on line 0
>>> HYBRID SYNC STARTED: 2026-09-18 to 2026-09-19 <<<
>>> USING POSTGRESQL FINAL LOGIN CALCULATION FOR CSR/AGENT <<<
Fetching from Main... Found 525 records.
Fetching from Amazon... Found 134 records.

>>> SYNC RESULTS <<<
Total records synced: 397
Fixed/Updated records: 0

WARNING: 150 CSR records still have work > 8 hours.

>>> Sync Complete <<<
PHP Warning:  PHP Startup: Unable to load dynamic library 'fileinfo.so' (tried: /usr/lib64/php7/extensions/fileinfo.so (/usr/lib64/php7/extensions/fileinfo.so: cannot open shared object file: No such file or directory), /usr/lib64/php7/extensions/fileinfo.so.so (/usr/lib64/php7/extensions/fileinfo.so.so: cannot open shared object file: No such file or directory)) in Unknown on line 0
PHP Warning:  Module 'pdo_pgsql' already loaded in Unknown on line 0
PHP Warning:  Module 'pgsql' already loaded in Unknown on line 0
PHP Warning:  Module 'Phar' already loaded in Unknown on line 0
>>> HYBRID SYNC STARTED: 2026-09-18 to 2026-09-19 <<<
>>> USING POSTGRESQL FINAL LOGIN CALCULATION FOR CSR/AGENT <<<
Fetching from Main... Found 525 records.
Fetching from Amazon... Found 134 records.

>>> SYNC RESULTS <<<
Total records synced: 397
Fixed/Updated records: 0

WARNING: 150 CSR records still have work > 8 hours.

>>> Sync Complete <<<
PHP Warning:  PHP Startup: Unable to load dynamic library 'fileinfo.so' (tried: /usr/lib64/php7/extensions/fileinfo.so (/usr/lib64/php7/extensions/fileinfo.so: cannot open shared object file: No such file or directory), /usr/lib64/php7/extensions/fileinfo.so.so (/usr/lib64/php7/extensions/fileinfo.so.so: cannot open shared object file: No such file or directory)) in Unknown on line 0
PHP Warning:  Module 'pdo_pgsql' already loaded in Unknown on line 0
PHP Warning:  Module 'pgsql' already loaded in Unknown on line 0
PHP Warning:  Module 'Phar' already loaded in Unknown on line 0
>>> HYBRID SYNC STARTED: 2026-09-18 to 2026-09-19 <<<
>>> USING POSTGRESQL FINAL LOGIN CALCULATION FOR CSR/AGENT <<<
Fetching from Main... Found 525 records.
Fetching from Amazon... Found 134 records.

>>> SYNC RESULTS <<<
Total records synced: 397
Fixed/Updated records: 0

WARNING: 150 CSR records still have work > 8 hours.

>>> Sync Complete <<<
PHP Warning:  PHP Startup: Unable to load dynamic library 'fileinfo.so' (tried: /usr/lib64/php7/extensions/fileinfo.so (/usr/lib64/php7/extensions/fileinfo.so: cannot open shared object file: No such file or directory), /usr/lib64/php7/extensions/fileinfo.so.so (/usr/lib64/php7/extensions/fileinfo.so.so: cannot open shared object file: No such file or directory)) in Unknown on line 0
PHP Warning:  Module 'pdo_pgsql' already loaded in Unknown on line 0
PHP Warning:  Module 'pgsql' already loaded in Unknown on line 0
PHP Warning:  Module 'Phar' already loaded in Unknown on line 0
>>> HYBRID SYNC STARTED: 2026-09-18 to 2026-09-19 <<<
>>> USING POSTGRESQL FINAL LOGIN CALCULATION FOR CSR/AGENT <<<
Fetching from Main... Found 525 records.
Fetching from Amazon... Found 134 records.

>>> SYNC RESULTS <<<
Total records synced: 397
Fixed/Updated records: 0

WARNING: 150 CSR records still have work > 8 hours.

>>> Sync Complete <<<
PHP Warning:  PHP Startup: Unable to load dynamic library 'fileinfo.so' (tried: /usr/lib64/php7/extensions/fileinfo.so (/usr/lib64/php7/extensions/fileinfo.so: cannot open shared object file: No such file or directory), /usr/lib64/php7/extensions/fileinfo.so.so (/usr/lib64/php7/extensions/fileinfo.so.so: cannot open shared object file: No such file or directory)) in Unknown on line 0
PHP Warning:  Module 'pdo_pgsql' already loaded in Unknown on line 0
PHP Warning:  Module 'pgsql' already loaded in Unknown on line 0
PHP Warning:  Module 'Phar' already loaded in Unknown on line 0
>>> HYBRID SYNC STARTED: 2026-09-18 to 2026-09-19 <<<
>>> USING POSTGRESQL FINAL LOGIN CALCULATION FOR CSR/AGENT <<<
Fetching from Main... Found 525 records.
Fetching from Amazon... Found 134 records.

>>> SYNC RESULTS <<<
Total records synced: 397
Fixed/Updated records: 0

WARNING: 150 CSR records still have work > 8 hours.

>>> Sync Complete <<<
PHP Warning:  PHP Startup: Unable to load dynamic library 'fileinfo.so' (tried: /usr/lib64/php7/extensions/fileinfo.so (/usr/lib64/php7/extensions/fileinfo.so: cannot open shared object file: No such file or directory), /usr/lib64/php7/extensions/fileinfo.so.so (/usr/lib64/php7/extensions/fileinfo.so.so: cannot open shared object file: No such file or directory)) in Unknown on line 0
PHP Warning:  Module 'pdo_pgsql' already loaded in Unknown on line 0
PHP Warning:  Module 'pgsql' already loaded in Unknown on line 0
PHP Warning:  Module 'Phar' already loaded in Unknown on line 0
>>> HYBRID SYNC STARTED: 2026-09-18 to 2026-09-19 <<<
>>> USING POSTGRESQL FINAL LOGIN CALCULATION FOR CSR/AGENT <<<
Fetching from Main... Found 528 records.
Fetching from Amazon... Found 139 records.

>>> SYNC RESULTS <<<
Total records synced: 399
Fixed/Updated records: 0

WARNING: 150 CSR records still have work > 8 hours.

>>> Sync Complete <<<
PHP Warning:  PHP Startup: Unable to load dynamic library 'fileinfo.so' (tried: /usr/lib64/php7/extensions/fileinfo.so (/usr/lib64/php7/extensions/fileinfo.so: cannot open shared object file: No such file or directory), /usr/lib64/php7/extensions/fileinfo.so.so (/usr/lib64/php7/extensions/fileinfo.so.so: cannot open shared object file: No such file or directory)) in Unknown on line 0
PHP Warning:  Module 'pdo_pgsql' already loaded in Unknown on line 0
PHP Warning:  Module 'pgsql' already loaded in Unknown on line 0
PHP Warning:  Module 'Phar' already loaded in Unknown on line 0
>>> HYBRID SYNC STARTED: 2026-09-18 to 2026-09-19 <<<
>>> USING POSTGRESQL FINAL LOGIN CALCULATION FOR CSR/AGENT <<<
Fetching from Main... Found 624 records.
Fetching from Amazon... Found 166 records.

>>> SYNC RESULTS <<<
Total records synced: 435
Fixed/Updated records: 0

WARNING: 150 CSR records still have work > 8 hours.

>>> Sync Complete <<<
PHP Warning:  PHP Startup: Unable to load dynamic library 'fileinfo.so' (tried: /usr/lib64/php7/extensions/fileinfo.so (/usr/lib64/php7/extensions/fileinfo.so: cannot open shared object file: No such file or directory), /usr/lib64/php7/extensions/fileinfo.so.so (/usr/lib64/php7/extensions/fileinfo.so.so: cannot open shared object file: No such file or directory)) in Unknown on line 0
PHP Warning:  Module 'pdo_pgsql' already loaded in Unknown on line 0
PHP Warning:  Module 'pgsql' already loaded in Unknown on line 0
PHP Warning:  Module 'Phar' already loaded in Unknown on line 0
>>> HYBRID SYNC STARTED: 2026-09-18 to 2026-09-19 <<<
>>> USING POSTGRESQL FINAL LOGIN CALCULATION FOR CSR/AGENT <<<
Fetching from Main... Found 926 records.
Fetching from Amazon... Found 243 records.

>>> SYNC RESULTS <<<
Total records synced: 688
Fixed/Updated records: 0

WARNING: 150 CSR records still have work > 8 hours.

>>> Sync Complete <<<
PHP Warning:  PHP Startup: Unable to load dynamic library 'fileinfo.so' (tried: /usr/lib64/php7/extensions/fileinfo.so (/usr/lib64/php7/extensions/fileinfo.so: cannot open shared object file: No such file or directory), /usr/lib64/php7/extensions/fileinfo.so.so (/usr/lib64/php7/extensions/fileinfo.so.so: cannot open shared object file: No such file or directory)) in Unknown on line 0
PHP Warning:  Module 'pdo_pgsql' already loaded in Unknown on line 0
PHP Warning:  Module 'pgsql' already loaded in Unknown on line 0
PHP Warning:  Module 'Phar' already loaded in Unknown on line 0
>>> HYBRID SYNC STARTED: 2026-09-18 to 2026-09-19 <<<
>>> USING POSTGRESQL FINAL LOGIN CALCULATION FOR CSR/AGENT <<<
Fetching from Main... Found 966 records.
Fetching from Amazon... Found 255 records.

>>> SYNC RESULTS <<<
Total records synced: 743
Fixed/Updated records: 0

WARNING: 150 CSR records still have work > 8 hours.

>>> Sync Complete <<<
PHP Warning:  PHP Startup: Unable to load dynamic library 'fileinfo.so' (tried: /usr/lib64/php7/extensions/fileinfo.so (/usr/lib64/php7/extensions/fileinfo.so: cannot open shared object file: No such file or directory), /usr/lib64/php7/extensions/fileinfo.so.so (/usr/lib64/php7/extensions/fileinfo.so.so: cannot open shared object file: No such file or directory)) in Unknown on line 0
PHP Warning:  Module 'pdo_pgsql' already loaded in Unknown on line 0
PHP Warning:  Module 'pgsql' already loaded in Unknown on line 0
PHP Warning:  Module 'Phar' already loaded in Unknown on line 0
>>> HYBRID SYNC STARTED: 2026-09-18 to 2026-09-19 <<<
>>> USING POSTGRESQL FINAL LOGIN CALCULATION FOR CSR/AGENT <<<
Fetching from Main... Found 975 records.
Fetching from Amazon... Found 257 records.

>>> SYNC RESULTS <<<
Total records synced: 749
Fixed/Updated records: 0

WARNING: 150 CSR records still have work > 8 hours.

>>> Sync Complete <<<
PHP Warning:  PHP Startup: Unable to load dynamic library 'fileinfo.so' (tried: /usr/lib64/php7/extensions/fileinfo.so (/usr/lib64/php7/extensions/fileinfo.so: cannot open shared object file: No such file or directory), /usr/lib64/php7/extensions/fileinfo.so.so (/usr/lib64/php7/extensions/fileinfo.so.so: cannot open shared object file: No such file or directory)) in Unknown on line 0
PHP Warning:  Module 'pdo_pgsql' already loaded in Unknown on line 0
PHP Warning:  Module 'pgsql' already loaded in Unknown on line 0
PHP Warning:  Module 'Phar' already loaded in Unknown on line 0
>>> HYBRID SYNC STARTED: 2026-09-18 to 2026-09-19 <<<
>>> USING POSTGRESQL FINAL LOGIN CALCULATION FOR CSR/AGENT <<<
Fetching from Main... Found 980 records.
Fetching from Amazon... Found 257 records.

>>> SYNC RESULTS <<<
Total records synced: 750
Fixed/Updated records: 0

WARNING: 150 CSR records still have work > 8 hours.

>>> Sync Complete <<<
PHP Warning:  PHP Startup: Unable to load dynamic library 'fileinfo.so' (tried: /usr/lib64/php7/extensions/fileinfo.so (/usr/lib64/php7/extensions/fileinfo.so: cannot open shared object file: No such file or directory), /usr/lib64/php7/extensions/fileinfo.so.so (/usr/lib64/php7/extensions/fileinfo.so.so: cannot open shared object file: No such file or directory)) in Unknown on line 0
PHP Warning:  Module 'pdo_pgsql' already loaded in Unknown on line 0
PHP Warning:  Module 'pgsql' already loaded in Unknown on line 0
PHP Warning:  Module 'Phar' already loaded in Unknown on line 0
>>> HYBRID SYNC STARTED: 2026-09-18 to 2026-09-19 <<<
>>> USING POSTGRESQL FINAL LOGIN CALCULATION FOR CSR/AGENT <<<
Fetching from Main... Found 982 records.
Fetching from Amazon... Found 257 records.

>>> SYNC RESULTS <<<
Total records synced: 751
Fixed/Updated records: 0

WARNING: 150 CSR records still have work > 8 hours.

>>> Sync Complete <<<
PHP Warning:  PHP Startup: Unable to load dynamic library 'fileinfo.so' (tried: /usr/lib64/php7/extensions/fileinfo.so (/usr/lib64/php7/extensions/fileinfo.so: cannot open shared object file: No such file or directory), /usr/lib64/php7/extensions/fileinfo.so.so (/usr/lib64/php7/extensions/fileinfo.so.so: cannot open shared object file: No such file or directory)) in Unknown on line 0
PHP Warning:  Module 'pdo_pgsql' already loaded in Unknown on line 0
PHP Warning:  Module 'pgsql' already loaded in Unknown on line 0
PHP Warning:  Module 'Phar' already loaded in Unknown on line 0
>>> HYBRID SYNC STARTED: 2026-09-18 to 2026-09-19 <<<
>>> USING POSTGRESQL FINAL LOGIN CALCULATION FOR CSR/AGENT <<<
Fetching from Main... Found 984 records.
Fetching from Amazon... Found 258 records.

>>> SYNC RESULTS <<<
Total records synced: 751
Fixed/Updated records: 0

WARNING: 150 CSR records still have work > 8 hours.

>>> Sync Complete <<<
PHP Warning:  PHP Startup: Unable to load dynamic library 'fileinfo.so' (tried: /usr/lib64/php7/extensions/fileinfo.so (/usr/lib64/php7/extensions/fileinfo.so: cannot open shared object file: No such file or directory), /usr/lib64/php7/extensions/fileinfo.so.so (/usr/lib64/php7/extensions/fileinfo.so.so: cannot open shared object file: No such file or directory)) in Unknown on line 0
PHP Warning:  Module 'pdo_pgsql' already loaded in Unknown on line 0
PHP Warning:  Module 'pgsql' already loaded in Unknown on line 0
PHP Warning:  Module 'Phar' already loaded in Unknown on line 0
>>> HYBRID SYNC STARTED: 2026-09-18 to 2026-09-19 <<<
>>> USING POSTGRESQL FINAL LOGIN CALCULATION FOR CSR/AGENT <<<
Fetching from Main... Found 985 records.
Fetching from Amazon... Found 258 records.

>>> SYNC RESULTS <<<
Total records synced: 751
Fixed/Updated records: 0

WARNING: 150 CSR records still have work > 8 hours.

>>> Sync Complete <<<
PHP Warning:  PHP Startup: Unable to load dynamic library 'fileinfo.so' (tried: /usr/lib64/php7/extensions/fileinfo.so (/usr/lib64/php7/extensions/fileinfo.so: cannot open shared object file: No such file or directory), /usr/lib64/php7/extensions/fileinfo.so.so (/usr/lib64/php7/extensions/fileinfo.so.so: cannot open shared object file: No such file or directory)) in Unknown on line 0
PHP Warning:  Module 'pdo_pgsql' already loaded in Unknown on line 0
PHP Warning:  Module 'pgsql' already loaded in Unknown on line 0
PHP Warning:  Module 'Phar' already loaded in Unknown on line 0
>>> HYBRID SYNC STARTED: 2026-09-18 to 2026-09-19 <<<
>>> USING POSTGRESQL FINAL LOGIN CALCULATION FOR CSR/AGENT <<<
Fetching from Main... Found 987 records.
Fetching from Amazon... Found 259 records.

>>> SYNC RESULTS <<<
Total records synced: 753
Fixed/Updated records: 0

WARNING: 150 CSR records still have work > 8 hours.

>>> Sync Complete <<<
PHP Warning:  PHP Startup: Unable to load dynamic library 'fileinfo.so' (tried: /usr/lib64/php7/extensions/fileinfo.so (/usr/lib64/php7/extensions/fileinfo.so: cannot open shared object file: No such file or directory), /usr/lib64/php7/extensions/fileinfo.so.so (/usr/lib64/php7/extensions/fileinfo.so.so: cannot open shared object file: No such file or directory)) in Unknown on line 0
PHP Warning:  Module 'pdo_pgsql' already loaded in Unknown on line 0
PHP Warning:  Module 'pgsql' already loaded in Unknown on line 0
PHP Warning:  Module 'Phar' already loaded in Unknown on line 0
>>> HYBRID SYNC STARTED: 2026-09-18 to 2026-09-19 <<<
>>> USING POSTGRESQL FINAL LOGIN CALCULATION FOR CSR/AGENT <<<
Fetching from Main... Found 990 records.
Fetching from Amazon... Found 259 records.

>>> SYNC RESULTS <<<
Total records synced: 754
Fixed/Updated records: 0

WARNING: 150 CSR records still have work > 8 hours.

>>> Sync Complete <<<
PHP Warning:  PHP Startup: Unable to load dynamic library 'fileinfo.so' (tried: /usr/lib64/php7/extensions/fileinfo.so (/usr/lib64/php7/extensions/fileinfo.so: cannot open shared object file: No such file or directory), /usr/lib64/php7/extensions/fileinfo.so.so (/usr/lib64/php7/extensions/fileinfo.so.so: cannot open shared object file: No such file or directory)) in Unknown on line 0
PHP Warning:  Module 'pdo_pgsql' already loaded in Unknown on line 0
PHP Warning:  Module 'pgsql' already loaded in Unknown on line 0
PHP Warning:  Module 'Phar' already loaded in Unknown on line 0
>>> HYBRID SYNC STARTED: 2026-09-18 to 2026-09-19 <<<
>>> USING POSTGRESQL FINAL LOGIN CALCULATION FOR CSR/AGENT <<<
Fetching from Main... Found 990 records.
Fetching from Amazon... Found 259 records.

>>> SYNC RESULTS <<<
Total records synced: 754
Fixed/Updated records: 0

WARNING: 150 CSR records still have work > 8 hours.

>>> Sync Complete <<<
PHP Warning:  PHP Startup: Unable to load dynamic library 'fileinfo.so' (tried: /usr/lib64/php7/extensions/fileinfo.so (/usr/lib64/php7/extensions/fileinfo.so: cannot open shared object file: No such file or directory), /usr/lib64/php7/extensions/fileinfo.so.so (/usr/lib64/php7/extensions/fileinfo.so.so: cannot open shared object file: No such file or directory)) in Unknown on line 0
PHP Warning:  Module 'pdo_pgsql' already loaded in Unknown on line 0
PHP Warning:  Module 'pgsql' already loaded in Unknown on line 0
PHP Warning:  Module 'Phar' already loaded in Unknown on line 0
>>> HYBRID SYNC STARTED: 2026-09-18 to 2026-09-19 <<<
>>> USING POSTGRESQL FINAL LOGIN CALCULATION FOR CSR/AGENT <<<
Fetching from Main... Found 991 records.
Fetching from Amazon... Found 259 records.

>>> SYNC RESULTS <<<
Total records synced: 754
Fixed/Updated records: 0

WARNING: 150 CSR records still have work > 8 hours.

>>> Sync Complete <<<
PHP Warning:  PHP Startup: Unable to load dynamic library 'fileinfo.so' (tried: /usr/lib64/php7/extensions/fileinfo.so (/usr/lib64/php7/extensions/fileinfo.so: cannot open shared object file: No such file or directory), /usr/lib64/php7/extensions/fileinfo.so.so (/usr/lib64/php7/extensions/fileinfo.so.so: cannot open shared object file: No such file or directory)) in Unknown on line 0
PHP Warning:  Module 'pdo_pgsql' already loaded in Unknown on line 0
PHP Warning:  Module 'pgsql' already loaded in Unknown on line 0
PHP Warning:  Module 'Phar' already loaded in Unknown on line 0
>>> HYBRID SYNC STARTED: 2026-09-18 to 2026-09-19 <<<
>>> USING POSTGRESQL FINAL LOGIN CALCULATION FOR CSR/AGENT <<<
Fetching from Main... Found 991 records.
Fetching from Amazon... Found 259 records.

>>> SYNC RESULTS <<<
Total records synced: 755
Fixed/Updated records: 0

WARNING: 150 CSR records still have work > 8 hours.

>>> Sync Complete <<<
PHP Warning:  PHP Startup: Unable to load dynamic library 'fileinfo.so' (tried: /usr/lib64/php7/extensions/fileinfo.so (/usr/lib64/php7/extensions/fileinfo.so: cannot open shared object file: No such file or directory), /usr/lib64/php7/extensions/fileinfo.so.so (/usr/lib64/php7/extensions/fileinfo.so.so: cannot open shared object file: No such file or directory)) in Unknown on line 0
PHP Warning:  Module 'pdo_pgsql' already loaded in Unknown on line 0
PHP Warning:  Module 'pgsql' already loaded in Unknown on line 0
PHP Warning:  Module 'Phar' already loaded in Unknown on line 0
>>> HYBRID SYNC STARTED: 2026-09-18 to 2026-09-19 <<<
>>> USING POSTGRESQL FINAL LOGIN CALCULATION FOR CSR/AGENT <<<
Fetching from Main... Found 992 records.
Fetching from Amazon... Found 259 records.

>>> SYNC RESULTS <<<
Total records synced: 755
Fixed/Updated records: 0

WARNING: 150 CSR records still have work > 8 hours.

>>> Sync Complete <<<
PHP Warning:  PHP Startup: Unable to load dynamic library 'fileinfo.so' (tried: /usr/lib64/php7/extensions/fileinfo.so (/usr/lib64/php7/extensions/fileinfo.so: cannot open shared object file: No such file or directory), /usr/lib64/php7/extensions/fileinfo.so.so (/usr/lib64/php7/extensions/fileinfo.so.so: cannot open shared object file: No such file or directory)) in Unknown on line 0
PHP Warning:  Module 'pdo_pgsql' already loaded in Unknown on line 0
PHP Warning:  Module 'pgsql' already loaded in Unknown on line 0
PHP Warning:  Module 'Phar' already loaded in Unknown on line 0
>>> HYBRID SYNC STARTED: 2026-09-18 to 2026-09-19 <<<
>>> USING POSTGRESQL FINAL LOGIN CALCULATION FOR CSR/AGENT <<<
Fetching from Main... Found 994 records.
Fetching from Amazon... Found 260 records.

>>> SYNC RESULTS <<<
Total records synced: 755
Fixed/Updated records: 0

WARNING: 150 CSR records still have work > 8 hours.

>>> Sync Complete <<<
PHP Warning:  PHP Startup: Unable to load dynamic library 'fileinfo.so' (tried: /usr/lib64/php7/extensions/fileinfo.so (/usr/lib64/php7/extensions/fileinfo.so: cannot open shared object file: No such file or directory), /usr/lib64/php7/extensions/fileinfo.so.so (/usr/lib64/php7/extensions/fileinfo.so.so: cannot open shared object file: No such file or directory)) in Unknown on line 0
PHP Warning:  Module 'pdo_pgsql' already loaded in Unknown on line 0
PHP Warning:  Module 'pgsql' already loaded in Unknown on line 0
PHP Warning:  Module 'Phar' already loaded in Unknown on line 0
>>> HYBRID SYNC STARTED: 2026-09-18 to 2026-09-19 <<<
>>> USING POSTGRESQL FINAL LOGIN CALCULATION FOR CSR/AGENT <<<
Fetching from Main... Found 995 records.
Fetching from Amazon... Found 260 records.

>>> SYNC RESULTS <<<
Total records synced: 755
Fixed/Updated records: 0

WARNING: 150 CSR records still have work > 8 hours.

>>> Sync Complete <<<
PHP Warning:  PHP Startup: Unable to load dynamic library 'fileinfo.so' (tried: /usr/lib64/php7/extensions/fileinfo.so (/usr/lib64/php7/extensions/fileinfo.so: cannot open shared object file: No such file or directory), /usr/lib64/php7/extensions/fileinfo.so.so (/usr/lib64/php7/extensions/fileinfo.so.so: cannot open shared object file: No such file or directory)) in Unknown on line 0
PHP Warning:  Module 'pdo_pgsql' already loaded in Unknown on line 0
PHP Warning:  Module 'pgsql' already loaded in Unknown on line 0
PHP Warning:  Module 'Phar' already loaded in Unknown on line 0
>>> HYBRID SYNC STARTED: 2026-09-18 to 2026-09-19 <<<
>>> USING POSTGRESQL FINAL LOGIN CALCULATION FOR CSR/AGENT <<<
Fetching from Main... Found 996 records.
Fetching from Amazon... Found 260 records.

>>> SYNC RESULTS <<<
Total records synced: 755
Fixed/Updated records: 0

WARNING: 150 CSR records still have work > 8 hours.

>>> Sync Complete <<<
PHP Warning:  PHP Startup: Unable to load dynamic library 'fileinfo.so' (tried: /usr/lib64/php7/extensions/fileinfo.so (/usr/lib64/php7/extensions/fileinfo.so: cannot open shared object file: No such file or directory), /usr/lib64/php7/extensions/fileinfo.so.so (/usr/lib64/php7/extensions/fileinfo.so.so: cannot open shared object file: No such file or directory)) in Unknown on line 0
PHP Warning:  Module 'pdo_pgsql' already loaded in Unknown on line 0
PHP Warning:  Module 'pgsql' already loaded in Unknown on line 0
PHP Warning:  Module 'Phar' already loaded in Unknown on line 0
>>> HYBRID SYNC STARTED: 2026-09-18 to 2026-09-19 <<<
>>> USING POSTGRESQL FINAL LOGIN CALCULATION FOR CSR/AGENT <<<
Fetching from Main... Found 996 records.
Fetching from Amazon... Found 260 records.

>>> SYNC RESULTS <<<
Total records synced: 755
Fixed/Updated records: 0

WARNING: 151 CSR records still have work > 8 hours.

>>> Sync Complete <<<
PHP Warning:  PHP Startup: Unable to load dynamic library 'fileinfo.so' (tried: /usr/lib64/php7/extensions/fileinfo.so (/usr/lib64/php7/extensions/fileinfo.so: cannot open shared object file: No such file or directory), /usr/lib64/php7/extensions/fileinfo.so.so (/usr/lib64/php7/extensions/fileinfo.so.so: cannot open shared object file: No such file or directory)) in Unknown on line 0
PHP Warning:  Module 'pdo_pgsql' already loaded in Unknown on line 0
PHP Warning:  Module 'pgsql' already loaded in Unknown on line 0
PHP Warning:  Module 'Phar' already loaded in Unknown on line 0
>>> HYBRID SYNC STARTED: 2026-09-18 to 2026-09-19 <<<
>>> USING POSTGRESQL FINAL LOGIN CALCULATION FOR CSR/AGENT <<<
Fetching from Main... Found 996 records.
Fetching from Amazon... Found 260 records.

>>> SYNC RESULTS <<<
Total records synced: 755
Fixed/Updated records: 0

WARNING: 155 CSR records still have work > 8 hours.

>>> Sync Complete <<<
PHP Warning:  PHP Startup: Unable to load dynamic library 'fileinfo.so' (tried: /usr/lib64/php7/extensions/fileinfo.so (/usr/lib64/php7/extensions/fileinfo.so: cannot open shared object file: No such file or directory), /usr/lib64/php7/extensions/fileinfo.so.so (/usr/lib64/php7/extensions/fileinfo.so.so: cannot open shared object file: No such file or directory)) in Unknown on line 0
PHP Warning:  Module 'pdo_pgsql' already loaded in Unknown on line 0
PHP Warning:  Module 'pgsql' already loaded in Unknown on line 0
PHP Warning:  Module 'Phar' already loaded in Unknown on line 0
>>> HYBRID SYNC STARTED: 2026-09-18 to 2026-09-19 <<<
>>> USING POSTGRESQL FINAL LOGIN CALCULATION FOR CSR/AGENT <<<
Fetching from Main... Found 996 records.
Fetching from Amazon... Found 260 records.

>>> SYNC RESULTS <<<
Total records synced: 755
Fixed/Updated records: 0

WARNING: 190 CSR records still have work > 8 hours.

>>> Sync Complete <<<
PHP Warning:  PHP Startup: Unable to load dynamic library 'fileinfo.so' (tried: /usr/lib64/php7/extensions/fileinfo.so (/usr/lib64/php7/extensions/fileinfo.so: cannot open shared object file: No such file or directory), /usr/lib64/php7/extensions/fileinfo.so.so (/usr/lib64/php7/extensions/fileinfo.so.so: cannot open shared object file: No such file or directory)) in Unknown on line 0
PHP Warning:  Module 'pdo_pgsql' already loaded in Unknown on line 0
PHP Warning:  Module 'pgsql' already loaded in Unknown on line 0
PHP Warning:  Module 'Phar' already loaded in Unknown on line 0
>>> HYBRID SYNC STARTED: 2026-09-18 to 2026-09-19 <<<
>>> USING POSTGRESQL FINAL LOGIN CALCULATION FOR CSR/AGENT <<<
Fetching from Main... Found 996 records.
Fetching from Amazon... Found 260 records.

>>> SYNC RESULTS <<<
Total records synced: 755
Fixed/Updated records: 0

WARNING: 312 CSR records still have work > 8 hours.

>>> Sync Complete <<<
PHP Warning:  PHP Startup: Unable to load dynamic library 'fileinfo.so' (tried: /usr/lib64/php7/extensions/fileinfo.so (/usr/lib64/php7/extensions/fileinfo.so: cannot open shared object file: No such file or directory), /usr/lib64/php7/extensions/fileinfo.so.so (/usr/lib64/php7/extensions/fileinfo.so.so: cannot open shared object file: No such file or directory)) in Unknown on line 0
PHP Warning:  Module 'pdo_pgsql' already loaded in Unknown on line 0
PHP Warning:  Module 'pgsql' already loaded in Unknown on line 0
PHP Warning:  Module 'Phar' already loaded in Unknown on line 0
>>> HYBRID SYNC STARTED: 2026-09-18 to 2026-09-19 <<<
>>> USING POSTGRESQL FINAL LOGIN CALCULATION FOR CSR/AGENT <<<
Fetching from Main... Found 996 records.
Fetching from Amazon... Found 260 records.

>>> SYNC RESULTS <<<
Total records synced: 755
Fixed/Updated records: 0

WARNING: 333 CSR records still have work > 8 hours.

>>> Sync Complete <<<
PHP Warning:  PHP Startup: Unable to load dynamic library 'fileinfo.so' (tried: /usr/lib64/php7/extensions/fileinfo.so (/usr/lib64/php7/extensions/fileinfo.so: cannot open shared object file: No such file or directory), /usr/lib64/php7/extensions/fileinfo.so.so (/usr/lib64/php7/extensions/fileinfo.so.so: cannot open shared object file: No such file or directory)) in Unknown on line 0
PHP Warning:  Module 'pdo_pgsql' already loaded in Unknown on line 0
PHP Warning:  Module 'pgsql' already loaded in Unknown on line 0
PHP Warning:  Module 'Phar' already loaded in Unknown on line 0
>>> HYBRID SYNC STARTED: 2026-09-18 to 2026-09-19 <<<
>>> USING POSTGRESQL FINAL LOGIN CALCULATION FOR CSR/AGENT <<<
Fetching from Main... Found 996 records.
Fetching from Amazon... Found 260 records.

>>> SYNC RESULTS <<<
Total records synced: 755
Fixed/Updated records: 0

WARNING: 334 CSR records still have work > 8 hours.

>>> Sync Complete <<<
PHP Warning:  PHP Startup: Unable to load dynamic library 'fileinfo.so' (tried: /usr/lib64/php7/extensions/fileinfo.so (/usr/lib64/php7/extensions/fileinfo.so: cannot open shared object file: No such file or directory), /usr/lib64/php7/extensions/fileinfo.so.so (/usr/lib64/php7/extensions/fileinfo.so.so: cannot open shared object file: No such file or directory)) in Unknown on line 0
PHP Warning:  Module 'pdo_pgsql' already loaded in Unknown on line 0
PHP Warning:  Module 'pgsql' already loaded in Unknown on line 0
PHP Warning:  Module 'Phar' already loaded in Unknown on line 0
>>> HYBRID SYNC STARTED: 2026-09-18 to 2026-09-19 <<<
>>> USING POSTGRESQL FINAL LOGIN CALCULATION FOR CSR/AGENT <<<
Fetching from Main... Found 996 records.
Fetching from Amazon... Found 260 records.

>>> SYNC RESULTS <<<
Total records synced: 755
Fixed/Updated records: 0

WARNING: 334 CSR records still have work > 8 hours.

>>> Sync Complete <<<
PHP Warning:  PHP Startup: Unable to load dynamic library 'fileinfo.so' (tried: /usr/lib64/php7/extensions/fileinfo.so (/usr/lib64/php7/extensions/fileinfo.so: cannot open shared object file: No such file or directory), /usr/lib64/php7/extensions/fileinfo.so.so (/usr/lib64/php7/extensions/fileinfo.so.so: cannot open shared object file: No such file or directory)) in Unknown on line 0
PHP Warning:  Module 'pdo_pgsql' already loaded in Unknown on line 0
PHP Warning:  Module 'pgsql' already loaded in Unknown on line 0
PHP Warning:  Module 'Phar' already loaded in Unknown on line 0
>>> HYBRID SYNC STARTED: 2026-09-18 to 2026-09-19 <<<
>>> USING POSTGRESQL FINAL LOGIN CALCULATION FOR CSR/AGENT <<<
Fetching from Main... Found 996 records.
Fetching from Amazon... Found 260 records.

>>> SYNC RESULTS <<<
Total records synced: 755
Fixed/Updated records: 0

WARNING: 334 CSR records still have work > 8 hours.

>>> Sync Complete <<<
PHP Warning:  PHP Startup: Unable to load dynamic library 'fileinfo.so' (tried: /usr/lib64/php7/extensions/fileinfo.so (/usr/lib64/php7/extensions/fileinfo.so: cannot open shared object file: No such file or directory), /usr/lib64/php7/extensions/fileinfo.so.so (/usr/lib64/php7/extensions/fileinfo.so.so: cannot open shared object file: No such file or directory)) in Unknown on line 0
PHP Warning:  Module 'pdo_pgsql' already loaded in Unknown on line 0
PHP Warning:  Module 'pgsql' already loaded in Unknown on line 0
PHP Warning:  Module 'Phar' already loaded in Unknown on line 0
>>> HYBRID SYNC STARTED: 2026-09-18 to 2026-09-19 <<<
>>> USING POSTGRESQL FINAL LOGIN CALCULATION FOR CSR/AGENT <<<
Fetching from Main... Found 996 records.
Fetching from Amazon... Found 260 records.

>>> SYNC RESULTS <<<
Total records synced: 755
Fixed/Updated records: 0

WARNING: 334 CSR records still have work > 8 hours.

>>> Sync Complete <<<
PHP Warning:  PHP Startup: Unable to load dynamic library 'fileinfo.so' (tried: /usr/lib64/php7/extensions/fileinfo.so (/usr/lib64/php7/extensions/fileinfo.so: cannot open shared object file: No such file or directory), /usr/lib64/php7/extensions/fileinfo.so.so (/usr/lib64/php7/extensions/fileinfo.so.so: cannot open shared object file: No such file or directory)) in Unknown on line 0
PHP Warning:  Module 'pdo_pgsql' already loaded in Unknown on line 0
PHP Warning:  Module 'pgsql' already loaded in Unknown on line 0
PHP Warning:  Module 'Phar' already loaded in Unknown on line 0
>>> HYBRID SYNC STARTED: 2026-09-18 to 2026-09-19 <<<
>>> USING POSTGRESQL FINAL LOGIN CALCULATION FOR CSR/AGENT <<<
Fetching from Main... Found 996 records.
Fetching from Amazon... Found 260 records.

>>> SYNC RESULTS <<<
Total records synced: 755
Fixed/Updated records: 0

WARNING: 334 CSR records still have work > 8 hours.

>>> Sync Complete <<<
PHP Warning:  PHP Startup: Unable to load dynamic library 'fileinfo.so' (tried: /usr/lib64/php7/extensions/fileinfo.so (/usr/lib64/php7/extensions/fileinfo.so: cannot open shared object file: No such file or directory), /usr/lib64/php7/extensions/fileinfo.so.so (/usr/lib64/php7/extensions/fileinfo.so.so: cannot open shared object file: No such file or directory)) in Unknown on line 0
PHP Warning:  Module 'pdo_pgsql' already loaded in Unknown on line 0
PHP Warning:  Module 'pgsql' already loaded in Unknown on line 0
PHP Warning:  Module 'Phar' already loaded in Unknown on line 0
>>> HYBRID SYNC STARTED: 2026-09-18 to 2026-09-19 <<<
>>> USING POSTGRESQL FINAL LOGIN CALCULATION FOR CSR/AGENT <<<
Fetching from Main... Found 996 records.
Fetching from Amazon... Found 260 records.

>>> SYNC RESULTS <<<
Total records synced: 755
Fixed/Updated records: 0

WARNING: 334 CSR records still have work > 8 hours.

>>> Sync Complete <<<
PHP Warning:  PHP Startup: Unable to load dynamic library 'fileinfo.so' (tried: /usr/lib64/php7/extensions/fileinfo.so (/usr/lib64/php7/extensions/fileinfo.so: cannot open shared object file: No such file or directory), /usr/lib64/php7/extensions/fileinfo.so.so (/usr/lib64/php7/extensions/fileinfo.so.so: cannot open shared object file: No such file or directory)) in Unknown on line 0
PHP Warning:  Module 'pdo_pgsql' already loaded in Unknown on line 0
PHP Warning:  Module 'pgsql' already loaded in Unknown on line 0
PHP Warning:  Module 'Phar' already loaded in Unknown on line 0
>>> HYBRID SYNC STARTED: 2026-09-18 to 2026-09-19 <<<
>>> USING POSTGRESQL FINAL LOGIN CALCULATION FOR CSR/AGENT <<<
Fetching from Main... Found 996 records.
Fetching from Amazon... Found 260 records.

>>> SYNC RESULTS <<<
Total records synced: 755
Fixed/Updated records: 0

WARNING: 334 CSR records still have work > 8 hours.

>>> Sync Complete <<<
PHP Warning:  PHP Startup: Unable to load dynamic library 'fileinfo.so' (tried: /usr/lib64/php7/extensions/fileinfo.so (/usr/lib64/php7/extensions/fileinfo.so: cannot open shared object file: No such file or directory), /usr/lib64/php7/extensions/fileinfo.so.so (/usr/lib64/php7/extensions/fileinfo.so.so: cannot open shared object file: No such file or directory)) in Unknown on line 0
PHP Warning:  Module 'pdo_pgsql' already loaded in Unknown on line 0
PHP Warning:  Module 'pgsql' already loaded in Unknown on line 0
PHP Warning:  Module 'Phar' already loaded in Unknown on line 0
>>> HYBRID SYNC STARTED: 2026-09-19 to 2026-09-20 <<<
>>> USING POSTGRESQL FINAL LOGIN CALCULATION FOR CSR/AGENT <<<
Fetching from Main... Found 490 records.
Fetching from Amazon... Found 129 records.

>>> SYNC RESULTS <<<
Total records synced: 371
Fixed/Updated records: 0

WARNING: 184 CSR records still have work > 8 hours.

>>> Sync Complete <<<
PHP Warning:  PHP Startup: Unable to load dynamic library 'fileinfo.so' (tried: /usr/lib64/php7/extensions/fileinfo.so (/usr/lib64/php7/extensions/fileinfo.so: cannot open shared object file: No such file or directory), /usr/lib64/php7/extensions/fileinfo.so.so (/usr/lib64/php7/extensions/fileinfo.so.so: cannot open shared object file: No such file or directory)) in Unknown on line 0
PHP Warning:  Module 'pdo_pgsql' already loaded in Unknown on line 0
PHP Warning:  Module 'pgsql' already loaded in Unknown on line 0
PHP Warning:  Module 'Phar' already loaded in Unknown on line 0
>>> HYBRID SYNC STARTED: 2026-09-19 to 2026-09-20 <<<
>>> USING POSTGRESQL FINAL LOGIN CALCULATION FOR CSR/AGENT <<<
Fetching from Main... Found 497 records.
Fetching from Amazon... Found 129 records.

>>> SYNC RESULTS <<<
Total records synced: 373
Fixed/Updated records: 0

WARNING: 184 CSR records still have work > 8 hours.

>>> Sync Complete <<<
PHP Warning:  PHP Startup: Unable to load dynamic library 'fileinfo.so' (tried: /usr/lib64/php7/extensions/fileinfo.so (/usr/lib64/php7/extensions/fileinfo.so: cannot open shared object file: No such file or directory), /usr/lib64/php7/extensions/fileinfo.so.so (/usr/lib64/php7/extensions/fileinfo.so.so: cannot open shared object file: No such file or directory)) in Unknown on line 0
PHP Warning:  Module 'pdo_pgsql' already loaded in Unknown on line 0
PHP Warning:  Module 'pgsql' already loaded in Unknown on line 0
PHP Warning:  Module 'Phar' already loaded in Unknown on line 0
>>> HYBRID SYNC STARTED: 2026-09-19 to 2026-09-20 <<<
>>> USING POSTGRESQL FINAL LOGIN CALCULATION FOR CSR/AGENT <<<
Fetching from Main... Found 497 records.
Fetching from Amazon... Found 129 records.

>>> SYNC RESULTS <<<
Total records synced: 373
Fixed/Updated records: 0

WARNING: 184 CSR records still have work > 8 hours.

>>> Sync Complete <<<
PHP Warning:  PHP Startup: Unable to load dynamic library 'fileinfo.so' (tried: /usr/lib64/php7/extensions/fileinfo.so (/usr/lib64/php7/extensions/fileinfo.so: cannot open shared object file: No such file or directory), /usr/lib64/php7/extensions/fileinfo.so.so (/usr/lib64/php7/extensions/fileinfo.so.so: cannot open shared object file: No such file or directory)) in Unknown on line 0
PHP Warning:  Module 'pdo_pgsql' already loaded in Unknown on line 0
PHP Warning:  Module 'pgsql' already loaded in Unknown on line 0
PHP Warning:  Module 'Phar' already loaded in Unknown on line 0
>>> HYBRID SYNC STARTED: 2026-09-19 to 2026-09-20 <<<
>>> USING POSTGRESQL FINAL LOGIN CALCULATION FOR CSR/AGENT <<<
Fetching from Main... Found 497 records.
Fetching from Amazon... Found 129 records.

>>> SYNC RESULTS <<<
Total records synced: 373
Fixed/Updated records: 0

WARNING: 184 CSR records still have work > 8 hours.

>>> Sync Complete <<<
PHP Warning:  PHP Startup: Unable to load dynamic library 'fileinfo.so' (tried: /usr/lib64/php7/extensions/fileinfo.so (/usr/lib64/php7/extensions/fileinfo.so: cannot open shared object file: No such file or directory), /usr/lib64/php7/extensions/fileinfo.so.so (/usr/lib64/php7/extensions/fileinfo.so.so: cannot open shared object file: No such file or directory)) in Unknown on line 0
PHP Warning:  Module 'pdo_pgsql' already loaded in Unknown on line 0
PHP Warning:  Module 'pgsql' already loaded in Unknown on line 0
PHP Warning:  Module 'Phar' already loaded in Unknown on line 0
>>> HYBRID SYNC STARTED: 2026-09-19 to 2026-09-20 <<<
>>> USING POSTGRESQL FINAL LOGIN CALCULATION FOR CSR/AGENT <<<
Fetching from Main... Found 497 records.
Fetching from Amazon... Found 129 records.

>>> SYNC RESULTS <<<
Total records synced: 373
Fixed/Updated records: 0

WARNING: 184 CSR records still have work > 8 hours.

>>> Sync Complete <<<
PHP Warning:  PHP Startup: Unable to load dynamic library 'fileinfo.so' (tried: /usr/lib64/php7/extensions/fileinfo.so (/usr/lib64/php7/extensions/fileinfo.so: cannot open shared object file: No such file or directory), /usr/lib64/php7/extensions/fileinfo.so.so (/usr/lib64/php7/extensions/fileinfo.so.so: cannot open shared object file: No such file or directory)) in Unknown on line 0
PHP Warning:  Module 'pdo_pgsql' already loaded in Unknown on line 0
PHP Warning:  Module 'pgsql' already loaded in Unknown on line 0
PHP Warning:  Module 'Phar' already loaded in Unknown on line 0
>>> HYBRID SYNC STARTED: 2026-09-19 to 2026-09-20 <<<
>>> USING POSTGRESQL FINAL LOGIN CALCULATION FOR CSR/AGENT <<<
Fetching from Main... Found 497 records.
Fetching from Amazon... Found 129 records.

>>> SYNC RESULTS <<<
Total records synced: 373
Fixed/Updated records: 0

WARNING: 184 CSR records still have work > 8 hours.

>>> Sync Complete <<<
PHP Warning:  PHP Startup: Unable to load dynamic library 'fileinfo.so' (tried: /usr/lib64/php7/extensions/fileinfo.so (/usr/lib64/php7/extensions/fileinfo.so: cannot open shared object file: No such file or directory), /usr/lib64/php7/extensions/fileinfo.so.so (/usr/lib64/php7/extensions/fileinfo.so.so: cannot open shared object file: No such file or directory)) in Unknown on line 0
PHP Warning:  Module 'pdo_pgsql' already loaded in Unknown on line 0
PHP Warning:  Module 'pgsql' already loaded in Unknown on line 0
PHP Warning:  Module 'Phar' already loaded in Unknown on line 0
>>> HYBRID SYNC STARTED: 2026-09-19 to 2026-09-20 <<<
>>> USING POSTGRESQL FINAL LOGIN CALCULATION FOR CSR/AGENT <<<
Fetching from Main... Found 497 records.
Fetching from Amazon... Found 129 records.

>>> SYNC RESULTS <<<
Total records synced: 373
Fixed/Updated records: 0

WARNING: 184 CSR records still have work > 8 hours.

>>> Sync Complete <<<
PHP Warning:  PHP Startup: Unable to load dynamic library 'fileinfo.so' (tried: /usr/lib64/php7/extensions/fileinfo.so (/usr/lib64/php7/extensions/fileinfo.so: cannot open shared object file: No such file or directory), /usr/lib64/php7/extensions/fileinfo.so.so (/usr/lib64/php7/extensions/fileinfo.so.so: cannot open shared object file: No such file or directory)) in Unknown on line 0
PHP Warning:  Module 'pdo_pgsql' already loaded in Unknown on line 0
PHP Warning:  Module 'pgsql' already loaded in Unknown on line 0
PHP Warning:  Module 'Phar' already loaded in Unknown on line 0
>>> HYBRID SYNC STARTED: 2026-09-19 to 2026-09-20 <<<
>>> USING POSTGRESQL FINAL LOGIN CALCULATION FOR CSR/AGENT <<<
Fetching from Main... Found 497 records.
Fetching from Amazon... Found 129 records.

>>> SYNC RESULTS <<<
Total records synced: 373
Fixed/Updated records: 0

WARNING: 184 CSR records still have work > 8 hours.

>>> Sync Complete <<<
PHP Warning:  PHP Startup: Unable to load dynamic library 'fileinfo.so' (tried: /usr/lib64/php7/extensions/fileinfo.so (/usr/lib64/php7/extensions/fileinfo.so: cannot open shared object file: No such file or directory), /usr/lib64/php7/extensions/fileinfo.so.so (/usr/lib64/php7/extensions/fileinfo.so.so: cannot open shared object file: No such file or directory)) in Unknown on line 0
PHP Warning:  Module 'pdo_pgsql' already loaded in Unknown on line 0
PHP Warning:  Module 'pgsql' already loaded in Unknown on line 0
PHP Warning:  Module 'Phar' already loaded in Unknown on line 0
>>> HYBRID SYNC STARTED: 2026-09-19 to 2026-09-20 <<<
>>> USING POSTGRESQL FINAL LOGIN CALCULATION FOR CSR/AGENT <<<
Fetching from Main... Found 497 records.
Fetching from Amazon... Found 129 records.

>>> SYNC RESULTS <<<
Total records synced: 373
Fixed/Updated records: 0

WARNING: 184 CSR records still have work > 8 hours.

>>> Sync Complete <<<
PHP Warning:  PHP Startup: Unable to load dynamic library 'fileinfo.so' (tried: /usr/lib64/php7/extensions/fileinfo.so (/usr/lib64/php7/extensions/fileinfo.so: cannot open shared object file: No such file or directory), /usr/lib64/php7/extensions/fileinfo.so.so (/usr/lib64/php7/extensions/fileinfo.so.so: cannot open shared object file: No such file or directory)) in Unknown on line 0
PHP Warning:  Module 'pdo_pgsql' already loaded in Unknown on line 0
PHP Warning:  Module 'pgsql' already loaded in Unknown on line 0
PHP Warning:  Module 'Phar' already loaded in Unknown on line 0
>>> HYBRID SYNC STARTED: 2026-09-19 to 2026-09-20 <<<
>>> USING POSTGRESQL FINAL LOGIN CALCULATION FOR CSR/AGENT <<<
Fetching from Main... Found 497 records.
Fetching from Amazon... Found 129 records.

>>> SYNC RESULTS <<<
Total records synced: 373
Fixed/Updated records: 0

WARNING: 184 CSR records still have work > 8 hours.

>>> Sync Complete <<<
PHP Warning:  PHP Startup: Unable to load dynamic library 'fileinfo.so' (tried: /usr/lib64/php7/extensions/fileinfo.so (/usr/lib64/php7/extensions/fileinfo.so: cannot open shared object file: No such file or directory), /usr/lib64/php7/extensions/fileinfo.so.so (/usr/lib64/php7/extensions/fileinfo.so.so: cannot open shared object file: No such file or directory)) in Unknown on line 0
PHP Warning:  Module 'pdo_pgsql' already loaded in Unknown on line 0
PHP Warning:  Module 'pgsql' already loaded in Unknown on line 0
PHP Warning:  Module 'Phar' already loaded in Unknown on line 0
>>> HYBRID SYNC STARTED: 2026-09-19 to 2026-09-20 <<<
>>> USING POSTGRESQL FINAL LOGIN CALCULATION FOR CSR/AGENT <<<
Fetching from Main... Found 497 records.
Fetching from Amazon... Found 129 records.

>>> SYNC RESULTS <<<
Total records synced: 373
Fixed/Updated records: 0

WARNING: 184 CSR records still have work > 8 hours.

>>> Sync Complete <<<
PHP Warning:  PHP Startup: Unable to load dynamic library 'fileinfo.so' (tried: /usr/lib64/php7/extensions/fileinfo.so (/usr/lib64/php7/extensions/fileinfo.so: cannot open shared object file: No such file or directory), /usr/lib64/php7/extensions/fileinfo.so.so (/usr/lib64/php7/extensions/fileinfo.so.so: cannot open shared object file: No such file or directory)) in Unknown on line 0
PHP Warning:  Module 'pdo_pgsql' already loaded in Unknown on line 0
PHP Warning:  Module 'pgsql' already loaded in Unknown on line 0
PHP Warning:  Module 'Phar' already loaded in Unknown on line 0
>>> HYBRID SYNC STARTED: 2026-09-19 to 2026-09-20 <<<
>>> USING POSTGRESQL FINAL LOGIN CALCULATION FOR CSR/AGENT <<<
Fetching from Main... Found 497 records.
Fetching from Amazon... Found 129 records.

>>> SYNC RESULTS <<<
Total records synced: 373
Fixed/Updated records: 0

WARNING: 184 CSR records still have work > 8 hours.

>>> Sync Complete <<<
PHP Warning:  PHP Startup: Unable to load dynamic library 'fileinfo.so' (tried: /usr/lib64/php7/extensions/fileinfo.so (/usr/lib64/php7/extensions/fileinfo.so: cannot open shared object file: No such file or directory), /usr/lib64/php7/extensions/fileinfo.so.so (/usr/lib64/php7/extensions/fileinfo.so.so: cannot open shared object file: No such file or directory)) in Unknown on line 0
PHP Warning:  Module 'pdo_pgsql' already loaded in Unknown on line 0
PHP Warning:  Module 'pgsql' already loaded in Unknown on line 0
PHP Warning:  Module 'Phar' already loaded in Unknown on line 0
>>> HYBRID SYNC STARTED: 2026-09-19 to 2026-09-20 <<<
>>> USING POSTGRESQL FINAL LOGIN CALCULATION FOR CSR/AGENT <<<
Fetching from Main... Found 497 records.
Fetching from Amazon... Found 129 records.

>>> SYNC RESULTS <<<
Total records synced: 373
Fixed/Updated records: 0

WARNING: 184 CSR records still have work > 8 hours.

>>> Sync Complete <<<
PHP Warning:  PHP Startup: Unable to load dynamic library 'fileinfo.so' (tried: /usr/lib64/php7/extensions/fileinfo.so (/usr/lib64/php7/extensions/fileinfo.so: cannot open shared object file: No such file or directory), /usr/lib64/php7/extensions/fileinfo.so.so (/usr/lib64/php7/extensions/fileinfo.so.so: cannot open shared object file: No such file or directory)) in Unknown on line 0
PHP Warning:  Module 'pdo_pgsql' already loaded in Unknown on line 0
PHP Warning:  Module 'pgsql' already loaded in Unknown on line 0
PHP Warning:  Module 'Phar' already loaded in Unknown on line 0
>>> HYBRID SYNC STARTED: 2026-09-19 to 2026-09-20 <<<
>>> USING POSTGRESQL FINAL LOGIN CALCULATION FOR CSR/AGENT <<<
Fetching from Main... Found 497 records.
Fetching from Amazon... Found 129 records.

>>> SYNC RESULTS <<<
Total records synced: 373
Fixed/Updated records: 0

WARNING: 184 CSR records still have work > 8 hours.

>>> Sync Complete <<<
PHP Warning:  PHP Startup: Unable to load dynamic library 'fileinfo.so' (tried: /usr/lib64/php7/extensions/fileinfo.so (/usr/lib64/php7/extensions/fileinfo.so: cannot open shared object file: No such file or directory), /usr/lib64/php7/extensions/fileinfo.so.so (/usr/lib64/php7/extensions/fileinfo.so.so: cannot open shared object file: No such file or directory)) in Unknown on line 0
PHP Warning:  Module 'pdo_pgsql' already loaded in Unknown on line 0
PHP Warning:  Module 'pgsql' already loaded in Unknown on line 0
PHP Warning:  Module 'Phar' already loaded in Unknown on line 0
>>> HYBRID SYNC STARTED: 2026-09-19 to 2026-09-20 <<<
>>> USING POSTGRESQL FINAL LOGIN CALCULATION FOR CSR/AGENT <<<
Fetching from Main... Found 497 records.
Fetching from Amazon... Found 129 records.

>>> SYNC RESULTS <<<
Total records synced: 373
Fixed/Updated records: 0

WARNING: 184 CSR records still have work > 8 hours.

>>> Sync Complete <<<
PHP Warning:  PHP Startup: Unable to load dynamic library 'fileinfo.so' (tried: /usr/lib64/php7/extensions/fileinfo.so (/usr/lib64/php7/extensions/fileinfo.so: cannot open shared object file: No such file or directory), /usr/lib64/php7/extensions/fileinfo.so.so (/usr/lib64/php7/extensions/fileinfo.so.so: cannot open shared object file: No such file or directory)) in Unknown on line 0
PHP Warning:  Module 'pdo_pgsql' already loaded in Unknown on line 0
PHP Warning:  Module 'pgsql' already loaded in Unknown on line 0
PHP Warning:  Module 'Phar' already loaded in Unknown on line 0
>>> HYBRID SYNC STARTED: 2026-09-19 to 2026-09-20 <<<
>>> USING POSTGRESQL FINAL LOGIN CALCULATION FOR CSR/AGENT <<<
Fetching from Main... Found 497 records.
Fetching from Amazon... Found 129 records.

>>> SYNC RESULTS <<<
Total records synced: 373
Fixed/Updated records: 0

WARNING: 184 CSR records still have work > 8 hours.

>>> Sync Complete <<<
PHP Warning:  PHP Startup: Unable to load dynamic library 'fileinfo.so' (tried: /usr/lib64/php7/extensions/fileinfo.so (/usr/lib64/php7/extensions/fileinfo.so: cannot open shared object file: No such file or directory), /usr/lib64/php7/extensions/fileinfo.so.so (/usr/lib64/php7/extensions/fileinfo.so.so: cannot open shared object file: No such file or directory)) in Unknown on line 0
PHP Warning:  Module 'pdo_pgsql' already loaded in Unknown on line 0
PHP Warning:  Module 'pgsql' already loaded in Unknown on line 0
PHP Warning:  Module 'Phar' already loaded in Unknown on line 0
>>> HYBRID SYNC STARTED: 2026-09-19 to 2026-09-20 <<<
>>> USING POSTGRESQL FINAL LOGIN CALCULATION FOR CSR/AGENT <<<
Fetching from Main... Found 497 records.
Fetching from Amazon... Found 129 records.

>>> SYNC RESULTS <<<
Total records synced: 373
Fixed/Updated records: 0

WARNING: 184 CSR records still have work > 8 hours.

>>> Sync Complete <<<
PHP Warning:  PHP Startup: Unable to load dynamic library 'fileinfo.so' (tried: /usr/lib64/php7/extensions/fileinfo.so (/usr/lib64/php7/extensions/fileinfo.so: cannot open shared object file: No such file or directory), /usr/lib64/php7/extensions/fileinfo.so.so (/usr/lib64/php7/extensions/fileinfo.so.so: cannot open shared object file: No such file or directory)) in Unknown on line 0
PHP Warning:  Module 'pdo_pgsql' already loaded in Unknown on line 0
PHP Warning:  Module 'pgsql' already loaded in Unknown on line 0
PHP Warning:  Module 'Phar' already loaded in Unknown on line 0
>>> HYBRID SYNC STARTED: 2026-09-19 to 2026-09-20 <<<
>>> USING POSTGRESQL FINAL LOGIN CALCULATION FOR CSR/AGENT <<<
Fetching from Main... Found 497 records.
Fetching from Amazon... Found 129 records.

>>> SYNC RESULTS <<<
Total records synced: 373
Fixed/Updated records: 0

WARNING: 184 CSR records still have work > 8 hours.

>>> Sync Complete <<<
PHP Warning:  PHP Startup: Unable to load dynamic library 'fileinfo.so' (tried: /usr/lib64/php7/extensions/fileinfo.so (/usr/lib64/php7/extensions/fileinfo.so: cannot open shared object file: No such file or directory), /usr/lib64/php7/extensions/fileinfo.so.so (/usr/lib64/php7/extensions/fileinfo.so.so: cannot open shared object file: No such file or directory)) in Unknown on line 0
PHP Warning:  Module 'pdo_pgsql' already loaded in Unknown on line 0
PHP Warning:  Module 'pgsql' already loaded in Unknown on line 0
PHP Warning:  Module 'Phar' already loaded in Unknown on line 0
>>> HYBRID SYNC STARTED: 2026-09-19 to 2026-09-20 <<<
>>> USING POSTGRESQL FINAL LOGIN CALCULATION FOR CSR/AGENT <<<
Fetching from Main... Found 497 records.
Fetching from Amazon... Found 129 records.

>>> SYNC RESULTS <<<
Total records synced: 373
Fixed/Updated records: 0

WARNING: 184 CSR records still have work > 8 hours.

>>> Sync Complete <<<
PHP Warning:  PHP Startup: Unable to load dynamic library 'fileinfo.so' (tried: /usr/lib64/php7/extensions/fileinfo.so (/usr/lib64/php7/extensions/fileinfo.so: cannot open shared object file: No such file or directory), /usr/lib64/php7/extensions/fileinfo.so.so (/usr/lib64/php7/extensions/fileinfo.so.so: cannot open shared object file: No such file or directory)) in Unknown on line 0
PHP Warning:  Module 'pdo_pgsql' already loaded in Unknown on line 0
PHP Warning:  Module 'pgsql' already loaded in Unknown on line 0
PHP Warning:  Module 'Phar' already loaded in Unknown on line 0
>>> HYBRID SYNC STARTED: 2026-09-19 to 2026-09-20 <<<
>>> USING POSTGRESQL FINAL LOGIN CALCULATION FOR CSR/AGENT <<<
Fetching from Main... Found 507 records.
Fetching from Amazon... Found 129 records.

>>> SYNC RESULTS <<<
Total records synced: 375
Fixed/Updated records: 0

WARNING: 184 CSR records still have work > 8 hours.

>>> Sync Complete <<<
PHP Warning:  PHP Startup: Unable to load dynamic library 'fileinfo.so' (tried: /usr/lib64/php7/extensions/fileinfo.so (/usr/lib64/php7/extensions/fileinfo.so: cannot open shared object file: No such file or directory), /usr/lib64/php7/extensions/fileinfo.so.so (/usr/lib64/php7/extensions/fileinfo.so.so: cannot open shared object file: No such file or directory)) in Unknown on line 0
PHP Warning:  Module 'pdo_pgsql' already loaded in Unknown on line 0
PHP Warning:  Module 'pgsql' already loaded in Unknown on line 0
PHP Warning:  Module 'Phar' already loaded in Unknown on line 0
>>> HYBRID SYNC STARTED: 2026-09-19 to 2026-09-20 <<<
>>> USING POSTGRESQL FINAL LOGIN CALCULATION FOR CSR/AGENT <<<
Fetching from Main... Found 567 records.
Fetching from Amazon... Found 129 records.

>>> SYNC RESULTS <<<
Total records synced: 417
Fixed/Updated records: 0

WARNING: 184 CSR records still have work > 8 hours.

>>> Sync Complete <<<
PHP Warning:  PHP Startup: Unable to load dynamic library 'fileinfo.so' (tried: /usr/lib64/php7/extensions/fileinfo.so (/usr/lib64/php7/extensions/fileinfo.so: cannot open shared object file: No such file or directory), /usr/lib64/php7/extensions/fileinfo.so.so (/usr/lib64/php7/extensions/fileinfo.so.so: cannot open shared object file: No such file or directory)) in Unknown on line 0
PHP Warning:  Module 'pdo_pgsql' already loaded in Unknown on line 0
PHP Warning:  Module 'pgsql' already loaded in Unknown on line 0
PHP Warning:  Module 'Phar' already loaded in Unknown on line 0
>>> HYBRID SYNC STARTED: 2026-09-19 to 2026-09-20 <<<
>>> USING POSTGRESQL FINAL LOGIN CALCULATION FOR CSR/AGENT <<<
Fetching from Main... Found 578 records.
Fetching from Amazon... Found 129 records.

>>> SYNC RESULTS <<<
Total records synced: 433
Fixed/Updated records: 0

WARNING: 184 CSR records still have work > 8 hours.

>>> Sync Complete <<<
PHP Warning:  PHP Startup: Unable to load dynamic library 'fileinfo.so' (tried: /usr/lib64/php7/extensions/fileinfo.so (/usr/lib64/php7/extensions/fileinfo.so: cannot open shared object file: No such file or directory), /usr/lib64/php7/extensions/fileinfo.so.so (/usr/lib64/php7/extensions/fileinfo.so.so: cannot open shared object file: No such file or directory)) in Unknown on line 0
PHP Warning:  Module 'pdo_pgsql' already loaded in Unknown on line 0
PHP Warning:  Module 'pgsql' already loaded in Unknown on line 0
PHP Warning:  Module 'Phar' already loaded in Unknown on line 0
>>> HYBRID SYNC STARTED: 2026-09-19 to 2026-09-20 <<<
>>> USING POSTGRESQL FINAL LOGIN CALCULATION FOR CSR/AGENT <<<
Fetching from Main... Found 581 records.
Fetching from Amazon... Found 129 records.

>>> SYNC RESULTS <<<
Total records synced: 433
Fixed/Updated records: 0

WARNING: 184 CSR records still have work > 8 hours.

>>> Sync Complete <<<
PHP Warning:  PHP Startup: Unable to load dynamic library 'fileinfo.so' (tried: /usr/lib64/php7/extensions/fileinfo.so (/usr/lib64/php7/extensions/fileinfo.so: cannot open shared object file: No such file or directory), /usr/lib64/php7/extensions/fileinfo.so.so (/usr/lib64/php7/extensions/fileinfo.so.so: cannot open shared object file: No such file or directory)) in Unknown on line 0
PHP Warning:  Module 'pdo_pgsql' already loaded in Unknown on line 0
PHP Warning:  Module 'pgsql' already loaded in Unknown on line 0
PHP Warning:  Module 'Phar' already loaded in Unknown on line 0
>>> HYBRID SYNC STARTED: 2026-09-19 to 2026-09-20 <<<
>>> USING POSTGRESQL FINAL LOGIN CALCULATION FOR CSR/AGENT <<<
Fetching from Main... Found 583 records.
Fetching from Amazon... Found 129 records.

>>> SYNC RESULTS <<<
Total records synced: 433
Fixed/Updated records: 0

WARNING: 184 CSR records still have work > 8 hours.

>>> Sync Complete <<<
PHP Warning:  PHP Startup: Unable to load dynamic library 'fileinfo.so' (tried: /usr/lib64/php7/extensions/fileinfo.so (/usr/lib64/php7/extensions/fileinfo.so: cannot open shared object file: No such file or directory), /usr/lib64/php7/extensions/fileinfo.so.so (/usr/lib64/php7/extensions/fileinfo.so.so: cannot open shared object file: No such file or directory)) in Unknown on line 0
PHP Warning:  Module 'pdo_pgsql' already loaded in Unknown on line 0
PHP Warning:  Module 'pgsql' already loaded in Unknown on line 0
PHP Warning:  Module 'Phar' already loaded in Unknown on line 0
>>> HYBRID SYNC STARTED: 2026-09-19 to 2026-09-20 <<<
>>> USING POSTGRESQL FINAL LOGIN CALCULATION FOR CSR/AGENT <<<
Fetching from Main... Found 583 records.
Fetching from Amazon... Found 129 records.

>>> SYNC RESULTS <<<
Total records synced: 433
Fixed/Updated records: 0

WARNING: 184 CSR records still have work > 8 hours.

>>> Sync Complete <<<
PHP Warning:  PHP Startup: Unable to load dynamic library 'fileinfo.so' (tried: /usr/lib64/php7/extensions/fileinfo.so (/usr/lib64/php7/extensions/fileinfo.so: cannot open shared object file: No such file or directory), /usr/lib64/php7/extensions/fileinfo.so.so (/usr/lib64/php7/extensions/fileinfo.so.so: cannot open shared object file: No such file or directory)) in Unknown on line 0
PHP Warning:  Module 'pdo_pgsql' already loaded in Unknown on line 0
PHP Warning:  Module 'pgsql' already loaded in Unknown on line 0
PHP Warning:  Module 'Phar' already loaded in Unknown on line 0
>>> HYBRID SYNC STARTED: 2026-09-19 to 2026-09-20 <<<
>>> USING POSTGRESQL FINAL LOGIN CALCULATION FOR CSR/AGENT <<<
Fetching from Main... Found 584 records.
Fetching from Amazon... Found 129 records.

>>> SYNC RESULTS <<<
Total records synced: 433
Fixed/Updated records: 0

WARNING: 184 CSR records still have work > 8 hours.

>>> Sync Complete <<<
PHP Warning:  PHP Startup: Unable to load dynamic library 'fileinfo.so' (tried: /usr/lib64/php7/extensions/fileinfo.so (/usr/lib64/php7/extensions/fileinfo.so: cannot open shared object file: No such file or directory), /usr/lib64/php7/extensions/fileinfo.so.so (/usr/lib64/php7/extensions/fileinfo.so.so: cannot open shared object file: No such file or directory)) in Unknown on line 0
PHP Warning:  Module 'pdo_pgsql' already loaded in Unknown on line 0
PHP Warning:  Module 'pgsql' already loaded in Unknown on line 0
PHP Warning:  Module 'Phar' already loaded in Unknown on line 0
>>> HYBRID SYNC STARTED: 2026-09-19 to 2026-09-20 <<<
>>> USING POSTGRESQL FINAL LOGIN CALCULATION FOR CSR/AGENT <<<
Fetching from Main... Found 585 records.
Fetching from Amazon... Found 129 records.

>>> SYNC RESULTS <<<
Total records synced: 433
Fixed/Updated records: 0

WARNING: 184 CSR records still have work > 8 hours.

>>> Sync Complete <<<
PHP Warning:  PHP Startup: Unable to load dynamic library 'fileinfo.so' (tried: /usr/lib64/php7/extensions/fileinfo.so (/usr/lib64/php7/extensions/fileinfo.so: cannot open shared object file: No such file or directory), /usr/lib64/php7/extensions/fileinfo.so.so (/usr/lib64/php7/extensions/fileinfo.so.so: cannot open shared object file: No such file or directory)) in Unknown on line 0
PHP Warning:  Module 'pdo_pgsql' already loaded in Unknown on line 0
PHP Warning:  Module 'pgsql' already loaded in Unknown on line 0
PHP Warning:  Module 'Phar' already loaded in Unknown on line 0
>>> HYBRID SYNC STARTED: 2026-09-19 to 2026-09-20 <<<
>>> USING POSTGRESQL FINAL LOGIN CALCULATION FOR CSR/AGENT <<<
Fetching from Main... Found 585 records.
Fetching from Amazon... Found 129 records.

>>> SYNC RESULTS <<<
Total records synced: 433
Fixed/Updated records: 0

WARNING: 184 CSR records still have work > 8 hours.

>>> Sync Complete <<<
PHP Warning:  PHP Startup: Unable to load dynamic library 'fileinfo.so' (tried: /usr/lib64/php7/extensions/fileinfo.so (/usr/lib64/php7/extensions/fileinfo.so: cannot open shared object file: No such file or directory), /usr/lib64/php7/extensions/fileinfo.so.so (/usr/lib64/php7/extensions/fileinfo.so.so: cannot open shared object file: No such file or directory)) in Unknown on line 0
PHP Warning:  Module 'pdo_pgsql' already loaded in Unknown on line 0
PHP Warning:  Module 'pgsql' already loaded in Unknown on line 0
PHP Warning:  Module 'Phar' already loaded in Unknown on line 0
>>> HYBRID SYNC STARTED: 2026-09-19 to 2026-09-20 <<<
>>> USING POSTGRESQL FINAL LOGIN CALCULATION FOR CSR/AGENT <<<
Fetching from Main... Found 585 records.
Fetching from Amazon... Found 129 records.

>>> SYNC RESULTS <<<
Total records synced: 433
Fixed/Updated records: 0

WARNING: 184 CSR records still have work > 8 hours.

>>> Sync Complete <<<
PHP Warning:  PHP Startup: Unable to load dynamic library 'fileinfo.so' (tried: /usr/lib64/php7/extensions/fileinfo.so (/usr/lib64/php7/extensions/fileinfo.so: cannot open shared object file: No such file or directory), /usr/lib64/php7/extensions/fileinfo.so.so (/usr/lib64/php7/extensions/fileinfo.so.so: cannot open shared object file: No such file or directory)) in Unknown on line 0
PHP Warning:  Module 'pdo_pgsql' already loaded in Unknown on line 0
PHP Warning:  Module 'pgsql' already loaded in Unknown on line 0
PHP Warning:  Module 'Phar' already loaded in Unknown on line 0
>>> HYBRID SYNC STARTED: 2026-09-19 to 2026-09-20 <<<
>>> USING POSTGRESQL FINAL LOGIN CALCULATION FOR CSR/AGENT <<<
Fetching from Main... Found 585 records.
Fetching from Amazon... Found 129 records.

>>> SYNC RESULTS <<<
Total records synced: 433
Fixed/Updated records: 0

WARNING: 184 CSR records still have work > 8 hours.

>>> Sync Complete <<<
PHP Warning:  PHP Startup: Unable to load dynamic library 'fileinfo.so' (tried: /usr/lib64/php7/extensions/fileinfo.so (/usr/lib64/php7/extensions/fileinfo.so: cannot open shared object file: No such file or directory), /usr/lib64/php7/extensions/fileinfo.so.so (/usr/lib64/php7/extensions/fileinfo.so.so: cannot open shared object file: No such file or directory)) in Unknown on line 0
PHP Warning:  Module 'pdo_pgsql' already loaded in Unknown on line 0
PHP Warning:  Module 'pgsql' already loaded in Unknown on line 0
PHP Warning:  Module 'Phar' already loaded in Unknown on line 0
>>> HYBRID SYNC STARTED: 2026-09-19 to 2026-09-20 <<<
>>> USING POSTGRESQL FINAL LOGIN CALCULATION FOR CSR/AGENT <<<
Fetching from Main... Found 585 records.
Fetching from Amazon... Found 129 records.

>>> SYNC RESULTS <<<
Total records synced: 433
Fixed/Updated records: 0

WARNING: 184 CSR records still have work > 8 hours.

>>> Sync Complete <<<
PHP Warning:  PHP Startup: Unable to load dynamic library 'fileinfo.so' (tried: /usr/lib64/php7/extensions/fileinfo.so (/usr/lib64/php7/extensions/fileinfo.so: cannot open shared object file: No such file or directory), /usr/lib64/php7/extensions/fileinfo.so.so (/usr/lib64/php7/extensions/fileinfo.so.so: cannot open shared object file: No such file or directory)) in Unknown on line 0
PHP Warning:  Module 'pdo_pgsql' already loaded in Unknown on line 0
PHP Warning:  Module 'pgsql' already loaded in Unknown on line 0
PHP Warning:  Module 'Phar' already loaded in Unknown on line 0
>>> HYBRID SYNC STARTED: 2026-09-19 to 2026-09-20 <<<
>>> USING POSTGRESQL FINAL LOGIN CALCULATION FOR CSR/AGENT <<<
Fetching from Main... Found 585 records.
Fetching from Amazon... Found 129 records.

>>> SYNC RESULTS <<<
Total records synced: 433
Fixed/Updated records: 0

WARNING: 184 CSR records still have work > 8 hours.

>>> Sync Complete <<<
PHP Warning:  PHP Startup: Unable to load dynamic library 'fileinfo.so' (tried: /usr/lib64/php7/extensions/fileinfo.so (/usr/lib64/php7/extensions/fileinfo.so: cannot open shared object file: No such file or directory), /usr/lib64/php7/extensions/fileinfo.so.so (/usr/lib64/php7/extensions/fileinfo.so.so: cannot open shared object file: No such file or directory)) in Unknown on line 0
PHP Warning:  Module 'pdo_pgsql' already loaded in Unknown on line 0
PHP Warning:  Module 'pgsql' already loaded in Unknown on line 0
PHP Warning:  Module 'Phar' already loaded in Unknown on line 0
>>> HYBRID SYNC STARTED: 2026-09-19 to 2026-09-20 <<<
>>> USING POSTGRESQL FINAL LOGIN CALCULATION FOR CSR/AGENT <<<
Fetching from Main... Found 585 records.
Fetching from Amazon... Found 129 records.

>>> SYNC RESULTS <<<
Total records synced: 433
Fixed/Updated records: 0

WARNING: 184 CSR records still have work > 8 hours.

>>> Sync Complete <<<
PHP Warning:  PHP Startup: Unable to load dynamic library 'fileinfo.so' (tried: /usr/lib64/php7/extensions/fileinfo.so (/usr/lib64/php7/extensions/fileinfo.so: cannot open shared object file: No such file or directory), /usr/lib64/php7/extensions/fileinfo.so.so (/usr/lib64/php7/extensions/fileinfo.so.so: cannot open shared object file: No such file or directory)) in Unknown on line 0
PHP Warning:  Module 'pdo_pgsql' already loaded in Unknown on line 0
PHP Warning:  Module 'pgsql' already loaded in Unknown on line 0
PHP Warning:  Module 'Phar' already loaded in Unknown on line 0
>>> HYBRID SYNC STARTED: 2026-09-19 to 2026-09-20 <<<
>>> USING POSTGRESQL FINAL LOGIN CALCULATION FOR CSR/AGENT <<<
Fetching from Main... Found 585 records.
Fetching from Amazon... Found 129 records.

>>> SYNC RESULTS <<<
Total records synced: 433
Fixed/Updated records: 0

WARNING: 184 CSR records still have work > 8 hours.

>>> Sync Complete <<<
PHP Warning:  PHP Startup: Unable to load dynamic library 'fileinfo.so' (tried: /usr/lib64/php7/extensions/fileinfo.so (/usr/lib64/php7/extensions/fileinfo.so: cannot open shared object file: No such file or directory), /usr/lib64/php7/extensions/fileinfo.so.so (/usr/lib64/php7/extensions/fileinfo.so.so: cannot open shared object file: No such file or directory)) in Unknown on line 0
PHP Warning:  Module 'pdo_pgsql' already loaded in Unknown on line 0
PHP Warning:  Module 'pgsql' already loaded in Unknown on line 0
PHP Warning:  Module 'Phar' already loaded in Unknown on line 0
>>> HYBRID SYNC STARTED: 2026-09-19 to 2026-09-20 <<<
>>> USING POSTGRESQL FINAL LOGIN CALCULATION FOR CSR/AGENT <<<
Fetching from Main... Found 585 records.
Fetching from Amazon... Found 129 records.

>>> SYNC RESULTS <<<
Total records synced: 433
Fixed/Updated records: 0

WARNING: 184 CSR records still have work > 8 hours.

>>> Sync Complete <<<
PHP Warning:  PHP Startup: Unable to load dynamic library 'fileinfo.so' (tried: /usr/lib64/php7/extensions/fileinfo.so (/usr/lib64/php7/extensions/fileinfo.so: cannot open shared object file: No such file or directory), /usr/lib64/php7/extensions/fileinfo.so.so (/usr/lib64/php7/extensions/fileinfo.so.so: cannot open shared object file: No such file or directory)) in Unknown on line 0
PHP Warning:  Module 'pdo_pgsql' already loaded in Unknown on line 0
PHP Warning:  Module 'pgsql' already loaded in Unknown on line 0
PHP Warning:  Module 'Phar' already loaded in Unknown on line 0
>>> HYBRID SYNC STARTED: 2026-09-19 to 2026-09-20 <<<
>>> USING POSTGRESQL FINAL LOGIN CALCULATION FOR CSR/AGENT <<<
Fetching from Main... Found 585 records.
Fetching from Amazon... Found 129 records.

>>> SYNC RESULTS <<<
Total records synced: 433
Fixed/Updated records: 0

WARNING: 184 CSR records still have work > 8 hours.

>>> Sync Complete <<<
PHP Warning:  PHP Startup: Unable to load dynamic library 'fileinfo.so' (tried: /usr/lib64/php7/extensions/fileinfo.so (/usr/lib64/php7/extensions/fileinfo.so: cannot open shared object file: No such file or directory), /usr/lib64/php7/extensions/fileinfo.so.so (/usr/lib64/php7/extensions/fileinfo.so.so: cannot open shared object file: No such file or directory)) in Unknown on line 0
PHP Warning:  Module 'pdo_pgsql' already loaded in Unknown on line 0
PHP Warning:  Module 'pgsql' already loaded in Unknown on line 0
PHP Warning:  Module 'Phar' already loaded in Unknown on line 0
>>> HYBRID SYNC STARTED: 2026-09-19 to 2026-09-20 <<<
>>> USING POSTGRESQL FINAL LOGIN CALCULATION FOR CSR/AGENT <<<
Fetching from Main... Found 585 records.
Fetching from Amazon... Found 129 records.

>>> SYNC RESULTS <<<
Total records synced: 433
Fixed/Updated records: 0

WARNING: 184 CSR records still have work > 8 hours.

>>> Sync Complete <<<
PHP Warning:  PHP Startup: Unable to load dynamic library 'fileinfo.so' (tried: /usr/lib64/php7/extensions/fileinfo.so (/usr/lib64/php7/extensions/fileinfo.so: cannot open shared object file: No such file or directory), /usr/lib64/php7/extensions/fileinfo.so.so (/usr/lib64/php7/extensions/fileinfo.so.so: cannot open shared object file: No such file or directory)) in Unknown on line 0
PHP Warning:  Module 'pdo_pgsql' already loaded in Unknown on line 0
PHP Warning:  Module 'pgsql' already loaded in Unknown on line 0
PHP Warning:  Module 'Phar' already loaded in Unknown on line 0
>>> HYBRID SYNC STARTED: 2026-09-19 to 2026-09-20 <<<
>>> USING POSTGRESQL FINAL LOGIN CALCULATION FOR CSR/AGENT <<<
Fetching from Main... Found 585 records.
Fetching from Amazon... Found 129 records.

>>> SYNC RESULTS <<<
Total records synced: 433
Fixed/Updated records: 0

WARNING: 184 CSR records still have work > 8 hours.

>>> Sync Complete <<<
PHP Warning:  PHP Startup: Unable to load dynamic library 'fileinfo.so' (tried: /usr/lib64/php7/extensions/fileinfo.so (/usr/lib64/php7/extensions/fileinfo.so: cannot open shared object file: No such file or directory), /usr/lib64/php7/extensions/fileinfo.so.so (/usr/lib64/php7/extensions/fileinfo.so.so: cannot open shared object file: No such file or directory)) in Unknown on line 0
PHP Warning:  Module 'pdo_pgsql' already loaded in Unknown on line 0
PHP Warning:  Module 'pgsql' already loaded in Unknown on line 0
PHP Warning:  Module 'Phar' already loaded in Unknown on line 0
>>> HYBRID SYNC STARTED: 2026-09-19 to 2026-09-20 <<<
>>> USING POSTGRESQL FINAL LOGIN CALCULATION FOR CSR/AGENT <<<
Fetching from Main... Found 585 records.
Fetching from Amazon... Found 129 records.

>>> SYNC RESULTS <<<
Total records synced: 433
Fixed/Updated records: 0

WARNING: 184 CSR records still have work > 8 hours.

>>> Sync Complete <<<
PHP Warning:  PHP Startup: Unable to load dynamic library 'fileinfo.so' (tried: /usr/lib64/php7/extensions/fileinfo.so (/usr/lib64/php7/extensions/fileinfo.so: cannot open shared object file: No such file or directory), /usr/lib64/php7/extensions/fileinfo.so.so (/usr/lib64/php7/extensions/fileinfo.so.so: cannot open shared object file: No such file or directory)) in Unknown on line 0
PHP Warning:  Module 'pdo_pgsql' already loaded in Unknown on line 0
PHP Warning:  Module 'pgsql' already loaded in Unknown on line 0
PHP Warning:  Module 'Phar' already loaded in Unknown on line 0
>>> HYBRID SYNC STARTED: 2026-09-19 to 2026-09-20 <<<
>>> USING POSTGRESQL FINAL LOGIN CALCULATION FOR CSR/AGENT <<<
Fetching from Main... Found 585 records.
Fetching from Amazon... Found 129 records.

>>> SYNC RESULTS <<<
Total records synced: 433
Fixed/Updated records: 0

WARNING: 184 CSR records still have work > 8 hours.

>>> Sync Complete <<<
PHP Warning:  PHP Startup: Unable to load dynamic library 'fileinfo.so' (tried: /usr/lib64/php7/extensions/fileinfo.so (/usr/lib64/php7/extensions/fileinfo.so: cannot open shared object file: No such file or directory), /usr/lib64/php7/extensions/fileinfo.so.so (/usr/lib64/php7/extensions/fileinfo.so.so: cannot open shared object file: No such file or directory)) in Unknown on line 0
PHP Warning:  Module 'pdo_pgsql' already loaded in Unknown on line 0
PHP Warning:  Module 'pgsql' already loaded in Unknown on line 0
PHP Warning:  Module 'Phar' already loaded in Unknown on line 0
>>> HYBRID SYNC STARTED: 2026-09-19 to 2026-09-20 <<<
>>> USING POSTGRESQL FINAL LOGIN CALCULATION FOR CSR/AGENT <<<
Fetching from Main... Found 585 records.
Fetching from Amazon... Found 129 records.

>>> SYNC RESULTS <<<
Total records synced: 433
Fixed/Updated records: 0

WARNING: 184 CSR records still have work > 8 hours.

>>> Sync Complete <<<
PHP Warning:  PHP Startup: Unable to load dynamic library 'fileinfo.so' (tried: /usr/lib64/php7/extensions/fileinfo.so (/usr/lib64/php7/extensions/fileinfo.so: cannot open shared object file: No such file or directory), /usr/lib64/php7/extensions/fileinfo.so.so (/usr/lib64/php7/extensions/fileinfo.so.so: cannot open shared object file: No such file or directory)) in Unknown on line 0
PHP Warning:  Module 'pdo_pgsql' already loaded in Unknown on line 0
PHP Warning:  Module 'pgsql' already loaded in Unknown on line 0
PHP Warning:  Module 'Phar' already loaded in Unknown on line 0
>>> HYBRID SYNC STARTED: 2026-09-19 to 2026-09-20 <<<
>>> USING POSTGRESQL FINAL LOGIN CALCULATION FOR CSR/AGENT <<<
Fetching from Main... Found 585 records.
Fetching from Amazon... Found 129 records.

>>> SYNC RESULTS <<<
Total records synced: 433
Fixed/Updated records: 0

WARNING: 184 CSR records still have work > 8 hours.

>>> Sync Complete <<<
PHP Warning:  PHP Startup: Unable to load dynamic library 'fileinfo.so' (tried: /usr/lib64/php7/extensions/fileinfo.so (/usr/lib64/php7/extensions/fileinfo.so: cannot open shared object file: No such file or directory), /usr/lib64/php7/extensions/fileinfo.so.so (/usr/lib64/php7/extensions/fileinfo.so.so: cannot open shared object file: No such file or directory)) in Unknown on line 0
PHP Warning:  Module 'pdo_pgsql' already loaded in Unknown on line 0
PHP Warning:  Module 'pgsql' already loaded in Unknown on line 0
PHP Warning:  Module 'Phar' already loaded in Unknown on line 0
>>> HYBRID SYNC STARTED: 2026-09-19 to 2026-09-20 <<<
>>> USING POSTGRESQL FINAL LOGIN CALCULATION FOR CSR/AGENT <<<
Fetching from Main... Found 585 records.
Fetching from Amazon... Found 129 records.

>>> SYNC RESULTS <<<
Total records synced: 433
Fixed/Updated records: 0

WARNING: 184 CSR records still have work > 8 hours.

>>> Sync Complete <<<
PHP Warning:  PHP Startup: Unable to load dynamic library 'fileinfo.so' (tried: /usr/lib64/php7/extensions/fileinfo.so (/usr/lib64/php7/extensions/fileinfo.so: cannot open shared object file: No such file or directory), /usr/lib64/php7/extensions/fileinfo.so.so (/usr/lib64/php7/extensions/fileinfo.so.so: cannot open shared object file: No such file or directory)) in Unknown on line 0
PHP Warning:  Module 'pdo_pgsql' already loaded in Unknown on line 0
PHP Warning:  Module 'pgsql' already loaded in Unknown on line 0
PHP Warning:  Module 'Phar' already loaded in Unknown on line 0
>>> HYBRID SYNC STARTED: 2026-09-19 to 2026-09-20 <<<
>>> USING POSTGRESQL FINAL LOGIN CALCULATION FOR CSR/AGENT <<<
Fetching from Main... Found 585 records.
Fetching from Amazon... Found 129 records.

>>> SYNC RESULTS <<<
Total records synced: 433
Fixed/Updated records: 0

WARNING: 184 CSR records still have work > 8 hours.

>>> Sync Complete <<<
PHP Warning:  PHP Startup: Unable to load dynamic library 'fileinfo.so' (tried: /usr/lib64/php7/extensions/fileinfo.so (/usr/lib64/php7/extensions/fileinfo.so: cannot open shared object file: No such file or directory), /usr/lib64/php7/extensions/fileinfo.so.so (/usr/lib64/php7/extensions/fileinfo.so.so: cannot open shared object file: No such file or directory)) in Unknown on line 0
PHP Warning:  Module 'pdo_pgsql' already loaded in Unknown on line 0
PHP Warning:  Module 'pgsql' already loaded in Unknown on line 0
PHP Warning:  Module 'Phar' already loaded in Unknown on line 0
>>> HYBRID SYNC STARTED: 2026-09-19 to 2026-09-20 <<<
>>> USING POSTGRESQL FINAL LOGIN CALCULATION FOR CSR/AGENT <<<
Fetching from Main... Found 585 records.
Fetching from Amazon... Found 129 records.

>>> SYNC RESULTS <<<
Total records synced: 433
Fixed/Updated records: 0

WARNING: 184 CSR records still have work > 8 hours.

>>> Sync Complete <<<
PHP Warning:  PHP Startup: Unable to load dynamic library 'fileinfo.so' (tried: /usr/lib64/php7/extensions/fileinfo.so (/usr/lib64/php7/extensions/fileinfo.so: cannot open shared object file: No such file or directory), /usr/lib64/php7/extensions/fileinfo.so.so (/usr/lib64/php7/extensions/fileinfo.so.so: cannot open shared object file: No such file or directory)) in Unknown on line 0
PHP Warning:  Module 'pdo_pgsql' already loaded in Unknown on line 0
PHP Warning:  Module 'pgsql' already loaded in Unknown on line 0
PHP Warning:  Module 'Phar' already loaded in Unknown on line 0
>>> HYBRID SYNC STARTED: 2026-09-19 to 2026-09-20 <<<
>>> USING POSTGRESQL FINAL LOGIN CALCULATION FOR CSR/AGENT <<<
Fetching from Main... Found 585 records.
Fetching from Amazon... Found 129 records.

>>> SYNC RESULTS <<<
Total records synced: 433
Fixed/Updated records: 0

WARNING: 184 CSR records still have work > 8 hours.

>>> Sync Complete <<<
PHP Warning:  PHP Startup: Unable to load dynamic library 'fileinfo.so' (tried: /usr/lib64/php7/extensions/fileinfo.so (/usr/lib64/php7/extensions/fileinfo.so: cannot open shared object file: No such file or directory), /usr/lib64/php7/extensions/fileinfo.so.so (/usr/lib64/php7/extensions/fileinfo.so.so: cannot open shared object file: No such file or directory)) in Unknown on line 0
PHP Warning:  Module 'pdo_pgsql' already loaded in Unknown on line 0
PHP Warning:  Module 'pgsql' already loaded in Unknown on line 0
PHP Warning:  Module 'Phar' already loaded in Unknown on line 0
>>> HYBRID SYNC STARTED: 2026-09-19 to 2026-09-20 <<<
>>> USING POSTGRESQL FINAL LOGIN CALCULATION FOR CSR/AGENT <<<
Fetching from Main... Found 585 records.
Fetching from Amazon... Found 129 records.

>>> SYNC RESULTS <<<
Total records synced: 433
Fixed/Updated records: 0

WARNING: 184 CSR records still have work > 8 hours.

>>> Sync Complete <<<
PHP Warning:  PHP Startup: Unable to load dynamic library 'fileinfo.so' (tried: /usr/lib64/php7/extensions/fileinfo.so (/usr/lib64/php7/extensions/fileinfo.so: cannot open shared object file: No such file or directory), /usr/lib64/php7/extensions/fileinfo.so.so (/usr/lib64/php7/extensions/fileinfo.so.so: cannot open shared object file: No such file or directory)) in Unknown on line 0
PHP Warning:  Module 'pdo_pgsql' already loaded in Unknown on line 0
PHP Warning:  Module 'pgsql' already loaded in Unknown on line 0
PHP Warning:  Module 'Phar' already loaded in Unknown on line 0
>>> HYBRID SYNC STARTED: 2026-09-19 to 2026-09-20 <<<
>>> USING POSTGRESQL FINAL LOGIN CALCULATION FOR CSR/AGENT <<<
Fetching from Main... Found 585 records.
Fetching from Amazon... Found 129 records.

>>> SYNC RESULTS <<<
Total records synced: 433
Fixed/Updated records: 0

WARNING: 184 CSR records still have work > 8 hours.

>>> Sync Complete <<<
PHP Warning:  PHP Startup: Unable to load dynamic library 'fileinfo.so' (tried: /usr/lib64/php7/extensions/fileinfo.so (/usr/lib64/php7/extensions/fileinfo.so: cannot open shared object file: No such file or directory), /usr/lib64/php7/extensions/fileinfo.so.so (/usr/lib64/php7/extensions/fileinfo.so.so: cannot open shared object file: No such file or directory)) in Unknown on line 0
PHP Warning:  Module 'pdo_pgsql' already loaded in Unknown on line 0
PHP Warning:  Module 'pgsql' already loaded in Unknown on line 0
PHP Warning:  Module 'Phar' already loaded in Unknown on line 0
>>> HYBRID SYNC STARTED: 2026-09-20 to 2026-09-21 <<<
>>> USING POSTGRESQL FINAL LOGIN CALCULATION FOR CSR/AGENT <<<
Fetching from Main... Found 95 records.
Fetching from Amazon... Found 0 records.

>>> SYNC RESULTS <<<
Total records synced: 62
Fixed/Updated records: 0

? ALL CSR records verified with correct work hours (<= 8 hours)

>>> Sync Complete <<<
PHP Warning:  PHP Startup: Unable to load dynamic library 'fileinfo.so' (tried: /usr/lib64/php7/extensions/fileinfo.so (/usr/lib64/php7/extensions/fileinfo.so: cannot open shared object file: No such file or directory), /usr/lib64/php7/extensions/fileinfo.so.so (/usr/lib64/php7/extensions/fileinfo.so.so: cannot open shared object file: No such file or directory)) in Unknown on line 0
PHP Warning:  Module 'pdo_pgsql' already loaded in Unknown on line 0
PHP Warning:  Module 'pgsql' already loaded in Unknown on line 0
PHP Warning:  Module 'Phar' already loaded in Unknown on line 0
>>> HYBRID SYNC STARTED: 2026-09-20 to 2026-09-21 <<<
>>> USING POSTGRESQL FINAL LOGIN CALCULATION FOR CSR/AGENT <<<
Fetching from Main... Found 106 records.
Fetching from Amazon... Found 0 records.

>>> SYNC RESULTS <<<
Total records synced: 67
Fixed/Updated records: 0

? ALL CSR records verified with correct work hours (<= 8 hours)

>>> Sync Complete <<<
PHP Warning:  PHP Startup: Unable to load dynamic library 'fileinfo.so' (tried: /usr/lib64/php7/extensions/fileinfo.so (/usr/lib64/php7/extensions/fileinfo.so: cannot open shared object file: No such file or directory), /usr/lib64/php7/extensions/fileinfo.so.so (/usr/lib64/php7/extensions/fileinfo.so.so: cannot open shared object file: No such file or directory)) in Unknown on line 0
PHP Warning:  Module 'pdo_pgsql' already loaded in Unknown on line 0
PHP Warning:  Module 'pgsql' already loaded in Unknown on line 0
PHP Warning:  Module 'Phar' already loaded in Unknown on line 0
>>> HYBRID SYNC STARTED: 2026-09-20 to 2026-09-21 <<<
>>> USING POSTGRESQL FINAL LOGIN CALCULATION FOR CSR/AGENT <<<
Fetching from Main... Found 106 records.
Fetching from Amazon... Found 0 records.

>>> SYNC RESULTS <<<
Total records synced: 67
Fixed/Updated records: 0

? ALL CSR records verified with correct work hours (<= 8 hours)

>>> Sync Complete <<<
PHP Warning:  PHP Startup: Unable to load dynamic library 'fileinfo.so' (tried: /usr/lib64/php7/extensions/fileinfo.so (/usr/lib64/php7/extensions/fileinfo.so: cannot open shared object file: No such file or directory), /usr/lib64/php7/extensions/fileinfo.so.so (/usr/lib64/php7/extensions/fileinfo.so.so: cannot open shared object file: No such file or directory)) in Unknown on line 0
PHP Warning:  Module 'pdo_pgsql' already loaded in Unknown on line 0
PHP Warning:  Module 'pgsql' already loaded in Unknown on line 0
PHP Warning:  Module 'Phar' already loaded in Unknown on line 0
>>> HYBRID SYNC STARTED: 2026-09-20 to 2026-09-21 <<<
>>> USING POSTGRESQL FINAL LOGIN CALCULATION FOR CSR/AGENT <<<
Fetching from Main... Found 106 records.
Fetching from Amazon... Found 0 records.

>>> SYNC RESULTS <<<
Total records synced: 67
Fixed/Updated records: 0

? ALL CSR records verified with correct work hours (<= 8 hours)

>>> Sync Complete <<<
PHP Warning:  PHP Startup: Unable to load dynamic library 'fileinfo.so' (tried: /usr/lib64/php7/extensions/fileinfo.so (/usr/lib64/php7/extensions/fileinfo.so: cannot open shared object file: No such file or directory), /usr/lib64/php7/extensions/fileinfo.so.so (/usr/lib64/php7/extensions/fileinfo.so.so: cannot open shared object file: No such file or directory)) in Unknown on line 0
PHP Warning:  Module 'pdo_pgsql' already loaded in Unknown on line 0
PHP Warning:  Module 'pgsql' already loaded in Unknown on line 0
PHP Warning:  Module 'Phar' already loaded in Unknown on line 0
>>> HYBRID SYNC STARTED: 2026-09-20 to 2026-09-21 <<<
>>> USING POSTGRESQL FINAL LOGIN CALCULATION FOR CSR/AGENT <<<
Fetching from Main... Found 106 records.
Fetching from Amazon... Found 0 records.

>>> SYNC RESULTS <<<
Total records synced: 67
Fixed/Updated records: 0

? ALL CSR records verified with correct work hours (<= 8 hours)

>>> Sync Complete <<<
PHP Warning:  PHP Startup: Unable to load dynamic library 'fileinfo.so' (tried: /usr/lib64/php7/extensions/fileinfo.so (/usr/lib64/php7/extensions/fileinfo.so: cannot open shared object file: No such file or directory), /usr/lib64/php7/extensions/fileinfo.so.so (/usr/lib64/php7/extensions/fileinfo.so.so: cannot open shared object file: No such file or directory)) in Unknown on line 0
PHP Warning:  Module 'pdo_pgsql' already loaded in Unknown on line 0
PHP Warning:  Module 'pgsql' already loaded in Unknown on line 0
PHP Warning:  Module 'Phar' already loaded in Unknown on line 0
>>> HYBRID SYNC STARTED: 2026-09-20 to 2026-09-21 <<<
>>> USING POSTGRESQL FINAL LOGIN CALCULATION FOR CSR/AGENT <<<
Fetching from Main... Found 106 records.
Fetching from Amazon... Found 0 records.

>>> SYNC RESULTS <<<
Total records synced: 67
Fixed/Updated records: 0

? ALL CSR records verified with correct work hours (<= 8 hours)

>>> Sync Complete <<<
PHP Warning:  PHP Startup: Unable to load dynamic library 'fileinfo.so' (tried: /usr/lib64/php7/extensions/fileinfo.so (/usr/lib64/php7/extensions/fileinfo.so: cannot open shared object file: No such file or directory), /usr/lib64/php7/extensions/fileinfo.so.so (/usr/lib64/php7/extensions/fileinfo.so.so: cannot open shared object file: No such file or directory)) in Unknown on line 0
PHP Warning:  Module 'pdo_pgsql' already loaded in Unknown on line 0
PHP Warning:  Module 'pgsql' already loaded in Unknown on line 0
PHP Warning:  Module 'Phar' already loaded in Unknown on line 0
>>> HYBRID SYNC STARTED: 2026-09-20 to 2026-09-21 <<<
>>> USING POSTGRESQL FINAL LOGIN CALCULATION FOR CSR/AGENT <<<
Fetching from Main... Found 106 records.
Fetching from Amazon... Found 0 records.

>>> SYNC RESULTS <<<
Total records synced: 67
Fixed/Updated records: 0

? ALL CSR records verified with correct work hours (<= 8 hours)

>>> Sync Complete <<<
PHP Warning:  PHP Startup: Unable to load dynamic library 'fileinfo.so' (tried: /usr/lib64/php7/extensions/fileinfo.so (/usr/lib64/php7/extensions/fileinfo.so: cannot open shared object file: No such file or directory), /usr/lib64/php7/extensions/fileinfo.so.so (/usr/lib64/php7/extensions/fileinfo.so.so: cannot open shared object file: No such file or directory)) in Unknown on line 0
PHP Warning:  Module 'pdo_pgsql' already loaded in Unknown on line 0
PHP Warning:  Module 'pgsql' already loaded in Unknown on line 0
PHP Warning:  Module 'Phar' already loaded in Unknown on line 0
>>> HYBRID SYNC STARTED: 2026-09-20 to 2026-09-21 <<<
>>> USING POSTGRESQL FINAL LOGIN CALCULATION FOR CSR/AGENT <<<
Fetching from Main... Found 106 records.
Fetching from Amazon... Found 0 records.

>>> SYNC RESULTS <<<
Total records synced: 67
Fixed/Updated records: 0

? ALL CSR records verified with correct work hours (<= 8 hours)

>>> Sync Complete <<<
PHP Warning:  PHP Startup: Unable to load dynamic library 'fileinfo.so' (tried: /usr/lib64/php7/extensions/fileinfo.so (/usr/lib64/php7/extensions/fileinfo.so: cannot open shared object file: No such file or directory), /usr/lib64/php7/extensions/fileinfo.so.so (/usr/lib64/php7/extensions/fileinfo.so.so: cannot open shared object file: No such file or directory)) in Unknown on line 0
PHP Warning:  Module 'pdo_pgsql' already loaded in Unknown on line 0
PHP Warning:  Module 'pgsql' already loaded in Unknown on line 0
PHP Warning:  Module 'Phar' already loaded in Unknown on line 0
>>> HYBRID SYNC STARTED: 2026-09-20 to 2026-09-21 <<<
>>> USING POSTGRESQL FINAL LOGIN CALCULATION FOR CSR/AGENT <<<
Fetching from Main... Found 106 records.
Fetching from Amazon... Found 0 records.

>>> SYNC RESULTS <<<
Total records synced: 67
Fixed/Updated records: 0

? ALL CSR records verified with correct work hours (<= 8 hours)

>>> Sync Complete <<<
PHP Warning:  PHP Startup: Unable to load dynamic library 'fileinfo.so' (tried: /usr/lib64/php7/extensions/fileinfo.so (/usr/lib64/php7/extensions/fileinfo.so: cannot open shared object file: No such file or directory), /usr/lib64/php7/extensions/fileinfo.so.so (/usr/lib64/php7/extensions/fileinfo.so.so: cannot open shared object file: No such file or directory)) in Unknown on line 0
PHP Warning:  Module 'pdo_pgsql' already loaded in Unknown on line 0
PHP Warning:  Module 'pgsql' already loaded in Unknown on line 0
PHP Warning:  Module 'Phar' already loaded in Unknown on line 0
>>> HYBRID SYNC STARTED: 2026-09-20 to 2026-09-21 <<<
>>> USING POSTGRESQL FINAL LOGIN CALCULATION FOR CSR/AGENT <<<
Fetching from Main... Found 106 records.
Fetching from Amazon... Found 0 records.

>>> SYNC RESULTS <<<
Total records synced: 67
Fixed/Updated records: 0

? ALL CSR records verified with correct work hours (<= 8 hours)

>>> Sync Complete <<<
PHP Warning:  PHP Startup: Unable to load dynamic library 'fileinfo.so' (tried: /usr/lib64/php7/extensions/fileinfo.so (/usr/lib64/php7/extensions/fileinfo.so: cannot open shared object file: No such file or directory), /usr/lib64/php7/extensions/fileinfo.so.so (/usr/lib64/php7/extensions/fileinfo.so.so: cannot open shared object file: No such file or directory)) in Unknown on line 0
PHP Warning:  Module 'pdo_pgsql' already loaded in Unknown on line 0
PHP Warning:  Module 'pgsql' already loaded in Unknown on line 0
PHP Warning:  Module 'Phar' already loaded in Unknown on line 0
>>> HYBRID SYNC STARTED: 2026-09-20 to 2026-09-21 <<<
>>> USING POSTGRESQL FINAL LOGIN CALCULATION FOR CSR/AGENT <<<
Fetching from Main... Found 106 records.
Fetching from Amazon... Found 0 records.

>>> SYNC RESULTS <<<
Total records synced: 67
Fixed/Updated records: 0

? ALL CSR records verified with correct work hours (<= 8 hours)

>>> Sync Complete <<<
PHP Warning:  PHP Startup: Unable to load dynamic library 'fileinfo.so' (tried: /usr/lib64/php7/extensions/fileinfo.so (/usr/lib64/php7/extensions/fileinfo.so: cannot open shared object file: No such file or directory), /usr/lib64/php7/extensions/fileinfo.so.so (/usr/lib64/php7/extensions/fileinfo.so.so: cannot open shared object file: No such file or directory)) in Unknown on line 0
PHP Warning:  Module 'pdo_pgsql' already loaded in Unknown on line 0
PHP Warning:  Module 'pgsql' already loaded in Unknown on line 0
PHP Warning:  Module 'Phar' already loaded in Unknown on line 0
>>> HYBRID SYNC STARTED: 2026-09-20 to 2026-09-21 <<<
>>> USING POSTGRESQL FINAL LOGIN CALCULATION FOR CSR/AGENT <<<
Fetching from Main... Found 106 records.
Fetching from Amazon... Found 0 records.

>>> SYNC RESULTS <<<
Total records synced: 67
Fixed/Updated records: 0

? ALL CSR records verified with correct work hours (<= 8 hours)

>>> Sync Complete <<<
PHP Warning:  PHP Startup: Unable to load dynamic library 'fileinfo.so' (tried: /usr/lib64/php7/extensions/fileinfo.so (/usr/lib64/php7/extensions/fileinfo.so: cannot open shared object file: No such file or directory), /usr/lib64/php7/extensions/fileinfo.so.so (/usr/lib64/php7/extensions/fileinfo.so.so: cannot open shared object file: No such file or directory)) in Unknown on line 0
PHP Warning:  Module 'pdo_pgsql' already loaded in Unknown on line 0
PHP Warning:  Module 'pgsql' already loaded in Unknown on line 0
PHP Warning:  Module 'Phar' already loaded in Unknown on line 0
>>> HYBRID SYNC STARTED: 2026-09-20 to 2026-09-21 <<<
>>> USING POSTGRESQL FINAL LOGIN CALCULATION FOR CSR/AGENT <<<
Fetching from Main... Found 106 records.
Fetching from Amazon... Found 0 records.

>>> SYNC RESULTS <<<
Total records synced: 67
Fixed/Updated records: 0

? ALL CSR records verified with correct work hours (<= 8 hours)

>>> Sync Complete <<<
PHP Warning:  PHP Startup: Unable to load dynamic library 'fileinfo.so' (tried: /usr/lib64/php7/extensions/fileinfo.so (/usr/lib64/php7/extensions/fileinfo.so: cannot open shared object file: No such file or directory), /usr/lib64/php7/extensions/fileinfo.so.so (/usr/lib64/php7/extensions/fileinfo.so.so: cannot open shared object file: No such file or directory)) in Unknown on line 0
PHP Warning:  Module 'pdo_pgsql' already loaded in Unknown on line 0
PHP Warning:  Module 'pgsql' already loaded in Unknown on line 0
PHP Warning:  Module 'Phar' already loaded in Unknown on line 0
>>> HYBRID SYNC STARTED: 2026-09-20 to 2026-09-21 <<<
>>> USING POSTGRESQL FINAL LOGIN CALCULATION FOR CSR/AGENT <<<
Fetching from Main... Found 106 records.
Fetching from Amazon... Found 0 records.

>>> SYNC RESULTS <<<
Total records synced: 67
Fixed/Updated records: 0

? ALL CSR records verified with correct work hours (<= 8 hours)

>>> Sync Complete <<<
PHP Warning:  PHP Startup: Unable to load dynamic library 'fileinfo.so' (tried: /usr/lib64/php7/extensions/fileinfo.so (/usr/lib64/php7/extensions/fileinfo.so: cannot open shared object file: No such file or directory), /usr/lib64/php7/extensions/fileinfo.so.so (/usr/lib64/php7/extensions/fileinfo.so.so: cannot open shared object file: No such file or directory)) in Unknown on line 0
PHP Warning:  Module 'pdo_pgsql' already loaded in Unknown on line 0
PHP Warning:  Module 'pgsql' already loaded in Unknown on line 0
PHP Warning:  Module 'Phar' already loaded in Unknown on line 0
>>> HYBRID SYNC STARTED: 2026-09-20 to 2026-09-21 <<<
>>> USING POSTGRESQL FINAL LOGIN CALCULATION FOR CSR/AGENT <<<
Fetching from Main... Found 106 records.
Fetching from Amazon... Found 0 records.

>>> SYNC RESULTS <<<
Total records synced: 67
Fixed/Updated records: 0

? ALL CSR records verified with correct work hours (<= 8 hours)

>>> Sync Complete <<<
PHP Warning:  PHP Startup: Unable to load dynamic library 'fileinfo.so' (tried: /usr/lib64/php7/extensions/fileinfo.so (/usr/lib64/php7/extensions/fileinfo.so: cannot open shared object file: No such file or directory), /usr/lib64/php7/extensions/fileinfo.so.so (/usr/lib64/php7/extensions/fileinfo.so.so: cannot open shared object file: No such file or directory)) in Unknown on line 0
PHP Warning:  Module 'pdo_pgsql' already loaded in Unknown on line 0
PHP Warning:  Module 'pgsql' already loaded in Unknown on line 0
PHP Warning:  Module 'Phar' already loaded in Unknown on line 0
>>> HYBRID SYNC STARTED: 2026-09-20 to 2026-09-21 <<<
>>> USING POSTGRESQL FINAL LOGIN CALCULATION FOR CSR/AGENT <<<
Fetching from Main... Found 106 records.
Fetching from Amazon... Found 0 records.

>>> SYNC RESULTS <<<
Total records synced: 67
Fixed/Updated records: 0

? ALL CSR records verified with correct work hours (<= 8 hours)

>>> Sync Complete <<<
PHP Warning:  PHP Startup: Unable to load dynamic library 'fileinfo.so' (tried: /usr/lib64/php7/extensions/fileinfo.so (/usr/lib64/php7/extensions/fileinfo.so: cannot open shared object file: No such file or directory), /usr/lib64/php7/extensions/fileinfo.so.so (/usr/lib64/php7/extensions/fileinfo.so.so: cannot open shared object file: No such file or directory)) in Unknown on line 0
PHP Warning:  Module 'pdo_pgsql' already loaded in Unknown on line 0
PHP Warning:  Module 'pgsql' already loaded in Unknown on line 0
PHP Warning:  Module 'Phar' already loaded in Unknown on line 0
>>> HYBRID SYNC STARTED: 2026-09-20 to 2026-09-21 <<<
>>> USING POSTGRESQL FINAL LOGIN CALCULATION FOR CSR/AGENT <<<
Fetching from Main... Found 106 records.
Fetching from Amazon... Found 0 records.

>>> SYNC RESULTS <<<
Total records synced: 67
Fixed/Updated records: 0

? ALL CSR records verified with correct work hours (<= 8 hours)

>>> Sync Complete <<<
PHP Warning:  PHP Startup: Unable to load dynamic library 'fileinfo.so' (tried: /usr/lib64/php7/extensions/fileinfo.so (/usr/lib64/php7/extensions/fileinfo.so: cannot open shared object file: No such file or directory), /usr/lib64/php7/extensions/fileinfo.so.so (/usr/lib64/php7/extensions/fileinfo.so.so: cannot open shared object file: No such file or directory)) in Unknown on line 0
PHP Warning:  Module 'pdo_pgsql' already loaded in Unknown on line 0
PHP Warning:  Module 'pgsql' already loaded in Unknown on line 0
PHP Warning:  Module 'Phar' already loaded in Unknown on line 0
>>> HYBRID SYNC STARTED: 2026-09-20 to 2026-09-21 <<<
>>> USING POSTGRESQL FINAL LOGIN CALCULATION FOR CSR/AGENT <<<
Fetching from Main... Found 106 records.
Fetching from Amazon... Found 0 records.

>>> SYNC RESULTS <<<
Total records synced: 67
Fixed/Updated records: 0

? ALL CSR records verified with correct work hours (<= 8 hours)

>>> Sync Complete <<<
PHP Warning:  PHP Startup: Unable to load dynamic library 'fileinfo.so' (tried: /usr/lib64/php7/extensions/fileinfo.so (/usr/lib64/php7/extensions/fileinfo.so: cannot open shared object file: No such file or directory), /usr/lib64/php7/extensions/fileinfo.so.so (/usr/lib64/php7/extensions/fileinfo.so.so: cannot open shared object file: No such file or directory)) in Unknown on line 0
PHP Warning:  Module 'pdo_pgsql' already loaded in Unknown on line 0
PHP Warning:  Module 'pgsql' already loaded in Unknown on line 0
PHP Warning:  Module 'Phar' already loaded in Unknown on line 0
>>> HYBRID SYNC STARTED: 2026-09-20 to 2026-09-21 <<<
>>> USING POSTGRESQL FINAL LOGIN CALCULATION FOR CSR/AGENT <<<
Fetching from Main... Found 113 records.
Fetching from Amazon... Found 4 records.

>>> SYNC RESULTS <<<
Total records synced: 71
Fixed/Updated records: 0

? ALL CSR records verified with correct work hours (<= 8 hours)

>>> Sync Complete <<<
PHP Warning:  PHP Startup: Unable to load dynamic library 'fileinfo.so' (tried: /usr/lib64/php7/extensions/fileinfo.so (/usr/lib64/php7/extensions/fileinfo.so: cannot open shared object file: No such file or directory), /usr/lib64/php7/extensions/fileinfo.so.so (/usr/lib64/php7/extensions/fileinfo.so.so: cannot open shared object file: No such file or directory)) in Unknown on line 0
PHP Warning:  Module 'pdo_pgsql' already loaded in Unknown on line 0
PHP Warning:  Module 'pgsql' already loaded in Unknown on line 0
PHP Warning:  Module 'Phar' already loaded in Unknown on line 0
>>> HYBRID SYNC STARTED: 2026-09-20 to 2026-09-21 <<<
>>> USING POSTGRESQL FINAL LOGIN CALCULATION FOR CSR/AGENT <<<
Fetching from Main... Found 187 records.
Fetching from Amazon... Found 24 records.

>>> SYNC RESULTS <<<
Total records synced: 99
Fixed/Updated records: 0

? ALL CSR records verified with correct work hours (<= 8 hours)

>>> Sync Complete <<<
PHP Warning:  PHP Startup: Unable to load dynamic library 'fileinfo.so' (tried: /usr/lib64/php7/extensions/fileinfo.so (/usr/lib64/php7/extensions/fileinfo.so: cannot open shared object file: No such file or directory), /usr/lib64/php7/extensions/fileinfo.so.so (/usr/lib64/php7/extensions/fileinfo.so.so: cannot open shared object file: No such file or directory)) in Unknown on line 0
PHP Warning:  Module 'pdo_pgsql' already loaded in Unknown on line 0
PHP Warning:  Module 'pgsql' already loaded in Unknown on line 0
PHP Warning:  Module 'Phar' already loaded in Unknown on line 0
>>> HYBRID SYNC STARTED: 2026-09-20 to 2026-09-21 <<<
>>> USING POSTGRESQL FINAL LOGIN CALCULATION FOR CSR/AGENT <<<
Fetching from Main... Found 523 records.
Fetching from Amazon... Found 115 records.

>>> SYNC RESULTS <<<
Total records synced: 375
Fixed/Updated records: 0

? ALL CSR records verified with correct work hours (<= 8 hours)

>>> Sync Complete <<<
PHP Warning:  PHP Startup: Unable to load dynamic library 'fileinfo.so' (tried: /usr/lib64/php7/extensions/fileinfo.so (/usr/lib64/php7/extensions/fileinfo.so: cannot open shared object file: No such file or directory), /usr/lib64/php7/extensions/fileinfo.so.so (/usr/lib64/php7/extensions/fileinfo.so.so: cannot open shared object file: No such file or directory)) in Unknown on line 0
PHP Warning:  Module 'pdo_pgsql' already loaded in Unknown on line 0
PHP Warning:  Module 'pgsql' already loaded in Unknown on line 0
PHP Warning:  Module 'Phar' already loaded in Unknown on line 0
>>> HYBRID SYNC STARTED: 2026-09-20 to 2026-09-21 <<<
>>> USING POSTGRESQL FINAL LOGIN CALCULATION FOR CSR/AGENT <<<
Fetching from Main... Found 580 records.
Fetching from Amazon... Found 132 records.

>>> SYNC RESULTS <<<
Total records synced: 446
Fixed/Updated records: 0

? ALL CSR records verified with correct work hours (<= 8 hours)

>>> Sync Complete <<<
PHP Warning:  PHP Startup: Unable to load dynamic library 'fileinfo.so' (tried: /usr/lib64/php7/extensions/fileinfo.so (/usr/lib64/php7/extensions/fileinfo.so: cannot open shared object file: No such file or directory), /usr/lib64/php7/extensions/fileinfo.so.so (/usr/lib64/php7/extensions/fileinfo.so.so: cannot open shared object file: No such file or directory)) in Unknown on line 0
PHP Warning:  Module 'pdo_pgsql' already loaded in Unknown on line 0
PHP Warning:  Module 'pgsql' already loaded in Unknown on line 0
PHP Warning:  Module 'Phar' already loaded in Unknown on line 0
>>> HYBRID SYNC STARTED: 2026-09-20 to 2026-09-21 <<<
>>> USING POSTGRESQL FINAL LOGIN CALCULATION FOR CSR/AGENT <<<
Fetching from Main... Found 588 records.
Fetching from Amazon... Found 136 records.

>>> SYNC RESULTS <<<
Total records synced: 452
Fixed/Updated records: 0

? ALL CSR records verified with correct work hours (<= 8 hours)

>>> Sync Complete <<<
PHP Warning:  PHP Startup: Unable to load dynamic library 'fileinfo.so' (tried: /usr/lib64/php7/extensions/fileinfo.so (/usr/lib64/php7/extensions/fileinfo.so: cannot open shared object file: No such file or directory), /usr/lib64/php7/extensions/fileinfo.so.so (/usr/lib64/php7/extensions/fileinfo.so.so: cannot open shared object file: No such file or directory)) in Unknown on line 0
PHP Warning:  Module 'pdo_pgsql' already loaded in Unknown on line 0
PHP Warning:  Module 'pgsql' already loaded in Unknown on line 0
PHP Warning:  Module 'Phar' already loaded in Unknown on line 0
>>> HYBRID SYNC STARTED: 2026-09-20 to 2026-09-21 <<<
>>> USING POSTGRESQL FINAL LOGIN CALCULATION FOR CSR/AGENT <<<
Fetching from Main... Found 593 records.
Fetching from Amazon... Found 136 records.

>>> SYNC RESULTS <<<
Total records synced: 456
Fixed/Updated records: 0

? ALL CSR records verified with correct work hours (<= 8 hours)

>>> Sync Complete <<<
PHP Warning:  PHP Startup: Unable to load dynamic library 'fileinfo.so' (tried: /usr/lib64/php7/extensions/fileinfo.so (/usr/lib64/php7/extensions/fileinfo.so: cannot open shared object file: No such file or directory), /usr/lib64/php7/extensions/fileinfo.so.so (/usr/lib64/php7/extensions/fileinfo.so.so: cannot open shared object file: No such file or directory)) in Unknown on line 0
PHP Warning:  Module 'pdo_pgsql' already loaded in Unknown on line 0
PHP Warning:  Module 'pgsql' already loaded in Unknown on line 0
PHP Warning:  Module 'Phar' already loaded in Unknown on line 0
>>> HYBRID SYNC STARTED: 2026-09-20 to 2026-09-21 <<<
>>> USING POSTGRESQL FINAL LOGIN CALCULATION FOR CSR/AGENT <<<
Fetching from Main... Found 597 records.
Fetching from Amazon... Found 137 records.

>>> SYNC RESULTS <<<
Total records synced: 459
Fixed/Updated records: 0

? ALL CSR records verified with correct work hours (<= 8 hours)

>>> Sync Complete <<<
PHP Warning:  PHP Startup: Unable to load dynamic library 'fileinfo.so' (tried: /usr/lib64/php7/extensions/fileinfo.so (/usr/lib64/php7/extensions/fileinfo.so: cannot open shared object file: No such file or directory), /usr/lib64/php7/extensions/fileinfo.so.so (/usr/lib64/php7/extensions/fileinfo.so.so: cannot open shared object file: No such file or directory)) in Unknown on line 0
PHP Warning:  Module 'pdo_pgsql' already loaded in Unknown on line 0
PHP Warning:  Module 'pgsql' already loaded in Unknown on line 0
PHP Warning:  Module 'Phar' already loaded in Unknown on line 0
>>> HYBRID SYNC STARTED: 2026-09-20 to 2026-09-21 <<<
>>> USING POSTGRESQL FINAL LOGIN CALCULATION FOR CSR/AGENT <<<
Fetching from Main... Found 600 records.
Fetching from Amazon... Found 137 records.

>>> SYNC RESULTS <<<
Total records synced: 460
Fixed/Updated records: 0

? ALL CSR records verified with correct work hours (<= 8 hours)

>>> Sync Complete <<<
PHP Warning:  PHP Startup: Unable to load dynamic library 'fileinfo.so' (tried: /usr/lib64/php7/extensions/fileinfo.so (/usr/lib64/php7/extensions/fileinfo.so: cannot open shared object file: No such file or directory), /usr/lib64/php7/extensions/fileinfo.so.so (/usr/lib64/php7/extensions/fileinfo.so.so: cannot open shared object file: No such file or directory)) in Unknown on line 0
PHP Warning:  Module 'pdo_pgsql' already loaded in Unknown on line 0
PHP Warning:  Module 'pgsql' already loaded in Unknown on line 0
PHP Warning:  Module 'Phar' already loaded in Unknown on line 0
>>> HYBRID SYNC STARTED: 2026-09-20 to 2026-09-21 <<<
>>> USING POSTGRESQL FINAL LOGIN CALCULATION FOR CSR/AGENT <<<
Fetching from Main... Found 602 records.
Fetching from Amazon... Found 137 records.

>>> SYNC RESULTS <<<
Total records synced: 462
Fixed/Updated records: 0

? ALL CSR records verified with correct work hours (<= 8 hours)

>>> Sync Complete <<<
PHP Warning:  PHP Startup: Unable to load dynamic library 'fileinfo.so' (tried: /usr/lib64/php7/extensions/fileinfo.so (/usr/lib64/php7/extensions/fileinfo.so: cannot open shared object file: No such file or directory), /usr/lib64/php7/extensions/fileinfo.so.so (/usr/lib64/php7/extensions/fileinfo.so.so: cannot open shared object file: No such file or directory)) in Unknown on line 0
PHP Warning:  Module 'pdo_pgsql' already loaded in Unknown on line 0
PHP Warning:  Module 'pgsql' already loaded in Unknown on line 0
PHP Warning:  Module 'Phar' already loaded in Unknown on line 0
>>> HYBRID SYNC STARTED: 2026-09-20 to 2026-09-21 <<<
>>> USING POSTGRESQL FINAL LOGIN CALCULATION FOR CSR/AGENT <<<
Fetching from Main... Found 602 records.
Fetching from Amazon... Found 137 records.

>>> SYNC RESULTS <<<
Total records synced: 462
Fixed/Updated records: 0

? ALL CSR records verified with correct work hours (<= 8 hours)

>>> Sync Complete <<<
PHP Warning:  PHP Startup: Unable to load dynamic library 'fileinfo.so' (tried: /usr/lib64/php7/extensions/fileinfo.so (/usr/lib64/php7/extensions/fileinfo.so: cannot open shared object file: No such file or directory), /usr/lib64/php7/extensions/fileinfo.so.so (/usr/lib64/php7/extensions/fileinfo.so.so: cannot open shared object file: No such file or directory)) in Unknown on line 0
PHP Warning:  Module 'pdo_pgsql' already loaded in Unknown on line 0
PHP Warning:  Module 'pgsql' already loaded in Unknown on line 0
PHP Warning:  Module 'Phar' already loaded in Unknown on line 0
>>> HYBRID SYNC STARTED: 2026-09-20 to 2026-09-21 <<<
>>> USING POSTGRESQL FINAL LOGIN CALCULATION FOR CSR/AGENT <<<
Fetching from Main... Found 603 records.
Fetching from Amazon... Found 137 records.

>>> SYNC RESULTS <<<
Total records synced: 462
Fixed/Updated records: 0

? ALL CSR records verified with correct work hours (<= 8 hours)

>>> Sync Complete <<<
PHP Warning:  PHP Startup: Unable to load dynamic library 'fileinfo.so' (tried: /usr/lib64/php7/extensions/fileinfo.so (/usr/lib64/php7/extensions/fileinfo.so: cannot open shared object file: No such file or directory), /usr/lib64/php7/extensions/fileinfo.so.so (/usr/lib64/php7/extensions/fileinfo.so.so: cannot open shared object file: No such file or directory)) in Unknown on line 0
PHP Warning:  Module 'pdo_pgsql' already loaded in Unknown on line 0
PHP Warning:  Module 'pgsql' already loaded in Unknown on line 0
PHP Warning:  Module 'Phar' already loaded in Unknown on line 0
>>> HYBRID SYNC STARTED: 2026-09-20 to 2026-09-21 <<<
>>> USING POSTGRESQL FINAL LOGIN CALCULATION FOR CSR/AGENT <<<
Fetching from Main... Found 605 records.
Fetching from Amazon... Found 137 records.

>>> SYNC RESULTS <<<
Total records synced: 462
Fixed/Updated records: 0

? ALL CSR records verified with correct work hours (<= 8 hours)

>>> Sync Complete <<<
PHP Warning:  PHP Startup: Unable to load dynamic library 'fileinfo.so' (tried: /usr/lib64/php7/extensions/fileinfo.so (/usr/lib64/php7/extensions/fileinfo.so: cannot open shared object file: No such file or directory), /usr/lib64/php7/extensions/fileinfo.so.so (/usr/lib64/php7/extensions/fileinfo.so.so: cannot open shared object file: No such file or directory)) in Unknown on line 0
PHP Warning:  Module 'pdo_pgsql' already loaded in Unknown on line 0
PHP Warning:  Module 'pgsql' already loaded in Unknown on line 0
PHP Warning:  Module 'Phar' already loaded in Unknown on line 0
>>> HYBRID SYNC STARTED: 2026-09-20 to 2026-09-21 <<<
>>> USING POSTGRESQL FINAL LOGIN CALCULATION FOR CSR/AGENT <<<
Fetching from Main... Found 605 records.
Fetching from Amazon... Found 137 records.

>>> SYNC RESULTS <<<
Total records synced: 462
Fixed/Updated records: 0

? ALL CSR records verified with correct work hours (<= 8 hours)

>>> Sync Complete <<<
PHP Warning:  PHP Startup: Unable to load dynamic library 'fileinfo.so' (tried: /usr/lib64/php7/extensions/fileinfo.so (/usr/lib64/php7/extensions/fileinfo.so: cannot open shared object file: No such file or directory), /usr/lib64/php7/extensions/fileinfo.so.so (/usr/lib64/php7/extensions/fileinfo.so.so: cannot open shared object file: No such file or directory)) in Unknown on line 0
PHP Warning:  Module 'pdo_pgsql' already loaded in Unknown on line 0
PHP Warning:  Module 'pgsql' already loaded in Unknown on line 0
PHP Warning:  Module 'Phar' already loaded in Unknown on line 0
>>> HYBRID SYNC STARTED: 2026-09-20 to 2026-09-21 <<<
>>> USING POSTGRESQL FINAL LOGIN CALCULATION FOR CSR/AGENT <<<
Fetching from Main... Found 605 records.
Fetching from Amazon... Found 137 records.

>>> SYNC RESULTS <<<
Total records synced: 462
Fixed/Updated records: 0

? ALL CSR records verified with correct work hours (<= 8 hours)

>>> Sync Complete <<<
PHP Warning:  PHP Startup: Unable to load dynamic library 'fileinfo.so' (tried: /usr/lib64/php7/extensions/fileinfo.so (/usr/lib64/php7/extensions/fileinfo.so: cannot open shared object file: No such file or directory), /usr/lib64/php7/extensions/fileinfo.so.so (/usr/lib64/php7/extensions/fileinfo.so.so: cannot open shared object file: No such file or directory)) in Unknown on line 0
PHP Warning:  Module 'pdo_pgsql' already loaded in Unknown on line 0
PHP Warning:  Module 'pgsql' already loaded in Unknown on line 0
PHP Warning:  Module 'Phar' already loaded in Unknown on line 0
>>> HYBRID SYNC STARTED: 2026-09-20 to 2026-09-21 <<<
>>> USING POSTGRESQL FINAL LOGIN CALCULATION FOR CSR/AGENT <<<
Fetching from Main... Found 606 records.
Fetching from Amazon... Found 137 records.

>>> SYNC RESULTS <<<
Total records synced: 462
Fixed/Updated records: 0

? ALL CSR records verified with correct work hours (<= 8 hours)

>>> Sync Complete <<<
PHP Warning:  PHP Startup: Unable to load dynamic library 'fileinfo.so' (tried: /usr/lib64/php7/extensions/fileinfo.so (/usr/lib64/php7/extensions/fileinfo.so: cannot open shared object file: No such file or directory), /usr/lib64/php7/extensions/fileinfo.so.so (/usr/lib64/php7/extensions/fileinfo.so.so: cannot open shared object file: No such file or directory)) in Unknown on line 0
PHP Warning:  Module 'pdo_pgsql' already loaded in Unknown on line 0
PHP Warning:  Module 'pgsql' already loaded in Unknown on line 0
PHP Warning:  Module 'Phar' already loaded in Unknown on line 0
>>> HYBRID SYNC STARTED: 2026-09-20 to 2026-09-21 <<<
>>> USING POSTGRESQL FINAL LOGIN CALCULATION FOR CSR/AGENT <<<
Fetching from Main... Found 606 records.
Fetching from Amazon... Found 137 records.

>>> SYNC RESULTS <<<
Total records synced: 462
Fixed/Updated records: 0

? ALL CSR records verified with correct work hours (<= 8 hours)

>>> Sync Complete <<<
PHP Warning:  PHP Startup: Unable to load dynamic library 'fileinfo.so' (tried: /usr/lib64/php7/extensions/fileinfo.so (/usr/lib64/php7/extensions/fileinfo.so: cannot open shared object file: No such file or directory), /usr/lib64/php7/extensions/fileinfo.so.so (/usr/lib64/php7/extensions/fileinfo.so.so: cannot open shared object file: No such file or directory)) in Unknown on line 0
PHP Warning:  Module 'pdo_pgsql' already loaded in Unknown on line 0
PHP Warning:  Module 'pgsql' already loaded in Unknown on line 0
PHP Warning:  Module 'Phar' already loaded in Unknown on line 0
>>> HYBRID SYNC STARTED: 2026-09-20 to 2026-09-21 <<<
>>> USING POSTGRESQL FINAL LOGIN CALCULATION FOR CSR/AGENT <<<
Fetching from Main... Found 606 records.
Fetching from Amazon... Found 137 records.

>>> SYNC RESULTS <<<
Total records synced: 462
Fixed/Updated records: 0

? ALL CSR records verified with correct work hours (<= 8 hours)

>>> Sync Complete <<<
PHP Warning:  PHP Startup: Unable to load dynamic library 'fileinfo.so' (tried: /usr/lib64/php7/extensions/fileinfo.so (/usr/lib64/php7/extensions/fileinfo.so: cannot open shared object file: No such file or directory), /usr/lib64/php7/extensions/fileinfo.so.so (/usr/lib64/php7/extensions/fileinfo.so.so: cannot open shared object file: No such file or directory)) in Unknown on line 0
PHP Warning:  Module 'pdo_pgsql' already loaded in Unknown on line 0
PHP Warning:  Module 'pgsql' already loaded in Unknown on line 0
PHP Warning:  Module 'Phar' already loaded in Unknown on line 0
>>> HYBRID SYNC STARTED: 2026-09-20 to 2026-09-21 <<<
>>> USING POSTGRESQL FINAL LOGIN CALCULATION FOR CSR/AGENT <<<
Fetching from Main... Found 606 records.
Fetching from Amazon... Found 137 records.

>>> SYNC RESULTS <<<
Total records synced: 462
Fixed/Updated records: 0

? ALL CSR records verified with correct work hours (<= 8 hours)

>>> Sync Complete <<<
PHP Warning:  PHP Startup: Unable to load dynamic library 'fileinfo.so' (tried: /usr/lib64/php7/extensions/fileinfo.so (/usr/lib64/php7/extensions/fileinfo.so: cannot open shared object file: No such file or directory), /usr/lib64/php7/extensions/fileinfo.so.so (/usr/lib64/php7/extensions/fileinfo.so.so: cannot open shared object file: No such file or directory)) in Unknown on line 0
PHP Warning:  Module 'pdo_pgsql' already loaded in Unknown on line 0
PHP Warning:  Module 'pgsql' already loaded in Unknown on line 0
PHP Warning:  Module 'Phar' already loaded in Unknown on line 0
>>> HYBRID SYNC STARTED: 2026-09-20 to 2026-09-21 <<<
>>> USING POSTGRESQL FINAL LOGIN CALCULATION FOR CSR/AGENT <<<
Fetching from Main... Found 606 records.
Fetching from Amazon... Found 137 records.

>>> SYNC RESULTS <<<
Total records synced: 462
Fixed/Updated records: 0

? ALL CSR records verified with correct work hours (<= 8 hours)

>>> Sync Complete <<<
PHP Warning:  PHP Startup: Unable to load dynamic library 'fileinfo.so' (tried: /usr/lib64/php7/extensions/fileinfo.so (/usr/lib64/php7/extensions/fileinfo.so: cannot open shared object file: No such file or directory), /usr/lib64/php7/extensions/fileinfo.so.so (/usr/lib64/php7/extensions/fileinfo.so.so: cannot open shared object file: No such file or directory)) in Unknown on line 0
PHP Warning:  Module 'pdo_pgsql' already loaded in Unknown on line 0
PHP Warning:  Module 'pgsql' already loaded in Unknown on line 0
PHP Warning:  Module 'Phar' already loaded in Unknown on line 0
>>> HYBRID SYNC STARTED: 2026-09-20 to 2026-09-21 <<<
>>> USING POSTGRESQL FINAL LOGIN CALCULATION FOR CSR/AGENT <<<
Fetching from Main... Found 607 records.
Fetching from Amazon... Found 137 records.

>>> SYNC RESULTS <<<
Total records synced: 462
Fixed/Updated records: 0

WARNING: 7 CSR records still have work > 8 hours.

>>> Sync Complete <<<
PHP Warning:  PHP Startup: Unable to load dynamic library 'fileinfo.so' (tried: /usr/lib64/php7/extensions/fileinfo.so (/usr/lib64/php7/extensions/fileinfo.so: cannot open shared object file: No such file or directory), /usr/lib64/php7/extensions/fileinfo.so.so (/usr/lib64/php7/extensions/fileinfo.so.so: cannot open shared object file: No such file or directory)) in Unknown on line 0
PHP Warning:  Module 'pdo_pgsql' already loaded in Unknown on line 0
PHP Warning:  Module 'pgsql' already loaded in Unknown on line 0
PHP Warning:  Module 'Phar' already loaded in Unknown on line 0
>>> HYBRID SYNC STARTED: 2026-09-20 to 2026-09-21 <<<
>>> USING POSTGRESQL FINAL LOGIN CALCULATION FOR CSR/AGENT <<<
Fetching from Main... Found 607 records.
Fetching from Amazon... Found 137 records.

>>> SYNC RESULTS <<<
Total records synced: 462
Fixed/Updated records: 0

WARNING: 38 CSR records still have work > 8 hours.

>>> Sync Complete <<<
PHP Warning:  PHP Startup: Unable to load dynamic library 'fileinfo.so' (tried: /usr/lib64/php7/extensions/fileinfo.so (/usr/lib64/php7/extensions/fileinfo.so: cannot open shared object file: No such file or directory), /usr/lib64/php7/extensions/fileinfo.so.so (/usr/lib64/php7/extensions/fileinfo.so.so: cannot open shared object file: No such file or directory)) in Unknown on line 0
PHP Warning:  Module 'pdo_pgsql' already loaded in Unknown on line 0
PHP Warning:  Module 'pgsql' already loaded in Unknown on line 0
PHP Warning:  Module 'Phar' already loaded in Unknown on line 0
>>> HYBRID SYNC STARTED: 2026-09-20 to 2026-09-21 <<<
>>> USING POSTGRESQL FINAL LOGIN CALCULATION FOR CSR/AGENT <<<
Fetching from Main... Found 607 records.
Fetching from Amazon... Found 137 records.

>>> SYNC RESULTS <<<
Total records synced: 462
Fixed/Updated records: 0

WARNING: 191 CSR records still have work > 8 hours.

>>> Sync Complete <<<
PHP Warning:  PHP Startup: Unable to load dynamic library 'fileinfo.so' (tried: /usr/lib64/php7/extensions/fileinfo.so (/usr/lib64/php7/extensions/fileinfo.so: cannot open shared object file: No such file or directory), /usr/lib64/php7/extensions/fileinfo.so.so (/usr/lib64/php7/extensions/fileinfo.so.so: cannot open shared object file: No such file or directory)) in Unknown on line 0
PHP Warning:  Module 'pdo_pgsql' already loaded in Unknown on line 0
PHP Warning:  Module 'pgsql' already loaded in Unknown on line 0
PHP Warning:  Module 'Phar' already loaded in Unknown on line 0
>>> HYBRID SYNC STARTED: 2026-09-20 to 2026-09-21 <<<
>>> USING POSTGRESQL FINAL LOGIN CALCULATION FOR CSR/AGENT <<<
Fetching from Main... Found 607 records.
Fetching from Amazon... Found 137 records.

>>> SYNC RESULTS <<<
Total records synced: 462
Fixed/Updated records: 0

WARNING: 200 CSR records still have work > 8 hours.

>>> Sync Complete <<<
PHP Warning:  PHP Startup: Unable to load dynamic library 'fileinfo.so' (tried: /usr/lib64/php7/extensions/fileinfo.so (/usr/lib64/php7/extensions/fileinfo.so: cannot open shared object file: No such file or directory), /usr/lib64/php7/extensions/fileinfo.so.so (/usr/lib64/php7/extensions/fileinfo.so.so: cannot open shared object file: No such file or directory)) in Unknown on line 0
PHP Warning:  Module 'pdo_pgsql' already loaded in Unknown on line 0
PHP Warning:  Module 'pgsql' already loaded in Unknown on line 0
PHP Warning:  Module 'Phar' already loaded in Unknown on line 0
>>> HYBRID SYNC STARTED: 2026-09-20 to 2026-09-21 <<<
>>> USING POSTGRESQL FINAL LOGIN CALCULATION FOR CSR/AGENT <<<
Fetching from Main... Found 607 records.
Fetching from Amazon... Found 137 records.

>>> SYNC RESULTS <<<
Total records synced: 462
Fixed/Updated records: 0

WARNING: 200 CSR records still have work > 8 hours.

>>> Sync Complete <<<
PHP Warning:  PHP Startup: Unable to load dynamic library 'fileinfo.so' (tried: /usr/lib64/php7/extensions/fileinfo.so (/usr/lib64/php7/extensions/fileinfo.so: cannot open shared object file: No such file or directory), /usr/lib64/php7/extensions/fileinfo.so.so (/usr/lib64/php7/extensions/fileinfo.so.so: cannot open shared object file: No such file or directory)) in Unknown on line 0
PHP Warning:  Module 'pdo_pgsql' already loaded in Unknown on line 0
PHP Warning:  Module 'pgsql' already loaded in Unknown on line 0
PHP Warning:  Module 'Phar' already loaded in Unknown on line 0
>>> HYBRID SYNC STARTED: 2026-09-20 to 2026-09-21 <<<
>>> USING POSTGRESQL FINAL LOGIN CALCULATION FOR CSR/AGENT <<<
Fetching from Main... Found 607 records.
Fetching from Amazon... Found 137 records.

>>> SYNC RESULTS <<<
Total records synced: 462
Fixed/Updated records: 0

WARNING: 200 CSR records still have work > 8 hours.

>>> Sync Complete <<<
PHP Warning:  PHP Startup: Unable to load dynamic library 'fileinfo.so' (tried: /usr/lib64/php7/extensions/fileinfo.so (/usr/lib64/php7/extensions/fileinfo.so: cannot open shared object file: No such file or directory), /usr/lib64/php7/extensions/fileinfo.so.so (/usr/lib64/php7/extensions/fileinfo.so.so: cannot open shared object file: No such file or directory)) in Unknown on line 0
PHP Warning:  Module 'pdo_pgsql' already loaded in Unknown on line 0
PHP Warning:  Module 'pgsql' already loaded in Unknown on line 0
PHP Warning:  Module 'Phar' already loaded in Unknown on line 0
>>> HYBRID SYNC STARTED: 2026-09-20 to 2026-09-21 <<<
>>> USING POSTGRESQL FINAL LOGIN CALCULATION FOR CSR/AGENT <<<
Fetching from Main... Found 607 records.
Fetching from Amazon... Found 137 records.

>>> SYNC RESULTS <<<
Total records synced: 462
Fixed/Updated records: 0

WARNING: 200 CSR records still have work > 8 hours.

>>> Sync Complete <<<
PHP Warning:  PHP Startup: Unable to load dynamic library 'fileinfo.so' (tried: /usr/lib64/php7/extensions/fileinfo.so (/usr/lib64/php7/extensions/fileinfo.so: cannot open shared object file: No such file or directory), /usr/lib64/php7/extensions/fileinfo.so.so (/usr/lib64/php7/extensions/fileinfo.so.so: cannot open shared object file: No such file or directory)) in Unknown on line 0
PHP Warning:  Module 'pdo_pgsql' already loaded in Unknown on line 0
PHP Warning:  Module 'pgsql' already loaded in Unknown on line 0
PHP Warning:  Module 'Phar' already loaded in Unknown on line 0
>>> HYBRID SYNC STARTED: 2026-09-20 to 2026-09-21 <<<
>>> USING POSTGRESQL FINAL LOGIN CALCULATION FOR CSR/AGENT <<<
Fetching from Main... Found 607 records.
Fetching from Amazon... Found 137 records.

>>> SYNC RESULTS <<<
Total records synced: 462
Fixed/Updated records: 0

WARNING: 200 CSR records still have work > 8 hours.

>>> Sync Complete <<<
PHP Warning:  PHP Startup: Unable to load dynamic library 'fileinfo.so' (tried: /usr/lib64/php7/extensions/fileinfo.so (/usr/lib64/php7/extensions/fileinfo.so: cannot open shared object file: No such file or directory), /usr/lib64/php7/extensions/fileinfo.so.so (/usr/lib64/php7/extensions/fileinfo.so.so: cannot open shared object file: No such file or directory)) in Unknown on line 0
PHP Warning:  Module 'pdo_pgsql' already loaded in Unknown on line 0
PHP Warning:  Module 'pgsql' already loaded in Unknown on line 0
PHP Warning:  Module 'Phar' already loaded in Unknown on line 0
>>> HYBRID SYNC STARTED: 2026-09-20 to 2026-09-21 <<<
>>> USING POSTGRESQL FINAL LOGIN CALCULATION FOR CSR/AGENT <<<
Fetching from Main... Found 607 records.
Fetching from Amazon... Found 137 records.

>>> SYNC RESULTS <<<
Total records synced: 462
Fixed/Updated records: 0

WARNING: 200 CSR records still have work > 8 hours.

>>> Sync Complete <<<
PHP Warning:  PHP Startup: Unable to load dynamic library 'fileinfo.so' (tried: /usr/lib64/php7/extensions/fileinfo.so (/usr/lib64/php7/extensions/fileinfo.so: cannot open shared object file: No such file or directory), /usr/lib64/php7/extensions/fileinfo.so.so (/usr/lib64/php7/extensions/fileinfo.so.so: cannot open shared object file: No such file or directory)) in Unknown on line 0
PHP Warning:  Module 'pdo_pgsql' already loaded in Unknown on line 0
PHP Warning:  Module 'pgsql' already loaded in Unknown on line 0
PHP Warning:  Module 'Phar' already loaded in Unknown on line 0
>>> HYBRID SYNC STARTED: 2026-09-20 to 2026-09-21 <<<
>>> USING POSTGRESQL FINAL LOGIN CALCULATION FOR CSR/AGENT <<<
Fetching from Main... Found 607 records.
Fetching from Amazon... Found 137 records.

>>> SYNC RESULTS <<<
Total records synced: 462
Fixed/Updated records: 0

WARNING: 200 CSR records still have work > 8 hours.

>>> Sync Complete <<<
PHP Warning:  PHP Startup: Unable to load dynamic library 'fileinfo.so' (tried: /usr/lib64/php7/extensions/fileinfo.so (/usr/lib64/php7/extensions/fileinfo.so: cannot open shared object file: No such file or directory), /usr/lib64/php7/extensions/fileinfo.so.so (/usr/lib64/php7/extensions/fileinfo.so.so: cannot open shared object file: No such file or directory)) in Unknown on line 0
PHP Warning:  Module 'pdo_pgsql' already loaded in Unknown on line 0
PHP Warning:  Module 'pgsql' already loaded in Unknown on line 0
PHP Warning:  Module 'Phar' already loaded in Unknown on line 0
>>> HYBRID SYNC STARTED: 2026-09-20 to 2026-09-21 <<<
>>> USING POSTGRESQL FINAL LOGIN CALCULATION FOR CSR/AGENT <<<
Fetching from Main... Found 607 records.
Fetching from Amazon... Found 137 records.

>>> SYNC RESULTS <<<
Total records synced: 462
Fixed/Updated records: 0

WARNING: 200 CSR records still have work > 8 hours.

>>> Sync Complete <<<
PHP Warning:  PHP Startup: Unable to load dynamic library 'fileinfo.so' (tried: /usr/lib64/php7/extensions/fileinfo.so (/usr/lib64/php7/extensions/fileinfo.so: cannot open shared object file: No such file or directory), /usr/lib64/php7/extensions/fileinfo.so.so (/usr/lib64/php7/extensions/fileinfo.so.so: cannot open shared object file: No such file or directory)) in Unknown on line 0
PHP Warning:  Module 'pdo_pgsql' already loaded in Unknown on line 0
PHP Warning:  Module 'pgsql' already loaded in Unknown on line 0
PHP Warning:  Module 'Phar' already loaded in Unknown on line 0
>>> HYBRID SYNC STARTED: 2026-09-21 to 2026-09-22 <<<
>>> USING POSTGRESQL FINAL LOGIN CALCULATION FOR CSR/AGENT <<<
Fetching from Main... Found 512 records.
Fetching from Amazon... Found 137 records.

>>> SYNC RESULTS <<<
Total records synced: 400
Fixed/Updated records: 0

WARNING: 200 CSR records still have work > 8 hours.

>>> Sync Complete <<<
PHP Warning:  PHP Startup: Unable to load dynamic library 'fileinfo.so' (tried: /usr/lib64/php7/extensions/fileinfo.so (/usr/lib64/php7/extensions/fileinfo.so: cannot open shared object file: No such file or directory), /usr/lib64/php7/extensions/fileinfo.so.so (/usr/lib64/php7/extensions/fileinfo.so.so: cannot open shared object file: No such file or directory)) in Unknown on line 0
PHP Warning:  Module 'pdo_pgsql' already loaded in Unknown on line 0
PHP Warning:  Module 'pgsql' already loaded in Unknown on line 0
PHP Warning:  Module 'Phar' already loaded in Unknown on line 0
>>> HYBRID SYNC STARTED: 2026-09-21 to 2026-09-22 <<<
>>> USING POSTGRESQL FINAL LOGIN CALCULATION FOR CSR/AGENT <<<
Fetching from Main... Found 531 records.
Fetching from Amazon... Found 138 records.

>>> SYNC RESULTS <<<
Total records synced: 403
Fixed/Updated records: 0

WARNING: 200 CSR records still have work > 8 hours.

>>> Sync Complete <<<
PHP Warning:  PHP Startup: Unable to load dynamic library 'fileinfo.so' (tried: /usr/lib64/php7/extensions/fileinfo.so (/usr/lib64/php7/extensions/fileinfo.so: cannot open shared object file: No such file or directory), /usr/lib64/php7/extensions/fileinfo.so.so (/usr/lib64/php7/extensions/fileinfo.so.so: cannot open shared object file: No such file or directory)) in Unknown on line 0
PHP Warning:  Module 'pdo_pgsql' already loaded in Unknown on line 0
PHP Warning:  Module 'pgsql' already loaded in Unknown on line 0
PHP Warning:  Module 'Phar' already loaded in Unknown on line 0
>>> HYBRID SYNC STARTED: 2026-09-21 to 2026-09-22 <<<
>>> USING POSTGRESQL FINAL LOGIN CALCULATION FOR CSR/AGENT <<<
Fetching from Main... Found 531 records.
Fetching from Amazon... Found 138 records.

>>> SYNC RESULTS <<<
Total records synced: 403
Fixed/Updated records: 0

WARNING: 200 CSR records still have work > 8 hours.

>>> Sync Complete <<<
PHP Warning:  PHP Startup: Unable to load dynamic library 'fileinfo.so' (tried: /usr/lib64/php7/extensions/fileinfo.so (/usr/lib64/php7/extensions/fileinfo.so: cannot open shared object file: No such file or directory), /usr/lib64/php7/extensions/fileinfo.so.so (/usr/lib64/php7/extensions/fileinfo.so.so: cannot open shared object file: No such file or directory)) in Unknown on line 0
PHP Warning:  Module 'pdo_pgsql' already loaded in Unknown on line 0
PHP Warning:  Module 'pgsql' already loaded in Unknown on line 0
PHP Warning:  Module 'Phar' already loaded in Unknown on line 0
>>> HYBRID SYNC STARTED: 2026-09-21 to 2026-09-22 <<<
>>> USING POSTGRESQL FINAL LOGIN CALCULATION FOR CSR/AGENT <<<
Fetching from Main... Found 531 records.
Fetching from Amazon... Found 138 records.

>>> SYNC RESULTS <<<
Total records synced: 403
Fixed/Updated records: 0

WARNING: 200 CSR records still have work > 8 hours.

>>> Sync Complete <<<
PHP Warning:  PHP Startup: Unable to load dynamic library 'fileinfo.so' (tried: /usr/lib64/php7/extensions/fileinfo.so (/usr/lib64/php7/extensions/fileinfo.so: cannot open shared object file: No such file or directory), /usr/lib64/php7/extensions/fileinfo.so.so (/usr/lib64/php7/extensions/fileinfo.so.so: cannot open shared object file: No such file or directory)) in Unknown on line 0
PHP Warning:  Module 'pdo_pgsql' already loaded in Unknown on line 0
PHP Warning:  Module 'pgsql' already loaded in Unknown on line 0
PHP Warning:  Module 'Phar' already loaded in Unknown on line 0
>>> HYBRID SYNC STARTED: 2026-09-21 to 2026-09-22 <<<
>>> USING POSTGRESQL FINAL LOGIN CALCULATION FOR CSR/AGENT <<<
Fetching from Main... Found 531 records.
Fetching from Amazon... Found 138 records.

>>> SYNC RESULTS <<<
Total records synced: 403
Fixed/Updated records: 0

WARNING: 200 CSR records still have work > 8 hours.

>>> Sync Complete <<<
PHP Warning:  PHP Startup: Unable to load dynamic library 'fileinfo.so' (tried: /usr/lib64/php7/extensions/fileinfo.so (/usr/lib64/php7/extensions/fileinfo.so: cannot open shared object file: No such file or directory), /usr/lib64/php7/extensions/fileinfo.so.so (/usr/lib64/php7/extensions/fileinfo.so.so: cannot open shared object file: No such file or directory)) in Unknown on line 0
PHP Warning:  Module 'pdo_pgsql' already loaded in Unknown on line 0
PHP Warning:  Module 'pgsql' already loaded in Unknown on line 0
PHP Warning:  Module 'Phar' already loaded in Unknown on line 0
>>> HYBRID SYNC STARTED: 2026-09-21 to 2026-09-22 <<<
>>> USING POSTGRESQL FINAL LOGIN CALCULATION FOR CSR/AGENT <<<
Fetching from Main... Found 531 records.
Fetching from Amazon... Found 138 records.

>>> SYNC RESULTS <<<
Total records synced: 403
Fixed/Updated records: 0

WARNING: 200 CSR records still have work > 8 hours.

>>> Sync Complete <<<
PHP Warning:  PHP Startup: Unable to load dynamic library 'fileinfo.so' (tried: /usr/lib64/php7/extensions/fileinfo.so (/usr/lib64/php7/extensions/fileinfo.so: cannot open shared object file: No such file or directory), /usr/lib64/php7/extensions/fileinfo.so.so (/usr/lib64/php7/extensions/fileinfo.so.so: cannot open shared object file: No such file or directory)) in Unknown on line 0
PHP Warning:  Module 'pdo_pgsql' already loaded in Unknown on line 0
PHP Warning:  Module 'pgsql' already loaded in Unknown on line 0
PHP Warning:  Module 'Phar' already loaded in Unknown on line 0
>>> HYBRID SYNC STARTED: 2026-09-21 to 2026-09-22 <<<
>>> USING POSTGRESQL FINAL LOGIN CALCULATION FOR CSR/AGENT <<<
Fetching from Main... Found 531 records.
Fetching from Amazon... Found 138 records.

>>> SYNC RESULTS <<<
Total records synced: 403
Fixed/Updated records: 0

WARNING: 200 CSR records still have work > 8 hours.

>>> Sync Complete <<<
PHP Warning:  PHP Startup: Unable to load dynamic library 'fileinfo.so' (tried: /usr/lib64/php7/extensions/fileinfo.so (/usr/lib64/php7/extensions/fileinfo.so: cannot open shared object file: No such file or directory), /usr/lib64/php7/extensions/fileinfo.so.so (/usr/lib64/php7/extensions/fileinfo.so.so: cannot open shared object file: No such file or directory)) in Unknown on line 0
PHP Warning:  Module 'pdo_pgsql' already loaded in Unknown on line 0
PHP Warning:  Module 'pgsql' already loaded in Unknown on line 0
PHP Warning:  Module 'Phar' already loaded in Unknown on line 0
>>> HYBRID SYNC STARTED: 2026-09-21 to 2026-09-22 <<<
>>> USING POSTGRESQL FINAL LOGIN CALCULATION FOR CSR/AGENT <<<
Fetching from Main... Found 531 records.
Fetching from Amazon... Found 138 records.

>>> SYNC RESULTS <<<
Total records synced: 403
Fixed/Updated records: 0

WARNING: 200 CSR records still have work > 8 hours.

>>> Sync Complete <<<
PHP Warning:  PHP Startup: Unable to load dynamic library 'fileinfo.so' (tried: /usr/lib64/php7/extensions/fileinfo.so (/usr/lib64/php7/extensions/fileinfo.so: cannot open shared object file: No such file or directory), /usr/lib64/php7/extensions/fileinfo.so.so (/usr/lib64/php7/extensions/fileinfo.so.so: cannot open shared object file: No such file or directory)) in Unknown on line 0
PHP Warning:  Module 'pdo_pgsql' already loaded in Unknown on line 0
PHP Warning:  Module 'pgsql' already loaded in Unknown on line 0
PHP Warning:  Module 'Phar' already loaded in Unknown on line 0
>>> HYBRID SYNC STARTED: 2026-09-21 to 2026-09-22 <<<
>>> USING POSTGRESQL FINAL LOGIN CALCULATION FOR CSR/AGENT <<<
Fetching from Main... Found 531 records.
Fetching from Amazon... Found 138 records.

>>> SYNC RESULTS <<<
Total records synced: 403
Fixed/Updated records: 0

WARNING: 200 CSR records still have work > 8 hours.

>>> Sync Complete <<<
PHP Warning:  PHP Startup: Unable to load dynamic library 'fileinfo.so' (tried: /usr/lib64/php7/extensions/fileinfo.so (/usr/lib64/php7/extensions/fileinfo.so: cannot open shared object file: No such file or directory), /usr/lib64/php7/extensions/fileinfo.so.so (/usr/lib64/php7/extensions/fileinfo.so.so: cannot open shared object file: No such file or directory)) in Unknown on line 0
PHP Warning:  Module 'pdo_pgsql' already loaded in Unknown on line 0
PHP Warning:  Module 'pgsql' already loaded in Unknown on line 0
PHP Warning:  Module 'Phar' already loaded in Unknown on line 0
>>> HYBRID SYNC STARTED: 2026-09-21 to 2026-09-22 <<<
>>> USING POSTGRESQL FINAL LOGIN CALCULATION FOR CSR/AGENT <<<
Fetching from Main... Found 531 records.
Fetching from Amazon... Found 138 records.

>>> SYNC RESULTS <<<
Total records synced: 403
Fixed/Updated records: 0

WARNING: 200 CSR records still have work > 8 hours.

>>> Sync Complete <<<
PHP Warning:  PHP Startup: Unable to load dynamic library 'fileinfo.so' (tried: /usr/lib64/php7/extensions/fileinfo.so (/usr/lib64/php7/extensions/fileinfo.so: cannot open shared object file: No such file or directory), /usr/lib64/php7/extensions/fileinfo.so.so (/usr/lib64/php7/extensions/fileinfo.so.so: cannot open shared object file: No such file or directory)) in Unknown on line 0
PHP Warning:  Module 'pdo_pgsql' already loaded in Unknown on line 0
PHP Warning:  Module 'pgsql' already loaded in Unknown on line 0
PHP Warning:  Module 'Phar' already loaded in Unknown on line 0
>>> HYBRID SYNC STARTED: 2026-09-21 to 2026-09-22 <<<
>>> USING POSTGRESQL FINAL LOGIN CALCULATION FOR CSR/AGENT <<<
Fetching from Main... Found 531 records.
Fetching from Amazon... Found 138 records.

>>> SYNC RESULTS <<<
Total records synced: 403
Fixed/Updated records: 0

WARNING: 200 CSR records still have work > 8 hours.

>>> Sync Complete <<<
PHP Warning:  PHP Startup: Unable to load dynamic library 'fileinfo.so' (tried: /usr/lib64/php7/extensions/fileinfo.so (/usr/lib64/php7/extensions/fileinfo.so: cannot open shared object file: No such file or directory), /usr/lib64/php7/extensions/fileinfo.so.so (/usr/lib64/php7/extensions/fileinfo.so.so: cannot open shared object file: No such file or directory)) in Unknown on line 0
PHP Warning:  Module 'pdo_pgsql' already loaded in Unknown on line 0
PHP Warning:  Module 'pgsql' already loaded in Unknown on line 0
PHP Warning:  Module 'Phar' already loaded in Unknown on line 0
>>> HYBRID SYNC STARTED: 2026-09-21 to 2026-09-22 <<<
>>> USING POSTGRESQL FINAL LOGIN CALCULATION FOR CSR/AGENT <<<
Fetching from Main... Found 531 records.
Fetching from Amazon... Found 138 records.

>>> SYNC RESULTS <<<
Total records synced: 403
Fixed/Updated records: 0

WARNING: 200 CSR records still have work > 8 hours.

>>> Sync Complete <<<
PHP Warning:  PHP Startup: Unable to load dynamic library 'fileinfo.so' (tried: /usr/lib64/php7/extensions/fileinfo.so (/usr/lib64/php7/extensions/fileinfo.so: cannot open shared object file: No such file or directory), /usr/lib64/php7/extensions/fileinfo.so.so (/usr/lib64/php7/extensions/fileinfo.so.so: cannot open shared object file: No such file or directory)) in Unknown on line 0
PHP Warning:  Module 'pdo_pgsql' already loaded in Unknown on line 0
PHP Warning:  Module 'pgsql' already loaded in Unknown on line 0
PHP Warning:  Module 'Phar' already loaded in Unknown on line 0
>>> HYBRID SYNC STARTED: 2026-09-21 to 2026-09-22 <<<
>>> USING POSTGRESQL FINAL LOGIN CALCULATION FOR CSR/AGENT <<<
Fetching from Main... Found 531 records.
Fetching from Amazon... Found 138 records.

>>> SYNC RESULTS <<<
Total records synced: 403
Fixed/Updated records: 0

WARNING: 200 CSR records still have work > 8 hours.

>>> Sync Complete <<<
PHP Warning:  PHP Startup: Unable to load dynamic library 'fileinfo.so' (tried: /usr/lib64/php7/extensions/fileinfo.so (/usr/lib64/php7/extensions/fileinfo.so: cannot open shared object file: No such file or directory), /usr/lib64/php7/extensions/fileinfo.so.so (/usr/lib64/php7/extensions/fileinfo.so.so: cannot open shared object file: No such file or directory)) in Unknown on line 0
PHP Warning:  Module 'pdo_pgsql' already loaded in Unknown on line 0
PHP Warning:  Module 'pgsql' already loaded in Unknown on line 0
PHP Warning:  Module 'Phar' already loaded in Unknown on line 0
>>> HYBRID SYNC STARTED: 2026-09-21 to 2026-09-22 <<<
>>> USING POSTGRESQL FINAL LOGIN CALCULATION FOR CSR/AGENT <<<
Fetching from Main... Found 531 records.
Fetching from Amazon... Found 138 records.

>>> SYNC RESULTS <<<
Total records synced: 403
Fixed/Updated records: 0

WARNING: 200 CSR records still have work > 8 hours.

>>> Sync Complete <<<
PHP Warning:  PHP Startup: Unable to load dynamic library 'fileinfo.so' (tried: /usr/lib64/php7/extensions/fileinfo.so (/usr/lib64/php7/extensions/fileinfo.so: cannot open shared object file: No such file or directory), /usr/lib64/php7/extensions/fileinfo.so.so (/usr/lib64/php7/extensions/fileinfo.so.so: cannot open shared object file: No such file or directory)) in Unknown on line 0
PHP Warning:  Module 'pdo_pgsql' already loaded in Unknown on line 0
PHP Warning:  Module 'pgsql' already loaded in Unknown on line 0
PHP Warning:  Module 'Phar' already loaded in Unknown on line 0
>>> HYBRID SYNC STARTED: 2026-09-21 to 2026-09-22 <<<
>>> USING POSTGRESQL FINAL LOGIN CALCULATION FOR CSR/AGENT <<<
Fetching from Main... Found 531 records.
Fetching from Amazon... Found 138 records.

>>> SYNC RESULTS <<<
Total records synced: 403
Fixed/Updated records: 0

WARNING: 200 CSR records still have work > 8 hours.

>>> Sync Complete <<<
PHP Warning:  PHP Startup: Unable to load dynamic library 'fileinfo.so' (tried: /usr/lib64/php7/extensions/fileinfo.so (/usr/lib64/php7/extensions/fileinfo.so: cannot open shared object file: No such file or directory), /usr/lib64/php7/extensions/fileinfo.so.so (/usr/lib64/php7/extensions/fileinfo.so.so: cannot open shared object file: No such file or directory)) in Unknown on line 0
PHP Warning:  Module 'pdo_pgsql' already loaded in Unknown on line 0
PHP Warning:  Module 'pgsql' already loaded in Unknown on line 0
PHP Warning:  Module 'Phar' already loaded in Unknown on line 0
>>> HYBRID SYNC STARTED: 2026-09-21 to 2026-09-22 <<<
>>> USING POSTGRESQL FINAL LOGIN CALCULATION FOR CSR/AGENT <<<
Fetching from Main... Found 531 records.
Fetching from Amazon... Found 138 records.

>>> SYNC RESULTS <<<
Total records synced: 403
Fixed/Updated records: 0

WARNING: 200 CSR records still have work > 8 hours.

>>> Sync Complete <<<
PHP Warning:  PHP Startup: Unable to load dynamic library 'fileinfo.so' (tried: /usr/lib64/php7/extensions/fileinfo.so (/usr/lib64/php7/extensions/fileinfo.so: cannot open shared object file: No such file or directory), /usr/lib64/php7/extensions/fileinfo.so.so (/usr/lib64/php7/extensions/fileinfo.so.so: cannot open shared object file: No such file or directory)) in Unknown on line 0
PHP Warning:  Module 'pdo_pgsql' already loaded in Unknown on line 0
PHP Warning:  Module 'pgsql' already loaded in Unknown on line 0
PHP Warning:  Module 'Phar' already loaded in Unknown on line 0
>>> HYBRID SYNC STARTED: 2026-09-21 to 2026-09-22 <<<
>>> USING POSTGRESQL FINAL LOGIN CALCULATION FOR CSR/AGENT <<<
Fetching from Main... Found 531 records.
Fetching from Amazon... Found 138 records.

>>> SYNC RESULTS <<<
Total records synced: 403
Fixed/Updated records: 0

WARNING: 200 CSR records still have work > 8 hours.

>>> Sync Complete <<<
PHP Warning:  PHP Startup: Unable to load dynamic library 'fileinfo.so' (tried: /usr/lib64/php7/extensions/fileinfo.so (/usr/lib64/php7/extensions/fileinfo.so: cannot open shared object file: No such file or directory), /usr/lib64/php7/extensions/fileinfo.so.so (/usr/lib64/php7/extensions/fileinfo.so.so: cannot open shared object file: No such file or directory)) in Unknown on line 0
PHP Warning:  Module 'pdo_pgsql' already loaded in Unknown on line 0
PHP Warning:  Module 'pgsql' already loaded in Unknown on line 0
PHP Warning:  Module 'Phar' already loaded in Unknown on line 0
>>> HYBRID SYNC STARTED: 2026-09-21 to 2026-09-22 <<<
>>> USING POSTGRESQL FINAL LOGIN CALCULATION FOR CSR/AGENT <<<
Fetching from Main... Found 531 records.
Fetching from Amazon... Found 138 records.

>>> SYNC RESULTS <<<
Total records synced: 403
Fixed/Updated records: 0

WARNING: 200 CSR records still have work > 8 hours.

>>> Sync Complete <<<
PHP Warning:  PHP Startup: Unable to load dynamic library 'fileinfo.so' (tried: /usr/lib64/php7/extensions/fileinfo.so (/usr/lib64/php7/extensions/fileinfo.so: cannot open shared object file: No such file or directory), /usr/lib64/php7/extensions/fileinfo.so.so (/usr/lib64/php7/extensions/fileinfo.so.so: cannot open shared object file: No such file or directory)) in Unknown on line 0
PHP Warning:  Module 'pdo_pgsql' already loaded in Unknown on line 0
PHP Warning:  Module 'pgsql' already loaded in Unknown on line 0
PHP Warning:  Module 'Phar' already loaded in Unknown on line 0
>>> HYBRID SYNC STARTED: 2026-09-21 to 2026-09-22 <<<
>>> USING POSTGRESQL FINAL LOGIN CALCULATION FOR CSR/AGENT <<<
Fetching from Main... Found 538 records.
Fetching from Amazon... Found 142 records.

>>> SYNC RESULTS <<<
Total records synced: 406
Fixed/Updated records: 0

WARNING: 200 CSR records still have work > 8 hours.

>>> Sync Complete <<<
PHP Warning:  PHP Startup: Unable to load dynamic library 'fileinfo.so' (tried: /usr/lib64/php7/extensions/fileinfo.so (/usr/lib64/php7/extensions/fileinfo.so: cannot open shared object file: No such file or directory), /usr/lib64/php7/extensions/fileinfo.so.so (/usr/lib64/php7/extensions/fileinfo.so.so: cannot open shared object file: No such file or directory)) in Unknown on line 0
PHP Warning:  Module 'pdo_pgsql' already loaded in Unknown on line 0
PHP Warning:  Module 'pgsql' already loaded in Unknown on line 0
PHP Warning:  Module 'Phar' already loaded in Unknown on line 0
>>> HYBRID SYNC STARTED: 2026-09-21 to 2026-09-22 <<<
>>> USING POSTGRESQL FINAL LOGIN CALCULATION FOR CSR/AGENT <<<
Fetching from Main... Found 613 records.
Fetching from Amazon... Found 188 records.

>>> SYNC RESULTS <<<
Total records synced: 438
Fixed/Updated records: 0

WARNING: 200 CSR records still have work > 8 hours.

>>> Sync Complete <<<
PHP Warning:  PHP Startup: Unable to load dynamic library 'fileinfo.so' (tried: /usr/lib64/php7/extensions/fileinfo.so (/usr/lib64/php7/extensions/fileinfo.so: cannot open shared object file: No such file or directory), /usr/lib64/php7/extensions/fileinfo.so.so (/usr/lib64/php7/extensions/fileinfo.so.so: cannot open shared object file: No such file or directory)) in Unknown on line 0
PHP Warning:  Module 'pdo_pgsql' already loaded in Unknown on line 0
PHP Warning:  Module 'pgsql' already loaded in Unknown on line 0
PHP Warning:  Module 'Phar' already loaded in Unknown on line 0
>>> HYBRID SYNC STARTED: 2026-09-21 to 2026-09-22 <<<
>>> USING POSTGRESQL FINAL LOGIN CALCULATION FOR CSR/AGENT <<<
Fetching from Main... Found 941 records.
Fetching from Amazon... Found 253 records.

>>> SYNC RESULTS <<<
Total records synced: 712
Fixed/Updated records: 0

WARNING: 200 CSR records still have work > 8 hours.

>>> Sync Complete <<<
PHP Warning:  PHP Startup: Unable to load dynamic library 'fileinfo.so' (tried: /usr/lib64/php7/extensions/fileinfo.so (/usr/lib64/php7/extensions/fileinfo.so: cannot open shared object file: No such file or directory), /usr/lib64/php7/extensions/fileinfo.so.so (/usr/lib64/php7/extensions/fileinfo.so.so: cannot open shared object file: No such file or directory)) in Unknown on line 0
PHP Warning:  Module 'pdo_pgsql' already loaded in Unknown on line 0
PHP Warning:  Module 'pgsql' already loaded in Unknown on line 0
PHP Warning:  Module 'Phar' already loaded in Unknown on line 0
>>> HYBRID SYNC STARTED: 2026-09-21 to 2026-09-22 <<<
>>> USING POSTGRESQL FINAL LOGIN CALCULATION FOR CSR/AGENT <<<
Fetching from Main... Found 1006 records.
Fetching from Amazon... Found 262 records.

>>> SYNC RESULTS <<<
Total records synced: 794
Fixed/Updated records: 0

WARNING: 200 CSR records still have work > 8 hours.

>>> Sync Complete <<<
PHP Warning:  PHP Startup: Unable to load dynamic library 'fileinfo.so' (tried: /usr/lib64/php7/extensions/fileinfo.so (/usr/lib64/php7/extensions/fileinfo.so: cannot open shared object file: No such file or directory), /usr/lib64/php7/extensions/fileinfo.so.so (/usr/lib64/php7/extensions/fileinfo.so.so: cannot open shared object file: No such file or directory)) in Unknown on line 0
PHP Warning:  Module 'pdo_pgsql' already loaded in Unknown on line 0
PHP Warning:  Module 'pgsql' already loaded in Unknown on line 0
PHP Warning:  Module 'Phar' already loaded in Unknown on line 0
>>> HYBRID SYNC STARTED: 2026-09-21 to 2026-09-22 <<<
>>> USING POSTGRESQL FINAL LOGIN CALCULATION FOR CSR/AGENT <<<
Fetching from Main... Found 1014 records.
Fetching from Amazon... Found 266 records.

>>> SYNC RESULTS <<<
Total records synced: 797
Fixed/Updated records: 0

WARNING: 200 CSR records still have work > 8 hours.

>>> Sync Complete <<<
PHP Warning:  PHP Startup: Unable to load dynamic library 'fileinfo.so' (tried: /usr/lib64/php7/extensions/fileinfo.so (/usr/lib64/php7/extensions/fileinfo.so: cannot open shared object file: No such file or directory), /usr/lib64/php7/extensions/fileinfo.so.so (/usr/lib64/php7/extensions/fileinfo.so.so: cannot open shared object file: No such file or directory)) in Unknown on line 0
PHP Warning:  Module 'pdo_pgsql' already loaded in Unknown on line 0
PHP Warning:  Module 'pgsql' already loaded in Unknown on line 0
PHP Warning:  Module 'Phar' already loaded in Unknown on line 0
>>> HYBRID SYNC STARTED: 2026-09-21 to 2026-09-22 <<<
>>> USING POSTGRESQL FINAL LOGIN CALCULATION FOR CSR/AGENT <<<
Fetching from Main... Found 1017 records.
Fetching from Amazon... Found 267 records.

>>> SYNC RESULTS <<<
Total records synced: 799
Fixed/Updated records: 0

WARNING: 200 CSR records still have work > 8 hours.

>>> Sync Complete <<<
PHP Warning:  PHP Startup: Unable to load dynamic library 'fileinfo.so' (tried: /usr/lib64/php7/extensions/fileinfo.so (/usr/lib64/php7/extensions/fileinfo.so: cannot open shared object file: No such file or directory), /usr/lib64/php7/extensions/fileinfo.so.so (/usr/lib64/php7/extensions/fileinfo.so.so: cannot open shared object file: No such file or directory)) in Unknown on line 0
PHP Warning:  Module 'pdo_pgsql' already loaded in Unknown on line 0
PHP Warning:  Module 'pgsql' already loaded in Unknown on line 0
PHP Warning:  Module 'Phar' already loaded in Unknown on line 0
>>> HYBRID SYNC STARTED: 2026-09-21 to 2026-09-22 <<<
>>> USING POSTGRESQL FINAL LOGIN CALCULATION FOR CSR/AGENT <<<
Fetching from Main... Found 1021 records.
Fetching from Amazon... Found 267 records.

>>> SYNC RESULTS <<<
Total records synced: 804
Fixed/Updated records: 0

WARNING: 200 CSR records still have work > 8 hours.

>>> Sync Complete <<<
PHP Warning:  PHP Startup: Unable to load dynamic library 'fileinfo.so' (tried: /usr/lib64/php7/extensions/fileinfo.so (/usr/lib64/php7/extensions/fileinfo.so: cannot open shared object file: No such file or directory), /usr/lib64/php7/extensions/fileinfo.so.so (/usr/lib64/php7/extensions/fileinfo.so.so: cannot open shared object file: No such file or directory)) in Unknown on line 0
PHP Warning:  Module 'pdo_pgsql' already loaded in Unknown on line 0
PHP Warning:  Module 'pgsql' already loaded in Unknown on line 0
PHP Warning:  Module 'Phar' already loaded in Unknown on line 0
>>> HYBRID SYNC STARTED: 2026-09-21 to 2026-09-22 <<<
>>> USING POSTGRESQL FINAL LOGIN CALCULATION FOR CSR/AGENT <<<
Fetching from Main... Found 1021 records.
Fetching from Amazon... Found 267 records.

>>> SYNC RESULTS <<<
Total records synced: 804
Fixed/Updated records: 0

WARNING: 200 CSR records still have work > 8 hours.

>>> Sync Complete <<<
PHP Warning:  PHP Startup: Unable to load dynamic library 'fileinfo.so' (tried: /usr/lib64/php7/extensions/fileinfo.so (/usr/lib64/php7/extensions/fileinfo.so: cannot open shared object file: No such file or directory), /usr/lib64/php7/extensions/fileinfo.so.so (/usr/lib64/php7/extensions/fileinfo.so.so: cannot open shared object file: No such file or directory)) in Unknown on line 0
PHP Warning:  Module 'pdo_pgsql' already loaded in Unknown on line 0
PHP Warning:  Module 'pgsql' already loaded in Unknown on line 0
PHP Warning:  Module 'Phar' already loaded in Unknown on line 0
>>> HYBRID SYNC STARTED: 2026-09-21 to 2026-09-22 <<<
>>> USING POSTGRESQL FINAL LOGIN CALCULATION FOR CSR/AGENT <<<
Fetching from Main... Found 1025 records.
Fetching from Amazon... Found 267 records.

>>> SYNC RESULTS <<<
Total records synced: 804
Fixed/Updated records: 0

WARNING: 200 CSR records still have work > 8 hours.

>>> Sync Complete <<<
PHP Warning:  PHP Startup: Unable to load dynamic library 'fileinfo.so' (tried: /usr/lib64/php7/extensions/fileinfo.so (/usr/lib64/php7/extensions/fileinfo.so: cannot open shared object file: No such file or directory), /usr/lib64/php7/extensions/fileinfo.so.so (/usr/lib64/php7/extensions/fileinfo.so.so: cannot open shared object file: No such file or directory)) in Unknown on line 0
PHP Warning:  Module 'pdo_pgsql' already loaded in Unknown on line 0
PHP Warning:  Module 'pgsql' already loaded in Unknown on line 0
PHP Warning:  Module 'Phar' already loaded in Unknown on line 0
>>> HYBRID SYNC STARTED: 2026-09-21 to 2026-09-22 <<<
>>> USING POSTGRESQL FINAL LOGIN CALCULATION FOR CSR/AGENT <<<
Fetching from Main... Found 1028 records.
Fetching from Amazon... Found 267 records.

>>> SYNC RESULTS <<<
Total records synced: 804
Fixed/Updated records: 0

WARNING: 200 CSR records still have work > 8 hours.

>>> Sync Complete <<<
PHP Warning:  PHP Startup: Unable to load dynamic library 'fileinfo.so' (tried: /usr/lib64/php7/extensions/fileinfo.so (/usr/lib64/php7/extensions/fileinfo.so: cannot open shared object file: No such file or directory), /usr/lib64/php7/extensions/fileinfo.so.so (/usr/lib64/php7/extensions/fileinfo.so.so: cannot open shared object file: No such file or directory)) in Unknown on line 0
PHP Warning:  Module 'pdo_pgsql' already loaded in Unknown on line 0
PHP Warning:  Module 'pgsql' already loaded in Unknown on line 0
PHP Warning:  Module 'Phar' already loaded in Unknown on line 0
>>> HYBRID SYNC STARTED: 2026-09-21 to 2026-09-22 <<<
>>> USING POSTGRESQL FINAL LOGIN CALCULATION FOR CSR/AGENT <<<
Fetching from Main... Found 1028 records.
Fetching from Amazon... Found 268 records.

>>> SYNC RESULTS <<<
Total records synced: 804
Fixed/Updated records: 0

WARNING: 200 CSR records still have work > 8 hours.

>>> Sync Complete <<<
PHP Warning:  PHP Startup: Unable to load dynamic library 'fileinfo.so' (tried: /usr/lib64/php7/extensions/fileinfo.so (/usr/lib64/php7/extensions/fileinfo.so: cannot open shared object file: No such file or directory), /usr/lib64/php7/extensions/fileinfo.so.so (/usr/lib64/php7/extensions/fileinfo.so.so: cannot open shared object file: No such file or directory)) in Unknown on line 0
PHP Warning:  Module 'pdo_pgsql' already loaded in Unknown on line 0
PHP Warning:  Module 'pgsql' already loaded in Unknown on line 0
PHP Warning:  Module 'Phar' already loaded in Unknown on line 0
>>> HYBRID SYNC STARTED: 2026-09-21 to 2026-09-22 <<<
>>> USING POSTGRESQL FINAL LOGIN CALCULATION FOR CSR/AGENT <<<
Fetching from Main... Found 1029 records.
Fetching from Amazon... Found 268 records.

>>> SYNC RESULTS <<<
Total records synced: 804
Fixed/Updated records: 0

WARNING: 200 CSR records still have work > 8 hours.

>>> Sync Complete <<<
PHP Warning:  PHP Startup: Unable to load dynamic library 'fileinfo.so' (tried: /usr/lib64/php7/extensions/fileinfo.so (/usr/lib64/php7/extensions/fileinfo.so: cannot open shared object file: No such file or directory), /usr/lib64/php7/extensions/fileinfo.so.so (/usr/lib64/php7/extensions/fileinfo.so.so: cannot open shared object file: No such file or directory)) in Unknown on line 0
PHP Warning:  Module 'pdo_pgsql' already loaded in Unknown on line 0
PHP Warning:  Module 'pgsql' already loaded in Unknown on line 0
PHP Warning:  Module 'Phar' already loaded in Unknown on line 0
>>> HYBRID SYNC STARTED: 2026-09-21 to 2026-09-22 <<<
>>> USING POSTGRESQL FINAL LOGIN CALCULATION FOR CSR/AGENT <<<
Fetching from Main... Found 1029 records.
Fetching from Amazon... Found 268 records.

>>> SYNC RESULTS <<<
Total records synced: 804
Fixed/Updated records: 0

WARNING: 200 CSR records still have work > 8 hours.

>>> Sync Complete <<<
PHP Warning:  PHP Startup: Unable to load dynamic library 'fileinfo.so' (tried: /usr/lib64/php7/extensions/fileinfo.so (/usr/lib64/php7/extensions/fileinfo.so: cannot open shared object file: No such file or directory), /usr/lib64/php7/extensions/fileinfo.so.so (/usr/lib64/php7/extensions/fileinfo.so.so: cannot open shared object file: No such file or directory)) in Unknown on line 0
PHP Warning:  Module 'pdo_pgsql' already loaded in Unknown on line 0
PHP Warning:  Module 'pgsql' already loaded in Unknown on line 0
PHP Warning:  Module 'Phar' already loaded in Unknown on line 0
>>> HYBRID SYNC STARTED: 2026-09-21 to 2026-09-22 <<<
>>> USING POSTGRESQL FINAL LOGIN CALCULATION FOR CSR/AGENT <<<
Fetching from Main... Found 1029 records.
Fetching from Amazon... Found 268 records.

>>> SYNC RESULTS <<<
Total records synced: 804
Fixed/Updated records: 0

WARNING: 200 CSR records still have work > 8 hours.

>>> Sync Complete <<<
PHP Warning:  PHP Startup: Unable to load dynamic library 'fileinfo.so' (tried: /usr/lib64/php7/extensions/fileinfo.so (/usr/lib64/php7/extensions/fileinfo.so: cannot open shared object file: No such file or directory), /usr/lib64/php7/extensions/fileinfo.so.so (/usr/lib64/php7/extensions/fileinfo.so.so: cannot open shared object file: No such file or directory)) in Unknown on line 0
PHP Warning:  Module 'pdo_pgsql' already loaded in Unknown on line 0
PHP Warning:  Module 'pgsql' already loaded in Unknown on line 0
PHP Warning:  Module 'Phar' already loaded in Unknown on line 0
>>> HYBRID SYNC STARTED: 2026-09-21 to 2026-09-22 <<<
>>> USING POSTGRESQL FINAL LOGIN CALCULATION FOR CSR/AGENT <<<
Fetching from Main... Found 1029 records.
Fetching from Amazon... Found 268 records.

>>> SYNC RESULTS <<<
Total records synced: 804
Fixed/Updated records: 0

WARNING: 200 CSR records still have work > 8 hours.

>>> Sync Complete <<<
PHP Warning:  PHP Startup: Unable to load dynamic library 'fileinfo.so' (tried: /usr/lib64/php7/extensions/fileinfo.so (/usr/lib64/php7/extensions/fileinfo.so: cannot open shared object file: No such file or directory), /usr/lib64/php7/extensions/fileinfo.so.so (/usr/lib64/php7/extensions/fileinfo.so.so: cannot open shared object file: No such file or directory)) in Unknown on line 0
PHP Warning:  Module 'pdo_pgsql' already loaded in Unknown on line 0
PHP Warning:  Module 'pgsql' already loaded in Unknown on line 0
PHP Warning:  Module 'Phar' already loaded in Unknown on line 0
>>> HYBRID SYNC STARTED: 2026-09-21 to 2026-09-22 <<<
>>> USING POSTGRESQL FINAL LOGIN CALCULATION FOR CSR/AGENT <<<
Fetching from Main... Found 1030 records.
Fetching from Amazon... Found 268 records.

>>> SYNC RESULTS <<<
Total records synced: 804
Fixed/Updated records: 0

WARNING: 200 CSR records still have work > 8 hours.

>>> Sync Complete <<<
PHP Warning:  PHP Startup: Unable to load dynamic library 'fileinfo.so' (tried: /usr/lib64/php7/extensions/fileinfo.so (/usr/lib64/php7/extensions/fileinfo.so: cannot open shared object file: No such file or directory), /usr/lib64/php7/extensions/fileinfo.so.so (/usr/lib64/php7/extensions/fileinfo.so.so: cannot open shared object file: No such file or directory)) in Unknown on line 0
PHP Warning:  Module 'pdo_pgsql' already loaded in Unknown on line 0
PHP Warning:  Module 'pgsql' already loaded in Unknown on line 0
PHP Warning:  Module 'Phar' already loaded in Unknown on line 0
>>> HYBRID SYNC STARTED: 2026-09-21 to 2026-09-22 <<<
>>> USING POSTGRESQL FINAL LOGIN CALCULATION FOR CSR/AGENT <<<
Fetching from Main... Found 1030 records.
Fetching from Amazon... Found 268 records.

>>> SYNC RESULTS <<<
Total records synced: 804
Fixed/Updated records: 0

WARNING: 200 CSR records still have work > 8 hours.

>>> Sync Complete <<<
PHP Warning:  PHP Startup: Unable to load dynamic library 'fileinfo.so' (tried: /usr/lib64/php7/extensions/fileinfo.so (/usr/lib64/php7/extensions/fileinfo.so: cannot open shared object file: No such file or directory), /usr/lib64/php7/extensions/fileinfo.so.so (/usr/lib64/php7/extensions/fileinfo.so.so: cannot open shared object file: No such file or directory)) in Unknown on line 0
PHP Warning:  Module 'pdo_pgsql' already loaded in Unknown on line 0
PHP Warning:  Module 'pgsql' already loaded in Unknown on line 0
PHP Warning:  Module 'Phar' already loaded in Unknown on line 0
>>> HYBRID SYNC STARTED: 2026-09-21 to 2026-09-22 <<<
>>> USING POSTGRESQL FINAL LOGIN CALCULATION FOR CSR/AGENT <<<
Fetching from Main... Found 1031 records.
Fetching from Amazon... Found 268 records.

>>> SYNC RESULTS <<<
Total records synced: 804
Fixed/Updated records: 0

WARNING: 200 CSR records still have work > 8 hours.

>>> Sync Complete <<<
PHP Warning:  PHP Startup: Unable to load dynamic library 'fileinfo.so' (tried: /usr/lib64/php7/extensions/fileinfo.so (/usr/lib64/php7/extensions/fileinfo.so: cannot open shared object file: No such file or directory), /usr/lib64/php7/extensions/fileinfo.so.so (/usr/lib64/php7/extensions/fileinfo.so.so: cannot open shared object file: No such file or directory)) in Unknown on line 0
PHP Warning:  Module 'pdo_pgsql' already loaded in Unknown on line 0
PHP Warning:  Module 'pgsql' already loaded in Unknown on line 0
PHP Warning:  Module 'Phar' already loaded in Unknown on line 0
>>> HYBRID SYNC STARTED: 2026-09-21 to 2026-09-22 <<<
>>> USING POSTGRESQL FINAL LOGIN CALCULATION FOR CSR/AGENT <<<
Fetching from Main... Found 1031 records.
Fetching from Amazon... Found 268 records.

>>> SYNC RESULTS <<<
Total records synced: 804
Fixed/Updated records: 0

WARNING: 201 CSR records still have work > 8 hours.

>>> Sync Complete <<<
PHP Warning:  PHP Startup: Unable to load dynamic library 'fileinfo.so' (tried: /usr/lib64/php7/extensions/fileinfo.so (/usr/lib64/php7/extensions/fileinfo.so: cannot open shared object file: No such file or directory), /usr/lib64/php7/extensions/fileinfo.so.so (/usr/lib64/php7/extensions/fileinfo.so.so: cannot open shared object file: No such file or directory)) in Unknown on line 0
PHP Warning:  Module 'pdo_pgsql' already loaded in Unknown on line 0
PHP Warning:  Module 'pgsql' already loaded in Unknown on line 0
PHP Warning:  Module 'Phar' already loaded in Unknown on line 0
>>> HYBRID SYNC STARTED: 2026-09-21 to 2026-09-22 <<<
>>> USING POSTGRESQL FINAL LOGIN CALCULATION FOR CSR/AGENT <<<
Fetching from Main... Found 1031 records.
Fetching from Amazon... Found 268 records.

>>> SYNC RESULTS <<<
Total records synced: 804
Fixed/Updated records: 0

WARNING: 212 CSR records still have work > 8 hours.

>>> Sync Complete <<<
PHP Warning:  PHP Startup: Unable to load dynamic library 'fileinfo.so' (tried: /usr/lib64/php7/extensions/fileinfo.so (/usr/lib64/php7/extensions/fileinfo.so: cannot open shared object file: No such file or directory), /usr/lib64/php7/extensions/fileinfo.so.so (/usr/lib64/php7/extensions/fileinfo.so.so: cannot open shared object file: No such file or directory)) in Unknown on line 0
PHP Warning:  Module 'pdo_pgsql' already loaded in Unknown on line 0
PHP Warning:  Module 'pgsql' already loaded in Unknown on line 0
PHP Warning:  Module 'Phar' already loaded in Unknown on line 0
>>> HYBRID SYNC STARTED: 2026-09-21 to 2026-09-22 <<<
>>> USING POSTGRESQL FINAL LOGIN CALCULATION FOR CSR/AGENT <<<
Fetching from Main... Found 1031 records.
Fetching from Amazon... Found 268 records.

>>> SYNC RESULTS <<<
Total records synced: 804
Fixed/Updated records: 0

WARNING: 238 CSR records still have work > 8 hours.

>>> Sync Complete <<<
PHP Warning:  PHP Startup: Unable to load dynamic library 'fileinfo.so' (tried: /usr/lib64/php7/extensions/fileinfo.so (/usr/lib64/php7/extensions/fileinfo.so: cannot open shared object file: No such file or directory), /usr/lib64/php7/extensions/fileinfo.so.so (/usr/lib64/php7/extensions/fileinfo.so.so: cannot open shared object file: No such file or directory)) in Unknown on line 0
PHP Warning:  Module 'pdo_pgsql' already loaded in Unknown on line 0
PHP Warning:  Module 'pgsql' already loaded in Unknown on line 0
PHP Warning:  Module 'Phar' already loaded in Unknown on line 0
>>> HYBRID SYNC STARTED: 2026-09-21 to 2026-09-22 <<<
>>> USING POSTGRESQL FINAL LOGIN CALCULATION FOR CSR/AGENT <<<
Fetching from Main... Found 1031 records.
Fetching from Amazon... Found 268 records.

>>> SYNC RESULTS <<<
Total records synced: 804
Fixed/Updated records: 0

WARNING: 399 CSR records still have work > 8 hours.

>>> Sync Complete <<<
PHP Warning:  PHP Startup: Unable to load dynamic library 'fileinfo.so' (tried: /usr/lib64/php7/extensions/fileinfo.so (/usr/lib64/php7/extensions/fileinfo.so: cannot open shared object file: No such file or directory), /usr/lib64/php7/extensions/fileinfo.so.so (/usr/lib64/php7/extensions/fileinfo.so.so: cannot open shared object file: No such file or directory)) in Unknown on line 0
PHP Warning:  Module 'pdo_pgsql' already loaded in Unknown on line 0
PHP Warning:  Module 'pgsql' already loaded in Unknown on line 0
PHP Warning:  Module 'Phar' already loaded in Unknown on line 0
>>> HYBRID SYNC STARTED: 2026-09-21 to 2026-09-22 <<<
>>> USING POSTGRESQL FINAL LOGIN CALCULATION FOR CSR/AGENT <<<
Fetching from Main... Found 1031 records.
Fetching from Amazon... Found 268 records.

>>> SYNC RESULTS <<<
Total records synced: 804
Fixed/Updated records: 0

WARNING: 411 CSR records still have work > 8 hours.

>>> Sync Complete <<<
PHP Warning:  PHP Startup: Unable to load dynamic library 'fileinfo.so' (tried: /usr/lib64/php7/extensions/fileinfo.so (/usr/lib64/php7/extensions/fileinfo.so: cannot open shared object file: No such file or directory), /usr/lib64/php7/extensions/fileinfo.so.so (/usr/lib64/php7/extensions/fileinfo.so.so: cannot open shared object file: No such file or directory)) in Unknown on line 0
PHP Warning:  Module 'pdo_pgsql' already loaded in Unknown on line 0
PHP Warning:  Module 'pgsql' already loaded in Unknown on line 0
PHP Warning:  Module 'Phar' already loaded in Unknown on line 0
>>> HYBRID SYNC STARTED: 2026-09-21 to 2026-09-22 <<<
>>> USING POSTGRESQL FINAL LOGIN CALCULATION FOR CSR/AGENT <<<
Fetching from Main... Found 1031 records.
Fetching from Amazon... Found 268 records.

>>> SYNC RESULTS <<<
Total records synced: 804
Fixed/Updated records: 0

WARNING: 411 CSR records still have work > 8 hours.

>>> Sync Complete <<<
PHP Warning:  PHP Startup: Unable to load dynamic library 'fileinfo.so' (tried: /usr/lib64/php7/extensions/fileinfo.so (/usr/lib64/php7/extensions/fileinfo.so: cannot open shared object file: No such file or directory), /usr/lib64/php7/extensions/fileinfo.so.so (/usr/lib64/php7/extensions/fileinfo.so.so: cannot open shared object file: No such file or directory)) in Unknown on line 0
PHP Warning:  Module 'pdo_pgsql' already loaded in Unknown on line 0
PHP Warning:  Module 'pgsql' already loaded in Unknown on line 0
PHP Warning:  Module 'Phar' already loaded in Unknown on line 0
>>> HYBRID SYNC STARTED: 2026-09-21 to 2026-09-22 <<<
>>> USING POSTGRESQL FINAL LOGIN CALCULATION FOR CSR/AGENT <<<
Fetching from Main... Found 1031 records.
Fetching from Amazon... Found 268 records.

>>> SYNC RESULTS <<<
Total records synced: 804
Fixed/Updated records: 0

WARNING: 411 CSR records still have work > 8 hours.

>>> Sync Complete <<<
PHP Warning:  PHP Startup: Unable to load dynamic library 'fileinfo.so' (tried: /usr/lib64/php7/extensions/fileinfo.so (/usr/lib64/php7/extensions/fileinfo.so: cannot open shared object file: No such file or directory), /usr/lib64/php7/extensions/fileinfo.so.so (/usr/lib64/php7/extensions/fileinfo.so.so: cannot open shared object file: No such file or directory)) in Unknown on line 0
PHP Warning:  Module 'pdo_pgsql' already loaded in Unknown on line 0
PHP Warning:  Module 'pgsql' already loaded in Unknown on line 0
PHP Warning:  Module 'Phar' already loaded in Unknown on line 0
>>> HYBRID SYNC STARTED: 2026-09-21 to 2026-09-22 <<<
>>> USING POSTGRESQL FINAL LOGIN CALCULATION FOR CSR/AGENT <<<
Fetching from Main... Found 1031 records.
Fetching from Amazon... Found 268 records.

>>> SYNC RESULTS <<<
Total records synced: 804
Fixed/Updated records: 0

WARNING: 411 CSR records still have work > 8 hours.

>>> Sync Complete <<<
PHP Warning:  PHP Startup: Unable to load dynamic library 'fileinfo.so' (tried: /usr/lib64/php7/extensions/fileinfo.so (/usr/lib64/php7/extensions/fileinfo.so: cannot open shared object file: No such file or directory), /usr/lib64/php7/extensions/fileinfo.so.so (/usr/lib64/php7/extensions/fileinfo.so.so: cannot open shared object file: No such file or directory)) in Unknown on line 0
PHP Warning:  Module 'pdo_pgsql' already loaded in Unknown on line 0
PHP Warning:  Module 'pgsql' already loaded in Unknown on line 0
PHP Warning:  Module 'Phar' already loaded in Unknown on line 0
>>> HYBRID SYNC STARTED: 2026-09-21 to 2026-09-22 <<<
>>> USING POSTGRESQL FINAL LOGIN CALCULATION FOR CSR/AGENT <<<
Fetching from Main... Found 1031 records.
Fetching from Amazon... Found 268 records.

>>> SYNC RESULTS <<<
Total records synced: 804
Fixed/Updated records: 0

WARNING: 411 CSR records still have work > 8 hours.

>>> Sync Complete <<<
PHP Warning:  PHP Startup: Unable to load dynamic library 'fileinfo.so' (tried: /usr/lib64/php7/extensions/fileinfo.so (/usr/lib64/php7/extensions/fileinfo.so: cannot open shared object file: No such file or directory), /usr/lib64/php7/extensions/fileinfo.so.so (/usr/lib64/php7/extensions/fileinfo.so.so: cannot open shared object file: No such file or directory)) in Unknown on line 0
PHP Warning:  Module 'pdo_pgsql' already loaded in Unknown on line 0
PHP Warning:  Module 'pgsql' already loaded in Unknown on line 0
PHP Warning:  Module 'Phar' already loaded in Unknown on line 0
>>> HYBRID SYNC STARTED: 2026-09-21 to 2026-09-22 <<<
>>> USING POSTGRESQL FINAL LOGIN CALCULATION FOR CSR/AGENT <<<
Fetching from Main... Found 1031 records.
Fetching from Amazon... Found 268 records.

>>> SYNC RESULTS <<<
Total records synced: 804
Fixed/Updated records: 0

WARNING: 411 CSR records still have work > 8 hours.

>>> Sync Complete <<<
PHP Warning:  PHP Startup: Unable to load dynamic library 'fileinfo.so' (tried: /usr/lib64/php7/extensions/fileinfo.so (/usr/lib64/php7/extensions/fileinfo.so: cannot open shared object file: No such file or directory), /usr/lib64/php7/extensions/fileinfo.so.so (/usr/lib64/php7/extensions/fileinfo.so.so: cannot open shared object file: No such file or directory)) in Unknown on line 0
PHP Warning:  Module 'pdo_pgsql' already loaded in Unknown on line 0
PHP Warning:  Module 'pgsql' already loaded in Unknown on line 0
PHP Warning:  Module 'Phar' already loaded in Unknown on line 0
>>> HYBRID SYNC STARTED: 2026-09-21 to 2026-09-22 <<<
>>> USING POSTGRESQL FINAL LOGIN CALCULATION FOR CSR/AGENT <<<
Fetching from Main... Found 1031 records.
Fetching from Amazon... Found 268 records.

>>> SYNC RESULTS <<<
Total records synced: 804
Fixed/Updated records: 0

WARNING: 411 CSR records still have work > 8 hours.

>>> Sync Complete <<<
PHP Warning:  PHP Startup: Unable to load dynamic library 'fileinfo.so' (tried: /usr/lib64/php7/extensions/fileinfo.so (/usr/lib64/php7/extensions/fileinfo.so: cannot open shared object file: No such file or directory), /usr/lib64/php7/extensions/fileinfo.so.so (/usr/lib64/php7/extensions/fileinfo.so.so: cannot open shared object file: No such file or directory)) in Unknown on line 0
PHP Warning:  Module 'pdo_pgsql' already loaded in Unknown on line 0
PHP Warning:  Module 'pgsql' already loaded in Unknown on line 0
PHP Warning:  Module 'Phar' already loaded in Unknown on line 0
>>> HYBRID SYNC STARTED: 2026-09-21 to 2026-09-22 <<<
>>> USING POSTGRESQL FINAL LOGIN CALCULATION FOR CSR/AGENT <<<
Fetching from Main... Found 1031 records.
Fetching from Amazon... Found 268 records.

>>> SYNC RESULTS <<<
Total records synced: 804
Fixed/Updated records: 0

WARNING: 411 CSR records still have work > 8 hours.

>>> Sync Complete <<<
PHP Warning:  PHP Startup: Unable to load dynamic library 'fileinfo.so' (tried: /usr/lib64/php7/extensions/fileinfo.so (/usr/lib64/php7/extensions/fileinfo.so: cannot open shared object file: No such file or directory), /usr/lib64/php7/extensions/fileinfo.so.so (/usr/lib64/php7/extensions/fileinfo.so.so: cannot open shared object file: No such file or directory)) in Unknown on line 0
PHP Warning:  Module 'pdo_pgsql' already loaded in Unknown on line 0
PHP Warning:  Module 'pgsql' already loaded in Unknown on line 0
PHP Warning:  Module 'Phar' already loaded in Unknown on line 0
>>> HYBRID SYNC STARTED: 2026-09-22 to 2026-09-23 <<<
>>> USING POSTGRESQL FINAL LOGIN CALCULATION FOR CSR/AGENT <<<
Fetching from Main... Found 519 records.
Fetching from Amazon... Found 131 records.

>>> SYNC RESULTS <<<
Total records synced: 404
Fixed/Updated records: 0

WARNING: 211 CSR records still have work > 8 hours.

>>> Sync Complete <<<
PHP Warning:  PHP Startup: Unable to load dynamic library 'fileinfo.so' (tried: /usr/lib64/php7/extensions/fileinfo.so (/usr/lib64/php7/extensions/fileinfo.so: cannot open shared object file: No such file or directory), /usr/lib64/php7/extensions/fileinfo.so.so (/usr/lib64/php7/extensions/fileinfo.so.so: cannot open shared object file: No such file or directory)) in Unknown on line 0
PHP Warning:  Module 'pdo_pgsql' already loaded in Unknown on line 0
PHP Warning:  Module 'pgsql' already loaded in Unknown on line 0
PHP Warning:  Module 'Phar' already loaded in Unknown on line 0
>>> HYBRID SYNC STARTED: 2026-09-22 to 2026-09-23 <<<
>>> USING POSTGRESQL FINAL LOGIN CALCULATION FOR CSR/AGENT <<<
Fetching from Main... Found 536 records.
Fetching from Amazon... Found 133 records.

>>> SYNC RESULTS <<<
Total records synced: 413
Fixed/Updated records: 0

WARNING: 211 CSR records still have work > 8 hours.

>>> Sync Complete <<<
PHP Warning:  PHP Startup: Unable to load dynamic library 'fileinfo.so' (tried: /usr/lib64/php7/extensions/fileinfo.so (/usr/lib64/php7/extensions/fileinfo.so: cannot open shared object file: No such file or directory), /usr/lib64/php7/extensions/fileinfo.so.so (/usr/lib64/php7/extensions/fileinfo.so.so: cannot open shared object file: No such file or directory)) in Unknown on line 0
PHP Warning:  Module 'pdo_pgsql' already loaded in Unknown on line 0
PHP Warning:  Module 'pgsql' already loaded in Unknown on line 0
PHP Warning:  Module 'Phar' already loaded in Unknown on line 0
>>> HYBRID SYNC STARTED: 2026-09-22 to 2026-09-23 <<<
>>> USING POSTGRESQL FINAL LOGIN CALCULATION FOR CSR/AGENT <<<
Fetching from Main... Found 536 records.
Fetching from Amazon... Found 133 records.

>>> SYNC RESULTS <<<
Total records synced: 413
Fixed/Updated records: 0

WARNING: 211 CSR records still have work > 8 hours.

>>> Sync Complete <<<
PHP Warning:  PHP Startup: Unable to load dynamic library 'fileinfo.so' (tried: /usr/lib64/php7/extensions/fileinfo.so (/usr/lib64/php7/extensions/fileinfo.so: cannot open shared object file: No such file or directory), /usr/lib64/php7/extensions/fileinfo.so.so (/usr/lib64/php7/extensions/fileinfo.so.so: cannot open shared object file: No such file or directory)) in Unknown on line 0
PHP Warning:  Module 'pdo_pgsql' already loaded in Unknown on line 0
PHP Warning:  Module 'pgsql' already loaded in Unknown on line 0
PHP Warning:  Module 'Phar' already loaded in Unknown on line 0
>>> HYBRID SYNC STARTED: 2026-09-22 to 2026-09-23 <<<
>>> USING POSTGRESQL FINAL LOGIN CALCULATION FOR CSR/AGENT <<<
Fetching from Main... Found 536 records.
Fetching from Amazon... Found 133 records.

>>> SYNC RESULTS <<<
Total records synced: 413
Fixed/Updated records: 0

WARNING: 211 CSR records still have work > 8 hours.

>>> Sync Complete <<<
PHP Warning:  PHP Startup: Unable to load dynamic library 'fileinfo.so' (tried: /usr/lib64/php7/extensions/fileinfo.so (/usr/lib64/php7/extensions/fileinfo.so: cannot open shared object file: No such file or directory), /usr/lib64/php7/extensions/fileinfo.so.so (/usr/lib64/php7/extensions/fileinfo.so.so: cannot open shared object file: No such file or directory)) in Unknown on line 0
PHP Warning:  Module 'pdo_pgsql' already loaded in Unknown on line 0
PHP Warning:  Module 'pgsql' already loaded in Unknown on line 0
PHP Warning:  Module 'Phar' already loaded in Unknown on line 0
>>> HYBRID SYNC STARTED: 2026-09-22 to 2026-09-23 <<<
>>> USING POSTGRESQL FINAL LOGIN CALCULATION FOR CSR/AGENT <<<
Fetching from Main... Found 536 records.
Fetching from Amazon... Found 133 records.

>>> SYNC RESULTS <<<
Total records synced: 413
Fixed/Updated records: 0

WARNING: 211 CSR records still have work > 8 hours.

>>> Sync Complete <<<
PHP Warning:  PHP Startup: Unable to load dynamic library 'fileinfo.so' (tried: /usr/lib64/php7/extensions/fileinfo.so (/usr/lib64/php7/extensions/fileinfo.so: cannot open shared object file: No such file or directory), /usr/lib64/php7/extensions/fileinfo.so.so (/usr/lib64/php7/extensions/fileinfo.so.so: cannot open shared object file: No such file or directory)) in Unknown on line 0
PHP Warning:  Module 'pdo_pgsql' already loaded in Unknown on line 0
PHP Warning:  Module 'pgsql' already loaded in Unknown on line 0
PHP Warning:  Module 'Phar' already loaded in Unknown on line 0
>>> HYBRID SYNC STARTED: 2026-09-22 to 2026-09-23 <<<
>>> USING POSTGRESQL FINAL LOGIN CALCULATION FOR CSR/AGENT <<<
Fetching from Main... Found 536 records.
Fetching from Amazon... Found 133 records.

>>> SYNC RESULTS <<<
Total records synced: 413
Fixed/Updated records: 0

WARNING: 211 CSR records still have work > 8 hours.

>>> Sync Complete <<<
PHP Warning:  PHP Startup: Unable to load dynamic library 'fileinfo.so' (tried: /usr/lib64/php7/extensions/fileinfo.so (/usr/lib64/php7/extensions/fileinfo.so: cannot open shared object file: No such file or directory), /usr/lib64/php7/extensions/fileinfo.so.so (/usr/lib64/php7/extensions/fileinfo.so.so: cannot open shared object file: No such file or directory)) in Unknown on line 0
PHP Warning:  Module 'pdo_pgsql' already loaded in Unknown on line 0
PHP Warning:  Module 'pgsql' already loaded in Unknown on line 0
PHP Warning:  Module 'Phar' already loaded in Unknown on line 0
>>> HYBRID SYNC STARTED: 2026-09-22 to 2026-09-23 <<<
>>> USING POSTGRESQL FINAL LOGIN CALCULATION FOR CSR/AGENT <<<
Fetching from Main... Found 536 records.
Fetching from Amazon... Found 133 records.

>>> SYNC RESULTS <<<
Total records synced: 413
Fixed/Updated records: 0

WARNING: 211 CSR records still have work > 8 hours.

>>> Sync Complete <<<
PHP Warning:  PHP Startup: Unable to load dynamic library 'fileinfo.so' (tried: /usr/lib64/php7/extensions/fileinfo.so (/usr/lib64/php7/extensions/fileinfo.so: cannot open shared object file: No such file or directory), /usr/lib64/php7/extensions/fileinfo.so.so (/usr/lib64/php7/extensions/fileinfo.so.so: cannot open shared object file: No such file or directory)) in Unknown on line 0
PHP Warning:  Module 'pdo_pgsql' already loaded in Unknown on line 0
PHP Warning:  Module 'pgsql' already loaded in Unknown on line 0
PHP Warning:  Module 'Phar' already loaded in Unknown on line 0
>>> HYBRID SYNC STARTED: 2026-09-22 to 2026-09-23 <<<
>>> USING POSTGRESQL FINAL LOGIN CALCULATION FOR CSR/AGENT <<<
Fetching from Main... Found 536 records.
Fetching from Amazon... Found 133 records.

>>> SYNC RESULTS <<<
Total records synced: 413
Fixed/Updated records: 0

WARNING: 211 CSR records still have work > 8 hours.

>>> Sync Complete <<<
PHP Warning:  PHP Startup: Unable to load dynamic library 'fileinfo.so' (tried: /usr/lib64/php7/extensions/fileinfo.so (/usr/lib64/php7/extensions/fileinfo.so: cannot open shared object file: No such file or directory), /usr/lib64/php7/extensions/fileinfo.so.so (/usr/lib64/php7/extensions/fileinfo.so.so: cannot open shared object file: No such file or directory)) in Unknown on line 0
PHP Warning:  Module 'pdo_pgsql' already loaded in Unknown on line 0
PHP Warning:  Module 'pgsql' already loaded in Unknown on line 0
PHP Warning:  Module 'Phar' already loaded in Unknown on line 0
>>> HYBRID SYNC STARTED: 2026-09-22 to 2026-09-23 <<<
>>> USING POSTGRESQL FINAL LOGIN CALCULATION FOR CSR/AGENT <<<
Fetching from Main... Found 536 records.
Fetching from Amazon... Found 133 records.

>>> SYNC RESULTS <<<
Total records synced: 413
Fixed/Updated records: 0

WARNING: 211 CSR records still have work > 8 hours.

>>> Sync Complete <<<
PHP Warning:  PHP Startup: Unable to load dynamic library 'fileinfo.so' (tried: /usr/lib64/php7/extensions/fileinfo.so (/usr/lib64/php7/extensions/fileinfo.so: cannot open shared object file: No such file or directory), /usr/lib64/php7/extensions/fileinfo.so.so (/usr/lib64/php7/extensions/fileinfo.so.so: cannot open shared object file: No such file or directory)) in Unknown on line 0
PHP Warning:  Module 'pdo_pgsql' already loaded in Unknown on line 0
PHP Warning:  Module 'pgsql' already loaded in Unknown on line 0
PHP Warning:  Module 'Phar' already loaded in Unknown on line 0
>>> HYBRID SYNC STARTED: 2026-09-22 to 2026-09-23 <<<
>>> USING POSTGRESQL FINAL LOGIN CALCULATION FOR CSR/AGENT <<<
Fetching from Main... Found 536 records.
Fetching from Amazon... Found 133 records.

>>> SYNC RESULTS <<<
Total records synced: 413
Fixed/Updated records: 0

WARNING: 211 CSR records still have work > 8 hours.

>>> Sync Complete <<<
PHP Warning:  PHP Startup: Unable to load dynamic library 'fileinfo.so' (tried: /usr/lib64/php7/extensions/fileinfo.so (/usr/lib64/php7/extensions/fileinfo.so: cannot open shared object file: No such file or directory), /usr/lib64/php7/extensions/fileinfo.so.so (/usr/lib64/php7/extensions/fileinfo.so.so: cannot open shared object file: No such file or directory)) in Unknown on line 0
PHP Warning:  Module 'pdo_pgsql' already loaded in Unknown on line 0
PHP Warning:  Module 'pgsql' already loaded in Unknown on line 0
PHP Warning:  Module 'Phar' already loaded in Unknown on line 0
>>> HYBRID SYNC STARTED: 2026-09-22 to 2026-09-23 <<<
>>> USING POSTGRESQL FINAL LOGIN CALCULATION FOR CSR/AGENT <<<
Fetching from Main... Found 536 records.
Fetching from Amazon... Found 133 records.

>>> SYNC RESULTS <<<
Total records synced: 413
Fixed/Updated records: 0

WARNING: 211 CSR records still have work > 8 hours.

>>> Sync Complete <<<
PHP Warning:  PHP Startup: Unable to load dynamic library 'fileinfo.so' (tried: /usr/lib64/php7/extensions/fileinfo.so (/usr/lib64/php7/extensions/fileinfo.so: cannot open shared object file: No such file or directory), /usr/lib64/php7/extensions/fileinfo.so.so (/usr/lib64/php7/extensions/fileinfo.so.so: cannot open shared object file: No such file or directory)) in Unknown on line 0
PHP Warning:  Module 'pdo_pgsql' already loaded in Unknown on line 0
PHP Warning:  Module 'pgsql' already loaded in Unknown on line 0
PHP Warning:  Module 'Phar' already loaded in Unknown on line 0
>>> HYBRID SYNC STARTED: 2026-09-22 to 2026-09-23 <<<
>>> USING POSTGRESQL FINAL LOGIN CALCULATION FOR CSR/AGENT <<<
Fetching from Main... Found 536 records.
Fetching from Amazon... Found 133 records.

>>> SYNC RESULTS <<<
Total records synced: 413
Fixed/Updated records: 0

WARNING: 211 CSR records still have work > 8 hours.

>>> Sync Complete <<<
PHP Warning:  PHP Startup: Unable to load dynamic library 'fileinfo.so' (tried: /usr/lib64/php7/extensions/fileinfo.so (/usr/lib64/php7/extensions/fileinfo.so: cannot open shared object file: No such file or directory), /usr/lib64/php7/extensions/fileinfo.so.so (/usr/lib64/php7/extensions/fileinfo.so.so: cannot open shared object file: No such file or directory)) in Unknown on line 0
PHP Warning:  Module 'pdo_pgsql' already loaded in Unknown on line 0
PHP Warning:  Module 'pgsql' already loaded in Unknown on line 0
PHP Warning:  Module 'Phar' already loaded in Unknown on line 0
>>> HYBRID SYNC STARTED: 2026-09-22 to 2026-09-23 <<<
>>> USING POSTGRESQL FINAL LOGIN CALCULATION FOR CSR/AGENT <<<
Fetching from Main... Found 536 records.
Fetching from Amazon... Found 133 records.

>>> SYNC RESULTS <<<
Total records synced: 413
Fixed/Updated records: 0

WARNING: 211 CSR records still have work > 8 hours.

>>> Sync Complete <<<
PHP Warning:  PHP Startup: Unable to load dynamic library 'fileinfo.so' (tried: /usr/lib64/php7/extensions/fileinfo.so (/usr/lib64/php7/extensions/fileinfo.so: cannot open shared object file: No such file or directory), /usr/lib64/php7/extensions/fileinfo.so.so (/usr/lib64/php7/extensions/fileinfo.so.so: cannot open shared object file: No such file or directory)) in Unknown on line 0
PHP Warning:  Module 'pdo_pgsql' already loaded in Unknown on line 0
PHP Warning:  Module 'pgsql' already loaded in Unknown on line 0
PHP Warning:  Module 'Phar' already loaded in Unknown on line 0
>>> HYBRID SYNC STARTED: 2026-09-22 to 2026-09-23 <<<
>>> USING POSTGRESQL FINAL LOGIN CALCULATION FOR CSR/AGENT <<<
Fetching from Main... Found 536 records.
Fetching from Amazon... Found 133 records.

>>> SYNC RESULTS <<<
Total records synced: 413
Fixed/Updated records: 0

WARNING: 211 CSR records still have work > 8 hours.

>>> Sync Complete <<<
PHP Warning:  PHP Startup: Unable to load dynamic library 'fileinfo.so' (tried: /usr/lib64/php7/extensions/fileinfo.so (/usr/lib64/php7/extensions/fileinfo.so: cannot open shared object file: No such file or directory), /usr/lib64/php7/extensions/fileinfo.so.so (/usr/lib64/php7/extensions/fileinfo.so.so: cannot open shared object file: No such file or directory)) in Unknown on line 0
PHP Warning:  Module 'pdo_pgsql' already loaded in Unknown on line 0
PHP Warning:  Module 'pgsql' already loaded in Unknown on line 0
PHP Warning:  Module 'Phar' already loaded in Unknown on line 0
>>> HYBRID SYNC STARTED: 2026-09-22 to 2026-09-23 <<<
>>> USING POSTGRESQL FINAL LOGIN CALCULATION FOR CSR/AGENT <<<
Fetching from Main... Found 536 records.
Fetching from Amazon... Found 133 records.

>>> SYNC RESULTS <<<
Total records synced: 413
Fixed/Updated records: 0

WARNING: 211 CSR records still have work > 8 hours.

>>> Sync Complete <<<
PHP Warning:  PHP Startup: Unable to load dynamic library 'fileinfo.so' (tried: /usr/lib64/php7/extensions/fileinfo.so (/usr/lib64/php7/extensions/fileinfo.so: cannot open shared object file: No such file or directory), /usr/lib64/php7/extensions/fileinfo.so.so (/usr/lib64/php7/extensions/fileinfo.so.so: cannot open shared object file: No such file or directory)) in Unknown on line 0
PHP Warning:  Module 'pdo_pgsql' already loaded in Unknown on line 0
PHP Warning:  Module 'pgsql' already loaded in Unknown on line 0
PHP Warning:  Module 'Phar' already loaded in Unknown on line 0
>>> HYBRID SYNC STARTED: 2026-09-22 to 2026-09-23 <<<
>>> USING POSTGRESQL FINAL LOGIN CALCULATION FOR CSR/AGENT <<<
Fetching from Main... Found 536 records.
Fetching from Amazon... Found 133 records.

>>> SYNC RESULTS <<<
Total records synced: 413
Fixed/Updated records: 0

WARNING: 211 CSR records still have work > 8 hours.

>>> Sync Complete <<<
PHP Warning:  PHP Startup: Unable to load dynamic library 'fileinfo.so' (tried: /usr/lib64/php7/extensions/fileinfo.so (/usr/lib64/php7/extensions/fileinfo.so: cannot open shared object file: No such file or directory), /usr/lib64/php7/extensions/fileinfo.so.so (/usr/lib64/php7/extensions/fileinfo.so.so: cannot open shared object file: No such file or directory)) in Unknown on line 0
PHP Warning:  Module 'pdo_pgsql' already loaded in Unknown on line 0
PHP Warning:  Module 'pgsql' already loaded in Unknown on line 0
PHP Warning:  Module 'Phar' already loaded in Unknown on line 0
>>> HYBRID SYNC STARTED: 2026-09-22 to 2026-09-23 <<<
>>> USING POSTGRESQL FINAL LOGIN CALCULATION FOR CSR/AGENT <<<
Fetching from Main... Found 536 records.
Fetching from Amazon... Found 133 records.

>>> SYNC RESULTS <<<
Total records synced: 413
Fixed/Updated records: 0

WARNING: 211 CSR records still have work > 8 hours.

>>> Sync Complete <<<
PHP Warning:  PHP Startup: Unable to load dynamic library 'fileinfo.so' (tried: /usr/lib64/php7/extensions/fileinfo.so (/usr/lib64/php7/extensions/fileinfo.so: cannot open shared object file: No such file or directory), /usr/lib64/php7/extensions/fileinfo.so.so (/usr/lib64/php7/extensions/fileinfo.so.so: cannot open shared object file: No such file or directory)) in Unknown on line 0
PHP Warning:  Module 'pdo_pgsql' already loaded in Unknown on line 0
PHP Warning:  Module 'pgsql' already loaded in Unknown on line 0
PHP Warning:  Module 'Phar' already loaded in Unknown on line 0
>>> HYBRID SYNC STARTED: 2026-09-22 to 2026-09-23 <<<
>>> USING POSTGRESQL FINAL LOGIN CALCULATION FOR CSR/AGENT <<<
Fetching from Main... Found 536 records.
Fetching from Amazon... Found 133 records.

>>> SYNC RESULTS <<<
Total records synced: 413
Fixed/Updated records: 0

WARNING: 211 CSR records still have work > 8 hours.

>>> Sync Complete <<<
PHP Warning:  PHP Startup: Unable to load dynamic library 'fileinfo.so' (tried: /usr/lib64/php7/extensions/fileinfo.so (/usr/lib64/php7/extensions/fileinfo.so: cannot open shared object file: No such file or directory), /usr/lib64/php7/extensions/fileinfo.so.so (/usr/lib64/php7/extensions/fileinfo.so.so: cannot open shared object file: No such file or directory)) in Unknown on line 0
PHP Warning:  Module 'pdo_pgsql' already loaded in Unknown on line 0
PHP Warning:  Module 'pgsql' already loaded in Unknown on line 0
PHP Warning:  Module 'Phar' already loaded in Unknown on line 0
>>> HYBRID SYNC STARTED: 2026-09-22 to 2026-09-23 <<<
>>> USING POSTGRESQL FINAL LOGIN CALCULATION FOR CSR/AGENT <<<
Fetching from Main... Found 545 records.
Fetching from Amazon... Found 136 records.

>>> SYNC RESULTS <<<
Total records synced: 420
Fixed/Updated records: 0

WARNING: 211 CSR records still have work > 8 hours.

>>> Sync Complete <<<
PHP Warning:  PHP Startup: Unable to load dynamic library 'fileinfo.so' (tried: /usr/lib64/php7/extensions/fileinfo.so (/usr/lib64/php7/extensions/fileinfo.so: cannot open shared object file: No such file or directory), /usr/lib64/php7/extensions/fileinfo.so.so (/usr/lib64/php7/extensions/fileinfo.so.so: cannot open shared object file: No such file or directory)) in Unknown on line 0
PHP Warning:  Module 'pdo_pgsql' already loaded in Unknown on line 0
PHP Warning:  Module 'pgsql' already loaded in Unknown on line 0
PHP Warning:  Module 'Phar' already loaded in Unknown on line 0
>>> HYBRID SYNC STARTED: 2026-09-22 to 2026-09-23 <<<
>>> USING POSTGRESQL FINAL LOGIN CALCULATION FOR CSR/AGENT <<<
Fetching from Main... Found 623 records.
Fetching from Amazon... Found 155 records.

>>> SYNC RESULTS <<<
Total records synced: 448
Fixed/Updated records: 0

WARNING: 211 CSR records still have work > 8 hours.

>>> Sync Complete <<<
PHP Warning:  PHP Startup: Unable to load dynamic library 'fileinfo.so' (tried: /usr/lib64/php7/extensions/fileinfo.so (/usr/lib64/php7/extensions/fileinfo.so: cannot open shared object file: No such file or directory), /usr/lib64/php7/extensions/fileinfo.so.so (/usr/lib64/php7/extensions/fileinfo.so.so: cannot open shared object file: No such file or directory)) in Unknown on line 0
PHP Warning:  Module 'pdo_pgsql' already loaded in Unknown on line 0
PHP Warning:  Module 'pgsql' already loaded in Unknown on line 0
PHP Warning:  Module 'Phar' already loaded in Unknown on line 0
>>> HYBRID SYNC STARTED: 2026-09-22 to 2026-09-23 <<<
>>> USING POSTGRESQL FINAL LOGIN CALCULATION FOR CSR/AGENT <<<
Fetching from Main... Found 973 records.
Fetching from Amazon... Found 248 records.

>>> SYNC RESULTS <<<
Total records synced: 750
Fixed/Updated records: 0

WARNING: 211 CSR records still have work > 8 hours.

>>> Sync Complete <<<
PHP Warning:  PHP Startup: Unable to load dynamic library 'fileinfo.so' (tried: /usr/lib64/php7/extensions/fileinfo.so (/usr/lib64/php7/extensions/fileinfo.so: cannot open shared object file: No such file or directory), /usr/lib64/php7/extensions/fileinfo.so.so (/usr/lib64/php7/extensions/fileinfo.so.so: cannot open shared object file: No such file or directory)) in Unknown on line 0
PHP Warning:  Module 'pdo_pgsql' already loaded in Unknown on line 0
PHP Warning:  Module 'pgsql' already loaded in Unknown on line 0
PHP Warning:  Module 'Phar' already loaded in Unknown on line 0
>>> HYBRID SYNC STARTED: 2026-09-22 to 2026-09-23 <<<
>>> USING POSTGRESQL FINAL LOGIN CALCULATION FOR CSR/AGENT <<<
Fetching from Main... Found 1020 records.
Fetching from Amazon... Found 255 records.

>>> SYNC RESULTS <<<
Total records synced: 802
Fixed/Updated records: 0

WARNING: 211 CSR records still have work > 8 hours.

>>> Sync Complete <<<
PHP Warning:  PHP Startup: Unable to load dynamic library 'fileinfo.so' (tried: /usr/lib64/php7/extensions/fileinfo.so (/usr/lib64/php7/extensions/fileinfo.so: cannot open shared object file: No such file or directory), /usr/lib64/php7/extensions/fileinfo.so.so (/usr/lib64/php7/extensions/fileinfo.so.so: cannot open shared object file: No such file or directory)) in Unknown on line 0
PHP Warning:  Module 'pdo_pgsql' already loaded in Unknown on line 0
PHP Warning:  Module 'pgsql' already loaded in Unknown on line 0
PHP Warning:  Module 'Phar' already loaded in Unknown on line 0
>>> HYBRID SYNC STARTED: 2026-09-23 to 2026-09-24 <<<
>>> USING POSTGRESQL FINAL LOGIN CALCULATION FOR CSR/AGENT <<<
Fetching from Main... Found 1071 records.
Fetching from Amazon... Found 263 records.
FATAL ERROR: SQLSTATE[HY000]: General error: 1205 Lock wait timeout exceeded; try restarting transaction
PHP Warning:  PHP Startup: Unable to load dynamic library 'fileinfo.so' (tried: /usr/lib64/php7/extensions/fileinfo.so (/usr/lib64/php7/extensions/fileinfo.so: cannot open shared object file: No such file or directory), /usr/lib64/php7/extensions/fileinfo.so.so (/usr/lib64/php7/extensions/fileinfo.so.so: cannot open shared object file: No such file or directory)) in Unknown on line 0
PHP Warning:  Module 'pdo_pgsql' already loaded in Unknown on line 0
PHP Warning:  Module 'pgsql' already loaded in Unknown on line 0
PHP Warning:  Module 'Phar' already loaded in Unknown on line 0
>>> HYBRID SYNC STARTED: 2026-09-23 to 2026-09-24 <<<
>>> USING POSTGRESQL FINAL LOGIN CALCULATION FOR CSR/AGENT <<<
Fetching from Main... Found 1071 records.
Fetching from Amazon... Found 263 records.

>>> SYNC RESULTS <<<
Total records synced: 809
Fixed/Updated records: 0

WARNING: 217 CSR records still have work > 8 hours.

>>> Sync Complete <<<
PHP Warning:  PHP Startup: Unable to load dynamic library 'fileinfo.so' (tried: /usr/lib64/php7/extensions/fileinfo.so (/usr/lib64/php7/extensions/fileinfo.so: cannot open shared object file: No such file or directory), /usr/lib64/php7/extensions/fileinfo.so.so (/usr/lib64/php7/extensions/fileinfo.so.so: cannot open shared object file: No such file or directory)) in Unknown on line 0
PHP Warning:  Module 'pdo_pgsql' already loaded in Unknown on line 0
PHP Warning:  Module 'pgsql' already loaded in Unknown on line 0
PHP Warning:  Module 'Phar' already loaded in Unknown on line 0
>>> HYBRID SYNC STARTED: 2026-09-23 to 2026-09-24 <<<
>>> USING POSTGRESQL FINAL LOGIN CALCULATION FOR CSR/AGENT <<<
Fetching from Main... Found 1072 records.
Fetching from Amazon... Found 263 records.

>>> SYNC RESULTS <<<
Total records synced: 809
Fixed/Updated records: 0

WARNING: 217 CSR records still have work > 8 hours.

>>> Sync Complete <<<
PHP Warning:  PHP Startup: Unable to load dynamic library 'fileinfo.so' (tried: /usr/lib64/php7/extensions/fileinfo.so (/usr/lib64/php7/extensions/fileinfo.so: cannot open shared object file: No such file or directory), /usr/lib64/php7/extensions/fileinfo.so.so (/usr/lib64/php7/extensions/fileinfo.so.so: cannot open shared object file: No such file or directory)) in Unknown on line 0
PHP Warning:  Module 'pdo_pgsql' already loaded in Unknown on line 0
PHP Warning:  Module 'pgsql' already loaded in Unknown on line 0
PHP Warning:  Module 'Phar' already loaded in Unknown on line 0
>>> HYBRID SYNC STARTED: 2026-09-23 to 2026-09-24 <<<
>>> USING POSTGRESQL FINAL LOGIN CALCULATION FOR CSR/AGENT <<<
Fetching from Main... Found 1073 records.
Fetching from Amazon... Found 263 records.

>>> SYNC RESULTS <<<
Total records synced: 809
Fixed/Updated records: 0

WARNING: 217 CSR records still have work > 8 hours.

>>> Sync Complete <<<
PHP Warning:  PHP Startup: Unable to load dynamic library 'fileinfo.so' (tried: /usr/lib64/php7/extensions/fileinfo.so (/usr/lib64/php7/extensions/fileinfo.so: cannot open shared object file: No such file or directory), /usr/lib64/php7/extensions/fileinfo.so.so (/usr/lib64/php7/extensions/fileinfo.so.so: cannot open shared object file: No such file or directory)) in Unknown on line 0
PHP Warning:  Module 'pdo_pgsql' already loaded in Unknown on line 0
PHP Warning:  Module 'pgsql' already loaded in Unknown on line 0
PHP Warning:  Module 'Phar' already loaded in Unknown on line 0
>>> HYBRID SYNC STARTED: 2026-09-23 to 2026-09-24 <<<
>>> USING POSTGRESQL FINAL LOGIN CALCULATION FOR CSR/AGENT <<<
Fetching from Main... Found 1073 records.
Fetching from Amazon... Found 263 records.

>>> SYNC RESULTS <<<
Total records synced: 809
Fixed/Updated records: 0

WARNING: 217 CSR records still have work > 8 hours.

>>> Sync Complete <<<
PHP Warning:  PHP Startup: Unable to load dynamic library 'fileinfo.so' (tried: /usr/lib64/php7/extensions/fileinfo.so (/usr/lib64/php7/extensions/fileinfo.so: cannot open shared object file: No such file or directory), /usr/lib64/php7/extensions/fileinfo.so.so (/usr/lib64/php7/extensions/fileinfo.so.so: cannot open shared object file: No such file or directory)) in Unknown on line 0
PHP Warning:  Module 'pdo_pgsql' already loaded in Unknown on line 0
PHP Warning:  Module 'pgsql' already loaded in Unknown on line 0
PHP Warning:  Module 'Phar' already loaded in Unknown on line 0
>>> HYBRID SYNC STARTED: 2026-09-23 to 2026-09-24 <<<
>>> USING POSTGRESQL FINAL LOGIN CALCULATION FOR CSR/AGENT <<<
Fetching from Main... Found 1073 records.
Fetching from Amazon... Found 263 records.

>>> SYNC RESULTS <<<
Total records synced: 809
Fixed/Updated records: 0

WARNING: 217 CSR records still have work > 8 hours.

>>> Sync Complete <<<
PHP Warning:  PHP Startup: Unable to load dynamic library 'fileinfo.so' (tried: /usr/lib64/php7/extensions/fileinfo.so (/usr/lib64/php7/extensions/fileinfo.so: cannot open shared object file: No such file or directory), /usr/lib64/php7/extensions/fileinfo.so.so (/usr/lib64/php7/extensions/fileinfo.so.so: cannot open shared object file: No such file or directory)) in Unknown on line 0
PHP Warning:  Module 'pdo_pgsql' already loaded in Unknown on line 0
PHP Warning:  Module 'pgsql' already loaded in Unknown on line 0
PHP Warning:  Module 'Phar' already loaded in Unknown on line 0
>>> HYBRID SYNC STARTED: 2026-09-23 to 2026-09-24 <<<
>>> USING POSTGRESQL FINAL LOGIN CALCULATION FOR CSR/AGENT <<<
Fetching from Main... Found 1073 records.
Fetching from Amazon... Found 263 records.

>>> SYNC RESULTS <<<
Total records synced: 809
Fixed/Updated records: 0

WARNING: 218 CSR records still have work > 8 hours.

>>> Sync Complete <<<
PHP Warning:  PHP Startup: Unable to load dynamic library 'fileinfo.so' (tried: /usr/lib64/php7/extensions/fileinfo.so (/usr/lib64/php7/extensions/fileinfo.so: cannot open shared object file: No such file or directory), /usr/lib64/php7/extensions/fileinfo.so.so (/usr/lib64/php7/extensions/fileinfo.so.so: cannot open shared object file: No such file or directory)) in Unknown on line 0
PHP Warning:  Module 'pdo_pgsql' already loaded in Unknown on line 0
PHP Warning:  Module 'pgsql' already loaded in Unknown on line 0
PHP Warning:  Module 'Phar' already loaded in Unknown on line 0
>>> HYBRID SYNC STARTED: 2026-09-23 to 2026-09-24 <<<
>>> USING POSTGRESQL FINAL LOGIN CALCULATION FOR CSR/AGENT <<<
Fetching from Main... Found 1073 records.
Fetching from Amazon... Found 263 records.

>>> SYNC RESULTS <<<
Total records synced: 809
Fixed/Updated records: 0

WARNING: 225 CSR records still have work > 8 hours.

>>> Sync Complete <<<
PHP Warning:  PHP Startup: Unable to load dynamic library 'fileinfo.so' (tried: /usr/lib64/php7/extensions/fileinfo.so (/usr/lib64/php7/extensions/fileinfo.so: cannot open shared object file: No such file or directory), /usr/lib64/php7/extensions/fileinfo.so.so (/usr/lib64/php7/extensions/fileinfo.so.so: cannot open shared object file: No such file or directory)) in Unknown on line 0
PHP Warning:  Module 'pdo_pgsql' already loaded in Unknown on line 0
PHP Warning:  Module 'pgsql' already loaded in Unknown on line 0
PHP Warning:  Module 'Phar' already loaded in Unknown on line 0
>>> HYBRID SYNC STARTED: 2026-09-23 to 2026-09-24 <<<
>>> USING POSTGRESQL FINAL LOGIN CALCULATION FOR CSR/AGENT <<<
Fetching from Main... Found 1073 records.
Fetching from Amazon... Found 263 records.

>>> SYNC RESULTS <<<
Total records synced: 809
Fixed/Updated records: 0

WARNING: 262 CSR records still have work > 8 hours.

>>> Sync Complete <<<
PHP Warning:  PHP Startup: Unable to load dynamic library 'fileinfo.so' (tried: /usr/lib64/php7/extensions/fileinfo.so (/usr/lib64/php7/extensions/fileinfo.so: cannot open shared object file: No such file or directory), /usr/lib64/php7/extensions/fileinfo.so.so (/usr/lib64/php7/extensions/fileinfo.so.so: cannot open shared object file: No such file or directory)) in Unknown on line 0
PHP Warning:  Module 'pdo_pgsql' already loaded in Unknown on line 0
PHP Warning:  Module 'pgsql' already loaded in Unknown on line 0
PHP Warning:  Module 'Phar' already loaded in Unknown on line 0
>>> HYBRID SYNC STARTED: 2026-09-23 to 2026-09-24 <<<
>>> USING POSTGRESQL FINAL LOGIN CALCULATION FOR CSR/AGENT <<<
Fetching from Main... Found 1073 records.
Fetching from Amazon... Found 263 records.

>>> SYNC RESULTS <<<
Total records synced: 809
Fixed/Updated records: 0

WARNING: 401 CSR records still have work > 8 hours.

>>> Sync Complete <<<
PHP Warning:  PHP Startup: Unable to load dynamic library 'fileinfo.so' (tried: /usr/lib64/php7/extensions/fileinfo.so (/usr/lib64/php7/extensions/fileinfo.so: cannot open shared object file: No such file or directory), /usr/lib64/php7/extensions/fileinfo.so.so (/usr/lib64/php7/extensions/fileinfo.so.so: cannot open shared object file: No such file or directory)) in Unknown on line 0
PHP Warning:  Module 'pdo_pgsql' already loaded in Unknown on line 0
PHP Warning:  Module 'pgsql' already loaded in Unknown on line 0
PHP Warning:  Module 'Phar' already loaded in Unknown on line 0
>>> HYBRID SYNC STARTED: 2026-09-23 to 2026-09-24 <<<
>>> USING POSTGRESQL FINAL LOGIN CALCULATION FOR CSR/AGENT <<<
Fetching from Main... Found 1073 records.
Fetching from Amazon... Found 263 records.

>>> SYNC RESULTS <<<
Total records synced: 809
Fixed/Updated records: 0

WARNING: 419 CSR records still have work > 8 hours.

>>> Sync Complete <<<
PHP Warning:  PHP Startup: Unable to load dynamic library 'fileinfo.so' (tried: /usr/lib64/php7/extensions/fileinfo.so (/usr/lib64/php7/extensions/fileinfo.so: cannot open shared object file: No such file or directory), /usr/lib64/php7/extensions/fileinfo.so.so (/usr/lib64/php7/extensions/fileinfo.so.so: cannot open shared object file: No such file or directory)) in Unknown on line 0
PHP Warning:  Module 'pdo_pgsql' already loaded in Unknown on line 0
PHP Warning:  Module 'pgsql' already loaded in Unknown on line 0
PHP Warning:  Module 'Phar' already loaded in Unknown on line 0
>>> HYBRID SYNC STARTED: 2026-09-23 to 2026-09-24 <<<
>>> USING POSTGRESQL FINAL LOGIN CALCULATION FOR CSR/AGENT <<<
Fetching from Main... Found 1073 records.
Fetching from Amazon... Found 263 records.

>>> SYNC RESULTS <<<
Total records synced: 809
Fixed/Updated records: 0

WARNING: 419 CSR records still have work > 8 hours.

>>> Sync Complete <<<
PHP Warning:  PHP Startup: Unable to load dynamic library 'fileinfo.so' (tried: /usr/lib64/php7/extensions/fileinfo.so (/usr/lib64/php7/extensions/fileinfo.so: cannot open shared object file: No such file or directory), /usr/lib64/php7/extensions/fileinfo.so.so (/usr/lib64/php7/extensions/fileinfo.so.so: cannot open shared object file: No such file or directory)) in Unknown on line 0
PHP Warning:  Module 'pdo_pgsql' already loaded in Unknown on line 0
PHP Warning:  Module 'pgsql' already loaded in Unknown on line 0
PHP Warning:  Module 'Phar' already loaded in Unknown on line 0
>>> HYBRID SYNC STARTED: 2026-09-23 to 2026-09-24 <<<
>>> USING POSTGRESQL FINAL LOGIN CALCULATION FOR CSR/AGENT <<<
Fetching from Main... Found 1073 records.
Fetching from Amazon... Found 263 records.

>>> SYNC RESULTS <<<
Total records synced: 809
Fixed/Updated records: 0

WARNING: 419 CSR records still have work > 8 hours.

>>> Sync Complete <<<
PHP Warning:  PHP Startup: Unable to load dynamic library 'fileinfo.so' (tried: /usr/lib64/php7/extensions/fileinfo.so (/usr/lib64/php7/extensions/fileinfo.so: cannot open shared object file: No such file or directory), /usr/lib64/php7/extensions/fileinfo.so.so (/usr/lib64/php7/extensions/fileinfo.so.so: cannot open shared object file: No such file or directory)) in Unknown on line 0
PHP Warning:  Module 'pdo_pgsql' already loaded in Unknown on line 0
PHP Warning:  Module 'pgsql' already loaded in Unknown on line 0
PHP Warning:  Module 'Phar' already loaded in Unknown on line 0
>>> HYBRID SYNC STARTED: 2026-09-23 to 2026-09-24 <<<
>>> USING POSTGRESQL FINAL LOGIN CALCULATION FOR CSR/AGENT <<<
Fetching from Main... Found 1073 records.
Fetching from Amazon... Found 263 records.

>>> SYNC RESULTS <<<
Total records synced: 809
Fixed/Updated records: 0

WARNING: 419 CSR records still have work > 8 hours.

>>> Sync Complete <<<
PHP Warning:  PHP Startup: Unable to load dynamic library 'fileinfo.so' (tried: /usr/lib64/php7/extensions/fileinfo.so (/usr/lib64/php7/extensions/fileinfo.so: cannot open shared object file: No such file or directory), /usr/lib64/php7/extensions/fileinfo.so.so (/usr/lib64/php7/extensions/fileinfo.so.so: cannot open shared object file: No such file or directory)) in Unknown on line 0
PHP Warning:  Module 'pdo_pgsql' already loaded in Unknown on line 0
PHP Warning:  Module 'pgsql' already loaded in Unknown on line 0
PHP Warning:  Module 'Phar' already loaded in Unknown on line 0
>>> HYBRID SYNC STARTED: 2026-09-23 to 2026-09-24 <<<
>>> USING POSTGRESQL FINAL LOGIN CALCULATION FOR CSR/AGENT <<<
Fetching from Main... Found 1073 records.
Fetching from Amazon... Found 263 records.

>>> SYNC RESULTS <<<
Total records synced: 809
Fixed/Updated records: 0

WARNING: 419 CSR records still have work > 8 hours.

>>> Sync Complete <<<
PHP Warning:  PHP Startup: Unable to load dynamic library 'fileinfo.so' (tried: /usr/lib64/php7/extensions/fileinfo.so (/usr/lib64/php7/extensions/fileinfo.so: cannot open shared object file: No such file or directory), /usr/lib64/php7/extensions/fileinfo.so.so (/usr/lib64/php7/extensions/fileinfo.so.so: cannot open shared object file: No such file or directory)) in Unknown on line 0
PHP Warning:  Module 'pdo_pgsql' already loaded in Unknown on line 0
PHP Warning:  Module 'pgsql' already loaded in Unknown on line 0
PHP Warning:  Module 'Phar' already loaded in Unknown on line 0
>>> HYBRID SYNC STARTED: 2026-09-23 to 2026-09-24 <<<
>>> USING POSTGRESQL FINAL LOGIN CALCULATION FOR CSR/AGENT <<<
Fetching from Main... Found 1073 records.
Fetching from Amazon... Found 263 records.

>>> SYNC RESULTS <<<
Total records synced: 809
Fixed/Updated records: 0

WARNING: 419 CSR records still have work > 8 hours.

>>> Sync Complete <<<
PHP Warning:  PHP Startup: Unable to load dynamic library 'fileinfo.so' (tried: /usr/lib64/php7/extensions/fileinfo.so (/usr/lib64/php7/extensions/fileinfo.so: cannot open shared object file: No such file or directory), /usr/lib64/php7/extensions/fileinfo.so.so (/usr/lib64/php7/extensions/fileinfo.so.so: cannot open shared object file: No such file or directory)) in Unknown on line 0
PHP Warning:  Module 'pdo_pgsql' already loaded in Unknown on line 0
PHP Warning:  Module 'pgsql' already loaded in Unknown on line 0
PHP Warning:  Module 'Phar' already loaded in Unknown on line 0
>>> HYBRID SYNC STARTED: 2026-09-23 to 2026-09-24 <<<
>>> USING POSTGRESQL FINAL LOGIN CALCULATION FOR CSR/AGENT <<<
Fetching from Main... Found 1073 records.
Fetching from Amazon... Found 263 records.

>>> SYNC RESULTS <<<
Total records synced: 809
Fixed/Updated records: 0

WARNING: 419 CSR records still have work > 8 hours.

>>> Sync Complete <<<
PHP Warning:  PHP Startup: Unable to load dynamic library 'fileinfo.so' (tried: /usr/lib64/php7/extensions/fileinfo.so (/usr/lib64/php7/extensions/fileinfo.so: cannot open shared object file: No such file or directory), /usr/lib64/php7/extensions/fileinfo.so.so (/usr/lib64/php7/extensions/fileinfo.so.so: cannot open shared object file: No such file or directory)) in Unknown on line 0
PHP Warning:  Module 'pdo_pgsql' already loaded in Unknown on line 0
PHP Warning:  Module 'pgsql' already loaded in Unknown on line 0
PHP Warning:  Module 'Phar' already loaded in Unknown on line 0
>>> HYBRID SYNC STARTED: 2026-09-23 to 2026-09-24 <<<
>>> USING POSTGRESQL FINAL LOGIN CALCULATION FOR CSR/AGENT <<<
Fetching from Main... Found 1073 records.
Fetching from Amazon... Found 263 records.

>>> SYNC RESULTS <<<
Total records synced: 809
Fixed/Updated records: 0

WARNING: 419 CSR records still have work > 8 hours.

>>> Sync Complete <<<
PHP Warning:  PHP Startup: Unable to load dynamic library 'fileinfo.so' (tried: /usr/lib64/php7/extensions/fileinfo.so (/usr/lib64/php7/extensions/fileinfo.so: cannot open shared object file: No such file or directory), /usr/lib64/php7/extensions/fileinfo.so.so (/usr/lib64/php7/extensions/fileinfo.so.so: cannot open shared object file: No such file or directory)) in Unknown on line 0
PHP Warning:  Module 'pdo_pgsql' already loaded in Unknown on line 0
PHP Warning:  Module 'pgsql' already loaded in Unknown on line 0
PHP Warning:  Module 'Phar' already loaded in Unknown on line 0
>>> HYBRID SYNC STARTED: 2026-09-24 to 2026-09-25 <<<
>>> USING POSTGRESQL FINAL LOGIN CALCULATION FOR CSR/AGENT <<<
Fetching from Main... Found 536 records.
Fetching from Amazon... Found 133 records.

>>> SYNC RESULTS <<<
Total records synced: 401
Fixed/Updated records: 0

WARNING: 204 CSR records still have work > 8 hours.

>>> Sync Complete <<<
PHP Warning:  PHP Startup: Unable to load dynamic library 'fileinfo.so' (tried: /usr/lib64/php7/extensions/fileinfo.so (/usr/lib64/php7/extensions/fileinfo.so: cannot open shared object file: No such file or directory), /usr/lib64/php7/extensions/fileinfo.so.so (/usr/lib64/php7/extensions/fileinfo.so.so: cannot open shared object file: No such file or directory)) in Unknown on line 0
PHP Warning:  Module 'pdo_pgsql' already loaded in Unknown on line 0
PHP Warning:  Module 'pgsql' already loaded in Unknown on line 0
PHP Warning:  Module 'Phar' already loaded in Unknown on line 0
>>> HYBRID SYNC STARTED: 2026-09-24 to 2026-09-25 <<<
>>> USING POSTGRESQL FINAL LOGIN CALCULATION FOR CSR/AGENT <<<
Fetching from Main... Found 555 records.
Fetching from Amazon... Found 134 records.

>>> SYNC RESULTS <<<
Total records synced: 411
Fixed/Updated records: 0

WARNING: 204 CSR records still have work > 8 hours.

>>> Sync Complete <<<
PHP Warning:  PHP Startup: Unable to load dynamic library 'fileinfo.so' (tried: /usr/lib64/php7/extensions/fileinfo.so (/usr/lib64/php7/extensions/fileinfo.so: cannot open shared object file: No such file or directory), /usr/lib64/php7/extensions/fileinfo.so.so (/usr/lib64/php7/extensions/fileinfo.so.so: cannot open shared object file: No such file or directory)) in Unknown on line 0
PHP Warning:  Module 'pdo_pgsql' already loaded in Unknown on line 0
PHP Warning:  Module 'pgsql' already loaded in Unknown on line 0
PHP Warning:  Module 'Phar' already loaded in Unknown on line 0
>>> HYBRID SYNC STARTED: 2026-09-24 to 2026-09-25 <<<
>>> USING POSTGRESQL FINAL LOGIN CALCULATION FOR CSR/AGENT <<<
Fetching from Main... Found 555 records.
Fetching from Amazon... Found 134 records.

>>> SYNC RESULTS <<<
Total records synced: 411
Fixed/Updated records: 0

WARNING: 204 CSR records still have work > 8 hours.

>>> Sync Complete <<<
PHP Warning:  PHP Startup: Unable to load dynamic library 'fileinfo.so' (tried: /usr/lib64/php7/extensions/fileinfo.so (/usr/lib64/php7/extensions/fileinfo.so: cannot open shared object file: No such file or directory), /usr/lib64/php7/extensions/fileinfo.so.so (/usr/lib64/php7/extensions/fileinfo.so.so: cannot open shared object file: No such file or directory)) in Unknown on line 0
PHP Warning:  Module 'pdo_pgsql' already loaded in Unknown on line 0
PHP Warning:  Module 'pgsql' already loaded in Unknown on line 0
PHP Warning:  Module 'Phar' already loaded in Unknown on line 0
>>> HYBRID SYNC STARTED: 2026-09-24 to 2026-09-25 <<<
>>> USING POSTGRESQL FINAL LOGIN CALCULATION FOR CSR/AGENT <<<
Fetching from Main... Found 555 records.
Fetching from Amazon... Found 134 records.

>>> SYNC RESULTS <<<
Total records synced: 411
Fixed/Updated records: 0

WARNING: 204 CSR records still have work > 8 hours.

>>> Sync Complete <<<
PHP Warning:  PHP Startup: Unable to load dynamic library 'fileinfo.so' (tried: /usr/lib64/php7/extensions/fileinfo.so (/usr/lib64/php7/extensions/fileinfo.so: cannot open shared object file: No such file or directory), /usr/lib64/php7/extensions/fileinfo.so.so (/usr/lib64/php7/extensions/fileinfo.so.so: cannot open shared object file: No such file or directory)) in Unknown on line 0
PHP Warning:  Module 'pdo_pgsql' already loaded in Unknown on line 0
PHP Warning:  Module 'pgsql' already loaded in Unknown on line 0
PHP Warning:  Module 'Phar' already loaded in Unknown on line 0
>>> HYBRID SYNC STARTED: 2026-09-24 to 2026-09-25 <<<
>>> USING POSTGRESQL FINAL LOGIN CALCULATION FOR CSR/AGENT <<<
Fetching from Main... Found 555 records.
Fetching from Amazon... Found 134 records.

>>> SYNC RESULTS <<<
Total records synced: 411
Fixed/Updated records: 0

WARNING: 204 CSR records still have work > 8 hours.

>>> Sync Complete <<<
PHP Warning:  PHP Startup: Unable to load dynamic library 'fileinfo.so' (tried: /usr/lib64/php7/extensions/fileinfo.so (/usr/lib64/php7/extensions/fileinfo.so: cannot open shared object file: No such file or directory), /usr/lib64/php7/extensions/fileinfo.so.so (/usr/lib64/php7/extensions/fileinfo.so.so: cannot open shared object file: No such file or directory)) in Unknown on line 0
PHP Warning:  Module 'pdo_pgsql' already loaded in Unknown on line 0
PHP Warning:  Module 'pgsql' already loaded in Unknown on line 0
PHP Warning:  Module 'Phar' already loaded in Unknown on line 0
>>> HYBRID SYNC STARTED: 2026-09-24 to 2026-09-25 <<<
>>> USING POSTGRESQL FINAL LOGIN CALCULATION FOR CSR/AGENT <<<
Fetching from Main... Found 555 records.
Fetching from Amazon... Found 134 records.

>>> SYNC RESULTS <<<
Total records synced: 411
Fixed/Updated records: 0

WARNING: 204 CSR records still have work > 8 hours.

>>> Sync Complete <<<
PHP Warning:  PHP Startup: Unable to load dynamic library 'fileinfo.so' (tried: /usr/lib64/php7/extensions/fileinfo.so (/usr/lib64/php7/extensions/fileinfo.so: cannot open shared object file: No such file or directory), /usr/lib64/php7/extensions/fileinfo.so.so (/usr/lib64/php7/extensions/fileinfo.so.so: cannot open shared object file: No such file or directory)) in Unknown on line 0
PHP Warning:  Module 'pdo_pgsql' already loaded in Unknown on line 0
PHP Warning:  Module 'pgsql' already loaded in Unknown on line 0
PHP Warning:  Module 'Phar' already loaded in Unknown on line 0
>>> HYBRID SYNC STARTED: 2026-09-24 to 2026-09-25 <<<
>>> USING POSTGRESQL FINAL LOGIN CALCULATION FOR CSR/AGENT <<<
Fetching from Main... Found 555 records.
Fetching from Amazon... Found 134 records.

>>> SYNC RESULTS <<<
Total records synced: 411
Fixed/Updated records: 0

WARNING: 204 CSR records still have work > 8 hours.

>>> Sync Complete <<<
PHP Warning:  PHP Startup: Unable to load dynamic library 'fileinfo.so' (tried: /usr/lib64/php7/extensions/fileinfo.so (/usr/lib64/php7/extensions/fileinfo.so: cannot open shared object file: No such file or directory), /usr/lib64/php7/extensions/fileinfo.so.so (/usr/lib64/php7/extensions/fileinfo.so.so: cannot open shared object file: No such file or directory)) in Unknown on line 0
PHP Warning:  Module 'pdo_pgsql' already loaded in Unknown on line 0
PHP Warning:  Module 'pgsql' already loaded in Unknown on line 0
PHP Warning:  Module 'Phar' already loaded in Unknown on line 0
>>> HYBRID SYNC STARTED: 2026-09-24 to 2026-09-25 <<<
>>> USING POSTGRESQL FINAL LOGIN CALCULATION FOR CSR/AGENT <<<
Fetching from Main... Found 555 records.
Fetching from Amazon... Found 134 records.

>>> SYNC RESULTS <<<
Total records synced: 411
Fixed/Updated records: 0

WARNING: 204 CSR records still have work > 8 hours.

>>> Sync Complete <<<
PHP Warning:  PHP Startup: Unable to load dynamic library 'fileinfo.so' (tried: /usr/lib64/php7/extensions/fileinfo.so (/usr/lib64/php7/extensions/fileinfo.so: cannot open shared object file: No such file or directory), /usr/lib64/php7/extensions/fileinfo.so.so (/usr/lib64/php7/extensions/fileinfo.so.so: cannot open shared object file: No such file or directory)) in Unknown on line 0
PHP Warning:  Module 'pdo_pgsql' already loaded in Unknown on line 0
PHP Warning:  Module 'pgsql' already loaded in Unknown on line 0
PHP Warning:  Module 'Phar' already loaded in Unknown on line 0
>>> HYBRID SYNC STARTED: 2026-09-24 to 2026-09-25 <<<
>>> USING POSTGRESQL FINAL LOGIN CALCULATION FOR CSR/AGENT <<<
Fetching from Main... Found 555 records.
Fetching from Amazon... Found 134 records.

>>> SYNC RESULTS <<<
Total records synced: 411
Fixed/Updated records: 0

WARNING: 204 CSR records still have work > 8 hours.

>>> Sync Complete <<<
PHP Warning:  PHP Startup: Unable to load dynamic library 'fileinfo.so' (tried: /usr/lib64/php7/extensions/fileinfo.so (/usr/lib64/php7/extensions/fileinfo.so: cannot open shared object file: No such file or directory), /usr/lib64/php7/extensions/fileinfo.so.so (/usr/lib64/php7/extensions/fileinfo.so.so: cannot open shared object file: No such file or directory)) in Unknown on line 0
PHP Warning:  Module 'pdo_pgsql' already loaded in Unknown on line 0
PHP Warning:  Module 'pgsql' already loaded in Unknown on line 0
PHP Warning:  Module 'Phar' already loaded in Unknown on line 0
>>> HYBRID SYNC STARTED: 2026-09-24 to 2026-09-25 <<<
>>> USING POSTGRESQL FINAL LOGIN CALCULATION FOR CSR/AGENT <<<
Fetching from Main... Found 555 records.
Fetching from Amazon... Found 134 records.

>>> SYNC RESULTS <<<
Total records synced: 411
Fixed/Updated records: 0

WARNING: 204 CSR records still have work > 8 hours.

>>> Sync Complete <<<
PHP Warning:  PHP Startup: Unable to load dynamic library 'fileinfo.so' (tried: /usr/lib64/php7/extensions/fileinfo.so (/usr/lib64/php7/extensions/fileinfo.so: cannot open shared object file: No such file or directory), /usr/lib64/php7/extensions/fileinfo.so.so (/usr/lib64/php7/extensions/fileinfo.so.so: cannot open shared object file: No such file or directory)) in Unknown on line 0
PHP Warning:  Module 'pdo_pgsql' already loaded in Unknown on line 0
PHP Warning:  Module 'pgsql' already loaded in Unknown on line 0
PHP Warning:  Module 'Phar' already loaded in Unknown on line 0
>>> HYBRID SYNC STARTED: 2026-09-24 to 2026-09-25 <<<
>>> USING POSTGRESQL FINAL LOGIN CALCULATION FOR CSR/AGENT <<<
Fetching from Main... Found 555 records.
Fetching from Amazon... Found 134 records.

>>> SYNC RESULTS <<<
Total records synced: 411
Fixed/Updated records: 0

WARNING: 204 CSR records still have work > 8 hours.

>>> Sync Complete <<<
PHP Warning:  PHP Startup: Unable to load dynamic library 'fileinfo.so' (tried: /usr/lib64/php7/extensions/fileinfo.so (/usr/lib64/php7/extensions/fileinfo.so: cannot open shared object file: No such file or directory), /usr/lib64/php7/extensions/fileinfo.so.so (/usr/lib64/php7/extensions/fileinfo.so.so: cannot open shared object file: No such file or directory)) in Unknown on line 0
PHP Warning:  Module 'pdo_pgsql' already loaded in Unknown on line 0
PHP Warning:  Module 'pgsql' already loaded in Unknown on line 0
PHP Warning:  Module 'Phar' already loaded in Unknown on line 0
>>> HYBRID SYNC STARTED: 2026-09-24 to 2026-09-25 <<<
>>> USING POSTGRESQL FINAL LOGIN CALCULATION FOR CSR/AGENT <<<
Fetching from Main... Found 555 records.
Fetching from Amazon... Found 134 records.

>>> SYNC RESULTS <<<
Total records synced: 411
Fixed/Updated records: 0

WARNING: 204 CSR records still have work > 8 hours.

>>> Sync Complete <<<
PHP Warning:  PHP Startup: Unable to load dynamic library 'fileinfo.so' (tried: /usr/lib64/php7/extensions/fileinfo.so (/usr/lib64/php7/extensions/fileinfo.so: cannot open shared object file: No such file or directory), /usr/lib64/php7/extensions/fileinfo.so.so (/usr/lib64/php7/extensions/fileinfo.so.so: cannot open shared object file: No such file or directory)) in Unknown on line 0
PHP Warning:  Module 'pdo_pgsql' already loaded in Unknown on line 0
PHP Warning:  Module 'pgsql' already loaded in Unknown on line 0
PHP Warning:  Module 'Phar' already loaded in Unknown on line 0
>>> HYBRID SYNC STARTED: 2026-09-24 to 2026-09-25 <<<
>>> USING POSTGRESQL FINAL LOGIN CALCULATION FOR CSR/AGENT <<<
Fetching from Main... Found 555 records.
Fetching from Amazon... Found 134 records.

>>> SYNC RESULTS <<<
Total records synced: 411
Fixed/Updated records: 0

WARNING: 204 CSR records still have work > 8 hours.

>>> Sync Complete <<<
PHP Warning:  PHP Startup: Unable to load dynamic library 'fileinfo.so' (tried: /usr/lib64/php7/extensions/fileinfo.so (/usr/lib64/php7/extensions/fileinfo.so: cannot open shared object file: No such file or directory), /usr/lib64/php7/extensions/fileinfo.so.so (/usr/lib64/php7/extensions/fileinfo.so.so: cannot open shared object file: No such file or directory)) in Unknown on line 0
PHP Warning:  Module 'pdo_pgsql' already loaded in Unknown on line 0
PHP Warning:  Module 'pgsql' already loaded in Unknown on line 0
PHP Warning:  Module 'Phar' already loaded in Unknown on line 0
>>> HYBRID SYNC STARTED: 2026-09-24 to 2026-09-25 <<<
>>> USING POSTGRESQL FINAL LOGIN CALCULATION FOR CSR/AGENT <<<
Fetching from Main... Found 555 records.
Fetching from Amazon... Found 134 records.

>>> SYNC RESULTS <<<
Total records synced: 411
Fixed/Updated records: 0

WARNING: 204 CSR records still have work > 8 hours.

>>> Sync Complete <<<
PHP Warning:  PHP Startup: Unable to load dynamic library 'fileinfo.so' (tried: /usr/lib64/php7/extensions/fileinfo.so (/usr/lib64/php7/extensions/fileinfo.so: cannot open shared object file: No such file or directory), /usr/lib64/php7/extensions/fileinfo.so.so (/usr/lib64/php7/extensions/fileinfo.so.so: cannot open shared object file: No such file or directory)) in Unknown on line 0
PHP Warning:  Module 'pdo_pgsql' already loaded in Unknown on line 0
PHP Warning:  Module 'pgsql' already loaded in Unknown on line 0
PHP Warning:  Module 'Phar' already loaded in Unknown on line 0
>>> HYBRID SYNC STARTED: 2026-09-24 to 2026-09-25 <<<
>>> USING POSTGRESQL FINAL LOGIN CALCULATION FOR CSR/AGENT <<<
Fetching from Main... Found 555 records.
Fetching from Amazon... Found 134 records.

>>> SYNC RESULTS <<<
Total records synced: 411
Fixed/Updated records: 0

WARNING: 204 CSR records still have work > 8 hours.

>>> Sync Complete <<<
PHP Warning:  PHP Startup: Unable to load dynamic library 'fileinfo.so' (tried: /usr/lib64/php7/extensions/fileinfo.so (/usr/lib64/php7/extensions/fileinfo.so: cannot open shared object file: No such file or directory), /usr/lib64/php7/extensions/fileinfo.so.so (/usr/lib64/php7/extensions/fileinfo.so.so: cannot open shared object file: No such file or directory)) in Unknown on line 0
PHP Warning:  Module 'pdo_pgsql' already loaded in Unknown on line 0
PHP Warning:  Module 'pgsql' already loaded in Unknown on line 0
PHP Warning:  Module 'Phar' already loaded in Unknown on line 0
>>> HYBRID SYNC STARTED: 2026-09-24 to 2026-09-25 <<<
>>> USING POSTGRESQL FINAL LOGIN CALCULATION FOR CSR/AGENT <<<
Fetching from Main... Found 555 records.
Fetching from Amazon... Found 134 records.

>>> SYNC RESULTS <<<
Total records synced: 411
Fixed/Updated records: 0

WARNING: 204 CSR records still have work > 8 hours.

>>> Sync Complete <<<
PHP Warning:  PHP Startup: Unable to load dynamic library 'fileinfo.so' (tried: /usr/lib64/php7/extensions/fileinfo.so (/usr/lib64/php7/extensions/fileinfo.so: cannot open shared object file: No such file or directory), /usr/lib64/php7/extensions/fileinfo.so.so (/usr/lib64/php7/extensions/fileinfo.so.so: cannot open shared object file: No such file or directory)) in Unknown on line 0
PHP Warning:  Module 'pdo_pgsql' already loaded in Unknown on line 0
PHP Warning:  Module 'pgsql' already loaded in Unknown on line 0
PHP Warning:  Module 'Phar' already loaded in Unknown on line 0
>>> HYBRID SYNC STARTED: 2026-09-24 to 2026-09-25 <<<
>>> USING POSTGRESQL FINAL LOGIN CALCULATION FOR CSR/AGENT <<<
Fetching from Main... Found 555 records.
Fetching from Amazon... Found 134 records.

>>> SYNC RESULTS <<<
Total records synced: 411
Fixed/Updated records: 0

WARNING: 204 CSR records still have work > 8 hours.

>>> Sync Complete <<<
PHP Warning:  PHP Startup: Unable to load dynamic library 'fileinfo.so' (tried: /usr/lib64/php7/extensions/fileinfo.so (/usr/lib64/php7/extensions/fileinfo.so: cannot open shared object file: No such file or directory), /usr/lib64/php7/extensions/fileinfo.so.so (/usr/lib64/php7/extensions/fileinfo.so.so: cannot open shared object file: No such file or directory)) in Unknown on line 0
PHP Warning:  Module 'pdo_pgsql' already loaded in Unknown on line 0
PHP Warning:  Module 'pgsql' already loaded in Unknown on line 0
PHP Warning:  Module 'Phar' already loaded in Unknown on line 0
>>> HYBRID SYNC STARTED: 2026-09-24 to 2026-09-25 <<<
>>> USING POSTGRESQL FINAL LOGIN CALCULATION FOR CSR/AGENT <<<
Fetching from Main... Found 555 records.
Fetching from Amazon... Found 136 records.

>>> SYNC RESULTS <<<
Total records synced: 411
Fixed/Updated records: 0

WARNING: 204 CSR records still have work > 8 hours.

>>> Sync Complete <<<
PHP Warning:  PHP Startup: Unable to load dynamic library 'fileinfo.so' (tried: /usr/lib64/php7/extensions/fileinfo.so (/usr/lib64/php7/extensions/fileinfo.so: cannot open shared object file: No such file or directory), /usr/lib64/php7/extensions/fileinfo.so.so (/usr/lib64/php7/extensions/fileinfo.so.so: cannot open shared object file: No such file or directory)) in Unknown on line 0
PHP Warning:  Module 'pdo_pgsql' already loaded in Unknown on line 0
PHP Warning:  Module 'pgsql' already loaded in Unknown on line 0
PHP Warning:  Module 'Phar' already loaded in Unknown on line 0
>>> HYBRID SYNC STARTED: 2026-09-24 to 2026-09-25 <<<
>>> USING POSTGRESQL FINAL LOGIN CALCULATION FOR CSR/AGENT <<<
Fetching from Main... Found 570 records.
Fetching from Amazon... Found 141 records.

>>> SYNC RESULTS <<<
Total records synced: 421
Fixed/Updated records: 0

WARNING: 204 CSR records still have work > 8 hours.

>>> Sync Complete <<<
PHP Warning:  PHP Startup: Unable to load dynamic library 'fileinfo.so' (tried: /usr/lib64/php7/extensions/fileinfo.so (/usr/lib64/php7/extensions/fileinfo.so: cannot open shared object file: No such file or directory), /usr/lib64/php7/extensions/fileinfo.so.so (/usr/lib64/php7/extensions/fileinfo.so.so: cannot open shared object file: No such file or directory)) in Unknown on line 0
PHP Warning:  Module 'pdo_pgsql' already loaded in Unknown on line 0
PHP Warning:  Module 'pgsql' already loaded in Unknown on line 0
PHP Warning:  Module 'Phar' already loaded in Unknown on line 0
>>> HYBRID SYNC STARTED: 2026-09-24 to 2026-09-25 <<<
>>> USING POSTGRESQL FINAL LOGIN CALCULATION FOR CSR/AGENT <<<
Fetching from Main... Found 662 records.
Fetching from Amazon... Found 177 records.

>>> SYNC RESULTS <<<
Total records synced: 458
Fixed/Updated records: 0

WARNING: 204 CSR records still have work > 8 hours.

>>> Sync Complete <<<
PHP Warning:  PHP Startup: Unable to load dynamic library 'fileinfo.so' (tried: /usr/lib64/php7/extensions/fileinfo.so (/usr/lib64/php7/extensions/fileinfo.so: cannot open shared object file: No such file or directory), /usr/lib64/php7/extensions/fileinfo.so.so (/usr/lib64/php7/extensions/fileinfo.so.so: cannot open shared object file: No such file or directory)) in Unknown on line 0
PHP Warning:  Module 'pdo_pgsql' already loaded in Unknown on line 0
PHP Warning:  Module 'pgsql' already loaded in Unknown on line 0
PHP Warning:  Module 'Phar' already loaded in Unknown on line 0
>>> HYBRID SYNC STARTED: 2026-09-24 to 2026-09-25 <<<
>>> USING POSTGRESQL FINAL LOGIN CALCULATION FOR CSR/AGENT <<<
Fetching from Main... Found 992 records.
Fetching from Amazon... Found 249 records.

>>> SYNC RESULTS <<<
Total records synced: 752
Fixed/Updated records: 0

WARNING: 204 CSR records still have work > 8 hours.

>>> Sync Complete <<<
PHP Warning:  PHP Startup: Unable to load dynamic library 'fileinfo.so' (tried: /usr/lib64/php7/extensions/fileinfo.so (/usr/lib64/php7/extensions/fileinfo.so: cannot open shared object file: No such file or directory), /usr/lib64/php7/extensions/fileinfo.so.so (/usr/lib64/php7/extensions/fileinfo.so.so: cannot open shared object file: No such file or directory)) in Unknown on line 0
PHP Warning:  Module 'pdo_pgsql' already loaded in Unknown on line 0
PHP Warning:  Module 'pgsql' already loaded in Unknown on line 0
PHP Warning:  Module 'Phar' already loaded in Unknown on line 0
>>> HYBRID SYNC STARTED: 2026-09-24 to 2026-09-25 <<<
>>> USING POSTGRESQL FINAL LOGIN CALCULATION FOR CSR/AGENT <<<
Fetching from Main... Found 1040 records.
Fetching from Amazon... Found 255 records.

>>> SYNC RESULTS <<<
Total records synced: 797
Fixed/Updated records: 0

WARNING: 204 CSR records still have work > 8 hours.

>>> Sync Complete <<<
PHP Warning:  PHP Startup: Unable to load dynamic library 'fileinfo.so' (tried: /usr/lib64/php7/extensions/fileinfo.so (/usr/lib64/php7/extensions/fileinfo.so: cannot open shared object file: No such file or directory), /usr/lib64/php7/extensions/fileinfo.so.so (/usr/lib64/php7/extensions/fileinfo.so.so: cannot open shared object file: No such file or directory)) in Unknown on line 0
PHP Warning:  Module 'pdo_pgsql' already loaded in Unknown on line 0
PHP Warning:  Module 'pgsql' already loaded in Unknown on line 0
PHP Warning:  Module 'Phar' already loaded in Unknown on line 0
>>> HYBRID SYNC STARTED: 2026-09-24 to 2026-09-25 <<<
>>> USING POSTGRESQL FINAL LOGIN CALCULATION FOR CSR/AGENT <<<
Fetching from Main... Found 1046 records.
Fetching from Amazon... Found 259 records.

>>> SYNC RESULTS <<<
Total records synced: 798
Fixed/Updated records: 0

WARNING: 204 CSR records still have work > 8 hours.

>>> Sync Complete <<<
PHP Warning:  PHP Startup: Unable to load dynamic library 'fileinfo.so' (tried: /usr/lib64/php7/extensions/fileinfo.so (/usr/lib64/php7/extensions/fileinfo.so: cannot open shared object file: No such file or directory), /usr/lib64/php7/extensions/fileinfo.so.so (/usr/lib64/php7/extensions/fileinfo.so.so: cannot open shared object file: No such file or directory)) in Unknown on line 0
PHP Warning:  Module 'pdo_pgsql' already loaded in Unknown on line 0
PHP Warning:  Module 'pgsql' already loaded in Unknown on line 0
PHP Warning:  Module 'Phar' already loaded in Unknown on line 0
>>> HYBRID SYNC STARTED: 2026-09-24 to 2026-09-25 <<<
>>> USING POSTGRESQL FINAL LOGIN CALCULATION FOR CSR/AGENT <<<
Fetching from Main... Found 1046 records.
Fetching from Amazon... Found 259 records.

>>> SYNC RESULTS <<<
Total records synced: 799
Fixed/Updated records: 0

WARNING: 204 CSR records still have work > 8 hours.

>>> Sync Complete <<<
PHP Warning:  PHP Startup: Unable to load dynamic library 'fileinfo.so' (tried: /usr/lib64/php7/extensions/fileinfo.so (/usr/lib64/php7/extensions/fileinfo.so: cannot open shared object file: No such file or directory), /usr/lib64/php7/extensions/fileinfo.so.so (/usr/lib64/php7/extensions/fileinfo.so.so: cannot open shared object file: No such file or directory)) in Unknown on line 0
PHP Warning:  Module 'pdo_pgsql' already loaded in Unknown on line 0
PHP Warning:  Module 'pgsql' already loaded in Unknown on line 0
PHP Warning:  Module 'Phar' already loaded in Unknown on line 0
>>> HYBRID SYNC STARTED: 2026-09-24 to 2026-09-25 <<<
>>> USING POSTGRESQL FINAL LOGIN CALCULATION FOR CSR/AGENT <<<
Fetching from Main... Found 1047 records.
Fetching from Amazon... Found 259 records.

>>> SYNC RESULTS <<<
Total records synced: 799
Fixed/Updated records: 0

WARNING: 204 CSR records still have work > 8 hours.

>>> Sync Complete <<<
PHP Warning:  PHP Startup: Unable to load dynamic library 'fileinfo.so' (tried: /usr/lib64/php7/extensions/fileinfo.so (/usr/lib64/php7/extensions/fileinfo.so: cannot open shared object file: No such file or directory), /usr/lib64/php7/extensions/fileinfo.so.so (/usr/lib64/php7/extensions/fileinfo.so.so: cannot open shared object file: No such file or directory)) in Unknown on line 0
PHP Warning:  Module 'pdo_pgsql' already loaded in Unknown on line 0
PHP Warning:  Module 'pgsql' already loaded in Unknown on line 0
PHP Warning:  Module 'Phar' already loaded in Unknown on line 0
>>> HYBRID SYNC STARTED: 2026-09-24 to 2026-09-25 <<<
>>> USING POSTGRESQL FINAL LOGIN CALCULATION FOR CSR/AGENT <<<
Fetching from Main... Found 1053 records.
Fetching from Amazon... Found 259 records.

>>> SYNC RESULTS <<<
Total records synced: 799
Fixed/Updated records: 0

WARNING: 204 CSR records still have work > 8 hours.

>>> Sync Complete <<<
PHP Warning:  PHP Startup: Unable to load dynamic library 'fileinfo.so' (tried: /usr/lib64/php7/extensions/fileinfo.so (/usr/lib64/php7/extensions/fileinfo.so: cannot open shared object file: No such file or directory), /usr/lib64/php7/extensions/fileinfo.so.so (/usr/lib64/php7/extensions/fileinfo.so.so: cannot open shared object file: No such file or directory)) in Unknown on line 0
PHP Warning:  Module 'pdo_pgsql' already loaded in Unknown on line 0
PHP Warning:  Module 'pgsql' already loaded in Unknown on line 0
PHP Warning:  Module 'Phar' already loaded in Unknown on line 0
>>> HYBRID SYNC STARTED: 2026-09-24 to 2026-09-25 <<<
>>> USING POSTGRESQL FINAL LOGIN CALCULATION FOR CSR/AGENT <<<
Fetching from Main... Found 1061 records.
Fetching from Amazon... Found 260 records.

>>> SYNC RESULTS <<<
Total records synced: 803
Fixed/Updated records: 0

WARNING: 204 CSR records still have work > 8 hours.

>>> Sync Complete <<<
PHP Warning:  PHP Startup: Unable to load dynamic library 'fileinfo.so' (tried: /usr/lib64/php7/extensions/fileinfo.so (/usr/lib64/php7/extensions/fileinfo.so: cannot open shared object file: No such file or directory), /usr/lib64/php7/extensions/fileinfo.so.so (/usr/lib64/php7/extensions/fileinfo.so.so: cannot open shared object file: No such file or directory)) in Unknown on line 0
PHP Warning:  Module 'pdo_pgsql' already loaded in Unknown on line 0
PHP Warning:  Module 'pgsql' already loaded in Unknown on line 0
PHP Warning:  Module 'Phar' already loaded in Unknown on line 0
>>> HYBRID SYNC STARTED: 2026-09-24 to 2026-09-25 <<<
>>> USING POSTGRESQL FINAL LOGIN CALCULATION FOR CSR/AGENT <<<
Fetching from Main... Found 1063 records.
Fetching from Amazon... Found 260 records.

>>> SYNC RESULTS <<<
Total records synced: 804
Fixed/Updated records: 0

WARNING: 204 CSR records still have work > 8 hours.

>>> Sync Complete <<<
PHP Warning:  PHP Startup: Unable to load dynamic library 'fileinfo.so' (tried: /usr/lib64/php7/extensions/fileinfo.so (/usr/lib64/php7/extensions/fileinfo.so: cannot open shared object file: No such file or directory), /usr/lib64/php7/extensions/fileinfo.so.so (/usr/lib64/php7/extensions/fileinfo.so.so: cannot open shared object file: No such file or directory)) in Unknown on line 0
PHP Warning:  Module 'pdo_pgsql' already loaded in Unknown on line 0
PHP Warning:  Module 'pgsql' already loaded in Unknown on line 0
PHP Warning:  Module 'Phar' already loaded in Unknown on line 0
>>> HYBRID SYNC STARTED: 2026-09-24 to 2026-09-25 <<<
>>> USING POSTGRESQL FINAL LOGIN CALCULATION FOR CSR/AGENT <<<
Fetching from Main... Found 1064 records.
Fetching from Amazon... Found 260 records.

>>> SYNC RESULTS <<<
Total records synced: 805
Fixed/Updated records: 0

WARNING: 204 CSR records still have work > 8 hours.

>>> Sync Complete <<<
PHP Warning:  PHP Startup: Unable to load dynamic library 'fileinfo.so' (tried: /usr/lib64/php7/extensions/fileinfo.so (/usr/lib64/php7/extensions/fileinfo.so: cannot open shared object file: No such file or directory), /usr/lib64/php7/extensions/fileinfo.so.so (/usr/lib64/php7/extensions/fileinfo.so.so: cannot open shared object file: No such file or directory)) in Unknown on line 0
PHP Warning:  Module 'pdo_pgsql' already loaded in Unknown on line 0
PHP Warning:  Module 'pgsql' already loaded in Unknown on line 0
PHP Warning:  Module 'Phar' already loaded in Unknown on line 0
>>> HYBRID SYNC STARTED: 2026-09-24 to 2026-09-25 <<<
>>> USING POSTGRESQL FINAL LOGIN CALCULATION FOR CSR/AGENT <<<
Fetching from Main... Found 1064 records.
Fetching from Amazon... Found 260 records.

>>> SYNC RESULTS <<<
Total records synced: 805
Fixed/Updated records: 0

WARNING: 204 CSR records still have work > 8 hours.

>>> Sync Complete <<<
PHP Warning:  PHP Startup: Unable to load dynamic library 'fileinfo.so' (tried: /usr/lib64/php7/extensions/fileinfo.so (/usr/lib64/php7/extensions/fileinfo.so: cannot open shared object file: No such file or directory), /usr/lib64/php7/extensions/fileinfo.so.so (/usr/lib64/php7/extensions/fileinfo.so.so: cannot open shared object file: No such file or directory)) in Unknown on line 0
PHP Warning:  Module 'pdo_pgsql' already loaded in Unknown on line 0
PHP Warning:  Module 'pgsql' already loaded in Unknown on line 0
PHP Warning:  Module 'Phar' already loaded in Unknown on line 0
>>> HYBRID SYNC STARTED: 2026-09-24 to 2026-09-25 <<<
>>> USING POSTGRESQL FINAL LOGIN CALCULATION FOR CSR/AGENT <<<
Fetching from Main... Found 1064 records.
Fetching from Amazon... Found 260 records.

>>> SYNC RESULTS <<<
Total records synced: 805
Fixed/Updated records: 0

WARNING: 204 CSR records still have work > 8 hours.

>>> Sync Complete <<<
PHP Warning:  PHP Startup: Unable to load dynamic library 'fileinfo.so' (tried: /usr/lib64/php7/extensions/fileinfo.so (/usr/lib64/php7/extensions/fileinfo.so: cannot open shared object file: No such file or directory), /usr/lib64/php7/extensions/fileinfo.so.so (/usr/lib64/php7/extensions/fileinfo.so.so: cannot open shared object file: No such file or directory)) in Unknown on line 0
PHP Warning:  Module 'pdo_pgsql' already loaded in Unknown on line 0
PHP Warning:  Module 'pgsql' already loaded in Unknown on line 0
PHP Warning:  Module 'Phar' already loaded in Unknown on line 0
>>> HYBRID SYNC STARTED: 2026-09-24 to 2026-09-25 <<<
>>> USING POSTGRESQL FINAL LOGIN CALCULATION FOR CSR/AGENT <<<
Fetching from Main... Found 1064 records.
Fetching from Amazon... Found 260 records.

>>> SYNC RESULTS <<<
Total records synced: 805
Fixed/Updated records: 0

WARNING: 204 CSR records still have work > 8 hours.

>>> Sync Complete <<<
