PHP Warning:  PHP Startup: Unable to load dynamic library 'fileinfo.so' (tried: /usr/lib64/php7/extensions/fileinfo.so (/usr/lib64/php7/extensions/fileinfo.so: cannot open shared object file: No such file or directory), /usr/lib64/php7/extensions/fileinfo.so.so (/usr/lib64/php7/extensions/fileinfo.so.so: cannot open shared object file: No such file or directory)) in Unknown on line 0
PHP Warning:  Module 'pdo_pgsql' already loaded in Unknown on line 0
PHP Warning:  Module 'pgsql' already loaded in Unknown on line 0
PHP Warning:  Module 'Phar' already loaded in Unknown on line 0
>>> UPGRADE/DC/PLCC SYNC (SP) STARTED: 2026-09-16 00:00:00 to 2026-09-17 23:59:59 <<<
Processing 395 CSR users with UPGRADE process.
Fetching from Sampark via sp_agentwise_perform160... Found 57 rows.
Processing 52 records for CSR-UPGRADE users.

--- DEBUG INFO (First 5 records) ---
Person: FNM1726, Date: 2026-09-16
  Login: 32315s, Break: 3628s, Meeting: 0s
  Actual Break: 3628s, Final Login: 28687s
  Work Hours: 7.9686hrs, Required: 8hrs, Status: HD
  Comparison: < 8.0

Person: FNM2990, Date: 2026-09-16
  Login: 32862s, Break: 3277s, Meeting: 0s
  Actual Break: 3277s, Final Login: 29585s
  Work Hours: 8.2181hrs, Required: 8hrs, Status: P
  Comparison: >= 8.0 (P)

Person: FNM3157, Date: 2026-09-16
  Login: 32904s, Break: 3401s, Meeting: 0s
  Actual Break: 3401s, Final Login: 29503s
  Work Hours: 8.1953hrs, Required: 8hrs, Status: P
  Comparison: >= 8.0 (P)

Person: FNM3192, Date: 2026-09-16
  Login: 32736s, Break: 3125s, Meeting: 0s
  Actual Break: 3125s, Final Login: 29611s
  Work Hours: 8.2253hrs, Required: 8hrs, Status: P
  Comparison: >= 8.0 (P)

Person: FNM3520, Date: 2026-09-16
  Login: 32099s, Break: 2899s, Meeting: 0s
  Actual Break: 2899s, Final Login: 29200s
  Work Hours: 8.1111hrs, Required: 8hrs, Status: P
  Comparison: >= 8.0 (P)

Successfully synced 30 CSR-UPGRADE records.
  - Updated HD/A to P: 21 records
  - Skipped (already P): 21 records
PHP Warning:  PHP Startup: Unable to load dynamic library 'fileinfo.so' (tried: /usr/lib64/php7/extensions/fileinfo.so (/usr/lib64/php7/extensions/fileinfo.so: cannot open shared object file: No such file or directory), /usr/lib64/php7/extensions/fileinfo.so.so (/usr/lib64/php7/extensions/fileinfo.so.so: cannot open shared object file: No such file or directory)) in Unknown on line 0
PHP Warning:  Module 'pdo_pgsql' already loaded in Unknown on line 0
PHP Warning:  Module 'pgsql' already loaded in Unknown on line 0
PHP Warning:  Module 'Phar' already loaded in Unknown on line 0
>>> UPGRADE/DC/PLCC SYNC (SP) STARTED: 2026-09-16 00:00:00 to 2026-09-17 23:59:59 <<<
Processing 395 CSR users with UPGRADE process.
Fetching from Sampark via sp_agentwise_perform160... Found 57 rows.
Processing 52 records for CSR-UPGRADE users.

--- DEBUG INFO (First 5 records) ---
Person: FNM1726, Date: 2026-09-16
  Login: 32315s, Break: 3628s, Meeting: 0s
  Actual Break: 3628s, Final Login: 28687s
  Work Hours: 7.9686hrs, Required: 8hrs, Status: HD
  Comparison: < 8.0

Person: FNM2990, Date: 2026-09-16
  Login: 32862s, Break: 3277s, Meeting: 0s
  Actual Break: 3277s, Final Login: 29585s
  Work Hours: 8.2181hrs, Required: 8hrs, Status: P
  Comparison: >= 8.0 (P)

Person: FNM3157, Date: 2026-09-16
  Login: 32904s, Break: 3401s, Meeting: 0s
  Actual Break: 3401s, Final Login: 29503s
  Work Hours: 8.1953hrs, Required: 8hrs, Status: P
  Comparison: >= 8.0 (P)

Person: FNM3192, Date: 2026-09-16
  Login: 32736s, Break: 3125s, Meeting: 0s
  Actual Break: 3125s, Final Login: 29611s
  Work Hours: 8.2253hrs, Required: 8hrs, Status: P
  Comparison: >= 8.0 (P)

Person: FNM3520, Date: 2026-09-16
  Login: 32099s, Break: 2899s, Meeting: 0s
  Actual Break: 2899s, Final Login: 29200s
  Work Hours: 8.1111hrs, Required: 8hrs, Status: P
  Comparison: >= 8.0 (P)

Successfully synced 9 CSR-UPGRADE records.
  - Updated HD/A to P: 2 records
  - Skipped (already P): 42 records
PHP Warning:  PHP Startup: Unable to load dynamic library 'fileinfo.so' (tried: /usr/lib64/php7/extensions/fileinfo.so (/usr/lib64/php7/extensions/fileinfo.so: cannot open shared object file: No such file or directory), /usr/lib64/php7/extensions/fileinfo.so.so (/usr/lib64/php7/extensions/fileinfo.so.so: cannot open shared object file: No such file or directory)) in Unknown on line 0
PHP Warning:  Module 'pdo_pgsql' already loaded in Unknown on line 0
PHP Warning:  Module 'pgsql' already loaded in Unknown on line 0
PHP Warning:  Module 'Phar' already loaded in Unknown on line 0
>>> UPGRADE/DC/PLCC SYNC (SP) STARTED: 2026-09-16 00:00:00 to 2026-09-17 23:59:59 <<<
Processing 395 CSR users with UPGRADE process.
Fetching from Sampark via sp_agentwise_perform160... Found 57 rows.
Processing 52 records for CSR-UPGRADE users.

--- DEBUG INFO (First 5 records) ---
Person: FNM1726, Date: 2026-09-16
  Login: 32315s, Break: 3628s, Meeting: 0s
  Actual Break: 3628s, Final Login: 28687s
  Work Hours: 7.9686hrs, Required: 8hrs, Status: HD
  Comparison: < 8.0

Person: FNM2990, Date: 2026-09-16
  Login: 32862s, Break: 3277s, Meeting: 0s
  Actual Break: 3277s, Final Login: 29585s
  Work Hours: 8.2181hrs, Required: 8hrs, Status: P
  Comparison: >= 8.0 (P)

Person: FNM3157, Date: 2026-09-16
  Login: 32904s, Break: 3401s, Meeting: 0s
  Actual Break: 3401s, Final Login: 29503s
  Work Hours: 8.1953hrs, Required: 8hrs, Status: P
  Comparison: >= 8.0 (P)

Person: FNM3192, Date: 2026-09-16
  Login: 32736s, Break: 3125s, Meeting: 0s
  Actual Break: 3125s, Final Login: 29611s
  Work Hours: 8.2253hrs, Required: 8hrs, Status: P
  Comparison: >= 8.0 (P)

Person: FNM3520, Date: 2026-09-16
  Login: 32099s, Break: 2899s, Meeting: 0s
  Actual Break: 2899s, Final Login: 29200s
  Work Hours: 8.1111hrs, Required: 8hrs, Status: P
  Comparison: >= 8.0 (P)

Successfully synced 7 CSR-UPGRADE records.
  - Updated HD/A to P: 0 records
  - Skipped (already P): 44 records
PHP Warning:  PHP Startup: Unable to load dynamic library 'fileinfo.so' (tried: /usr/lib64/php7/extensions/fileinfo.so (/usr/lib64/php7/extensions/fileinfo.so: cannot open shared object file: No such file or directory), /usr/lib64/php7/extensions/fileinfo.so.so (/usr/lib64/php7/extensions/fileinfo.so.so: cannot open shared object file: No such file or directory)) in Unknown on line 0
PHP Warning:  Module 'pdo_pgsql' already loaded in Unknown on line 0
PHP Warning:  Module 'pgsql' already loaded in Unknown on line 0
PHP Warning:  Module 'Phar' already loaded in Unknown on line 0
>>> UPGRADE/DC/PLCC SYNC (SP) STARTED: 2026-09-16 00:00:00 to 2026-09-17 23:59:59 <<<
Processing 395 CSR users with UPGRADE process.
Fetching from Sampark via sp_agentwise_perform160... Found 57 rows.
Processing 52 records for CSR-UPGRADE users.

--- DEBUG INFO (First 5 records) ---
Person: FNM1726, Date: 2026-09-16
  Login: 32315s, Break: 3628s, Meeting: 0s
  Actual Break: 3628s, Final Login: 28687s
  Work Hours: 7.9686hrs, Required: 8hrs, Status: HD
  Comparison: < 8.0

Person: FNM2990, Date: 2026-09-16
  Login: 32862s, Break: 3277s, Meeting: 0s
  Actual Break: 3277s, Final Login: 29585s
  Work Hours: 8.2181hrs, Required: 8hrs, Status: P
  Comparison: >= 8.0 (P)

Person: FNM3157, Date: 2026-09-16
  Login: 32904s, Break: 3401s, Meeting: 0s
  Actual Break: 3401s, Final Login: 29503s
  Work Hours: 8.1953hrs, Required: 8hrs, Status: P
  Comparison: >= 8.0 (P)

Person: FNM3192, Date: 2026-09-16
  Login: 32736s, Break: 3125s, Meeting: 0s
  Actual Break: 3125s, Final Login: 29611s
  Work Hours: 8.2253hrs, Required: 8hrs, Status: P
  Comparison: >= 8.0 (P)

Person: FNM3520, Date: 2026-09-16
  Login: 32099s, Break: 2899s, Meeting: 0s
  Actual Break: 2899s, Final Login: 29200s
  Work Hours: 8.1111hrs, Required: 8hrs, Status: P
  Comparison: >= 8.0 (P)

Successfully synced 7 CSR-UPGRADE records.
  - Updated HD/A to P: 0 records
  - Skipped (already P): 44 records
PHP Warning:  PHP Startup: Unable to load dynamic library 'fileinfo.so' (tried: /usr/lib64/php7/extensions/fileinfo.so (/usr/lib64/php7/extensions/fileinfo.so: cannot open shared object file: No such file or directory), /usr/lib64/php7/extensions/fileinfo.so.so (/usr/lib64/php7/extensions/fileinfo.so.so: cannot open shared object file: No such file or directory)) in Unknown on line 0
PHP Warning:  Module 'pdo_pgsql' already loaded in Unknown on line 0
PHP Warning:  Module 'pgsql' already loaded in Unknown on line 0
PHP Warning:  Module 'Phar' already loaded in Unknown on line 0
>>> UPGRADE/DC/PLCC SYNC (SP) STARTED: 2026-09-16 00:00:00 to 2026-09-17 23:59:59 <<<
Processing 395 CSR users with UPGRADE process.
Fetching from Sampark via sp_agentwise_perform160... Found 57 rows.
Processing 52 records for CSR-UPGRADE users.

--- DEBUG INFO (First 5 records) ---
Person: FNM1726, Date: 2026-09-16
  Login: 32315s, Break: 3628s, Meeting: 0s
  Actual Break: 3628s, Final Login: 28687s
  Work Hours: 7.9686hrs, Required: 8hrs, Status: HD
  Comparison: < 8.0

Person: FNM2990, Date: 2026-09-16
  Login: 32862s, Break: 3277s, Meeting: 0s
  Actual Break: 3277s, Final Login: 29585s
  Work Hours: 8.2181hrs, Required: 8hrs, Status: P
  Comparison: >= 8.0 (P)

Person: FNM3157, Date: 2026-09-16
  Login: 32904s, Break: 3401s, Meeting: 0s
  Actual Break: 3401s, Final Login: 29503s
  Work Hours: 8.1953hrs, Required: 8hrs, Status: P
  Comparison: >= 8.0 (P)

Person: FNM3192, Date: 2026-09-16
  Login: 32736s, Break: 3125s, Meeting: 0s
  Actual Break: 3125s, Final Login: 29611s
  Work Hours: 8.2253hrs, Required: 8hrs, Status: P
  Comparison: >= 8.0 (P)

Person: FNM3520, Date: 2026-09-16
  Login: 32099s, Break: 2899s, Meeting: 0s
  Actual Break: 2899s, Final Login: 29200s
  Work Hours: 8.1111hrs, Required: 8hrs, Status: P
  Comparison: >= 8.0 (P)

Successfully synced 7 CSR-UPGRADE records.
  - Updated HD/A to P: 0 records
  - Skipped (already P): 44 records
PHP Warning:  PHP Startup: Unable to load dynamic library 'fileinfo.so' (tried: /usr/lib64/php7/extensions/fileinfo.so (/usr/lib64/php7/extensions/fileinfo.so: cannot open shared object file: No such file or directory), /usr/lib64/php7/extensions/fileinfo.so.so (/usr/lib64/php7/extensions/fileinfo.so.so: cannot open shared object file: No such file or directory)) in Unknown on line 0
PHP Warning:  Module 'pdo_pgsql' already loaded in Unknown on line 0
PHP Warning:  Module 'pgsql' already loaded in Unknown on line 0
PHP Warning:  Module 'Phar' already loaded in Unknown on line 0
>>> UPGRADE/DC/PLCC SYNC (SP) STARTED: 2026-09-16 00:00:00 to 2026-09-17 23:59:59 <<<
Processing 395 CSR users with UPGRADE process.
Fetching from Sampark via sp_agentwise_perform160... Found 57 rows.
Processing 52 records for CSR-UPGRADE users.

--- DEBUG INFO (First 5 records) ---
Person: FNM1726, Date: 2026-09-16
  Login: 32315s, Break: 3628s, Meeting: 0s
  Actual Break: 3628s, Final Login: 28687s
  Work Hours: 7.9686hrs, Required: 8hrs, Status: HD
  Comparison: < 8.0

Person: FNM2990, Date: 2026-09-16
  Login: 32862s, Break: 3277s, Meeting: 0s
  Actual Break: 3277s, Final Login: 29585s
  Work Hours: 8.2181hrs, Required: 8hrs, Status: P
  Comparison: >= 8.0 (P)

Person: FNM3157, Date: 2026-09-16
  Login: 32904s, Break: 3401s, Meeting: 0s
  Actual Break: 3401s, Final Login: 29503s
  Work Hours: 8.1953hrs, Required: 8hrs, Status: P
  Comparison: >= 8.0 (P)

Person: FNM3192, Date: 2026-09-16
  Login: 32736s, Break: 3125s, Meeting: 0s
  Actual Break: 3125s, Final Login: 29611s
  Work Hours: 8.2253hrs, Required: 8hrs, Status: P
  Comparison: >= 8.0 (P)

Person: FNM3520, Date: 2026-09-16
  Login: 32099s, Break: 2899s, Meeting: 0s
  Actual Break: 2899s, Final Login: 29200s
  Work Hours: 8.1111hrs, Required: 8hrs, Status: P
  Comparison: >= 8.0 (P)

Successfully synced 7 CSR-UPGRADE records.
  - Updated HD/A to P: 0 records
  - Skipped (already P): 44 records
PHP Warning:  PHP Startup: Unable to load dynamic library 'fileinfo.so' (tried: /usr/lib64/php7/extensions/fileinfo.so (/usr/lib64/php7/extensions/fileinfo.so: cannot open shared object file: No such file or directory), /usr/lib64/php7/extensions/fileinfo.so.so (/usr/lib64/php7/extensions/fileinfo.so.so: cannot open shared object file: No such file or directory)) in Unknown on line 0
PHP Warning:  Module 'pdo_pgsql' already loaded in Unknown on line 0
PHP Warning:  Module 'pgsql' already loaded in Unknown on line 0
PHP Warning:  Module 'Phar' already loaded in Unknown on line 0
>>> UPGRADE/DC/PLCC SYNC (SP) STARTED: 2026-09-16 00:00:00 to 2026-09-17 23:59:59 <<<
Processing 395 CSR users with UPGRADE process.
Fetching from Sampark via sp_agentwise_perform160... Found 57 rows.
Processing 52 records for CSR-UPGRADE users.

--- DEBUG INFO (First 5 records) ---
Person: FNM1726, Date: 2026-09-16
  Login: 32315s, Break: 3628s, Meeting: 0s
  Actual Break: 3628s, Final Login: 28687s
  Work Hours: 7.9686hrs, Required: 8hrs, Status: HD
  Comparison: < 8.0

Person: FNM2990, Date: 2026-09-16
  Login: 32862s, Break: 3277s, Meeting: 0s
  Actual Break: 3277s, Final Login: 29585s
  Work Hours: 8.2181hrs, Required: 8hrs, Status: P
  Comparison: >= 8.0 (P)

Person: FNM3157, Date: 2026-09-16
  Login: 32904s, Break: 3401s, Meeting: 0s
  Actual Break: 3401s, Final Login: 29503s
  Work Hours: 8.1953hrs, Required: 8hrs, Status: P
  Comparison: >= 8.0 (P)

Person: FNM3192, Date: 2026-09-16
  Login: 32736s, Break: 3125s, Meeting: 0s
  Actual Break: 3125s, Final Login: 29611s
  Work Hours: 8.2253hrs, Required: 8hrs, Status: P
  Comparison: >= 8.0 (P)

Person: FNM3520, Date: 2026-09-16
  Login: 32099s, Break: 2899s, Meeting: 0s
  Actual Break: 2899s, Final Login: 29200s
  Work Hours: 8.1111hrs, Required: 8hrs, Status: P
  Comparison: >= 8.0 (P)

Successfully synced 7 CSR-UPGRADE records.
  - Updated HD/A to P: 0 records
  - Skipped (already P): 44 records
PHP Warning:  PHP Startup: Unable to load dynamic library 'fileinfo.so' (tried: /usr/lib64/php7/extensions/fileinfo.so (/usr/lib64/php7/extensions/fileinfo.so: cannot open shared object file: No such file or directory), /usr/lib64/php7/extensions/fileinfo.so.so (/usr/lib64/php7/extensions/fileinfo.so.so: cannot open shared object file: No such file or directory)) in Unknown on line 0
PHP Warning:  Module 'pdo_pgsql' already loaded in Unknown on line 0
PHP Warning:  Module 'pgsql' already loaded in Unknown on line 0
PHP Warning:  Module 'Phar' already loaded in Unknown on line 0
>>> UPGRADE/DC/PLCC SYNC (SP) STARTED: 2026-09-16 00:00:00 to 2026-09-17 23:59:59 <<<
Processing 395 CSR users with UPGRADE process.
Fetching from Sampark via sp_agentwise_perform160... Found 57 rows.
Processing 52 records for CSR-UPGRADE users.

--- DEBUG INFO (First 5 records) ---
Person: FNM1726, Date: 2026-09-16
  Login: 32315s, Break: 3628s, Meeting: 0s
  Actual Break: 3628s, Final Login: 28687s
  Work Hours: 7.9686hrs, Required: 8hrs, Status: HD
  Comparison: < 8.0

Person: FNM2990, Date: 2026-09-16
  Login: 32862s, Break: 3277s, Meeting: 0s
  Actual Break: 3277s, Final Login: 29585s
  Work Hours: 8.2181hrs, Required: 8hrs, Status: P
  Comparison: >= 8.0 (P)

Person: FNM3157, Date: 2026-09-16
  Login: 32904s, Break: 3401s, Meeting: 0s
  Actual Break: 3401s, Final Login: 29503s
  Work Hours: 8.1953hrs, Required: 8hrs, Status: P
  Comparison: >= 8.0 (P)

Person: FNM3192, Date: 2026-09-16
  Login: 32736s, Break: 3125s, Meeting: 0s
  Actual Break: 3125s, Final Login: 29611s
  Work Hours: 8.2253hrs, Required: 8hrs, Status: P
  Comparison: >= 8.0 (P)

Person: FNM3520, Date: 2026-09-16
  Login: 32099s, Break: 2899s, Meeting: 0s
  Actual Break: 2899s, Final Login: 29200s
  Work Hours: 8.1111hrs, Required: 8hrs, Status: P
  Comparison: >= 8.0 (P)

Successfully synced 7 CSR-UPGRADE records.
  - Updated HD/A to P: 0 records
  - Skipped (already P): 44 records
PHP Warning:  PHP Startup: Unable to load dynamic library 'fileinfo.so' (tried: /usr/lib64/php7/extensions/fileinfo.so (/usr/lib64/php7/extensions/fileinfo.so: cannot open shared object file: No such file or directory), /usr/lib64/php7/extensions/fileinfo.so.so (/usr/lib64/php7/extensions/fileinfo.so.so: cannot open shared object file: No such file or directory)) in Unknown on line 0
PHP Warning:  Module 'pdo_pgsql' already loaded in Unknown on line 0
PHP Warning:  Module 'pgsql' already loaded in Unknown on line 0
PHP Warning:  Module 'Phar' already loaded in Unknown on line 0
>>> UPGRADE/DC/PLCC SYNC (SP) STARTED: 2026-09-16 00:00:00 to 2026-09-17 23:59:59 <<<
Processing 395 CSR users with UPGRADE process.
Fetching from Sampark via sp_agentwise_perform160... Found 57 rows.
Processing 52 records for CSR-UPGRADE users.

--- DEBUG INFO (First 5 records) ---
Person: FNM1726, Date: 2026-09-16
  Login: 32315s, Break: 3628s, Meeting: 0s
  Actual Break: 3628s, Final Login: 28687s
  Work Hours: 7.9686hrs, Required: 8hrs, Status: HD
  Comparison: < 8.0

Person: FNM2990, Date: 2026-09-16
  Login: 32862s, Break: 3277s, Meeting: 0s
  Actual Break: 3277s, Final Login: 29585s
  Work Hours: 8.2181hrs, Required: 8hrs, Status: P
  Comparison: >= 8.0 (P)

Person: FNM3157, Date: 2026-09-16
  Login: 32904s, Break: 3401s, Meeting: 0s
  Actual Break: 3401s, Final Login: 29503s
  Work Hours: 8.1953hrs, Required: 8hrs, Status: P
  Comparison: >= 8.0 (P)

Person: FNM3192, Date: 2026-09-16
  Login: 32736s, Break: 3125s, Meeting: 0s
  Actual Break: 3125s, Final Login: 29611s
  Work Hours: 8.2253hrs, Required: 8hrs, Status: P
  Comparison: >= 8.0 (P)

Person: FNM3520, Date: 2026-09-16
  Login: 32099s, Break: 2899s, Meeting: 0s
  Actual Break: 2899s, Final Login: 29200s
  Work Hours: 8.1111hrs, Required: 8hrs, Status: P
  Comparison: >= 8.0 (P)

Successfully synced 7 CSR-UPGRADE records.
  - Updated HD/A to P: 0 records
  - Skipped (already P): 44 records
PHP Warning:  PHP Startup: Unable to load dynamic library 'fileinfo.so' (tried: /usr/lib64/php7/extensions/fileinfo.so (/usr/lib64/php7/extensions/fileinfo.so: cannot open shared object file: No such file or directory), /usr/lib64/php7/extensions/fileinfo.so.so (/usr/lib64/php7/extensions/fileinfo.so.so: cannot open shared object file: No such file or directory)) in Unknown on line 0
PHP Warning:  Module 'pdo_pgsql' already loaded in Unknown on line 0
PHP Warning:  Module 'pgsql' already loaded in Unknown on line 0
PHP Warning:  Module 'Phar' already loaded in Unknown on line 0
>>> UPGRADE/DC/PLCC SYNC (SP) STARTED: 2026-09-16 00:00:00 to 2026-09-17 23:59:59 <<<
Processing 395 CSR users with UPGRADE process.
Fetching from Sampark via sp_agentwise_perform160... Found 57 rows.
Processing 52 records for CSR-UPGRADE users.

--- DEBUG INFO (First 5 records) ---
Person: FNM1726, Date: 2026-09-16
  Login: 32315s, Break: 3628s, Meeting: 0s
  Actual Break: 3628s, Final Login: 28687s
  Work Hours: 7.9686hrs, Required: 8hrs, Status: HD
  Comparison: < 8.0

Person: FNM2990, Date: 2026-09-16
  Login: 32862s, Break: 3277s, Meeting: 0s
  Actual Break: 3277s, Final Login: 29585s
  Work Hours: 8.2181hrs, Required: 8hrs, Status: P
  Comparison: >= 8.0 (P)

Person: FNM3157, Date: 2026-09-16
  Login: 32904s, Break: 3401s, Meeting: 0s
  Actual Break: 3401s, Final Login: 29503s
  Work Hours: 8.1953hrs, Required: 8hrs, Status: P
  Comparison: >= 8.0 (P)

Person: FNM3192, Date: 2026-09-16
  Login: 32736s, Break: 3125s, Meeting: 0s
  Actual Break: 3125s, Final Login: 29611s
  Work Hours: 8.2253hrs, Required: 8hrs, Status: P
  Comparison: >= 8.0 (P)

Person: FNM3520, Date: 2026-09-16
  Login: 32099s, Break: 2899s, Meeting: 0s
  Actual Break: 2899s, Final Login: 29200s
  Work Hours: 8.1111hrs, Required: 8hrs, Status: P
  Comparison: >= 8.0 (P)

Successfully synced 7 CSR-UPGRADE records.
  - Updated HD/A to P: 0 records
  - Skipped (already P): 44 records
PHP Warning:  PHP Startup: Unable to load dynamic library 'fileinfo.so' (tried: /usr/lib64/php7/extensions/fileinfo.so (/usr/lib64/php7/extensions/fileinfo.so: cannot open shared object file: No such file or directory), /usr/lib64/php7/extensions/fileinfo.so.so (/usr/lib64/php7/extensions/fileinfo.so.so: cannot open shared object file: No such file or directory)) in Unknown on line 0
PHP Warning:  Module 'pdo_pgsql' already loaded in Unknown on line 0
PHP Warning:  Module 'pgsql' already loaded in Unknown on line 0
PHP Warning:  Module 'Phar' already loaded in Unknown on line 0
>>> UPGRADE/DC/PLCC SYNC (SP) STARTED: 2026-09-17 00:00:00 to 2026-09-18 23:59:59 <<<
Processing 395 CSR users with UPGRADE process.
Fetching from Sampark via sp_agentwise_perform160... Found 30 rows.
Processing 27 records for CSR-UPGRADE users.

--- DEBUG INFO (First 5 records) ---
Person: FNM1726, Date: 2026-09-17
  Login: 19881s, Break: 3449s, Meeting: 0s
  Actual Break: 3449s, Final Login: 16432s
  Work Hours: 4.5644hrs, Required: 8hrs, Status: HD
  Comparison: < 8.0

Person: FNM2990, Date: 2026-09-17
  Login: 33015s, Break: 3385s, Meeting: 0s
  Actual Break: 3385s, Final Login: 29630s
  Work Hours: 8.2306hrs, Required: 8hrs, Status: P
  Comparison: >= 8.0 (P)

Person: FNM3157, Date: 2026-09-17
  Login: 32972s, Break: 3381s, Meeting: 0s
  Actual Break: 3381s, Final Login: 29591s
  Work Hours: 8.2197hrs, Required: 8hrs, Status: P
  Comparison: >= 8.0 (P)

Person: FNM3192, Date: 2026-09-17
  Login: 32847s, Break: 3346s, Meeting: 0s
  Actual Break: 3346s, Final Login: 29501s
  Work Hours: 8.1947hrs, Required: 8hrs, Status: P
  Comparison: >= 8.0 (P)

Person: FNM3520, Date: 2026-09-17
  Login: 33508s, Break: 3853s, Meeting: 0s
  Actual Break: 3853s, Final Login: 29655s
  Work Hours: 8.2375hrs, Required: 8hrs, Status: P
  Comparison: >= 8.0 (P)

Successfully synced 4 CSR-UPGRADE records.
  - Updated HD/A to P: 0 records
  - Skipped (already P): 23 records
PHP Warning:  PHP Startup: Unable to load dynamic library 'fileinfo.so' (tried: /usr/lib64/php7/extensions/fileinfo.so (/usr/lib64/php7/extensions/fileinfo.so: cannot open shared object file: No such file or directory), /usr/lib64/php7/extensions/fileinfo.so.so (/usr/lib64/php7/extensions/fileinfo.so.so: cannot open shared object file: No such file or directory)) in Unknown on line 0
PHP Warning:  Module 'pdo_pgsql' already loaded in Unknown on line 0
PHP Warning:  Module 'pgsql' already loaded in Unknown on line 0
PHP Warning:  Module 'Phar' already loaded in Unknown on line 0
>>> UPGRADE/DC/PLCC SYNC (SP) STARTED: 2026-09-17 00:00:00 to 2026-09-18 23:59:59 <<<
Processing 395 CSR users with UPGRADE process.
Fetching from Sampark via sp_agentwise_perform160... Found 30 rows.
Processing 27 records for CSR-UPGRADE users.

--- DEBUG INFO (First 5 records) ---
Person: FNM1726, Date: 2026-09-17
  Login: 19881s, Break: 3449s, Meeting: 0s
  Actual Break: 3449s, Final Login: 16432s
  Work Hours: 4.5644hrs, Required: 8hrs, Status: HD
  Comparison: < 8.0

Person: FNM2990, Date: 2026-09-17
  Login: 33015s, Break: 3385s, Meeting: 0s
  Actual Break: 3385s, Final Login: 29630s
  Work Hours: 8.2306hrs, Required: 8hrs, Status: P
  Comparison: >= 8.0 (P)

Person: FNM3157, Date: 2026-09-17
  Login: 32972s, Break: 3381s, Meeting: 0s
  Actual Break: 3381s, Final Login: 29591s
  Work Hours: 8.2197hrs, Required: 8hrs, Status: P
  Comparison: >= 8.0 (P)

Person: FNM3192, Date: 2026-09-17
  Login: 32847s, Break: 3346s, Meeting: 0s
  Actual Break: 3346s, Final Login: 29501s
  Work Hours: 8.1947hrs, Required: 8hrs, Status: P
  Comparison: >= 8.0 (P)

Person: FNM3520, Date: 2026-09-17
  Login: 33508s, Break: 3853s, Meeting: 0s
  Actual Break: 3853s, Final Login: 29655s
  Work Hours: 8.2375hrs, Required: 8hrs, Status: P
  Comparison: >= 8.0 (P)

Successfully synced 4 CSR-UPGRADE records.
  - Updated HD/A to P: 0 records
  - Skipped (already P): 23 records
PHP Warning:  PHP Startup: Unable to load dynamic library 'fileinfo.so' (tried: /usr/lib64/php7/extensions/fileinfo.so (/usr/lib64/php7/extensions/fileinfo.so: cannot open shared object file: No such file or directory), /usr/lib64/php7/extensions/fileinfo.so.so (/usr/lib64/php7/extensions/fileinfo.so.so: cannot open shared object file: No such file or directory)) in Unknown on line 0
PHP Warning:  Module 'pdo_pgsql' already loaded in Unknown on line 0
PHP Warning:  Module 'pgsql' already loaded in Unknown on line 0
PHP Warning:  Module 'Phar' already loaded in Unknown on line 0
>>> UPGRADE/DC/PLCC SYNC (SP) STARTED: 2026-09-17 00:00:00 to 2026-09-18 23:59:59 <<<
Processing 395 CSR users with UPGRADE process.
Fetching from Sampark via sp_agentwise_perform160... Found 30 rows.
Processing 27 records for CSR-UPGRADE users.

--- DEBUG INFO (First 5 records) ---
Person: FNM1726, Date: 2026-09-17
  Login: 19881s, Break: 3449s, Meeting: 0s
  Actual Break: 3449s, Final Login: 16432s
  Work Hours: 4.5644hrs, Required: 8hrs, Status: HD
  Comparison: < 8.0

Person: FNM2990, Date: 2026-09-17
  Login: 33015s, Break: 3385s, Meeting: 0s
  Actual Break: 3385s, Final Login: 29630s
  Work Hours: 8.2306hrs, Required: 8hrs, Status: P
  Comparison: >= 8.0 (P)

Person: FNM3157, Date: 2026-09-17
  Login: 32972s, Break: 3381s, Meeting: 0s
  Actual Break: 3381s, Final Login: 29591s
  Work Hours: 8.2197hrs, Required: 8hrs, Status: P
  Comparison: >= 8.0 (P)

Person: FNM3192, Date: 2026-09-17
  Login: 32847s, Break: 3346s, Meeting: 0s
  Actual Break: 3346s, Final Login: 29501s
  Work Hours: 8.1947hrs, Required: 8hrs, Status: P
  Comparison: >= 8.0 (P)

Person: FNM3520, Date: 2026-09-17
  Login: 33508s, Break: 3853s, Meeting: 0s
  Actual Break: 3853s, Final Login: 29655s
  Work Hours: 8.2375hrs, Required: 8hrs, Status: P
  Comparison: >= 8.0 (P)

Successfully synced 4 CSR-UPGRADE records.
  - Updated HD/A to P: 0 records
  - Skipped (already P): 23 records
PHP Warning:  PHP Startup: Unable to load dynamic library 'fileinfo.so' (tried: /usr/lib64/php7/extensions/fileinfo.so (/usr/lib64/php7/extensions/fileinfo.so: cannot open shared object file: No such file or directory), /usr/lib64/php7/extensions/fileinfo.so.so (/usr/lib64/php7/extensions/fileinfo.so.so: cannot open shared object file: No such file or directory)) in Unknown on line 0
PHP Warning:  Module 'pdo_pgsql' already loaded in Unknown on line 0
PHP Warning:  Module 'pgsql' already loaded in Unknown on line 0
PHP Warning:  Module 'Phar' already loaded in Unknown on line 0
>>> UPGRADE/DC/PLCC SYNC (SP) STARTED: 2026-09-17 00:00:00 to 2026-09-18 23:59:59 <<<
Processing 395 CSR users with UPGRADE process.
Fetching from Sampark via sp_agentwise_perform160... Found 30 rows.
Processing 27 records for CSR-UPGRADE users.

--- DEBUG INFO (First 5 records) ---
Person: FNM1726, Date: 2026-09-17
  Login: 19881s, Break: 3449s, Meeting: 0s
  Actual Break: 3449s, Final Login: 16432s
  Work Hours: 4.5644hrs, Required: 8hrs, Status: HD
  Comparison: < 8.0

Person: FNM2990, Date: 2026-09-17
  Login: 33015s, Break: 3385s, Meeting: 0s
  Actual Break: 3385s, Final Login: 29630s
  Work Hours: 8.2306hrs, Required: 8hrs, Status: P
  Comparison: >= 8.0 (P)

Person: FNM3157, Date: 2026-09-17
  Login: 32972s, Break: 3381s, Meeting: 0s
  Actual Break: 3381s, Final Login: 29591s
  Work Hours: 8.2197hrs, Required: 8hrs, Status: P
  Comparison: >= 8.0 (P)

Person: FNM3192, Date: 2026-09-17
  Login: 32847s, Break: 3346s, Meeting: 0s
  Actual Break: 3346s, Final Login: 29501s
  Work Hours: 8.1947hrs, Required: 8hrs, Status: P
  Comparison: >= 8.0 (P)

Person: FNM3520, Date: 2026-09-17
  Login: 33508s, Break: 3853s, Meeting: 0s
  Actual Break: 3853s, Final Login: 29655s
  Work Hours: 8.2375hrs, Required: 8hrs, Status: P
  Comparison: >= 8.0 (P)

Successfully synced 4 CSR-UPGRADE records.
  - Updated HD/A to P: 0 records
  - Skipped (already P): 23 records
PHP Warning:  PHP Startup: Unable to load dynamic library 'fileinfo.so' (tried: /usr/lib64/php7/extensions/fileinfo.so (/usr/lib64/php7/extensions/fileinfo.so: cannot open shared object file: No such file or directory), /usr/lib64/php7/extensions/fileinfo.so.so (/usr/lib64/php7/extensions/fileinfo.so.so: cannot open shared object file: No such file or directory)) in Unknown on line 0
PHP Warning:  Module 'pdo_pgsql' already loaded in Unknown on line 0
PHP Warning:  Module 'pgsql' already loaded in Unknown on line 0
PHP Warning:  Module 'Phar' already loaded in Unknown on line 0
>>> UPGRADE/DC/PLCC SYNC (SP) STARTED: 2026-09-17 00:00:00 to 2026-09-18 23:59:59 <<<
Processing 395 CSR users with UPGRADE process.
Fetching from Sampark via sp_agentwise_perform160... Found 30 rows.
Processing 27 records for CSR-UPGRADE users.

--- DEBUG INFO (First 5 records) ---
Person: FNM1726, Date: 2026-09-17
  Login: 19881s, Break: 3449s, Meeting: 0s
  Actual Break: 3449s, Final Login: 16432s
  Work Hours: 4.5644hrs, Required: 8hrs, Status: HD
  Comparison: < 8.0

Person: FNM2990, Date: 2026-09-17
  Login: 33015s, Break: 3385s, Meeting: 0s
  Actual Break: 3385s, Final Login: 29630s
  Work Hours: 8.2306hrs, Required: 8hrs, Status: P
  Comparison: >= 8.0 (P)

Person: FNM3157, Date: 2026-09-17
  Login: 32972s, Break: 3381s, Meeting: 0s
  Actual Break: 3381s, Final Login: 29591s
  Work Hours: 8.2197hrs, Required: 8hrs, Status: P
  Comparison: >= 8.0 (P)

Person: FNM3192, Date: 2026-09-17
  Login: 32847s, Break: 3346s, Meeting: 0s
  Actual Break: 3346s, Final Login: 29501s
  Work Hours: 8.1947hrs, Required: 8hrs, Status: P
  Comparison: >= 8.0 (P)

Person: FNM3520, Date: 2026-09-17
  Login: 33508s, Break: 3853s, Meeting: 0s
  Actual Break: 3853s, Final Login: 29655s
  Work Hours: 8.2375hrs, Required: 8hrs, Status: P
  Comparison: >= 8.0 (P)

Successfully synced 4 CSR-UPGRADE records.
  - Updated HD/A to P: 0 records
  - Skipped (already P): 23 records
PHP Warning:  PHP Startup: Unable to load dynamic library 'fileinfo.so' (tried: /usr/lib64/php7/extensions/fileinfo.so (/usr/lib64/php7/extensions/fileinfo.so: cannot open shared object file: No such file or directory), /usr/lib64/php7/extensions/fileinfo.so.so (/usr/lib64/php7/extensions/fileinfo.so.so: cannot open shared object file: No such file or directory)) in Unknown on line 0
PHP Warning:  Module 'pdo_pgsql' already loaded in Unknown on line 0
PHP Warning:  Module 'pgsql' already loaded in Unknown on line 0
PHP Warning:  Module 'Phar' already loaded in Unknown on line 0
>>> UPGRADE/DC/PLCC SYNC (SP) STARTED: 2026-09-17 00:00:00 to 2026-09-18 23:59:59 <<<
Processing 395 CSR users with UPGRADE process.
Fetching from Sampark via sp_agentwise_perform160... Found 30 rows.
Processing 27 records for CSR-UPGRADE users.

--- DEBUG INFO (First 5 records) ---
Person: FNM1726, Date: 2026-09-17
  Login: 19881s, Break: 3449s, Meeting: 0s
  Actual Break: 3449s, Final Login: 16432s
  Work Hours: 4.5644hrs, Required: 8hrs, Status: HD
  Comparison: < 8.0

Person: FNM2990, Date: 2026-09-17
  Login: 33015s, Break: 3385s, Meeting: 0s
  Actual Break: 3385s, Final Login: 29630s
  Work Hours: 8.2306hrs, Required: 8hrs, Status: P
  Comparison: >= 8.0 (P)

Person: FNM3157, Date: 2026-09-17
  Login: 32972s, Break: 3381s, Meeting: 0s
  Actual Break: 3381s, Final Login: 29591s
  Work Hours: 8.2197hrs, Required: 8hrs, Status: P
  Comparison: >= 8.0 (P)

Person: FNM3192, Date: 2026-09-17
  Login: 32847s, Break: 3346s, Meeting: 0s
  Actual Break: 3346s, Final Login: 29501s
  Work Hours: 8.1947hrs, Required: 8hrs, Status: P
  Comparison: >= 8.0 (P)

Person: FNM3520, Date: 2026-09-17
  Login: 33508s, Break: 3853s, Meeting: 0s
  Actual Break: 3853s, Final Login: 29655s
  Work Hours: 8.2375hrs, Required: 8hrs, Status: P
  Comparison: >= 8.0 (P)

Successfully synced 4 CSR-UPGRADE records.
  - Updated HD/A to P: 0 records
  - Skipped (already P): 23 records
PHP Warning:  PHP Startup: Unable to load dynamic library 'fileinfo.so' (tried: /usr/lib64/php7/extensions/fileinfo.so (/usr/lib64/php7/extensions/fileinfo.so: cannot open shared object file: No such file or directory), /usr/lib64/php7/extensions/fileinfo.so.so (/usr/lib64/php7/extensions/fileinfo.so.so: cannot open shared object file: No such file or directory)) in Unknown on line 0
PHP Warning:  Module 'pdo_pgsql' already loaded in Unknown on line 0
PHP Warning:  Module 'pgsql' already loaded in Unknown on line 0
PHP Warning:  Module 'Phar' already loaded in Unknown on line 0
>>> UPGRADE/DC/PLCC SYNC (SP) STARTED: 2026-09-17 00:00:00 to 2026-09-18 23:59:59 <<<
Processing 395 CSR users with UPGRADE process.
Fetching from Sampark via sp_agentwise_perform160... Found 30 rows.
Processing 27 records for CSR-UPGRADE users.

--- DEBUG INFO (First 5 records) ---
Person: FNM1726, Date: 2026-09-17
  Login: 19881s, Break: 3449s, Meeting: 0s
  Actual Break: 3449s, Final Login: 16432s
  Work Hours: 4.5644hrs, Required: 8hrs, Status: HD
  Comparison: < 8.0

Person: FNM2990, Date: 2026-09-17
  Login: 33015s, Break: 3385s, Meeting: 0s
  Actual Break: 3385s, Final Login: 29630s
  Work Hours: 8.2306hrs, Required: 8hrs, Status: P
  Comparison: >= 8.0 (P)

Person: FNM3157, Date: 2026-09-17
  Login: 32972s, Break: 3381s, Meeting: 0s
  Actual Break: 3381s, Final Login: 29591s
  Work Hours: 8.2197hrs, Required: 8hrs, Status: P
  Comparison: >= 8.0 (P)

Person: FNM3192, Date: 2026-09-17
  Login: 32847s, Break: 3346s, Meeting: 0s
  Actual Break: 3346s, Final Login: 29501s
  Work Hours: 8.1947hrs, Required: 8hrs, Status: P
  Comparison: >= 8.0 (P)

Person: FNM3520, Date: 2026-09-17
  Login: 33508s, Break: 3853s, Meeting: 0s
  Actual Break: 3853s, Final Login: 29655s
  Work Hours: 8.2375hrs, Required: 8hrs, Status: P
  Comparison: >= 8.0 (P)

Successfully synced 4 CSR-UPGRADE records.
  - Updated HD/A to P: 0 records
  - Skipped (already P): 23 records
PHP Warning:  PHP Startup: Unable to load dynamic library 'fileinfo.so' (tried: /usr/lib64/php7/extensions/fileinfo.so (/usr/lib64/php7/extensions/fileinfo.so: cannot open shared object file: No such file or directory), /usr/lib64/php7/extensions/fileinfo.so.so (/usr/lib64/php7/extensions/fileinfo.so.so: cannot open shared object file: No such file or directory)) in Unknown on line 0
PHP Warning:  Module 'pdo_pgsql' already loaded in Unknown on line 0
PHP Warning:  Module 'pgsql' already loaded in Unknown on line 0
PHP Warning:  Module 'Phar' already loaded in Unknown on line 0
>>> UPGRADE/DC/PLCC SYNC (SP) STARTED: 2026-09-17 00:00:00 to 2026-09-18 23:59:59 <<<
Processing 395 CSR users with UPGRADE process.
Fetching from Sampark via sp_agentwise_perform160... Found 30 rows.
Processing 27 records for CSR-UPGRADE users.

--- DEBUG INFO (First 5 records) ---
Person: FNM1726, Date: 2026-09-17
  Login: 19881s, Break: 3449s, Meeting: 0s
  Actual Break: 3449s, Final Login: 16432s
  Work Hours: 4.5644hrs, Required: 8hrs, Status: HD
  Comparison: < 8.0

Person: FNM2990, Date: 2026-09-17
  Login: 33015s, Break: 3385s, Meeting: 0s
  Actual Break: 3385s, Final Login: 29630s
  Work Hours: 8.2306hrs, Required: 8hrs, Status: P
  Comparison: >= 8.0 (P)

Person: FNM3157, Date: 2026-09-17
  Login: 32972s, Break: 3381s, Meeting: 0s
  Actual Break: 3381s, Final Login: 29591s
  Work Hours: 8.2197hrs, Required: 8hrs, Status: P
  Comparison: >= 8.0 (P)

Person: FNM3192, Date: 2026-09-17
  Login: 32847s, Break: 3346s, Meeting: 0s
  Actual Break: 3346s, Final Login: 29501s
  Work Hours: 8.1947hrs, Required: 8hrs, Status: P
  Comparison: >= 8.0 (P)

Person: FNM3520, Date: 2026-09-17
  Login: 33508s, Break: 3853s, Meeting: 0s
  Actual Break: 3853s, Final Login: 29655s
  Work Hours: 8.2375hrs, Required: 8hrs, Status: P
  Comparison: >= 8.0 (P)

Successfully synced 4 CSR-UPGRADE records.
  - Updated HD/A to P: 0 records
  - Skipped (already P): 23 records
PHP Warning:  PHP Startup: Unable to load dynamic library 'fileinfo.so' (tried: /usr/lib64/php7/extensions/fileinfo.so (/usr/lib64/php7/extensions/fileinfo.so: cannot open shared object file: No such file or directory), /usr/lib64/php7/extensions/fileinfo.so.so (/usr/lib64/php7/extensions/fileinfo.so.so: cannot open shared object file: No such file or directory)) in Unknown on line 0
PHP Warning:  Module 'pdo_pgsql' already loaded in Unknown on line 0
PHP Warning:  Module 'pgsql' already loaded in Unknown on line 0
PHP Warning:  Module 'Phar' already loaded in Unknown on line 0
>>> UPGRADE/DC/PLCC SYNC (SP) STARTED: 2026-09-17 00:00:00 to 2026-09-18 23:59:59 <<<
Processing 395 CSR users with UPGRADE process.
Fetching from Sampark via sp_agentwise_perform160... Found 30 rows.
Processing 27 records for CSR-UPGRADE users.

--- DEBUG INFO (First 5 records) ---
Person: FNM1726, Date: 2026-09-17
  Login: 19881s, Break: 3449s, Meeting: 0s
  Actual Break: 3449s, Final Login: 16432s
  Work Hours: 4.5644hrs, Required: 8hrs, Status: HD
  Comparison: < 8.0

Person: FNM2990, Date: 2026-09-17
  Login: 33015s, Break: 3385s, Meeting: 0s
  Actual Break: 3385s, Final Login: 29630s
  Work Hours: 8.2306hrs, Required: 8hrs, Status: P
  Comparison: >= 8.0 (P)

Person: FNM3157, Date: 2026-09-17
  Login: 32972s, Break: 3381s, Meeting: 0s
  Actual Break: 3381s, Final Login: 29591s
  Work Hours: 8.2197hrs, Required: 8hrs, Status: P
  Comparison: >= 8.0 (P)

Person: FNM3192, Date: 2026-09-17
  Login: 32847s, Break: 3346s, Meeting: 0s
  Actual Break: 3346s, Final Login: 29501s
  Work Hours: 8.1947hrs, Required: 8hrs, Status: P
  Comparison: >= 8.0 (P)

Person: FNM3520, Date: 2026-09-17
  Login: 33508s, Break: 3853s, Meeting: 0s
  Actual Break: 3853s, Final Login: 29655s
  Work Hours: 8.2375hrs, Required: 8hrs, Status: P
  Comparison: >= 8.0 (P)

Successfully synced 4 CSR-UPGRADE records.
  - Updated HD/A to P: 0 records
  - Skipped (already P): 23 records
PHP Warning:  PHP Startup: Unable to load dynamic library 'fileinfo.so' (tried: /usr/lib64/php7/extensions/fileinfo.so (/usr/lib64/php7/extensions/fileinfo.so: cannot open shared object file: No such file or directory), /usr/lib64/php7/extensions/fileinfo.so.so (/usr/lib64/php7/extensions/fileinfo.so.so: cannot open shared object file: No such file or directory)) in Unknown on line 0
PHP Warning:  Module 'pdo_pgsql' already loaded in Unknown on line 0
PHP Warning:  Module 'pgsql' already loaded in Unknown on line 0
PHP Warning:  Module 'Phar' already loaded in Unknown on line 0
>>> UPGRADE/DC/PLCC SYNC (SP) STARTED: 2026-09-17 00:00:00 to 2026-09-18 23:59:59 <<<
Processing 395 CSR users with UPGRADE process.
Fetching from Sampark via sp_agentwise_perform160... Found 30 rows.
Processing 27 records for CSR-UPGRADE users.

--- DEBUG INFO (First 5 records) ---
Person: FNM1726, Date: 2026-09-17
  Login: 19881s, Break: 3449s, Meeting: 0s
  Actual Break: 3449s, Final Login: 16432s
  Work Hours: 4.5644hrs, Required: 8hrs, Status: HD
  Comparison: < 8.0

Person: FNM2990, Date: 2026-09-17
  Login: 33015s, Break: 3385s, Meeting: 0s
  Actual Break: 3385s, Final Login: 29630s
  Work Hours: 8.2306hrs, Required: 8hrs, Status: P
  Comparison: >= 8.0 (P)

Person: FNM3157, Date: 2026-09-17
  Login: 32972s, Break: 3381s, Meeting: 0s
  Actual Break: 3381s, Final Login: 29591s
  Work Hours: 8.2197hrs, Required: 8hrs, Status: P
  Comparison: >= 8.0 (P)

Person: FNM3192, Date: 2026-09-17
  Login: 32847s, Break: 3346s, Meeting: 0s
  Actual Break: 3346s, Final Login: 29501s
  Work Hours: 8.1947hrs, Required: 8hrs, Status: P
  Comparison: >= 8.0 (P)

Person: FNM3520, Date: 2026-09-17
  Login: 33508s, Break: 3853s, Meeting: 0s
  Actual Break: 3853s, Final Login: 29655s
  Work Hours: 8.2375hrs, Required: 8hrs, Status: P
  Comparison: >= 8.0 (P)

Successfully synced 4 CSR-UPGRADE records.
  - Updated HD/A to P: 0 records
  - Skipped (already P): 23 records
PHP Warning:  PHP Startup: Unable to load dynamic library 'fileinfo.so' (tried: /usr/lib64/php7/extensions/fileinfo.so (/usr/lib64/php7/extensions/fileinfo.so: cannot open shared object file: No such file or directory), /usr/lib64/php7/extensions/fileinfo.so.so (/usr/lib64/php7/extensions/fileinfo.so.so: cannot open shared object file: No such file or directory)) in Unknown on line 0
PHP Warning:  Module 'pdo_pgsql' already loaded in Unknown on line 0
PHP Warning:  Module 'pgsql' already loaded in Unknown on line 0
PHP Warning:  Module 'Phar' already loaded in Unknown on line 0
>>> UPGRADE/DC/PLCC SYNC (SP) STARTED: 2026-09-17 00:00:00 to 2026-09-18 23:59:59 <<<
Processing 395 CSR users with UPGRADE process.
Fetching from Sampark via sp_agentwise_perform160... Found 30 rows.
Processing 27 records for CSR-UPGRADE users.

--- DEBUG INFO (First 5 records) ---
Person: FNM1726, Date: 2026-09-17
  Login: 19881s, Break: 3449s, Meeting: 0s
  Actual Break: 3449s, Final Login: 16432s
  Work Hours: 4.5644hrs, Required: 8hrs, Status: HD
  Comparison: < 8.0

Person: FNM2990, Date: 2026-09-17
  Login: 33015s, Break: 3385s, Meeting: 0s
  Actual Break: 3385s, Final Login: 29630s
  Work Hours: 8.2306hrs, Required: 8hrs, Status: P
  Comparison: >= 8.0 (P)

Person: FNM3157, Date: 2026-09-17
  Login: 32972s, Break: 3381s, Meeting: 0s
  Actual Break: 3381s, Final Login: 29591s
  Work Hours: 8.2197hrs, Required: 8hrs, Status: P
  Comparison: >= 8.0 (P)

Person: FNM3192, Date: 2026-09-17
  Login: 32847s, Break: 3346s, Meeting: 0s
  Actual Break: 3346s, Final Login: 29501s
  Work Hours: 8.1947hrs, Required: 8hrs, Status: P
  Comparison: >= 8.0 (P)

Person: FNM3520, Date: 2026-09-17
  Login: 33508s, Break: 3853s, Meeting: 0s
  Actual Break: 3853s, Final Login: 29655s
  Work Hours: 8.2375hrs, Required: 8hrs, Status: P
  Comparison: >= 8.0 (P)

Successfully synced 4 CSR-UPGRADE records.
  - Updated HD/A to P: 0 records
  - Skipped (already P): 23 records
PHP Warning:  PHP Startup: Unable to load dynamic library 'fileinfo.so' (tried: /usr/lib64/php7/extensions/fileinfo.so (/usr/lib64/php7/extensions/fileinfo.so: cannot open shared object file: No such file or directory), /usr/lib64/php7/extensions/fileinfo.so.so (/usr/lib64/php7/extensions/fileinfo.so.so: cannot open shared object file: No such file or directory)) in Unknown on line 0
PHP Warning:  Module 'pdo_pgsql' already loaded in Unknown on line 0
PHP Warning:  Module 'pgsql' already loaded in Unknown on line 0
PHP Warning:  Module 'Phar' already loaded in Unknown on line 0
>>> UPGRADE/DC/PLCC SYNC (SP) STARTED: 2026-09-17 00:00:00 to 2026-09-18 23:59:59 <<<
Processing 395 CSR users with UPGRADE process.
Fetching from Sampark via sp_agentwise_perform160... Found 30 rows.
Processing 27 records for CSR-UPGRADE users.

--- DEBUG INFO (First 5 records) ---
Person: FNM1726, Date: 2026-09-17
  Login: 19881s, Break: 3449s, Meeting: 0s
  Actual Break: 3449s, Final Login: 16432s
  Work Hours: 4.5644hrs, Required: 8hrs, Status: HD
  Comparison: < 8.0

Person: FNM2990, Date: 2026-09-17
  Login: 33015s, Break: 3385s, Meeting: 0s
  Actual Break: 3385s, Final Login: 29630s
  Work Hours: 8.2306hrs, Required: 8hrs, Status: P
  Comparison: >= 8.0 (P)

Person: FNM3157, Date: 2026-09-17
  Login: 32972s, Break: 3381s, Meeting: 0s
  Actual Break: 3381s, Final Login: 29591s
  Work Hours: 8.2197hrs, Required: 8hrs, Status: P
  Comparison: >= 8.0 (P)

Person: FNM3192, Date: 2026-09-17
  Login: 32847s, Break: 3346s, Meeting: 0s
  Actual Break: 3346s, Final Login: 29501s
  Work Hours: 8.1947hrs, Required: 8hrs, Status: P
  Comparison: >= 8.0 (P)

Person: FNM3520, Date: 2026-09-17
  Login: 33508s, Break: 3853s, Meeting: 0s
  Actual Break: 3853s, Final Login: 29655s
  Work Hours: 8.2375hrs, Required: 8hrs, Status: P
  Comparison: >= 8.0 (P)

Successfully synced 4 CSR-UPGRADE records.
  - Updated HD/A to P: 0 records
  - Skipped (already P): 23 records
PHP Warning:  PHP Startup: Unable to load dynamic library 'fileinfo.so' (tried: /usr/lib64/php7/extensions/fileinfo.so (/usr/lib64/php7/extensions/fileinfo.so: cannot open shared object file: No such file or directory), /usr/lib64/php7/extensions/fileinfo.so.so (/usr/lib64/php7/extensions/fileinfo.so.so: cannot open shared object file: No such file or directory)) in Unknown on line 0
PHP Warning:  Module 'pdo_pgsql' already loaded in Unknown on line 0
PHP Warning:  Module 'pgsql' already loaded in Unknown on line 0
PHP Warning:  Module 'Phar' already loaded in Unknown on line 0
>>> UPGRADE/DC/PLCC SYNC (SP) STARTED: 2026-09-17 00:00:00 to 2026-09-18 23:59:59 <<<
Processing 395 CSR users with UPGRADE process.
Fetching from Sampark via sp_agentwise_perform160... Found 30 rows.
Processing 27 records for CSR-UPGRADE users.

--- DEBUG INFO (First 5 records) ---
Person: FNM1726, Date: 2026-09-17
  Login: 19881s, Break: 3449s, Meeting: 0s
  Actual Break: 3449s, Final Login: 16432s
  Work Hours: 4.5644hrs, Required: 8hrs, Status: HD
  Comparison: < 8.0

Person: FNM2990, Date: 2026-09-17
  Login: 33015s, Break: 3385s, Meeting: 0s
  Actual Break: 3385s, Final Login: 29630s
  Work Hours: 8.2306hrs, Required: 8hrs, Status: P
  Comparison: >= 8.0 (P)

Person: FNM3157, Date: 2026-09-17
  Login: 32972s, Break: 3381s, Meeting: 0s
  Actual Break: 3381s, Final Login: 29591s
  Work Hours: 8.2197hrs, Required: 8hrs, Status: P
  Comparison: >= 8.0 (P)

Person: FNM3192, Date: 2026-09-17
  Login: 32847s, Break: 3346s, Meeting: 0s
  Actual Break: 3346s, Final Login: 29501s
  Work Hours: 8.1947hrs, Required: 8hrs, Status: P
  Comparison: >= 8.0 (P)

Person: FNM3520, Date: 2026-09-17
  Login: 33508s, Break: 3853s, Meeting: 0s
  Actual Break: 3853s, Final Login: 29655s
  Work Hours: 8.2375hrs, Required: 8hrs, Status: P
  Comparison: >= 8.0 (P)

Successfully synced 4 CSR-UPGRADE records.
  - Updated HD/A to P: 0 records
  - Skipped (already P): 23 records
PHP Warning:  PHP Startup: Unable to load dynamic library 'fileinfo.so' (tried: /usr/lib64/php7/extensions/fileinfo.so (/usr/lib64/php7/extensions/fileinfo.so: cannot open shared object file: No such file or directory), /usr/lib64/php7/extensions/fileinfo.so.so (/usr/lib64/php7/extensions/fileinfo.so.so: cannot open shared object file: No such file or directory)) in Unknown on line 0
PHP Warning:  Module 'pdo_pgsql' already loaded in Unknown on line 0
PHP Warning:  Module 'pgsql' already loaded in Unknown on line 0
PHP Warning:  Module 'Phar' already loaded in Unknown on line 0
>>> UPGRADE/DC/PLCC SYNC (SP) STARTED: 2026-09-17 00:00:00 to 2026-09-18 23:59:59 <<<
Processing 395 CSR users with UPGRADE process.
Fetching from Sampark via sp_agentwise_perform160... Found 30 rows.
Processing 27 records for CSR-UPGRADE users.

--- DEBUG INFO (First 5 records) ---
Person: FNM1726, Date: 2026-09-17
  Login: 19881s, Break: 3449s, Meeting: 0s
  Actual Break: 3449s, Final Login: 16432s
  Work Hours: 4.5644hrs, Required: 8hrs, Status: HD
  Comparison: < 8.0

Person: FNM2990, Date: 2026-09-17
  Login: 33015s, Break: 3385s, Meeting: 0s
  Actual Break: 3385s, Final Login: 29630s
  Work Hours: 8.2306hrs, Required: 8hrs, Status: P
  Comparison: >= 8.0 (P)

Person: FNM3157, Date: 2026-09-17
  Login: 32972s, Break: 3381s, Meeting: 0s
  Actual Break: 3381s, Final Login: 29591s
  Work Hours: 8.2197hrs, Required: 8hrs, Status: P
  Comparison: >= 8.0 (P)

Person: FNM3192, Date: 2026-09-17
  Login: 32847s, Break: 3346s, Meeting: 0s
  Actual Break: 3346s, Final Login: 29501s
  Work Hours: 8.1947hrs, Required: 8hrs, Status: P
  Comparison: >= 8.0 (P)

Person: FNM3520, Date: 2026-09-17
  Login: 33508s, Break: 3853s, Meeting: 0s
  Actual Break: 3853s, Final Login: 29655s
  Work Hours: 8.2375hrs, Required: 8hrs, Status: P
  Comparison: >= 8.0 (P)

Successfully synced 4 CSR-UPGRADE records.
  - Updated HD/A to P: 0 records
  - Skipped (already P): 23 records
PHP Warning:  PHP Startup: Unable to load dynamic library 'fileinfo.so' (tried: /usr/lib64/php7/extensions/fileinfo.so (/usr/lib64/php7/extensions/fileinfo.so: cannot open shared object file: No such file or directory), /usr/lib64/php7/extensions/fileinfo.so.so (/usr/lib64/php7/extensions/fileinfo.so.so: cannot open shared object file: No such file or directory)) in Unknown on line 0
PHP Warning:  Module 'pdo_pgsql' already loaded in Unknown on line 0
PHP Warning:  Module 'pgsql' already loaded in Unknown on line 0
PHP Warning:  Module 'Phar' already loaded in Unknown on line 0
>>> UPGRADE/DC/PLCC SYNC (SP) STARTED: 2026-09-17 00:00:00 to 2026-09-18 23:59:59 <<<
Processing 395 CSR users with UPGRADE process.
Fetching from Sampark via sp_agentwise_perform160... Found 30 rows.
Processing 27 records for CSR-UPGRADE users.

--- DEBUG INFO (First 5 records) ---
Person: FNM1726, Date: 2026-09-17
  Login: 19881s, Break: 3449s, Meeting: 0s
  Actual Break: 3449s, Final Login: 16432s
  Work Hours: 4.5644hrs, Required: 8hrs, Status: HD
  Comparison: < 8.0

Person: FNM2990, Date: 2026-09-17
  Login: 33015s, Break: 3385s, Meeting: 0s
  Actual Break: 3385s, Final Login: 29630s
  Work Hours: 8.2306hrs, Required: 8hrs, Status: P
  Comparison: >= 8.0 (P)

Person: FNM3157, Date: 2026-09-17
  Login: 32972s, Break: 3381s, Meeting: 0s
  Actual Break: 3381s, Final Login: 29591s
  Work Hours: 8.2197hrs, Required: 8hrs, Status: P
  Comparison: >= 8.0 (P)

Person: FNM3192, Date: 2026-09-17
  Login: 32847s, Break: 3346s, Meeting: 0s
  Actual Break: 3346s, Final Login: 29501s
  Work Hours: 8.1947hrs, Required: 8hrs, Status: P
  Comparison: >= 8.0 (P)

Person: FNM3520, Date: 2026-09-17
  Login: 33508s, Break: 3853s, Meeting: 0s
  Actual Break: 3853s, Final Login: 29655s
  Work Hours: 8.2375hrs, Required: 8hrs, Status: P
  Comparison: >= 8.0 (P)

Successfully synced 4 CSR-UPGRADE records.
  - Updated HD/A to P: 0 records
  - Skipped (already P): 23 records
PHP Warning:  PHP Startup: Unable to load dynamic library 'fileinfo.so' (tried: /usr/lib64/php7/extensions/fileinfo.so (/usr/lib64/php7/extensions/fileinfo.so: cannot open shared object file: No such file or directory), /usr/lib64/php7/extensions/fileinfo.so.so (/usr/lib64/php7/extensions/fileinfo.so.so: cannot open shared object file: No such file or directory)) in Unknown on line 0
PHP Warning:  Module 'pdo_pgsql' already loaded in Unknown on line 0
PHP Warning:  Module 'pgsql' already loaded in Unknown on line 0
PHP Warning:  Module 'Phar' already loaded in Unknown on line 0
>>> UPGRADE/DC/PLCC SYNC (SP) STARTED: 2026-09-17 00:00:00 to 2026-09-18 23:59:59 <<<
Processing 395 CSR users with UPGRADE process.
Fetching from Sampark via sp_agentwise_perform160... Found 30 rows.
Processing 27 records for CSR-UPGRADE users.

--- DEBUG INFO (First 5 records) ---
Person: FNM1726, Date: 2026-09-17
  Login: 19881s, Break: 3449s, Meeting: 0s
  Actual Break: 3449s, Final Login: 16432s
  Work Hours: 4.5644hrs, Required: 8hrs, Status: HD
  Comparison: < 8.0

Person: FNM2990, Date: 2026-09-17
  Login: 33015s, Break: 3385s, Meeting: 0s
  Actual Break: 3385s, Final Login: 29630s
  Work Hours: 8.2306hrs, Required: 8hrs, Status: P
  Comparison: >= 8.0 (P)

Person: FNM3157, Date: 2026-09-17
  Login: 32972s, Break: 3381s, Meeting: 0s
  Actual Break: 3381s, Final Login: 29591s
  Work Hours: 8.2197hrs, Required: 8hrs, Status: P
  Comparison: >= 8.0 (P)

Person: FNM3192, Date: 2026-09-17
  Login: 32847s, Break: 3346s, Meeting: 0s
  Actual Break: 3346s, Final Login: 29501s
  Work Hours: 8.1947hrs, Required: 8hrs, Status: P
  Comparison: >= 8.0 (P)

Person: FNM3520, Date: 2026-09-17
  Login: 33508s, Break: 3853s, Meeting: 0s
  Actual Break: 3853s, Final Login: 29655s
  Work Hours: 8.2375hrs, Required: 8hrs, Status: P
  Comparison: >= 8.0 (P)

Successfully synced 4 CSR-UPGRADE records.
  - Updated HD/A to P: 0 records
  - Skipped (already P): 23 records
PHP Warning:  PHP Startup: Unable to load dynamic library 'fileinfo.so' (tried: /usr/lib64/php7/extensions/fileinfo.so (/usr/lib64/php7/extensions/fileinfo.so: cannot open shared object file: No such file or directory), /usr/lib64/php7/extensions/fileinfo.so.so (/usr/lib64/php7/extensions/fileinfo.so.so: cannot open shared object file: No such file or directory)) in Unknown on line 0
PHP Warning:  Module 'pdo_pgsql' already loaded in Unknown on line 0
PHP Warning:  Module 'pgsql' already loaded in Unknown on line 0
PHP Warning:  Module 'Phar' already loaded in Unknown on line 0
>>> UPGRADE/DC/PLCC SYNC (SP) STARTED: 2026-09-17 00:00:00 to 2026-09-18 23:59:59 <<<
Processing 395 CSR users with UPGRADE process.
Fetching from Sampark via sp_agentwise_perform160... Found 30 rows.
Processing 27 records for CSR-UPGRADE users.

--- DEBUG INFO (First 5 records) ---
Person: FNM1726, Date: 2026-09-17
  Login: 19881s, Break: 3449s, Meeting: 0s
  Actual Break: 3449s, Final Login: 16432s
  Work Hours: 4.5644hrs, Required: 8hrs, Status: HD
  Comparison: < 8.0

Person: FNM2990, Date: 2026-09-17
  Login: 33015s, Break: 3385s, Meeting: 0s
  Actual Break: 3385s, Final Login: 29630s
  Work Hours: 8.2306hrs, Required: 8hrs, Status: P
  Comparison: >= 8.0 (P)

Person: FNM3157, Date: 2026-09-17
  Login: 32972s, Break: 3381s, Meeting: 0s
  Actual Break: 3381s, Final Login: 29591s
  Work Hours: 8.2197hrs, Required: 8hrs, Status: P
  Comparison: >= 8.0 (P)

Person: FNM3192, Date: 2026-09-17
  Login: 32847s, Break: 3346s, Meeting: 0s
  Actual Break: 3346s, Final Login: 29501s
  Work Hours: 8.1947hrs, Required: 8hrs, Status: P
  Comparison: >= 8.0 (P)

Person: FNM3520, Date: 2026-09-17
  Login: 33508s, Break: 3853s, Meeting: 0s
  Actual Break: 3853s, Final Login: 29655s
  Work Hours: 8.2375hrs, Required: 8hrs, Status: P
  Comparison: >= 8.0 (P)

Successfully synced 4 CSR-UPGRADE records.
  - Updated HD/A to P: 0 records
  - Skipped (already P): 23 records
PHP Warning:  PHP Startup: Unable to load dynamic library 'fileinfo.so' (tried: /usr/lib64/php7/extensions/fileinfo.so (/usr/lib64/php7/extensions/fileinfo.so: cannot open shared object file: No such file or directory), /usr/lib64/php7/extensions/fileinfo.so.so (/usr/lib64/php7/extensions/fileinfo.so.so: cannot open shared object file: No such file or directory)) in Unknown on line 0
PHP Warning:  Module 'pdo_pgsql' already loaded in Unknown on line 0
PHP Warning:  Module 'pgsql' already loaded in Unknown on line 0
PHP Warning:  Module 'Phar' already loaded in Unknown on line 0
>>> UPGRADE/DC/PLCC SYNC (SP) STARTED: 2026-09-17 00:00:00 to 2026-09-18 23:59:59 <<<
Processing 395 CSR users with UPGRADE process.
Fetching from Sampark via sp_agentwise_perform160... Found 30 rows.
Processing 27 records for CSR-UPGRADE users.

--- DEBUG INFO (First 5 records) ---
Person: FNM1726, Date: 2026-09-17
  Login: 19881s, Break: 3449s, Meeting: 0s
  Actual Break: 3449s, Final Login: 16432s
  Work Hours: 4.5644hrs, Required: 8hrs, Status: HD
  Comparison: < 8.0

Person: FNM2990, Date: 2026-09-17
  Login: 33015s, Break: 3385s, Meeting: 0s
  Actual Break: 3385s, Final Login: 29630s
  Work Hours: 8.2306hrs, Required: 8hrs, Status: P
  Comparison: >= 8.0 (P)

Person: FNM3157, Date: 2026-09-17
  Login: 32972s, Break: 3381s, Meeting: 0s
  Actual Break: 3381s, Final Login: 29591s
  Work Hours: 8.2197hrs, Required: 8hrs, Status: P
  Comparison: >= 8.0 (P)

Person: FNM3192, Date: 2026-09-17
  Login: 32847s, Break: 3346s, Meeting: 0s
  Actual Break: 3346s, Final Login: 29501s
  Work Hours: 8.1947hrs, Required: 8hrs, Status: P
  Comparison: >= 8.0 (P)

Person: FNM3520, Date: 2026-09-17
  Login: 33508s, Break: 3853s, Meeting: 0s
  Actual Break: 3853s, Final Login: 29655s
  Work Hours: 8.2375hrs, Required: 8hrs, Status: P
  Comparison: >= 8.0 (P)

Successfully synced 4 CSR-UPGRADE records.
  - Updated HD/A to P: 0 records
  - Skipped (already P): 23 records
PHP Warning:  PHP Startup: Unable to load dynamic library 'fileinfo.so' (tried: /usr/lib64/php7/extensions/fileinfo.so (/usr/lib64/php7/extensions/fileinfo.so: cannot open shared object file: No such file or directory), /usr/lib64/php7/extensions/fileinfo.so.so (/usr/lib64/php7/extensions/fileinfo.so.so: cannot open shared object file: No such file or directory)) in Unknown on line 0
PHP Warning:  Module 'pdo_pgsql' already loaded in Unknown on line 0
PHP Warning:  Module 'pgsql' already loaded in Unknown on line 0
PHP Warning:  Module 'Phar' already loaded in Unknown on line 0
>>> UPGRADE/DC/PLCC SYNC (SP) STARTED: 2026-09-17 00:00:00 to 2026-09-18 23:59:59 <<<
Processing 395 CSR users with UPGRADE process.
Fetching from Sampark via sp_agentwise_perform160... Found 32 rows.
Processing 28 records for CSR-UPGRADE users.

--- DEBUG INFO (First 5 records) ---
Person: FNM1726, Date: 2026-09-17
  Login: 19881s, Break: 3449s, Meeting: 0s
  Actual Break: 3449s, Final Login: 16432s
  Work Hours: 4.5644hrs, Required: 8hrs, Status: HD
  Comparison: < 8.0

Person: FNM2990, Date: 2026-09-17
  Login: 33015s, Break: 3385s, Meeting: 0s
  Actual Break: 3385s, Final Login: 29630s
  Work Hours: 8.2306hrs, Required: 8hrs, Status: P
  Comparison: >= 8.0 (P)

Person: FNM3157, Date: 2026-09-17
  Login: 32972s, Break: 3381s, Meeting: 0s
  Actual Break: 3381s, Final Login: 29591s
  Work Hours: 8.2197hrs, Required: 8hrs, Status: P
  Comparison: >= 8.0 (P)

Person: FNM3192, Date: 2026-09-17
  Login: 32847s, Break: 3346s, Meeting: 0s
  Actual Break: 3346s, Final Login: 29501s
  Work Hours: 8.1947hrs, Required: 8hrs, Status: P
  Comparison: >= 8.0 (P)

Person: FNM3520, Date: 2026-09-17
  Login: 33508s, Break: 3853s, Meeting: 0s
  Actual Break: 3853s, Final Login: 29655s
  Work Hours: 8.2375hrs, Required: 8hrs, Status: P
  Comparison: >= 8.0 (P)

Successfully synced 5 CSR-UPGRADE records.
  - Updated HD/A to P: 0 records
  - Skipped (already P): 23 records
PHP Warning:  PHP Startup: Unable to load dynamic library 'fileinfo.so' (tried: /usr/lib64/php7/extensions/fileinfo.so (/usr/lib64/php7/extensions/fileinfo.so: cannot open shared object file: No such file or directory), /usr/lib64/php7/extensions/fileinfo.so.so (/usr/lib64/php7/extensions/fileinfo.so.so: cannot open shared object file: No such file or directory)) in Unknown on line 0
PHP Warning:  Module 'pdo_pgsql' already loaded in Unknown on line 0
PHP Warning:  Module 'pgsql' already loaded in Unknown on line 0
PHP Warning:  Module 'Phar' already loaded in Unknown on line 0
>>> UPGRADE/DC/PLCC SYNC (SP) STARTED: 2026-09-17 00:00:00 to 2026-09-18 23:59:59 <<<
Processing 395 CSR users with UPGRADE process.
Fetching from Sampark via sp_agentwise_perform160... Found 37 rows.
Processing 31 records for CSR-UPGRADE users.

--- DEBUG INFO (First 5 records) ---
Person: FNM1726, Date: 2026-09-17
  Login: 19881s, Break: 3449s, Meeting: 0s
  Actual Break: 3449s, Final Login: 16432s
  Work Hours: 4.5644hrs, Required: 8hrs, Status: HD
  Comparison: < 8.0

Person: FNM2990, Date: 2026-09-17
  Login: 33015s, Break: 3385s, Meeting: 0s
  Actual Break: 3385s, Final Login: 29630s
  Work Hours: 8.2306hrs, Required: 8hrs, Status: P
  Comparison: >= 8.0 (P)

Person: FNM3157, Date: 2026-09-17
  Login: 32972s, Break: 3381s, Meeting: 0s
  Actual Break: 3381s, Final Login: 29591s
  Work Hours: 8.2197hrs, Required: 8hrs, Status: P
  Comparison: >= 8.0 (P)

Person: FNM3192, Date: 2026-09-17
  Login: 32847s, Break: 3346s, Meeting: 0s
  Actual Break: 3346s, Final Login: 29501s
  Work Hours: 8.1947hrs, Required: 8hrs, Status: P
  Comparison: >= 8.0 (P)

Person: FNM3520, Date: 2026-09-17
  Login: 33508s, Break: 3853s, Meeting: 0s
  Actual Break: 3853s, Final Login: 29655s
  Work Hours: 8.2375hrs, Required: 8hrs, Status: P
  Comparison: >= 8.0 (P)

Successfully synced 7 CSR-UPGRADE records.
  - Updated HD/A to P: 0 records
  - Skipped (already P): 23 records
PHP Warning:  PHP Startup: Unable to load dynamic library 'fileinfo.so' (tried: /usr/lib64/php7/extensions/fileinfo.so (/usr/lib64/php7/extensions/fileinfo.so: cannot open shared object file: No such file or directory), /usr/lib64/php7/extensions/fileinfo.so.so (/usr/lib64/php7/extensions/fileinfo.so.so: cannot open shared object file: No such file or directory)) in Unknown on line 0
PHP Warning:  Module 'pdo_pgsql' already loaded in Unknown on line 0
PHP Warning:  Module 'pgsql' already loaded in Unknown on line 0
PHP Warning:  Module 'Phar' already loaded in Unknown on line 0
>>> UPGRADE/DC/PLCC SYNC (SP) STARTED: 2026-09-17 00:00:00 to 2026-09-18 23:59:59 <<<
Processing 395 CSR users with UPGRADE process.
Fetching from Sampark via sp_agentwise_perform160... Found 58 rows.
Processing 49 records for CSR-UPGRADE users.

--- DEBUG INFO (First 5 records) ---
Person: FNM1726, Date: 2026-09-17
  Login: 19881s, Break: 3449s, Meeting: 0s
  Actual Break: 3449s, Final Login: 16432s
  Work Hours: 4.5644hrs, Required: 8hrs, Status: HD
  Comparison: < 8.0

Person: FNM2990, Date: 2026-09-17
  Login: 33015s, Break: 3385s, Meeting: 0s
  Actual Break: 3385s, Final Login: 29630s
  Work Hours: 8.2306hrs, Required: 8hrs, Status: P
  Comparison: >= 8.0 (P)

Person: FNM3157, Date: 2026-09-17
  Login: 32972s, Break: 3381s, Meeting: 0s
  Actual Break: 3381s, Final Login: 29591s
  Work Hours: 8.2197hrs, Required: 8hrs, Status: P
  Comparison: >= 8.0 (P)

Person: FNM3192, Date: 2026-09-17
  Login: 32847s, Break: 3346s, Meeting: 0s
  Actual Break: 3346s, Final Login: 29501s
  Work Hours: 8.1947hrs, Required: 8hrs, Status: P
  Comparison: >= 8.0 (P)

Person: FNM3520, Date: 2026-09-17
  Login: 33508s, Break: 3853s, Meeting: 0s
  Actual Break: 3853s, Final Login: 29655s
  Work Hours: 8.2375hrs, Required: 8hrs, Status: P
  Comparison: >= 8.0 (P)

Successfully synced 22 CSR-UPGRADE records.
  - Updated HD/A to P: 0 records
  - Skipped (already P): 23 records
PHP Warning:  PHP Startup: Unable to load dynamic library 'fileinfo.so' (tried: /usr/lib64/php7/extensions/fileinfo.so (/usr/lib64/php7/extensions/fileinfo.so: cannot open shared object file: No such file or directory), /usr/lib64/php7/extensions/fileinfo.so.so (/usr/lib64/php7/extensions/fileinfo.so.so: cannot open shared object file: No such file or directory)) in Unknown on line 0
PHP Warning:  Module 'pdo_pgsql' already loaded in Unknown on line 0
PHP Warning:  Module 'pgsql' already loaded in Unknown on line 0
PHP Warning:  Module 'Phar' already loaded in Unknown on line 0
>>> UPGRADE/DC/PLCC SYNC (SP) STARTED: 2026-09-17 00:00:00 to 2026-09-18 23:59:59 <<<
Processing 395 CSR users with UPGRADE process.
Fetching from Sampark via sp_agentwise_perform160... Found 59 rows.
Processing 50 records for CSR-UPGRADE users.

--- DEBUG INFO (First 5 records) ---
Person: FNM1726, Date: 2026-09-17
  Login: 19881s, Break: 3449s, Meeting: 0s
  Actual Break: 3449s, Final Login: 16432s
  Work Hours: 4.5644hrs, Required: 8hrs, Status: HD
  Comparison: < 8.0

Person: FNM2990, Date: 2026-09-17
  Login: 33015s, Break: 3385s, Meeting: 0s
  Actual Break: 3385s, Final Login: 29630s
  Work Hours: 8.2306hrs, Required: 8hrs, Status: P
  Comparison: >= 8.0 (P)

Person: FNM3157, Date: 2026-09-17
  Login: 32972s, Break: 3381s, Meeting: 0s
  Actual Break: 3381s, Final Login: 29591s
  Work Hours: 8.2197hrs, Required: 8hrs, Status: P
  Comparison: >= 8.0 (P)

Person: FNM3192, Date: 2026-09-17
  Login: 32847s, Break: 3346s, Meeting: 0s
  Actual Break: 3346s, Final Login: 29501s
  Work Hours: 8.1947hrs, Required: 8hrs, Status: P
  Comparison: >= 8.0 (P)

Person: FNM3520, Date: 2026-09-17
  Login: 33508s, Break: 3853s, Meeting: 0s
  Actual Break: 3853s, Final Login: 29655s
  Work Hours: 8.2375hrs, Required: 8hrs, Status: P
  Comparison: >= 8.0 (P)

Successfully synced 27 CSR-UPGRADE records.
  - Updated HD/A to P: 0 records
  - Skipped (already P): 23 records
PHP Warning:  PHP Startup: Unable to load dynamic library 'fileinfo.so' (tried: /usr/lib64/php7/extensions/fileinfo.so (/usr/lib64/php7/extensions/fileinfo.so: cannot open shared object file: No such file or directory), /usr/lib64/php7/extensions/fileinfo.so.so (/usr/lib64/php7/extensions/fileinfo.so.so: cannot open shared object file: No such file or directory)) in Unknown on line 0
PHP Warning:  Module 'pdo_pgsql' already loaded in Unknown on line 0
PHP Warning:  Module 'pgsql' already loaded in Unknown on line 0
PHP Warning:  Module 'Phar' already loaded in Unknown on line 0
>>> UPGRADE/DC/PLCC SYNC (SP) STARTED: 2026-09-17 00:00:00 to 2026-09-18 23:59:59 <<<
Processing 395 CSR users with UPGRADE process.
Fetching from Sampark via sp_agentwise_perform160... Found 60 rows.
Processing 50 records for CSR-UPGRADE users.

--- DEBUG INFO (First 5 records) ---
Person: FNM1726, Date: 2026-09-17
  Login: 19881s, Break: 3449s, Meeting: 0s
  Actual Break: 3449s, Final Login: 16432s
  Work Hours: 4.5644hrs, Required: 8hrs, Status: HD
  Comparison: < 8.0

Person: FNM2990, Date: 2026-09-17
  Login: 33015s, Break: 3385s, Meeting: 0s
  Actual Break: 3385s, Final Login: 29630s
  Work Hours: 8.2306hrs, Required: 8hrs, Status: P
  Comparison: >= 8.0 (P)

Person: FNM3157, Date: 2026-09-17
  Login: 32972s, Break: 3381s, Meeting: 0s
  Actual Break: 3381s, Final Login: 29591s
  Work Hours: 8.2197hrs, Required: 8hrs, Status: P
  Comparison: >= 8.0 (P)

Person: FNM3192, Date: 2026-09-17
  Login: 32847s, Break: 3346s, Meeting: 0s
  Actual Break: 3346s, Final Login: 29501s
  Work Hours: 8.1947hrs, Required: 8hrs, Status: P
  Comparison: >= 8.0 (P)

Person: FNM3520, Date: 2026-09-17
  Login: 33508s, Break: 3853s, Meeting: 0s
  Actual Break: 3853s, Final Login: 29655s
  Work Hours: 8.2375hrs, Required: 8hrs, Status: P
  Comparison: >= 8.0 (P)

Successfully synced 27 CSR-UPGRADE records.
  - Updated HD/A to P: 0 records
  - Skipped (already P): 23 records
PHP Warning:  PHP Startup: Unable to load dynamic library 'fileinfo.so' (tried: /usr/lib64/php7/extensions/fileinfo.so (/usr/lib64/php7/extensions/fileinfo.so: cannot open shared object file: No such file or directory), /usr/lib64/php7/extensions/fileinfo.so.so (/usr/lib64/php7/extensions/fileinfo.so.so: cannot open shared object file: No such file or directory)) in Unknown on line 0
PHP Warning:  Module 'pdo_pgsql' already loaded in Unknown on line 0
PHP Warning:  Module 'pgsql' already loaded in Unknown on line 0
PHP Warning:  Module 'Phar' already loaded in Unknown on line 0
>>> UPGRADE/DC/PLCC SYNC (SP) STARTED: 2026-09-17 00:00:00 to 2026-09-18 23:59:59 <<<
Processing 395 CSR users with UPGRADE process.
Fetching from Sampark via sp_agentwise_perform160... Found 60 rows.
Processing 50 records for CSR-UPGRADE users.

--- DEBUG INFO (First 5 records) ---
Person: FNM1726, Date: 2026-09-17
  Login: 19881s, Break: 3449s, Meeting: 0s
  Actual Break: 3449s, Final Login: 16432s
  Work Hours: 4.5644hrs, Required: 8hrs, Status: HD
  Comparison: < 8.0

Person: FNM2990, Date: 2026-09-17
  Login: 33015s, Break: 3385s, Meeting: 0s
  Actual Break: 3385s, Final Login: 29630s
  Work Hours: 8.2306hrs, Required: 8hrs, Status: P
  Comparison: >= 8.0 (P)

Person: FNM3157, Date: 2026-09-17
  Login: 32972s, Break: 3381s, Meeting: 0s
  Actual Break: 3381s, Final Login: 29591s
  Work Hours: 8.2197hrs, Required: 8hrs, Status: P
  Comparison: >= 8.0 (P)

Person: FNM3192, Date: 2026-09-17
  Login: 32847s, Break: 3346s, Meeting: 0s
  Actual Break: 3346s, Final Login: 29501s
  Work Hours: 8.1947hrs, Required: 8hrs, Status: P
  Comparison: >= 8.0 (P)

Person: FNM3520, Date: 2026-09-17
  Login: 33508s, Break: 3853s, Meeting: 0s
  Actual Break: 3853s, Final Login: 29655s
  Work Hours: 8.2375hrs, Required: 8hrs, Status: P
  Comparison: >= 8.0 (P)

Successfully synced 27 CSR-UPGRADE records.
  - Updated HD/A to P: 0 records
  - Skipped (already P): 23 records
PHP Warning:  PHP Startup: Unable to load dynamic library 'fileinfo.so' (tried: /usr/lib64/php7/extensions/fileinfo.so (/usr/lib64/php7/extensions/fileinfo.so: cannot open shared object file: No such file or directory), /usr/lib64/php7/extensions/fileinfo.so.so (/usr/lib64/php7/extensions/fileinfo.so.so: cannot open shared object file: No such file or directory)) in Unknown on line 0
PHP Warning:  Module 'pdo_pgsql' already loaded in Unknown on line 0
PHP Warning:  Module 'pgsql' already loaded in Unknown on line 0
PHP Warning:  Module 'Phar' already loaded in Unknown on line 0
>>> UPGRADE/DC/PLCC SYNC (SP) STARTED: 2026-09-17 00:00:00 to 2026-09-18 23:59:59 <<<
Processing 395 CSR users with UPGRADE process.
Fetching from Sampark via sp_agentwise_perform160... Found 60 rows.
Processing 50 records for CSR-UPGRADE users.

--- DEBUG INFO (First 5 records) ---
Person: FNM1726, Date: 2026-09-17
  Login: 19881s, Break: 3449s, Meeting: 0s
  Actual Break: 3449s, Final Login: 16432s
  Work Hours: 4.5644hrs, Required: 8hrs, Status: HD
  Comparison: < 8.0

Person: FNM2990, Date: 2026-09-17
  Login: 33015s, Break: 3385s, Meeting: 0s
  Actual Break: 3385s, Final Login: 29630s
  Work Hours: 8.2306hrs, Required: 8hrs, Status: P
  Comparison: >= 8.0 (P)

Person: FNM3157, Date: 2026-09-17
  Login: 32972s, Break: 3381s, Meeting: 0s
  Actual Break: 3381s, Final Login: 29591s
  Work Hours: 8.2197hrs, Required: 8hrs, Status: P
  Comparison: >= 8.0 (P)

Person: FNM3192, Date: 2026-09-17
  Login: 32847s, Break: 3346s, Meeting: 0s
  Actual Break: 3346s, Final Login: 29501s
  Work Hours: 8.1947hrs, Required: 8hrs, Status: P
  Comparison: >= 8.0 (P)

Person: FNM3520, Date: 2026-09-17
  Login: 33508s, Break: 3853s, Meeting: 0s
  Actual Break: 3853s, Final Login: 29655s
  Work Hours: 8.2375hrs, Required: 8hrs, Status: P
  Comparison: >= 8.0 (P)

Successfully synced 27 CSR-UPGRADE records.
  - Updated HD/A to P: 0 records
  - Skipped (already P): 23 records
PHP Warning:  PHP Startup: Unable to load dynamic library 'fileinfo.so' (tried: /usr/lib64/php7/extensions/fileinfo.so (/usr/lib64/php7/extensions/fileinfo.so: cannot open shared object file: No such file or directory), /usr/lib64/php7/extensions/fileinfo.so.so (/usr/lib64/php7/extensions/fileinfo.so.so: cannot open shared object file: No such file or directory)) in Unknown on line 0
PHP Warning:  Module 'pdo_pgsql' already loaded in Unknown on line 0
PHP Warning:  Module 'pgsql' already loaded in Unknown on line 0
PHP Warning:  Module 'Phar' already loaded in Unknown on line 0
>>> UPGRADE/DC/PLCC SYNC (SP) STARTED: 2026-09-17 00:00:00 to 2026-09-18 23:59:59 <<<
Processing 395 CSR users with UPGRADE process.
Fetching from Sampark via sp_agentwise_perform160... Found 60 rows.
Processing 50 records for CSR-UPGRADE users.

--- DEBUG INFO (First 5 records) ---
Person: FNM1726, Date: 2026-09-17
  Login: 19881s, Break: 3449s, Meeting: 0s
  Actual Break: 3449s, Final Login: 16432s
  Work Hours: 4.5644hrs, Required: 8hrs, Status: HD
  Comparison: < 8.0

Person: FNM2990, Date: 2026-09-17
  Login: 33015s, Break: 3385s, Meeting: 0s
  Actual Break: 3385s, Final Login: 29630s
  Work Hours: 8.2306hrs, Required: 8hrs, Status: P
  Comparison: >= 8.0 (P)

Person: FNM3157, Date: 2026-09-17
  Login: 32972s, Break: 3381s, Meeting: 0s
  Actual Break: 3381s, Final Login: 29591s
  Work Hours: 8.2197hrs, Required: 8hrs, Status: P
  Comparison: >= 8.0 (P)

Person: FNM3192, Date: 2026-09-17
  Login: 32847s, Break: 3346s, Meeting: 0s
  Actual Break: 3346s, Final Login: 29501s
  Work Hours: 8.1947hrs, Required: 8hrs, Status: P
  Comparison: >= 8.0 (P)

Person: FNM3520, Date: 2026-09-17
  Login: 33508s, Break: 3853s, Meeting: 0s
  Actual Break: 3853s, Final Login: 29655s
  Work Hours: 8.2375hrs, Required: 8hrs, Status: P
  Comparison: >= 8.0 (P)

Successfully synced 27 CSR-UPGRADE records.
  - Updated HD/A to P: 0 records
  - Skipped (already P): 23 records
PHP Warning:  PHP Startup: Unable to load dynamic library 'fileinfo.so' (tried: /usr/lib64/php7/extensions/fileinfo.so (/usr/lib64/php7/extensions/fileinfo.so: cannot open shared object file: No such file or directory), /usr/lib64/php7/extensions/fileinfo.so.so (/usr/lib64/php7/extensions/fileinfo.so.so: cannot open shared object file: No such file or directory)) in Unknown on line 0
PHP Warning:  Module 'pdo_pgsql' already loaded in Unknown on line 0
PHP Warning:  Module 'pgsql' already loaded in Unknown on line 0
PHP Warning:  Module 'Phar' already loaded in Unknown on line 0
>>> UPGRADE/DC/PLCC SYNC (SP) STARTED: 2026-09-17 00:00:00 to 2026-09-18 23:59:59 <<<
Processing 395 CSR users with UPGRADE process.
Fetching from Sampark via sp_agentwise_perform160... Found 60 rows.
Processing 50 records for CSR-UPGRADE users.

--- DEBUG INFO (First 5 records) ---
Person: FNM1726, Date: 2026-09-17
  Login: 19881s, Break: 3449s, Meeting: 0s
  Actual Break: 3449s, Final Login: 16432s
  Work Hours: 4.5644hrs, Required: 8hrs, Status: HD
  Comparison: < 8.0

Person: FNM2990, Date: 2026-09-17
  Login: 33015s, Break: 3385s, Meeting: 0s
  Actual Break: 3385s, Final Login: 29630s
  Work Hours: 8.2306hrs, Required: 8hrs, Status: P
  Comparison: >= 8.0 (P)

Person: FNM3157, Date: 2026-09-17
  Login: 32972s, Break: 3381s, Meeting: 0s
  Actual Break: 3381s, Final Login: 29591s
  Work Hours: 8.2197hrs, Required: 8hrs, Status: P
  Comparison: >= 8.0 (P)

Person: FNM3192, Date: 2026-09-17
  Login: 32847s, Break: 3346s, Meeting: 0s
  Actual Break: 3346s, Final Login: 29501s
  Work Hours: 8.1947hrs, Required: 8hrs, Status: P
  Comparison: >= 8.0 (P)

Person: FNM3520, Date: 2026-09-17
  Login: 33508s, Break: 3853s, Meeting: 0s
  Actual Break: 3853s, Final Login: 29655s
  Work Hours: 8.2375hrs, Required: 8hrs, Status: P
  Comparison: >= 8.0 (P)

Successfully synced 27 CSR-UPGRADE records.
  - Updated HD/A to P: 0 records
  - Skipped (already P): 23 records
PHP Warning:  PHP Startup: Unable to load dynamic library 'fileinfo.so' (tried: /usr/lib64/php7/extensions/fileinfo.so (/usr/lib64/php7/extensions/fileinfo.so: cannot open shared object file: No such file or directory), /usr/lib64/php7/extensions/fileinfo.so.so (/usr/lib64/php7/extensions/fileinfo.so.so: cannot open shared object file: No such file or directory)) in Unknown on line 0
PHP Warning:  Module 'pdo_pgsql' already loaded in Unknown on line 0
PHP Warning:  Module 'pgsql' already loaded in Unknown on line 0
PHP Warning:  Module 'Phar' already loaded in Unknown on line 0
>>> UPGRADE/DC/PLCC SYNC (SP) STARTED: 2026-09-17 00:00:00 to 2026-09-18 23:59:59 <<<
Processing 395 CSR users with UPGRADE process.
Fetching from Sampark via sp_agentwise_perform160... Found 60 rows.
Processing 50 records for CSR-UPGRADE users.

--- DEBUG INFO (First 5 records) ---
Person: FNM1726, Date: 2026-09-17
  Login: 19881s, Break: 3449s, Meeting: 0s
  Actual Break: 3449s, Final Login: 16432s
  Work Hours: 4.5644hrs, Required: 8hrs, Status: HD
  Comparison: < 8.0

Person: FNM2990, Date: 2026-09-17
  Login: 33015s, Break: 3385s, Meeting: 0s
  Actual Break: 3385s, Final Login: 29630s
  Work Hours: 8.2306hrs, Required: 8hrs, Status: P
  Comparison: >= 8.0 (P)

Person: FNM3157, Date: 2026-09-17
  Login: 32972s, Break: 3381s, Meeting: 0s
  Actual Break: 3381s, Final Login: 29591s
  Work Hours: 8.2197hrs, Required: 8hrs, Status: P
  Comparison: >= 8.0 (P)

Person: FNM3192, Date: 2026-09-17
  Login: 32847s, Break: 3346s, Meeting: 0s
  Actual Break: 3346s, Final Login: 29501s
  Work Hours: 8.1947hrs, Required: 8hrs, Status: P
  Comparison: >= 8.0 (P)

Person: FNM3520, Date: 2026-09-17
  Login: 33508s, Break: 3853s, Meeting: 0s
  Actual Break: 3853s, Final Login: 29655s
  Work Hours: 8.2375hrs, Required: 8hrs, Status: P
  Comparison: >= 8.0 (P)

Successfully synced 27 CSR-UPGRADE records.
  - Updated HD/A to P: 0 records
  - Skipped (already P): 23 records
PHP Warning:  PHP Startup: Unable to load dynamic library 'fileinfo.so' (tried: /usr/lib64/php7/extensions/fileinfo.so (/usr/lib64/php7/extensions/fileinfo.so: cannot open shared object file: No such file or directory), /usr/lib64/php7/extensions/fileinfo.so.so (/usr/lib64/php7/extensions/fileinfo.so.so: cannot open shared object file: No such file or directory)) in Unknown on line 0
PHP Warning:  Module 'pdo_pgsql' already loaded in Unknown on line 0
PHP Warning:  Module 'pgsql' already loaded in Unknown on line 0
PHP Warning:  Module 'Phar' already loaded in Unknown on line 0
>>> UPGRADE/DC/PLCC SYNC (SP) STARTED: 2026-09-17 00:00:00 to 2026-09-18 23:59:59 <<<
Processing 395 CSR users with UPGRADE process.
Fetching from Sampark via sp_agentwise_perform160... Found 60 rows.
Processing 50 records for CSR-UPGRADE users.

--- DEBUG INFO (First 5 records) ---
Person: FNM1726, Date: 2026-09-17
  Login: 19881s, Break: 3449s, Meeting: 0s
  Actual Break: 3449s, Final Login: 16432s
  Work Hours: 4.5644hrs, Required: 8hrs, Status: HD
  Comparison: < 8.0

Person: FNM2990, Date: 2026-09-17
  Login: 33015s, Break: 3385s, Meeting: 0s
  Actual Break: 3385s, Final Login: 29630s
  Work Hours: 8.2306hrs, Required: 8hrs, Status: P
  Comparison: >= 8.0 (P)

Person: FNM3157, Date: 2026-09-17
  Login: 32972s, Break: 3381s, Meeting: 0s
  Actual Break: 3381s, Final Login: 29591s
  Work Hours: 8.2197hrs, Required: 8hrs, Status: P
  Comparison: >= 8.0 (P)

Person: FNM3192, Date: 2026-09-17
  Login: 32847s, Break: 3346s, Meeting: 0s
  Actual Break: 3346s, Final Login: 29501s
  Work Hours: 8.1947hrs, Required: 8hrs, Status: P
  Comparison: >= 8.0 (P)

Person: FNM3520, Date: 2026-09-17
  Login: 33508s, Break: 3853s, Meeting: 0s
  Actual Break: 3853s, Final Login: 29655s
  Work Hours: 8.2375hrs, Required: 8hrs, Status: P
  Comparison: >= 8.0 (P)

Successfully synced 27 CSR-UPGRADE records.
  - Updated HD/A to P: 0 records
  - Skipped (already P): 23 records
PHP Warning:  PHP Startup: Unable to load dynamic library 'fileinfo.so' (tried: /usr/lib64/php7/extensions/fileinfo.so (/usr/lib64/php7/extensions/fileinfo.so: cannot open shared object file: No such file or directory), /usr/lib64/php7/extensions/fileinfo.so.so (/usr/lib64/php7/extensions/fileinfo.so.so: cannot open shared object file: No such file or directory)) in Unknown on line 0
PHP Warning:  Module 'pdo_pgsql' already loaded in Unknown on line 0
PHP Warning:  Module 'pgsql' already loaded in Unknown on line 0
PHP Warning:  Module 'Phar' already loaded in Unknown on line 0
>>> UPGRADE/DC/PLCC SYNC (SP) STARTED: 2026-09-17 00:00:00 to 2026-09-18 23:59:59 <<<
Processing 395 CSR users with UPGRADE process.
Fetching from Sampark via sp_agentwise_perform160... Found 61 rows.
Processing 50 records for CSR-UPGRADE users.

--- DEBUG INFO (First 5 records) ---
Person: FNM1726, Date: 2026-09-17
  Login: 19881s, Break: 3449s, Meeting: 0s
  Actual Break: 3449s, Final Login: 16432s
  Work Hours: 4.5644hrs, Required: 8hrs, Status: HD
  Comparison: < 8.0

Person: FNM2990, Date: 2026-09-17
  Login: 33015s, Break: 3385s, Meeting: 0s
  Actual Break: 3385s, Final Login: 29630s
  Work Hours: 8.2306hrs, Required: 8hrs, Status: P
  Comparison: >= 8.0 (P)

Person: FNM3157, Date: 2026-09-17
  Login: 32972s, Break: 3381s, Meeting: 0s
  Actual Break: 3381s, Final Login: 29591s
  Work Hours: 8.2197hrs, Required: 8hrs, Status: P
  Comparison: >= 8.0 (P)

Person: FNM3192, Date: 2026-09-17
  Login: 32847s, Break: 3346s, Meeting: 0s
  Actual Break: 3346s, Final Login: 29501s
  Work Hours: 8.1947hrs, Required: 8hrs, Status: P
  Comparison: >= 8.0 (P)

Person: FNM3520, Date: 2026-09-17
  Login: 33508s, Break: 3853s, Meeting: 0s
  Actual Break: 3853s, Final Login: 29655s
  Work Hours: 8.2375hrs, Required: 8hrs, Status: P
  Comparison: >= 8.0 (P)

Successfully synced 27 CSR-UPGRADE records.
  - Updated HD/A to P: 0 records
  - Skipped (already P): 23 records
PHP Warning:  PHP Startup: Unable to load dynamic library 'fileinfo.so' (tried: /usr/lib64/php7/extensions/fileinfo.so (/usr/lib64/php7/extensions/fileinfo.so: cannot open shared object file: No such file or directory), /usr/lib64/php7/extensions/fileinfo.so.so (/usr/lib64/php7/extensions/fileinfo.so.so: cannot open shared object file: No such file or directory)) in Unknown on line 0
PHP Warning:  Module 'pdo_pgsql' already loaded in Unknown on line 0
PHP Warning:  Module 'pgsql' already loaded in Unknown on line 0
PHP Warning:  Module 'Phar' already loaded in Unknown on line 0
>>> UPGRADE/DC/PLCC SYNC (SP) STARTED: 2026-09-17 00:00:00 to 2026-09-18 23:59:59 <<<
Processing 395 CSR users with UPGRADE process.
Fetching from Sampark via sp_agentwise_perform160... Found 61 rows.
Processing 50 records for CSR-UPGRADE users.

--- DEBUG INFO (First 5 records) ---
Person: FNM1726, Date: 2026-09-17
  Login: 19881s, Break: 3449s, Meeting: 0s
  Actual Break: 3449s, Final Login: 16432s
  Work Hours: 4.5644hrs, Required: 8hrs, Status: HD
  Comparison: < 8.0

Person: FNM2990, Date: 2026-09-17
  Login: 33015s, Break: 3385s, Meeting: 0s
  Actual Break: 3385s, Final Login: 29630s
  Work Hours: 8.2306hrs, Required: 8hrs, Status: P
  Comparison: >= 8.0 (P)

Person: FNM3157, Date: 2026-09-17
  Login: 32972s, Break: 3381s, Meeting: 0s
  Actual Break: 3381s, Final Login: 29591s
  Work Hours: 8.2197hrs, Required: 8hrs, Status: P
  Comparison: >= 8.0 (P)

Person: FNM3192, Date: 2026-09-17
  Login: 32847s, Break: 3346s, Meeting: 0s
  Actual Break: 3346s, Final Login: 29501s
  Work Hours: 8.1947hrs, Required: 8hrs, Status: P
  Comparison: >= 8.0 (P)

Person: FNM3520, Date: 2026-09-17
  Login: 33508s, Break: 3853s, Meeting: 0s
  Actual Break: 3853s, Final Login: 29655s
  Work Hours: 8.2375hrs, Required: 8hrs, Status: P
  Comparison: >= 8.0 (P)

Successfully synced 27 CSR-UPGRADE records.
  - Updated HD/A to P: 0 records
  - Skipped (already P): 23 records
PHP Warning:  PHP Startup: Unable to load dynamic library 'fileinfo.so' (tried: /usr/lib64/php7/extensions/fileinfo.so (/usr/lib64/php7/extensions/fileinfo.so: cannot open shared object file: No such file or directory), /usr/lib64/php7/extensions/fileinfo.so.so (/usr/lib64/php7/extensions/fileinfo.so.so: cannot open shared object file: No such file or directory)) in Unknown on line 0
PHP Warning:  Module 'pdo_pgsql' already loaded in Unknown on line 0
PHP Warning:  Module 'pgsql' already loaded in Unknown on line 0
PHP Warning:  Module 'Phar' already loaded in Unknown on line 0
>>> UPGRADE/DC/PLCC SYNC (SP) STARTED: 2026-09-17 00:00:00 to 2026-09-18 23:59:59 <<<
Processing 395 CSR users with UPGRADE process.
Fetching from Sampark via sp_agentwise_perform160... Found 61 rows.
Processing 50 records for CSR-UPGRADE users.

--- DEBUG INFO (First 5 records) ---
Person: FNM1726, Date: 2026-09-17
  Login: 19881s, Break: 3449s, Meeting: 0s
  Actual Break: 3449s, Final Login: 16432s
  Work Hours: 4.5644hrs, Required: 8hrs, Status: HD
  Comparison: < 8.0

Person: FNM2990, Date: 2026-09-17
  Login: 33015s, Break: 3385s, Meeting: 0s
  Actual Break: 3385s, Final Login: 29630s
  Work Hours: 8.2306hrs, Required: 8hrs, Status: P
  Comparison: >= 8.0 (P)

Person: FNM3157, Date: 2026-09-17
  Login: 32972s, Break: 3381s, Meeting: 0s
  Actual Break: 3381s, Final Login: 29591s
  Work Hours: 8.2197hrs, Required: 8hrs, Status: P
  Comparison: >= 8.0 (P)

Person: FNM3192, Date: 2026-09-17
  Login: 32847s, Break: 3346s, Meeting: 0s
  Actual Break: 3346s, Final Login: 29501s
  Work Hours: 8.1947hrs, Required: 8hrs, Status: P
  Comparison: >= 8.0 (P)

Person: FNM3520, Date: 2026-09-17
  Login: 33508s, Break: 3853s, Meeting: 0s
  Actual Break: 3853s, Final Login: 29655s
  Work Hours: 8.2375hrs, Required: 8hrs, Status: P
  Comparison: >= 8.0 (P)

Successfully synced 27 CSR-UPGRADE records.
  - Updated HD/A to P: 0 records
  - Skipped (already P): 23 records
PHP Warning:  PHP Startup: Unable to load dynamic library 'fileinfo.so' (tried: /usr/lib64/php7/extensions/fileinfo.so (/usr/lib64/php7/extensions/fileinfo.so: cannot open shared object file: No such file or directory), /usr/lib64/php7/extensions/fileinfo.so.so (/usr/lib64/php7/extensions/fileinfo.so.so: cannot open shared object file: No such file or directory)) in Unknown on line 0
PHP Warning:  Module 'pdo_pgsql' already loaded in Unknown on line 0
PHP Warning:  Module 'pgsql' already loaded in Unknown on line 0
PHP Warning:  Module 'Phar' already loaded in Unknown on line 0
>>> UPGRADE/DC/PLCC SYNC (SP) STARTED: 2026-09-17 00:00:00 to 2026-09-18 23:59:59 <<<
Processing 395 CSR users with UPGRADE process.
Fetching from Sampark via sp_agentwise_perform160... Found 61 rows.
Processing 50 records for CSR-UPGRADE users.

--- DEBUG INFO (First 5 records) ---
Person: FNM1726, Date: 2026-09-17
  Login: 19881s, Break: 3449s, Meeting: 0s
  Actual Break: 3449s, Final Login: 16432s
  Work Hours: 4.5644hrs, Required: 8hrs, Status: HD
  Comparison: < 8.0

Person: FNM2990, Date: 2026-09-17
  Login: 33015s, Break: 3385s, Meeting: 0s
  Actual Break: 3385s, Final Login: 29630s
  Work Hours: 8.2306hrs, Required: 8hrs, Status: P
  Comparison: >= 8.0 (P)

Person: FNM3157, Date: 2026-09-17
  Login: 32972s, Break: 3381s, Meeting: 0s
  Actual Break: 3381s, Final Login: 29591s
  Work Hours: 8.2197hrs, Required: 8hrs, Status: P
  Comparison: >= 8.0 (P)

Person: FNM3192, Date: 2026-09-17
  Login: 32847s, Break: 3346s, Meeting: 0s
  Actual Break: 3346s, Final Login: 29501s
  Work Hours: 8.1947hrs, Required: 8hrs, Status: P
  Comparison: >= 8.0 (P)

Person: FNM3520, Date: 2026-09-17
  Login: 33508s, Break: 3853s, Meeting: 0s
  Actual Break: 3853s, Final Login: 29655s
  Work Hours: 8.2375hrs, Required: 8hrs, Status: P
  Comparison: >= 8.0 (P)

Successfully synced 27 CSR-UPGRADE records.
  - Updated HD/A to P: 0 records
  - Skipped (already P): 23 records
PHP Warning:  PHP Startup: Unable to load dynamic library 'fileinfo.so' (tried: /usr/lib64/php7/extensions/fileinfo.so (/usr/lib64/php7/extensions/fileinfo.so: cannot open shared object file: No such file or directory), /usr/lib64/php7/extensions/fileinfo.so.so (/usr/lib64/php7/extensions/fileinfo.so.so: cannot open shared object file: No such file or directory)) in Unknown on line 0
PHP Warning:  Module 'pdo_pgsql' already loaded in Unknown on line 0
PHP Warning:  Module 'pgsql' already loaded in Unknown on line 0
PHP Warning:  Module 'Phar' already loaded in Unknown on line 0
>>> UPGRADE/DC/PLCC SYNC (SP) STARTED: 2026-09-17 00:00:00 to 2026-09-18 23:59:59 <<<
Processing 395 CSR users with UPGRADE process.
Fetching from Sampark via sp_agentwise_perform160... Found 61 rows.
Processing 50 records for CSR-UPGRADE users.

--- DEBUG INFO (First 5 records) ---
Person: FNM1726, Date: 2026-09-17
  Login: 19881s, Break: 3449s, Meeting: 0s
  Actual Break: 3449s, Final Login: 16432s
  Work Hours: 4.5644hrs, Required: 8hrs, Status: HD
  Comparison: < 8.0

Person: FNM2990, Date: 2026-09-17
  Login: 33015s, Break: 3385s, Meeting: 0s
  Actual Break: 3385s, Final Login: 29630s
  Work Hours: 8.2306hrs, Required: 8hrs, Status: P
  Comparison: >= 8.0 (P)

Person: FNM3157, Date: 2026-09-17
  Login: 32972s, Break: 3381s, Meeting: 0s
  Actual Break: 3381s, Final Login: 29591s
  Work Hours: 8.2197hrs, Required: 8hrs, Status: P
  Comparison: >= 8.0 (P)

Person: FNM3192, Date: 2026-09-17
  Login: 32847s, Break: 3346s, Meeting: 0s
  Actual Break: 3346s, Final Login: 29501s
  Work Hours: 8.1947hrs, Required: 8hrs, Status: P
  Comparison: >= 8.0 (P)

Person: FNM3520, Date: 2026-09-17
  Login: 33508s, Break: 3853s, Meeting: 0s
  Actual Break: 3853s, Final Login: 29655s
  Work Hours: 8.2375hrs, Required: 8hrs, Status: P
  Comparison: >= 8.0 (P)

Successfully synced 27 CSR-UPGRADE records.
  - Updated HD/A to P: 0 records
  - Skipped (already P): 23 records
PHP Warning:  PHP Startup: Unable to load dynamic library 'fileinfo.so' (tried: /usr/lib64/php7/extensions/fileinfo.so (/usr/lib64/php7/extensions/fileinfo.so: cannot open shared object file: No such file or directory), /usr/lib64/php7/extensions/fileinfo.so.so (/usr/lib64/php7/extensions/fileinfo.so.so: cannot open shared object file: No such file or directory)) in Unknown on line 0
PHP Warning:  Module 'pdo_pgsql' already loaded in Unknown on line 0
PHP Warning:  Module 'pgsql' already loaded in Unknown on line 0
PHP Warning:  Module 'Phar' already loaded in Unknown on line 0
>>> UPGRADE/DC/PLCC SYNC (SP) STARTED: 2026-09-17 00:00:00 to 2026-09-18 23:59:59 <<<
Processing 395 CSR users with UPGRADE process.
Fetching from Sampark via sp_agentwise_perform160... Found 61 rows.
Processing 50 records for CSR-UPGRADE users.

--- DEBUG INFO (First 5 records) ---
Person: FNM1726, Date: 2026-09-17
  Login: 19881s, Break: 3449s, Meeting: 0s
  Actual Break: 3449s, Final Login: 16432s
  Work Hours: 4.5644hrs, Required: 8hrs, Status: HD
  Comparison: < 8.0

Person: FNM2990, Date: 2026-09-17
  Login: 33015s, Break: 3385s, Meeting: 0s
  Actual Break: 3385s, Final Login: 29630s
  Work Hours: 8.2306hrs, Required: 8hrs, Status: P
  Comparison: >= 8.0 (P)

Person: FNM3157, Date: 2026-09-17
  Login: 32972s, Break: 3381s, Meeting: 0s
  Actual Break: 3381s, Final Login: 29591s
  Work Hours: 8.2197hrs, Required: 8hrs, Status: P
  Comparison: >= 8.0 (P)

Person: FNM3192, Date: 2026-09-17
  Login: 32847s, Break: 3346s, Meeting: 0s
  Actual Break: 3346s, Final Login: 29501s
  Work Hours: 8.1947hrs, Required: 8hrs, Status: P
  Comparison: >= 8.0 (P)

Person: FNM3520, Date: 2026-09-17
  Login: 33508s, Break: 3853s, Meeting: 0s
  Actual Break: 3853s, Final Login: 29655s
  Work Hours: 8.2375hrs, Required: 8hrs, Status: P
  Comparison: >= 8.0 (P)

Successfully synced 27 CSR-UPGRADE records.
  - Updated HD/A to P: 0 records
  - Skipped (already P): 23 records
PHP Warning:  PHP Startup: Unable to load dynamic library 'fileinfo.so' (tried: /usr/lib64/php7/extensions/fileinfo.so (/usr/lib64/php7/extensions/fileinfo.so: cannot open shared object file: No such file or directory), /usr/lib64/php7/extensions/fileinfo.so.so (/usr/lib64/php7/extensions/fileinfo.so.so: cannot open shared object file: No such file or directory)) in Unknown on line 0
PHP Warning:  Module 'pdo_pgsql' already loaded in Unknown on line 0
PHP Warning:  Module 'pgsql' already loaded in Unknown on line 0
PHP Warning:  Module 'Phar' already loaded in Unknown on line 0
>>> UPGRADE/DC/PLCC SYNC (SP) STARTED: 2026-09-17 00:00:00 to 2026-09-18 23:59:59 <<<
Processing 395 CSR users with UPGRADE process.
Fetching from Sampark via sp_agentwise_perform160... Found 61 rows.
Processing 50 records for CSR-UPGRADE users.

--- DEBUG INFO (First 5 records) ---
Person: FNM1726, Date: 2026-09-17
  Login: 19881s, Break: 3449s, Meeting: 0s
  Actual Break: 3449s, Final Login: 16432s
  Work Hours: 4.5644hrs, Required: 8hrs, Status: HD
  Comparison: < 8.0

Person: FNM2990, Date: 2026-09-17
  Login: 33015s, Break: 3385s, Meeting: 0s
  Actual Break: 3385s, Final Login: 29630s
  Work Hours: 8.2306hrs, Required: 8hrs, Status: P
  Comparison: >= 8.0 (P)

Person: FNM3157, Date: 2026-09-17
  Login: 32972s, Break: 3381s, Meeting: 0s
  Actual Break: 3381s, Final Login: 29591s
  Work Hours: 8.2197hrs, Required: 8hrs, Status: P
  Comparison: >= 8.0 (P)

Person: FNM3192, Date: 2026-09-17
  Login: 32847s, Break: 3346s, Meeting: 0s
  Actual Break: 3346s, Final Login: 29501s
  Work Hours: 8.1947hrs, Required: 8hrs, Status: P
  Comparison: >= 8.0 (P)

Person: FNM3520, Date: 2026-09-17
  Login: 33508s, Break: 3853s, Meeting: 0s
  Actual Break: 3853s, Final Login: 29655s
  Work Hours: 8.2375hrs, Required: 8hrs, Status: P
  Comparison: >= 8.0 (P)

Successfully synced 27 CSR-UPGRADE records.
  - Updated HD/A to P: 1 records
  - Skipped (already P): 23 records
PHP Warning:  PHP Startup: Unable to load dynamic library 'fileinfo.so' (tried: /usr/lib64/php7/extensions/fileinfo.so (/usr/lib64/php7/extensions/fileinfo.so: cannot open shared object file: No such file or directory), /usr/lib64/php7/extensions/fileinfo.so.so (/usr/lib64/php7/extensions/fileinfo.so.so: cannot open shared object file: No such file or directory)) in Unknown on line 0
PHP Warning:  Module 'pdo_pgsql' already loaded in Unknown on line 0
PHP Warning:  Module 'pgsql' already loaded in Unknown on line 0
PHP Warning:  Module 'Phar' already loaded in Unknown on line 0
>>> UPGRADE/DC/PLCC SYNC (SP) STARTED: 2026-09-17 00:00:00 to 2026-09-18 23:59:59 <<<
Processing 395 CSR users with UPGRADE process.
Fetching from Sampark via sp_agentwise_perform160... Found 61 rows.
Processing 50 records for CSR-UPGRADE users.

--- DEBUG INFO (First 5 records) ---
Person: FNM1726, Date: 2026-09-17
  Login: 19881s, Break: 3449s, Meeting: 0s
  Actual Break: 3449s, Final Login: 16432s
  Work Hours: 4.5644hrs, Required: 8hrs, Status: HD
  Comparison: < 8.0

Person: FNM2990, Date: 2026-09-17
  Login: 33015s, Break: 3385s, Meeting: 0s
  Actual Break: 3385s, Final Login: 29630s
  Work Hours: 8.2306hrs, Required: 8hrs, Status: P
  Comparison: >= 8.0 (P)

Person: FNM3157, Date: 2026-09-17
  Login: 32972s, Break: 3381s, Meeting: 0s
  Actual Break: 3381s, Final Login: 29591s
  Work Hours: 8.2197hrs, Required: 8hrs, Status: P
  Comparison: >= 8.0 (P)

Person: FNM3192, Date: 2026-09-17
  Login: 32847s, Break: 3346s, Meeting: 0s
  Actual Break: 3346s, Final Login: 29501s
  Work Hours: 8.1947hrs, Required: 8hrs, Status: P
  Comparison: >= 8.0 (P)

Person: FNM3520, Date: 2026-09-17
  Login: 33508s, Break: 3853s, Meeting: 0s
  Actual Break: 3853s, Final Login: 29655s
  Work Hours: 8.2375hrs, Required: 8hrs, Status: P
  Comparison: >= 8.0 (P)

Successfully synced 26 CSR-UPGRADE records.
  - Updated HD/A to P: 0 records
  - Skipped (already P): 23 records
PHP Warning:  PHP Startup: Unable to load dynamic library 'fileinfo.so' (tried: /usr/lib64/php7/extensions/fileinfo.so (/usr/lib64/php7/extensions/fileinfo.so: cannot open shared object file: No such file or directory), /usr/lib64/php7/extensions/fileinfo.so.so (/usr/lib64/php7/extensions/fileinfo.so.so: cannot open shared object file: No such file or directory)) in Unknown on line 0
PHP Warning:  Module 'pdo_pgsql' already loaded in Unknown on line 0
PHP Warning:  Module 'pgsql' already loaded in Unknown on line 0
PHP Warning:  Module 'Phar' already loaded in Unknown on line 0
>>> UPGRADE/DC/PLCC SYNC (SP) STARTED: 2026-09-17 00:00:00 to 2026-09-18 23:59:59 <<<
Processing 395 CSR users with UPGRADE process.
Fetching from Sampark via sp_agentwise_perform160... Found 62 rows.
Processing 50 records for CSR-UPGRADE users.

--- DEBUG INFO (First 5 records) ---
Person: FNM1726, Date: 2026-09-17
  Login: 19881s, Break: 3449s, Meeting: 0s
  Actual Break: 3449s, Final Login: 16432s
  Work Hours: 4.5644hrs, Required: 8hrs, Status: HD
  Comparison: < 8.0

Person: FNM2990, Date: 2026-09-17
  Login: 33015s, Break: 3385s, Meeting: 0s
  Actual Break: 3385s, Final Login: 29630s
  Work Hours: 8.2306hrs, Required: 8hrs, Status: P
  Comparison: >= 8.0 (P)

Person: FNM3157, Date: 2026-09-17
  Login: 32972s, Break: 3381s, Meeting: 0s
  Actual Break: 3381s, Final Login: 29591s
  Work Hours: 8.2197hrs, Required: 8hrs, Status: P
  Comparison: >= 8.0 (P)

Person: FNM3192, Date: 2026-09-17
  Login: 32847s, Break: 3346s, Meeting: 0s
  Actual Break: 3346s, Final Login: 29501s
  Work Hours: 8.1947hrs, Required: 8hrs, Status: P
  Comparison: >= 8.0 (P)

Person: FNM3520, Date: 2026-09-17
  Login: 33508s, Break: 3853s, Meeting: 0s
  Actual Break: 3853s, Final Login: 29655s
  Work Hours: 8.2375hrs, Required: 8hrs, Status: P
  Comparison: >= 8.0 (P)

Successfully synced 26 CSR-UPGRADE records.
  - Updated HD/A to P: 7 records
  - Skipped (already P): 23 records
PHP Warning:  PHP Startup: Unable to load dynamic library 'fileinfo.so' (tried: /usr/lib64/php7/extensions/fileinfo.so (/usr/lib64/php7/extensions/fileinfo.so: cannot open shared object file: No such file or directory), /usr/lib64/php7/extensions/fileinfo.so.so (/usr/lib64/php7/extensions/fileinfo.so.so: cannot open shared object file: No such file or directory)) in Unknown on line 0
PHP Warning:  Module 'pdo_pgsql' already loaded in Unknown on line 0
PHP Warning:  Module 'pgsql' already loaded in Unknown on line 0
PHP Warning:  Module 'Phar' already loaded in Unknown on line 0
>>> UPGRADE/DC/PLCC SYNC (SP) STARTED: 2026-09-17 00:00:00 to 2026-09-18 23:59:59 <<<
Processing 395 CSR users with UPGRADE process.
Fetching from Sampark via sp_agentwise_perform160... Found 62 rows.
Processing 50 records for CSR-UPGRADE users.

--- DEBUG INFO (First 5 records) ---
Person: FNM1726, Date: 2026-09-17
  Login: 19881s, Break: 3449s, Meeting: 0s
  Actual Break: 3449s, Final Login: 16432s
  Work Hours: 4.5644hrs, Required: 8hrs, Status: HD
  Comparison: < 8.0

Person: FNM2990, Date: 2026-09-17
  Login: 33015s, Break: 3385s, Meeting: 0s
  Actual Break: 3385s, Final Login: 29630s
  Work Hours: 8.2306hrs, Required: 8hrs, Status: P
  Comparison: >= 8.0 (P)

Person: FNM3157, Date: 2026-09-17
  Login: 32972s, Break: 3381s, Meeting: 0s
  Actual Break: 3381s, Final Login: 29591s
  Work Hours: 8.2197hrs, Required: 8hrs, Status: P
  Comparison: >= 8.0 (P)

Person: FNM3192, Date: 2026-09-17
  Login: 32847s, Break: 3346s, Meeting: 0s
  Actual Break: 3346s, Final Login: 29501s
  Work Hours: 8.1947hrs, Required: 8hrs, Status: P
  Comparison: >= 8.0 (P)

Person: FNM3520, Date: 2026-09-17
  Login: 33508s, Break: 3853s, Meeting: 0s
  Actual Break: 3853s, Final Login: 29655s
  Work Hours: 8.2375hrs, Required: 8hrs, Status: P
  Comparison: >= 8.0 (P)

Successfully synced 19 CSR-UPGRADE records.
  - Updated HD/A to P: 7 records
  - Skipped (already P): 30 records
PHP Warning:  PHP Startup: Unable to load dynamic library 'fileinfo.so' (tried: /usr/lib64/php7/extensions/fileinfo.so (/usr/lib64/php7/extensions/fileinfo.so: cannot open shared object file: No such file or directory), /usr/lib64/php7/extensions/fileinfo.so.so (/usr/lib64/php7/extensions/fileinfo.so.so: cannot open shared object file: No such file or directory)) in Unknown on line 0
PHP Warning:  Module 'pdo_pgsql' already loaded in Unknown on line 0
PHP Warning:  Module 'pgsql' already loaded in Unknown on line 0
PHP Warning:  Module 'Phar' already loaded in Unknown on line 0
>>> UPGRADE/DC/PLCC SYNC (SP) STARTED: 2026-09-17 00:00:00 to 2026-09-18 23:59:59 <<<
Processing 395 CSR users with UPGRADE process.
Fetching from Sampark via sp_agentwise_perform160... Found 62 rows.
Processing 50 records for CSR-UPGRADE users.

--- DEBUG INFO (First 5 records) ---
Person: FNM1726, Date: 2026-09-17
  Login: 19881s, Break: 3449s, Meeting: 0s
  Actual Break: 3449s, Final Login: 16432s
  Work Hours: 4.5644hrs, Required: 8hrs, Status: HD
  Comparison: < 8.0

Person: FNM2990, Date: 2026-09-17
  Login: 33015s, Break: 3385s, Meeting: 0s
  Actual Break: 3385s, Final Login: 29630s
  Work Hours: 8.2306hrs, Required: 8hrs, Status: P
  Comparison: >= 8.0 (P)

Person: FNM3157, Date: 2026-09-17
  Login: 32972s, Break: 3381s, Meeting: 0s
  Actual Break: 3381s, Final Login: 29591s
  Work Hours: 8.2197hrs, Required: 8hrs, Status: P
  Comparison: >= 8.0 (P)

Person: FNM3192, Date: 2026-09-17
  Login: 32847s, Break: 3346s, Meeting: 0s
  Actual Break: 3346s, Final Login: 29501s
  Work Hours: 8.1947hrs, Required: 8hrs, Status: P
  Comparison: >= 8.0 (P)

Person: FNM3520, Date: 2026-09-17
  Login: 33508s, Break: 3853s, Meeting: 0s
  Actual Break: 3853s, Final Login: 29655s
  Work Hours: 8.2375hrs, Required: 8hrs, Status: P
  Comparison: >= 8.0 (P)

Successfully synced 12 CSR-UPGRADE records.
  - Updated HD/A to P: 0 records
  - Skipped (already P): 37 records
PHP Warning:  PHP Startup: Unable to load dynamic library 'fileinfo.so' (tried: /usr/lib64/php7/extensions/fileinfo.so (/usr/lib64/php7/extensions/fileinfo.so: cannot open shared object file: No such file or directory), /usr/lib64/php7/extensions/fileinfo.so.so (/usr/lib64/php7/extensions/fileinfo.so.so: cannot open shared object file: No such file or directory)) in Unknown on line 0
PHP Warning:  Module 'pdo_pgsql' already loaded in Unknown on line 0
PHP Warning:  Module 'pgsql' already loaded in Unknown on line 0
PHP Warning:  Module 'Phar' already loaded in Unknown on line 0
>>> UPGRADE/DC/PLCC SYNC (SP) STARTED: 2026-09-17 00:00:00 to 2026-09-18 23:59:59 <<<
Processing 395 CSR users with UPGRADE process.
Fetching from Sampark via sp_agentwise_perform160... Found 62 rows.
Processing 50 records for CSR-UPGRADE users.

--- DEBUG INFO (First 5 records) ---
Person: FNM1726, Date: 2026-09-17
  Login: 19881s, Break: 3449s, Meeting: 0s
  Actual Break: 3449s, Final Login: 16432s
  Work Hours: 4.5644hrs, Required: 8hrs, Status: HD
  Comparison: < 8.0

Person: FNM2990, Date: 2026-09-17
  Login: 33015s, Break: 3385s, Meeting: 0s
  Actual Break: 3385s, Final Login: 29630s
  Work Hours: 8.2306hrs, Required: 8hrs, Status: P
  Comparison: >= 8.0 (P)

Person: FNM3157, Date: 2026-09-17
  Login: 32972s, Break: 3381s, Meeting: 0s
  Actual Break: 3381s, Final Login: 29591s
  Work Hours: 8.2197hrs, Required: 8hrs, Status: P
  Comparison: >= 8.0 (P)

Person: FNM3192, Date: 2026-09-17
  Login: 32847s, Break: 3346s, Meeting: 0s
  Actual Break: 3346s, Final Login: 29501s
  Work Hours: 8.1947hrs, Required: 8hrs, Status: P
  Comparison: >= 8.0 (P)

Person: FNM3520, Date: 2026-09-17
  Login: 33508s, Break: 3853s, Meeting: 0s
  Actual Break: 3853s, Final Login: 29655s
  Work Hours: 8.2375hrs, Required: 8hrs, Status: P
  Comparison: >= 8.0 (P)

Successfully synced 12 CSR-UPGRADE records.
  - Updated HD/A to P: 0 records
  - Skipped (already P): 37 records
PHP Warning:  PHP Startup: Unable to load dynamic library 'fileinfo.so' (tried: /usr/lib64/php7/extensions/fileinfo.so (/usr/lib64/php7/extensions/fileinfo.so: cannot open shared object file: No such file or directory), /usr/lib64/php7/extensions/fileinfo.so.so (/usr/lib64/php7/extensions/fileinfo.so.so: cannot open shared object file: No such file or directory)) in Unknown on line 0
PHP Warning:  Module 'pdo_pgsql' already loaded in Unknown on line 0
PHP Warning:  Module 'pgsql' already loaded in Unknown on line 0
PHP Warning:  Module 'Phar' already loaded in Unknown on line 0
>>> UPGRADE/DC/PLCC SYNC (SP) STARTED: 2026-09-17 00:00:00 to 2026-09-18 23:59:59 <<<
Processing 395 CSR users with UPGRADE process.
Fetching from Sampark via sp_agentwise_perform160... Found 62 rows.
Processing 50 records for CSR-UPGRADE users.

--- DEBUG INFO (First 5 records) ---
Person: FNM1726, Date: 2026-09-17
  Login: 19881s, Break: 3449s, Meeting: 0s
  Actual Break: 3449s, Final Login: 16432s
  Work Hours: 4.5644hrs, Required: 8hrs, Status: HD
  Comparison: < 8.0

Person: FNM2990, Date: 2026-09-17
  Login: 33015s, Break: 3385s, Meeting: 0s
  Actual Break: 3385s, Final Login: 29630s
  Work Hours: 8.2306hrs, Required: 8hrs, Status: P
  Comparison: >= 8.0 (P)

Person: FNM3157, Date: 2026-09-17
  Login: 32972s, Break: 3381s, Meeting: 0s
  Actual Break: 3381s, Final Login: 29591s
  Work Hours: 8.2197hrs, Required: 8hrs, Status: P
  Comparison: >= 8.0 (P)

Person: FNM3192, Date: 2026-09-17
  Login: 32847s, Break: 3346s, Meeting: 0s
  Actual Break: 3346s, Final Login: 29501s
  Work Hours: 8.1947hrs, Required: 8hrs, Status: P
  Comparison: >= 8.0 (P)

Person: FNM3520, Date: 2026-09-17
  Login: 33508s, Break: 3853s, Meeting: 0s
  Actual Break: 3853s, Final Login: 29655s
  Work Hours: 8.2375hrs, Required: 8hrs, Status: P
  Comparison: >= 8.0 (P)

Successfully synced 12 CSR-UPGRADE records.
  - Updated HD/A to P: 0 records
  - Skipped (already P): 37 records
PHP Warning:  PHP Startup: Unable to load dynamic library 'fileinfo.so' (tried: /usr/lib64/php7/extensions/fileinfo.so (/usr/lib64/php7/extensions/fileinfo.so: cannot open shared object file: No such file or directory), /usr/lib64/php7/extensions/fileinfo.so.so (/usr/lib64/php7/extensions/fileinfo.so.so: cannot open shared object file: No such file or directory)) in Unknown on line 0
PHP Warning:  Module 'pdo_pgsql' already loaded in Unknown on line 0
PHP Warning:  Module 'pgsql' already loaded in Unknown on line 0
PHP Warning:  Module 'Phar' already loaded in Unknown on line 0
>>> UPGRADE/DC/PLCC SYNC (SP) STARTED: 2026-09-17 00:00:00 to 2026-09-18 23:59:59 <<<
Processing 395 CSR users with UPGRADE process.
Fetching from Sampark via sp_agentwise_perform160... Found 62 rows.
Processing 50 records for CSR-UPGRADE users.

--- DEBUG INFO (First 5 records) ---
Person: FNM1726, Date: 2026-09-17
  Login: 19881s, Break: 3449s, Meeting: 0s
  Actual Break: 3449s, Final Login: 16432s
  Work Hours: 4.5644hrs, Required: 8hrs, Status: HD
  Comparison: < 8.0

Person: FNM2990, Date: 2026-09-17
  Login: 33015s, Break: 3385s, Meeting: 0s
  Actual Break: 3385s, Final Login: 29630s
  Work Hours: 8.2306hrs, Required: 8hrs, Status: P
  Comparison: >= 8.0 (P)

Person: FNM3157, Date: 2026-09-17
  Login: 32972s, Break: 3381s, Meeting: 0s
  Actual Break: 3381s, Final Login: 29591s
  Work Hours: 8.2197hrs, Required: 8hrs, Status: P
  Comparison: >= 8.0 (P)

Person: FNM3192, Date: 2026-09-17
  Login: 32847s, Break: 3346s, Meeting: 0s
  Actual Break: 3346s, Final Login: 29501s
  Work Hours: 8.1947hrs, Required: 8hrs, Status: P
  Comparison: >= 8.0 (P)

Person: FNM3520, Date: 2026-09-17
  Login: 33508s, Break: 3853s, Meeting: 0s
  Actual Break: 3853s, Final Login: 29655s
  Work Hours: 8.2375hrs, Required: 8hrs, Status: P
  Comparison: >= 8.0 (P)

Successfully synced 12 CSR-UPGRADE records.
  - Updated HD/A to P: 0 records
  - Skipped (already P): 37 records
PHP Warning:  PHP Startup: Unable to load dynamic library 'fileinfo.so' (tried: /usr/lib64/php7/extensions/fileinfo.so (/usr/lib64/php7/extensions/fileinfo.so: cannot open shared object file: No such file or directory), /usr/lib64/php7/extensions/fileinfo.so.so (/usr/lib64/php7/extensions/fileinfo.so.so: cannot open shared object file: No such file or directory)) in Unknown on line 0
PHP Warning:  Module 'pdo_pgsql' already loaded in Unknown on line 0
PHP Warning:  Module 'pgsql' already loaded in Unknown on line 0
PHP Warning:  Module 'Phar' already loaded in Unknown on line 0
>>> UPGRADE/DC/PLCC SYNC (SP) STARTED: 2026-09-17 00:00:00 to 2026-09-18 23:59:59 <<<
Processing 395 CSR users with UPGRADE process.
Fetching from Sampark via sp_agentwise_perform160... Found 62 rows.
Processing 50 records for CSR-UPGRADE users.

--- DEBUG INFO (First 5 records) ---
Person: FNM1726, Date: 2026-09-17
  Login: 19881s, Break: 3449s, Meeting: 0s
  Actual Break: 3449s, Final Login: 16432s
  Work Hours: 4.5644hrs, Required: 8hrs, Status: HD
  Comparison: < 8.0

Person: FNM2990, Date: 2026-09-17
  Login: 33015s, Break: 3385s, Meeting: 0s
  Actual Break: 3385s, Final Login: 29630s
  Work Hours: 8.2306hrs, Required: 8hrs, Status: P
  Comparison: >= 8.0 (P)

Person: FNM3157, Date: 2026-09-17
  Login: 32972s, Break: 3381s, Meeting: 0s
  Actual Break: 3381s, Final Login: 29591s
  Work Hours: 8.2197hrs, Required: 8hrs, Status: P
  Comparison: >= 8.0 (P)

Person: FNM3192, Date: 2026-09-17
  Login: 32847s, Break: 3346s, Meeting: 0s
  Actual Break: 3346s, Final Login: 29501s
  Work Hours: 8.1947hrs, Required: 8hrs, Status: P
  Comparison: >= 8.0 (P)

Person: FNM3520, Date: 2026-09-17
  Login: 33508s, Break: 3853s, Meeting: 0s
  Actual Break: 3853s, Final Login: 29655s
  Work Hours: 8.2375hrs, Required: 8hrs, Status: P
  Comparison: >= 8.0 (P)

Successfully synced 12 CSR-UPGRADE records.
  - Updated HD/A to P: 0 records
  - Skipped (already P): 37 records
PHP Warning:  PHP Startup: Unable to load dynamic library 'fileinfo.so' (tried: /usr/lib64/php7/extensions/fileinfo.so (/usr/lib64/php7/extensions/fileinfo.so: cannot open shared object file: No such file or directory), /usr/lib64/php7/extensions/fileinfo.so.so (/usr/lib64/php7/extensions/fileinfo.so.so: cannot open shared object file: No such file or directory)) in Unknown on line 0
PHP Warning:  Module 'pdo_pgsql' already loaded in Unknown on line 0
PHP Warning:  Module 'pgsql' already loaded in Unknown on line 0
PHP Warning:  Module 'Phar' already loaded in Unknown on line 0
>>> UPGRADE/DC/PLCC SYNC (SP) STARTED: 2026-09-17 00:00:00 to 2026-09-18 23:59:59 <<<
Processing 395 CSR users with UPGRADE process.
Fetching from Sampark via sp_agentwise_perform160... Found 62 rows.
Processing 50 records for CSR-UPGRADE users.

--- DEBUG INFO (First 5 records) ---
Person: FNM1726, Date: 2026-09-17
  Login: 19881s, Break: 3449s, Meeting: 0s
  Actual Break: 3449s, Final Login: 16432s
  Work Hours: 4.5644hrs, Required: 8hrs, Status: HD
  Comparison: < 8.0

Person: FNM2990, Date: 2026-09-17
  Login: 33015s, Break: 3385s, Meeting: 0s
  Actual Break: 3385s, Final Login: 29630s
  Work Hours: 8.2306hrs, Required: 8hrs, Status: P
  Comparison: >= 8.0 (P)

Person: FNM3157, Date: 2026-09-17
  Login: 32972s, Break: 3381s, Meeting: 0s
  Actual Break: 3381s, Final Login: 29591s
  Work Hours: 8.2197hrs, Required: 8hrs, Status: P
  Comparison: >= 8.0 (P)

Person: FNM3192, Date: 2026-09-17
  Login: 32847s, Break: 3346s, Meeting: 0s
  Actual Break: 3346s, Final Login: 29501s
  Work Hours: 8.1947hrs, Required: 8hrs, Status: P
  Comparison: >= 8.0 (P)

Person: FNM3520, Date: 2026-09-17
  Login: 33508s, Break: 3853s, Meeting: 0s
  Actual Break: 3853s, Final Login: 29655s
  Work Hours: 8.2375hrs, Required: 8hrs, Status: P
  Comparison: >= 8.0 (P)

Successfully synced 12 CSR-UPGRADE records.
  - Updated HD/A to P: 0 records
  - Skipped (already P): 37 records
PHP Warning:  PHP Startup: Unable to load dynamic library 'fileinfo.so' (tried: /usr/lib64/php7/extensions/fileinfo.so (/usr/lib64/php7/extensions/fileinfo.so: cannot open shared object file: No such file or directory), /usr/lib64/php7/extensions/fileinfo.so.so (/usr/lib64/php7/extensions/fileinfo.so.so: cannot open shared object file: No such file or directory)) in Unknown on line 0
PHP Warning:  Module 'pdo_pgsql' already loaded in Unknown on line 0
PHP Warning:  Module 'pgsql' already loaded in Unknown on line 0
PHP Warning:  Module 'Phar' already loaded in Unknown on line 0
>>> UPGRADE/DC/PLCC SYNC (SP) STARTED: 2026-09-17 00:00:00 to 2026-09-18 23:59:59 <<<
Processing 395 CSR users with UPGRADE process.
Fetching from Sampark via sp_agentwise_perform160... Found 62 rows.
Processing 50 records for CSR-UPGRADE users.

--- DEBUG INFO (First 5 records) ---
Person: FNM1726, Date: 2026-09-17
  Login: 19881s, Break: 3449s, Meeting: 0s
  Actual Break: 3449s, Final Login: 16432s
  Work Hours: 4.5644hrs, Required: 8hrs, Status: HD
  Comparison: < 8.0

Person: FNM2990, Date: 2026-09-17
  Login: 33015s, Break: 3385s, Meeting: 0s
  Actual Break: 3385s, Final Login: 29630s
  Work Hours: 8.2306hrs, Required: 8hrs, Status: P
  Comparison: >= 8.0 (P)

Person: FNM3157, Date: 2026-09-17
  Login: 32972s, Break: 3381s, Meeting: 0s
  Actual Break: 3381s, Final Login: 29591s
  Work Hours: 8.2197hrs, Required: 8hrs, Status: P
  Comparison: >= 8.0 (P)

Person: FNM3192, Date: 2026-09-17
  Login: 32847s, Break: 3346s, Meeting: 0s
  Actual Break: 3346s, Final Login: 29501s
  Work Hours: 8.1947hrs, Required: 8hrs, Status: P
  Comparison: >= 8.0 (P)

Person: FNM3520, Date: 2026-09-17
  Login: 33508s, Break: 3853s, Meeting: 0s
  Actual Break: 3853s, Final Login: 29655s
  Work Hours: 8.2375hrs, Required: 8hrs, Status: P
  Comparison: >= 8.0 (P)

Successfully synced 12 CSR-UPGRADE records.
  - Updated HD/A to P: 0 records
  - Skipped (already P): 37 records
PHP Warning:  PHP Startup: Unable to load dynamic library 'fileinfo.so' (tried: /usr/lib64/php7/extensions/fileinfo.so (/usr/lib64/php7/extensions/fileinfo.so: cannot open shared object file: No such file or directory), /usr/lib64/php7/extensions/fileinfo.so.so (/usr/lib64/php7/extensions/fileinfo.so.so: cannot open shared object file: No such file or directory)) in Unknown on line 0
PHP Warning:  Module 'pdo_pgsql' already loaded in Unknown on line 0
PHP Warning:  Module 'pgsql' already loaded in Unknown on line 0
PHP Warning:  Module 'Phar' already loaded in Unknown on line 0
>>> UPGRADE/DC/PLCC SYNC (SP) STARTED: 2026-09-17 00:00:00 to 2026-09-18 23:59:59 <<<
Processing 395 CSR users with UPGRADE process.
Fetching from Sampark via sp_agentwise_perform160... Found 62 rows.
Processing 50 records for CSR-UPGRADE users.

--- DEBUG INFO (First 5 records) ---
Person: FNM1726, Date: 2026-09-17
  Login: 19881s, Break: 3449s, Meeting: 0s
  Actual Break: 3449s, Final Login: 16432s
  Work Hours: 4.5644hrs, Required: 8hrs, Status: HD
  Comparison: < 8.0

Person: FNM2990, Date: 2026-09-17
  Login: 33015s, Break: 3385s, Meeting: 0s
  Actual Break: 3385s, Final Login: 29630s
  Work Hours: 8.2306hrs, Required: 8hrs, Status: P
  Comparison: >= 8.0 (P)

Person: FNM3157, Date: 2026-09-17
  Login: 32972s, Break: 3381s, Meeting: 0s
  Actual Break: 3381s, Final Login: 29591s
  Work Hours: 8.2197hrs, Required: 8hrs, Status: P
  Comparison: >= 8.0 (P)

Person: FNM3192, Date: 2026-09-17
  Login: 32847s, Break: 3346s, Meeting: 0s
  Actual Break: 3346s, Final Login: 29501s
  Work Hours: 8.1947hrs, Required: 8hrs, Status: P
  Comparison: >= 8.0 (P)

Person: FNM3520, Date: 2026-09-17
  Login: 33508s, Break: 3853s, Meeting: 0s
  Actual Break: 3853s, Final Login: 29655s
  Work Hours: 8.2375hrs, Required: 8hrs, Status: P
  Comparison: >= 8.0 (P)

Successfully synced 12 CSR-UPGRADE records.
  - Updated HD/A to P: 0 records
  - Skipped (already P): 37 records
PHP Warning:  PHP Startup: Unable to load dynamic library 'fileinfo.so' (tried: /usr/lib64/php7/extensions/fileinfo.so (/usr/lib64/php7/extensions/fileinfo.so: cannot open shared object file: No such file or directory), /usr/lib64/php7/extensions/fileinfo.so.so (/usr/lib64/php7/extensions/fileinfo.so.so: cannot open shared object file: No such file or directory)) in Unknown on line 0
PHP Warning:  Module 'pdo_pgsql' already loaded in Unknown on line 0
PHP Warning:  Module 'pgsql' already loaded in Unknown on line 0
PHP Warning:  Module 'Phar' already loaded in Unknown on line 0
>>> UPGRADE/DC/PLCC SYNC (SP) STARTED: 2026-09-17 00:00:00 to 2026-09-18 23:59:59 <<<
Processing 395 CSR users with UPGRADE process.
Fetching from Sampark via sp_agentwise_perform160... Found 62 rows.
Processing 50 records for CSR-UPGRADE users.

--- DEBUG INFO (First 5 records) ---
Person: FNM1726, Date: 2026-09-17
  Login: 19881s, Break: 3449s, Meeting: 0s
  Actual Break: 3449s, Final Login: 16432s
  Work Hours: 4.5644hrs, Required: 8hrs, Status: HD
  Comparison: < 8.0

Person: FNM2990, Date: 2026-09-17
  Login: 33015s, Break: 3385s, Meeting: 0s
  Actual Break: 3385s, Final Login: 29630s
  Work Hours: 8.2306hrs, Required: 8hrs, Status: P
  Comparison: >= 8.0 (P)

Person: FNM3157, Date: 2026-09-17
  Login: 32972s, Break: 3381s, Meeting: 0s
  Actual Break: 3381s, Final Login: 29591s
  Work Hours: 8.2197hrs, Required: 8hrs, Status: P
  Comparison: >= 8.0 (P)

Person: FNM3192, Date: 2026-09-17
  Login: 32847s, Break: 3346s, Meeting: 0s
  Actual Break: 3346s, Final Login: 29501s
  Work Hours: 8.1947hrs, Required: 8hrs, Status: P
  Comparison: >= 8.0 (P)

Person: FNM3520, Date: 2026-09-17
  Login: 33508s, Break: 3853s, Meeting: 0s
  Actual Break: 3853s, Final Login: 29655s
  Work Hours: 8.2375hrs, Required: 8hrs, Status: P
  Comparison: >= 8.0 (P)

Successfully synced 12 CSR-UPGRADE records.
  - Updated HD/A to P: 0 records
  - Skipped (already P): 37 records
PHP Warning:  PHP Startup: Unable to load dynamic library 'fileinfo.so' (tried: /usr/lib64/php7/extensions/fileinfo.so (/usr/lib64/php7/extensions/fileinfo.so: cannot open shared object file: No such file or directory), /usr/lib64/php7/extensions/fileinfo.so.so (/usr/lib64/php7/extensions/fileinfo.so.so: cannot open shared object file: No such file or directory)) in Unknown on line 0
PHP Warning:  Module 'pdo_pgsql' already loaded in Unknown on line 0
PHP Warning:  Module 'pgsql' already loaded in Unknown on line 0
PHP Warning:  Module 'Phar' already loaded in Unknown on line 0
>>> UPGRADE/DC/PLCC SYNC (SP) STARTED: 2026-09-18 00:00:00 to 2026-09-19 23:59:59 <<<
Processing 395 CSR users with UPGRADE process.
Fetching from Sampark via sp_agentwise_perform160... Found 32 rows.
Processing 23 records for CSR-UPGRADE users.

--- DEBUG INFO (First 5 records) ---
Person: FNM1726, Date: 2026-09-18
  Login: 31786s, Break: 3622s, Meeting: 0s
  Actual Break: 3622s, Final Login: 28164s
  Work Hours: 7.8233hrs, Required: 8hrs, Status: HD
  Comparison: < 8.0

Person: FNM2990, Date: 2026-09-18
  Login: 32282s, Break: 3203s, Meeting: 0s
  Actual Break: 3203s, Final Login: 29079s
  Work Hours: 8.0775hrs, Required: 8hrs, Status: P
  Comparison: >= 8.0 (P)

Person: FNM3157, Date: 2026-09-18
  Login: 32207s, Break: 3399s, Meeting: 0s
  Actual Break: 3399s, Final Login: 28808s
  Work Hours: 8.0022hrs, Required: 8hrs, Status: P
  Comparison: >= 8.0 (P)

Person: FNM3192, Date: 2026-09-18
  Login: 32151s, Break: 3308s, Meeting: 0s
  Actual Break: 3308s, Final Login: 28843s
  Work Hours: 8.0119hrs, Required: 8hrs, Status: P
  Comparison: >= 8.0 (P)

Person: FNM3520, Date: 2026-09-18
  Login: 32741s, Break: 3499s, Meeting: 0s
  Actual Break: 3499s, Final Login: 29242s
  Work Hours: 8.1228hrs, Required: 8hrs, Status: P
  Comparison: >= 8.0 (P)

Successfully synced 8 CSR-UPGRADE records.
  - Updated HD/A to P: 0 records
  - Skipped (already P): 15 records
PHP Warning:  PHP Startup: Unable to load dynamic library 'fileinfo.so' (tried: /usr/lib64/php7/extensions/fileinfo.so (/usr/lib64/php7/extensions/fileinfo.so: cannot open shared object file: No such file or directory), /usr/lib64/php7/extensions/fileinfo.so.so (/usr/lib64/php7/extensions/fileinfo.so.so: cannot open shared object file: No such file or directory)) in Unknown on line 0
PHP Warning:  Module 'pdo_pgsql' already loaded in Unknown on line 0
PHP Warning:  Module 'pgsql' already loaded in Unknown on line 0
PHP Warning:  Module 'Phar' already loaded in Unknown on line 0
>>> UPGRADE/DC/PLCC SYNC (SP) STARTED: 2026-09-18 00:00:00 to 2026-09-19 23:59:59 <<<
Processing 395 CSR users with UPGRADE process.
Fetching from Sampark via sp_agentwise_perform160... Found 32 rows.
Processing 23 records for CSR-UPGRADE users.

--- DEBUG INFO (First 5 records) ---
Person: FNM1726, Date: 2026-09-18
  Login: 31786s, Break: 3622s, Meeting: 0s
  Actual Break: 3622s, Final Login: 28164s
  Work Hours: 7.8233hrs, Required: 8hrs, Status: HD
  Comparison: < 8.0

Person: FNM2990, Date: 2026-09-18
  Login: 32282s, Break: 3203s, Meeting: 0s
  Actual Break: 3203s, Final Login: 29079s
  Work Hours: 8.0775hrs, Required: 8hrs, Status: P
  Comparison: >= 8.0 (P)

Person: FNM3157, Date: 2026-09-18
  Login: 32207s, Break: 3399s, Meeting: 0s
  Actual Break: 3399s, Final Login: 28808s
  Work Hours: 8.0022hrs, Required: 8hrs, Status: P
  Comparison: >= 8.0 (P)

Person: FNM3192, Date: 2026-09-18
  Login: 32151s, Break: 3308s, Meeting: 0s
  Actual Break: 3308s, Final Login: 28843s
  Work Hours: 8.0119hrs, Required: 8hrs, Status: P
  Comparison: >= 8.0 (P)

Person: FNM3520, Date: 2026-09-18
  Login: 32741s, Break: 3499s, Meeting: 0s
  Actual Break: 3499s, Final Login: 29242s
  Work Hours: 8.1228hrs, Required: 8hrs, Status: P
  Comparison: >= 8.0 (P)

Successfully synced 8 CSR-UPGRADE records.
  - Updated HD/A to P: 0 records
  - Skipped (already P): 15 records
PHP Warning:  PHP Startup: Unable to load dynamic library 'fileinfo.so' (tried: /usr/lib64/php7/extensions/fileinfo.so (/usr/lib64/php7/extensions/fileinfo.so: cannot open shared object file: No such file or directory), /usr/lib64/php7/extensions/fileinfo.so.so (/usr/lib64/php7/extensions/fileinfo.so.so: cannot open shared object file: No such file or directory)) in Unknown on line 0
PHP Warning:  Module 'pdo_pgsql' already loaded in Unknown on line 0
PHP Warning:  Module 'pgsql' already loaded in Unknown on line 0
PHP Warning:  Module 'Phar' already loaded in Unknown on line 0
>>> UPGRADE/DC/PLCC SYNC (SP) STARTED: 2026-09-18 00:00:00 to 2026-09-19 23:59:59 <<<
Processing 395 CSR users with UPGRADE process.
Fetching from Sampark via sp_agentwise_perform160... Found 32 rows.
Processing 23 records for CSR-UPGRADE users.

--- DEBUG INFO (First 5 records) ---
Person: FNM1726, Date: 2026-09-18
  Login: 31786s, Break: 3622s, Meeting: 0s
  Actual Break: 3622s, Final Login: 28164s
  Work Hours: 7.8233hrs, Required: 8hrs, Status: HD
  Comparison: < 8.0

Person: FNM2990, Date: 2026-09-18
  Login: 32282s, Break: 3203s, Meeting: 0s
  Actual Break: 3203s, Final Login: 29079s
  Work Hours: 8.0775hrs, Required: 8hrs, Status: P
  Comparison: >= 8.0 (P)

Person: FNM3157, Date: 2026-09-18
  Login: 32207s, Break: 3399s, Meeting: 0s
  Actual Break: 3399s, Final Login: 28808s
  Work Hours: 8.0022hrs, Required: 8hrs, Status: P
  Comparison: >= 8.0 (P)

Person: FNM3192, Date: 2026-09-18
  Login: 32151s, Break: 3308s, Meeting: 0s
  Actual Break: 3308s, Final Login: 28843s
  Work Hours: 8.0119hrs, Required: 8hrs, Status: P
  Comparison: >= 8.0 (P)

Person: FNM3520, Date: 2026-09-18
  Login: 32741s, Break: 3499s, Meeting: 0s
  Actual Break: 3499s, Final Login: 29242s
  Work Hours: 8.1228hrs, Required: 8hrs, Status: P
  Comparison: >= 8.0 (P)

Successfully synced 8 CSR-UPGRADE records.
  - Updated HD/A to P: 0 records
  - Skipped (already P): 15 records
PHP Warning:  PHP Startup: Unable to load dynamic library 'fileinfo.so' (tried: /usr/lib64/php7/extensions/fileinfo.so (/usr/lib64/php7/extensions/fileinfo.so: cannot open shared object file: No such file or directory), /usr/lib64/php7/extensions/fileinfo.so.so (/usr/lib64/php7/extensions/fileinfo.so.so: cannot open shared object file: No such file or directory)) in Unknown on line 0
PHP Warning:  Module 'pdo_pgsql' already loaded in Unknown on line 0
PHP Warning:  Module 'pgsql' already loaded in Unknown on line 0
PHP Warning:  Module 'Phar' already loaded in Unknown on line 0
>>> UPGRADE/DC/PLCC SYNC (SP) STARTED: 2026-09-18 00:00:00 to 2026-09-19 23:59:59 <<<
Processing 395 CSR users with UPGRADE process.
Fetching from Sampark via sp_agentwise_perform160... Found 32 rows.
Processing 23 records for CSR-UPGRADE users.

--- DEBUG INFO (First 5 records) ---
Person: FNM1726, Date: 2026-09-18
  Login: 31786s, Break: 3622s, Meeting: 0s
  Actual Break: 3622s, Final Login: 28164s
  Work Hours: 7.8233hrs, Required: 8hrs, Status: HD
  Comparison: < 8.0

Person: FNM2990, Date: 2026-09-18
  Login: 32282s, Break: 3203s, Meeting: 0s
  Actual Break: 3203s, Final Login: 29079s
  Work Hours: 8.0775hrs, Required: 8hrs, Status: P
  Comparison: >= 8.0 (P)

Person: FNM3157, Date: 2026-09-18
  Login: 32207s, Break: 3399s, Meeting: 0s
  Actual Break: 3399s, Final Login: 28808s
  Work Hours: 8.0022hrs, Required: 8hrs, Status: P
  Comparison: >= 8.0 (P)

Person: FNM3192, Date: 2026-09-18
  Login: 32151s, Break: 3308s, Meeting: 0s
  Actual Break: 3308s, Final Login: 28843s
  Work Hours: 8.0119hrs, Required: 8hrs, Status: P
  Comparison: >= 8.0 (P)

Person: FNM3520, Date: 2026-09-18
  Login: 32741s, Break: 3499s, Meeting: 0s
  Actual Break: 3499s, Final Login: 29242s
  Work Hours: 8.1228hrs, Required: 8hrs, Status: P
  Comparison: >= 8.0 (P)

Successfully synced 8 CSR-UPGRADE records.
  - Updated HD/A to P: 0 records
  - Skipped (already P): 15 records
PHP Warning:  PHP Startup: Unable to load dynamic library 'fileinfo.so' (tried: /usr/lib64/php7/extensions/fileinfo.so (/usr/lib64/php7/extensions/fileinfo.so: cannot open shared object file: No such file or directory), /usr/lib64/php7/extensions/fileinfo.so.so (/usr/lib64/php7/extensions/fileinfo.so.so: cannot open shared object file: No such file or directory)) in Unknown on line 0
PHP Warning:  Module 'pdo_pgsql' already loaded in Unknown on line 0
PHP Warning:  Module 'pgsql' already loaded in Unknown on line 0
PHP Warning:  Module 'Phar' already loaded in Unknown on line 0
>>> UPGRADE/DC/PLCC SYNC (SP) STARTED: 2026-09-18 00:00:00 to 2026-09-19 23:59:59 <<<
Processing 395 CSR users with UPGRADE process.
Fetching from Sampark via sp_agentwise_perform160... Found 32 rows.
Processing 23 records for CSR-UPGRADE users.

--- DEBUG INFO (First 5 records) ---
Person: FNM1726, Date: 2026-09-18
  Login: 31786s, Break: 3622s, Meeting: 0s
  Actual Break: 3622s, Final Login: 28164s
  Work Hours: 7.8233hrs, Required: 8hrs, Status: HD
  Comparison: < 8.0

Person: FNM2990, Date: 2026-09-18
  Login: 32282s, Break: 3203s, Meeting: 0s
  Actual Break: 3203s, Final Login: 29079s
  Work Hours: 8.0775hrs, Required: 8hrs, Status: P
  Comparison: >= 8.0 (P)

Person: FNM3157, Date: 2026-09-18
  Login: 32207s, Break: 3399s, Meeting: 0s
  Actual Break: 3399s, Final Login: 28808s
  Work Hours: 8.0022hrs, Required: 8hrs, Status: P
  Comparison: >= 8.0 (P)

Person: FNM3192, Date: 2026-09-18
  Login: 32151s, Break: 3308s, Meeting: 0s
  Actual Break: 3308s, Final Login: 28843s
  Work Hours: 8.0119hrs, Required: 8hrs, Status: P
  Comparison: >= 8.0 (P)

Person: FNM3520, Date: 2026-09-18
  Login: 32741s, Break: 3499s, Meeting: 0s
  Actual Break: 3499s, Final Login: 29242s
  Work Hours: 8.1228hrs, Required: 8hrs, Status: P
  Comparison: >= 8.0 (P)

Successfully synced 8 CSR-UPGRADE records.
  - Updated HD/A to P: 0 records
  - Skipped (already P): 15 records
PHP Warning:  PHP Startup: Unable to load dynamic library 'fileinfo.so' (tried: /usr/lib64/php7/extensions/fileinfo.so (/usr/lib64/php7/extensions/fileinfo.so: cannot open shared object file: No such file or directory), /usr/lib64/php7/extensions/fileinfo.so.so (/usr/lib64/php7/extensions/fileinfo.so.so: cannot open shared object file: No such file or directory)) in Unknown on line 0
PHP Warning:  Module 'pdo_pgsql' already loaded in Unknown on line 0
PHP Warning:  Module 'pgsql' already loaded in Unknown on line 0
PHP Warning:  Module 'Phar' already loaded in Unknown on line 0
>>> UPGRADE/DC/PLCC SYNC (SP) STARTED: 2026-09-18 00:00:00 to 2026-09-19 23:59:59 <<<
Processing 395 CSR users with UPGRADE process.
Fetching from Sampark via sp_agentwise_perform160... Found 32 rows.
Processing 23 records for CSR-UPGRADE users.

--- DEBUG INFO (First 5 records) ---
Person: FNM1726, Date: 2026-09-18
  Login: 31786s, Break: 3622s, Meeting: 0s
  Actual Break: 3622s, Final Login: 28164s
  Work Hours: 7.8233hrs, Required: 8hrs, Status: HD
  Comparison: < 8.0

Person: FNM2990, Date: 2026-09-18
  Login: 32282s, Break: 3203s, Meeting: 0s
  Actual Break: 3203s, Final Login: 29079s
  Work Hours: 8.0775hrs, Required: 8hrs, Status: P
  Comparison: >= 8.0 (P)

Person: FNM3157, Date: 2026-09-18
  Login: 32207s, Break: 3399s, Meeting: 0s
  Actual Break: 3399s, Final Login: 28808s
  Work Hours: 8.0022hrs, Required: 8hrs, Status: P
  Comparison: >= 8.0 (P)

Person: FNM3192, Date: 2026-09-18
  Login: 32151s, Break: 3308s, Meeting: 0s
  Actual Break: 3308s, Final Login: 28843s
  Work Hours: 8.0119hrs, Required: 8hrs, Status: P
  Comparison: >= 8.0 (P)

Person: FNM3520, Date: 2026-09-18
  Login: 32741s, Break: 3499s, Meeting: 0s
  Actual Break: 3499s, Final Login: 29242s
  Work Hours: 8.1228hrs, Required: 8hrs, Status: P
  Comparison: >= 8.0 (P)

Successfully synced 8 CSR-UPGRADE records.
  - Updated HD/A to P: 0 records
  - Skipped (already P): 15 records
PHP Warning:  PHP Startup: Unable to load dynamic library 'fileinfo.so' (tried: /usr/lib64/php7/extensions/fileinfo.so (/usr/lib64/php7/extensions/fileinfo.so: cannot open shared object file: No such file or directory), /usr/lib64/php7/extensions/fileinfo.so.so (/usr/lib64/php7/extensions/fileinfo.so.so: cannot open shared object file: No such file or directory)) in Unknown on line 0
PHP Warning:  Module 'pdo_pgsql' already loaded in Unknown on line 0
PHP Warning:  Module 'pgsql' already loaded in Unknown on line 0
PHP Warning:  Module 'Phar' already loaded in Unknown on line 0
>>> UPGRADE/DC/PLCC SYNC (SP) STARTED: 2026-09-18 00:00:00 to 2026-09-19 23:59:59 <<<
Processing 395 CSR users with UPGRADE process.
Fetching from Sampark via sp_agentwise_perform160... Found 32 rows.
Processing 23 records for CSR-UPGRADE users.

--- DEBUG INFO (First 5 records) ---
Person: FNM1726, Date: 2026-09-18
  Login: 31786s, Break: 3622s, Meeting: 0s
  Actual Break: 3622s, Final Login: 28164s
  Work Hours: 7.8233hrs, Required: 8hrs, Status: HD
  Comparison: < 8.0

Person: FNM2990, Date: 2026-09-18
  Login: 32282s, Break: 3203s, Meeting: 0s
  Actual Break: 3203s, Final Login: 29079s
  Work Hours: 8.0775hrs, Required: 8hrs, Status: P
  Comparison: >= 8.0 (P)

Person: FNM3157, Date: 2026-09-18
  Login: 32207s, Break: 3399s, Meeting: 0s
  Actual Break: 3399s, Final Login: 28808s
  Work Hours: 8.0022hrs, Required: 8hrs, Status: P
  Comparison: >= 8.0 (P)

Person: FNM3192, Date: 2026-09-18
  Login: 32151s, Break: 3308s, Meeting: 0s
  Actual Break: 3308s, Final Login: 28843s
  Work Hours: 8.0119hrs, Required: 8hrs, Status: P
  Comparison: >= 8.0 (P)

Person: FNM3520, Date: 2026-09-18
  Login: 32741s, Break: 3499s, Meeting: 0s
  Actual Break: 3499s, Final Login: 29242s
  Work Hours: 8.1228hrs, Required: 8hrs, Status: P
  Comparison: >= 8.0 (P)

Successfully synced 8 CSR-UPGRADE records.
  - Updated HD/A to P: 0 records
  - Skipped (already P): 15 records
PHP Warning:  PHP Startup: Unable to load dynamic library 'fileinfo.so' (tried: /usr/lib64/php7/extensions/fileinfo.so (/usr/lib64/php7/extensions/fileinfo.so: cannot open shared object file: No such file or directory), /usr/lib64/php7/extensions/fileinfo.so.so (/usr/lib64/php7/extensions/fileinfo.so.so: cannot open shared object file: No such file or directory)) in Unknown on line 0
PHP Warning:  Module 'pdo_pgsql' already loaded in Unknown on line 0
PHP Warning:  Module 'pgsql' already loaded in Unknown on line 0
PHP Warning:  Module 'Phar' already loaded in Unknown on line 0
>>> UPGRADE/DC/PLCC SYNC (SP) STARTED: 2026-09-18 00:00:00 to 2026-09-19 23:59:59 <<<
Processing 395 CSR users with UPGRADE process.
Fetching from Sampark via sp_agentwise_perform160... Found 32 rows.
Processing 23 records for CSR-UPGRADE users.

--- DEBUG INFO (First 5 records) ---
Person: FNM1726, Date: 2026-09-18
  Login: 31786s, Break: 3622s, Meeting: 0s
  Actual Break: 3622s, Final Login: 28164s
  Work Hours: 7.8233hrs, Required: 8hrs, Status: HD
  Comparison: < 8.0

Person: FNM2990, Date: 2026-09-18
  Login: 32282s, Break: 3203s, Meeting: 0s
  Actual Break: 3203s, Final Login: 29079s
  Work Hours: 8.0775hrs, Required: 8hrs, Status: P
  Comparison: >= 8.0 (P)

Person: FNM3157, Date: 2026-09-18
  Login: 32207s, Break: 3399s, Meeting: 0s
  Actual Break: 3399s, Final Login: 28808s
  Work Hours: 8.0022hrs, Required: 8hrs, Status: P
  Comparison: >= 8.0 (P)

Person: FNM3192, Date: 2026-09-18
  Login: 32151s, Break: 3308s, Meeting: 0s
  Actual Break: 3308s, Final Login: 28843s
  Work Hours: 8.0119hrs, Required: 8hrs, Status: P
  Comparison: >= 8.0 (P)

Person: FNM3520, Date: 2026-09-18
  Login: 32741s, Break: 3499s, Meeting: 0s
  Actual Break: 3499s, Final Login: 29242s
  Work Hours: 8.1228hrs, Required: 8hrs, Status: P
  Comparison: >= 8.0 (P)

Successfully synced 8 CSR-UPGRADE records.
  - Updated HD/A to P: 0 records
  - Skipped (already P): 15 records
PHP Warning:  PHP Startup: Unable to load dynamic library 'fileinfo.so' (tried: /usr/lib64/php7/extensions/fileinfo.so (/usr/lib64/php7/extensions/fileinfo.so: cannot open shared object file: No such file or directory), /usr/lib64/php7/extensions/fileinfo.so.so (/usr/lib64/php7/extensions/fileinfo.so.so: cannot open shared object file: No such file or directory)) in Unknown on line 0
PHP Warning:  Module 'pdo_pgsql' already loaded in Unknown on line 0
PHP Warning:  Module 'pgsql' already loaded in Unknown on line 0
PHP Warning:  Module 'Phar' already loaded in Unknown on line 0
>>> UPGRADE/DC/PLCC SYNC (SP) STARTED: 2026-09-18 00:00:00 to 2026-09-19 23:59:59 <<<
Processing 395 CSR users with UPGRADE process.
Fetching from Sampark via sp_agentwise_perform160... Found 32 rows.
Processing 23 records for CSR-UPGRADE users.

--- DEBUG INFO (First 5 records) ---
Person: FNM1726, Date: 2026-09-18
  Login: 31786s, Break: 3622s, Meeting: 0s
  Actual Break: 3622s, Final Login: 28164s
  Work Hours: 7.8233hrs, Required: 8hrs, Status: HD
  Comparison: < 8.0

Person: FNM2990, Date: 2026-09-18
  Login: 32282s, Break: 3203s, Meeting: 0s
  Actual Break: 3203s, Final Login: 29079s
  Work Hours: 8.0775hrs, Required: 8hrs, Status: P
  Comparison: >= 8.0 (P)

Person: FNM3157, Date: 2026-09-18
  Login: 32207s, Break: 3399s, Meeting: 0s
  Actual Break: 3399s, Final Login: 28808s
  Work Hours: 8.0022hrs, Required: 8hrs, Status: P
  Comparison: >= 8.0 (P)

Person: FNM3192, Date: 2026-09-18
  Login: 32151s, Break: 3308s, Meeting: 0s
  Actual Break: 3308s, Final Login: 28843s
  Work Hours: 8.0119hrs, Required: 8hrs, Status: P
  Comparison: >= 8.0 (P)

Person: FNM3520, Date: 2026-09-18
  Login: 32741s, Break: 3499s, Meeting: 0s
  Actual Break: 3499s, Final Login: 29242s
  Work Hours: 8.1228hrs, Required: 8hrs, Status: P
  Comparison: >= 8.0 (P)

Successfully synced 8 CSR-UPGRADE records.
  - Updated HD/A to P: 0 records
  - Skipped (already P): 15 records
PHP Warning:  PHP Startup: Unable to load dynamic library 'fileinfo.so' (tried: /usr/lib64/php7/extensions/fileinfo.so (/usr/lib64/php7/extensions/fileinfo.so: cannot open shared object file: No such file or directory), /usr/lib64/php7/extensions/fileinfo.so.so (/usr/lib64/php7/extensions/fileinfo.so.so: cannot open shared object file: No such file or directory)) in Unknown on line 0
PHP Warning:  Module 'pdo_pgsql' already loaded in Unknown on line 0
PHP Warning:  Module 'pgsql' already loaded in Unknown on line 0
PHP Warning:  Module 'Phar' already loaded in Unknown on line 0
>>> UPGRADE/DC/PLCC SYNC (SP) STARTED: 2026-09-18 00:00:00 to 2026-09-19 23:59:59 <<<
Processing 395 CSR users with UPGRADE process.
Fetching from Sampark via sp_agentwise_perform160... Found 32 rows.
Processing 23 records for CSR-UPGRADE users.

--- DEBUG INFO (First 5 records) ---
Person: FNM1726, Date: 2026-09-18
  Login: 31786s, Break: 3622s, Meeting: 0s
  Actual Break: 3622s, Final Login: 28164s
  Work Hours: 7.8233hrs, Required: 8hrs, Status: HD
  Comparison: < 8.0

Person: FNM2990, Date: 2026-09-18
  Login: 32282s, Break: 3203s, Meeting: 0s
  Actual Break: 3203s, Final Login: 29079s
  Work Hours: 8.0775hrs, Required: 8hrs, Status: P
  Comparison: >= 8.0 (P)

Person: FNM3157, Date: 2026-09-18
  Login: 32207s, Break: 3399s, Meeting: 0s
  Actual Break: 3399s, Final Login: 28808s
  Work Hours: 8.0022hrs, Required: 8hrs, Status: P
  Comparison: >= 8.0 (P)

Person: FNM3192, Date: 2026-09-18
  Login: 32151s, Break: 3308s, Meeting: 0s
  Actual Break: 3308s, Final Login: 28843s
  Work Hours: 8.0119hrs, Required: 8hrs, Status: P
  Comparison: >= 8.0 (P)

Person: FNM3520, Date: 2026-09-18
  Login: 32741s, Break: 3499s, Meeting: 0s
  Actual Break: 3499s, Final Login: 29242s
  Work Hours: 8.1228hrs, Required: 8hrs, Status: P
  Comparison: >= 8.0 (P)

Successfully synced 8 CSR-UPGRADE records.
  - Updated HD/A to P: 0 records
  - Skipped (already P): 15 records
PHP Warning:  PHP Startup: Unable to load dynamic library 'fileinfo.so' (tried: /usr/lib64/php7/extensions/fileinfo.so (/usr/lib64/php7/extensions/fileinfo.so: cannot open shared object file: No such file or directory), /usr/lib64/php7/extensions/fileinfo.so.so (/usr/lib64/php7/extensions/fileinfo.so.so: cannot open shared object file: No such file or directory)) in Unknown on line 0
PHP Warning:  Module 'pdo_pgsql' already loaded in Unknown on line 0
PHP Warning:  Module 'pgsql' already loaded in Unknown on line 0
PHP Warning:  Module 'Phar' already loaded in Unknown on line 0
>>> UPGRADE/DC/PLCC SYNC (SP) STARTED: 2026-09-18 00:00:00 to 2026-09-19 23:59:59 <<<
Processing 395 CSR users with UPGRADE process.
Fetching from Sampark via sp_agentwise_perform160... Found 32 rows.
Processing 23 records for CSR-UPGRADE users.

--- DEBUG INFO (First 5 records) ---
Person: FNM1726, Date: 2026-09-18
  Login: 31786s, Break: 3622s, Meeting: 0s
  Actual Break: 3622s, Final Login: 28164s
  Work Hours: 7.8233hrs, Required: 8hrs, Status: HD
  Comparison: < 8.0

Person: FNM2990, Date: 2026-09-18
  Login: 32282s, Break: 3203s, Meeting: 0s
  Actual Break: 3203s, Final Login: 29079s
  Work Hours: 8.0775hrs, Required: 8hrs, Status: P
  Comparison: >= 8.0 (P)

Person: FNM3157, Date: 2026-09-18
  Login: 32207s, Break: 3399s, Meeting: 0s
  Actual Break: 3399s, Final Login: 28808s
  Work Hours: 8.0022hrs, Required: 8hrs, Status: P
  Comparison: >= 8.0 (P)

Person: FNM3192, Date: 2026-09-18
  Login: 32151s, Break: 3308s, Meeting: 0s
  Actual Break: 3308s, Final Login: 28843s
  Work Hours: 8.0119hrs, Required: 8hrs, Status: P
  Comparison: >= 8.0 (P)

Person: FNM3520, Date: 2026-09-18
  Login: 32741s, Break: 3499s, Meeting: 0s
  Actual Break: 3499s, Final Login: 29242s
  Work Hours: 8.1228hrs, Required: 8hrs, Status: P
  Comparison: >= 8.0 (P)

Successfully synced 8 CSR-UPGRADE records.
  - Updated HD/A to P: 0 records
  - Skipped (already P): 15 records
PHP Warning:  PHP Startup: Unable to load dynamic library 'fileinfo.so' (tried: /usr/lib64/php7/extensions/fileinfo.so (/usr/lib64/php7/extensions/fileinfo.so: cannot open shared object file: No such file or directory), /usr/lib64/php7/extensions/fileinfo.so.so (/usr/lib64/php7/extensions/fileinfo.so.so: cannot open shared object file: No such file or directory)) in Unknown on line 0
PHP Warning:  Module 'pdo_pgsql' already loaded in Unknown on line 0
PHP Warning:  Module 'pgsql' already loaded in Unknown on line 0
PHP Warning:  Module 'Phar' already loaded in Unknown on line 0
>>> UPGRADE/DC/PLCC SYNC (SP) STARTED: 2026-09-18 00:00:00 to 2026-09-19 23:59:59 <<<
Processing 395 CSR users with UPGRADE process.
Fetching from Sampark via sp_agentwise_perform160... Found 32 rows.
Processing 23 records for CSR-UPGRADE users.

--- DEBUG INFO (First 5 records) ---
Person: FNM1726, Date: 2026-09-18
  Login: 31786s, Break: 3622s, Meeting: 0s
  Actual Break: 3622s, Final Login: 28164s
  Work Hours: 7.8233hrs, Required: 8hrs, Status: HD
  Comparison: < 8.0

Person: FNM2990, Date: 2026-09-18
  Login: 32282s, Break: 3203s, Meeting: 0s
  Actual Break: 3203s, Final Login: 29079s
  Work Hours: 8.0775hrs, Required: 8hrs, Status: P
  Comparison: >= 8.0 (P)

Person: FNM3157, Date: 2026-09-18
  Login: 32207s, Break: 3399s, Meeting: 0s
  Actual Break: 3399s, Final Login: 28808s
  Work Hours: 8.0022hrs, Required: 8hrs, Status: P
  Comparison: >= 8.0 (P)

Person: FNM3192, Date: 2026-09-18
  Login: 32151s, Break: 3308s, Meeting: 0s
  Actual Break: 3308s, Final Login: 28843s
  Work Hours: 8.0119hrs, Required: 8hrs, Status: P
  Comparison: >= 8.0 (P)

Person: FNM3520, Date: 2026-09-18
  Login: 32741s, Break: 3499s, Meeting: 0s
  Actual Break: 3499s, Final Login: 29242s
  Work Hours: 8.1228hrs, Required: 8hrs, Status: P
  Comparison: >= 8.0 (P)

Successfully synced 8 CSR-UPGRADE records.
  - Updated HD/A to P: 0 records
  - Skipped (already P): 15 records
PHP Warning:  PHP Startup: Unable to load dynamic library 'fileinfo.so' (tried: /usr/lib64/php7/extensions/fileinfo.so (/usr/lib64/php7/extensions/fileinfo.so: cannot open shared object file: No such file or directory), /usr/lib64/php7/extensions/fileinfo.so.so (/usr/lib64/php7/extensions/fileinfo.so.so: cannot open shared object file: No such file or directory)) in Unknown on line 0
PHP Warning:  Module 'pdo_pgsql' already loaded in Unknown on line 0
PHP Warning:  Module 'pgsql' already loaded in Unknown on line 0
PHP Warning:  Module 'Phar' already loaded in Unknown on line 0
>>> UPGRADE/DC/PLCC SYNC (SP) STARTED: 2026-09-18 00:00:00 to 2026-09-19 23:59:59 <<<
Processing 395 CSR users with UPGRADE process.
Fetching from Sampark via sp_agentwise_perform160... Found 32 rows.
Processing 23 records for CSR-UPGRADE users.

--- DEBUG INFO (First 5 records) ---
Person: FNM1726, Date: 2026-09-18
  Login: 31786s, Break: 3622s, Meeting: 0s
  Actual Break: 3622s, Final Login: 28164s
  Work Hours: 7.8233hrs, Required: 8hrs, Status: HD
  Comparison: < 8.0

Person: FNM2990, Date: 2026-09-18
  Login: 32282s, Break: 3203s, Meeting: 0s
  Actual Break: 3203s, Final Login: 29079s
  Work Hours: 8.0775hrs, Required: 8hrs, Status: P
  Comparison: >= 8.0 (P)

Person: FNM3157, Date: 2026-09-18
  Login: 32207s, Break: 3399s, Meeting: 0s
  Actual Break: 3399s, Final Login: 28808s
  Work Hours: 8.0022hrs, Required: 8hrs, Status: P
  Comparison: >= 8.0 (P)

Person: FNM3192, Date: 2026-09-18
  Login: 32151s, Break: 3308s, Meeting: 0s
  Actual Break: 3308s, Final Login: 28843s
  Work Hours: 8.0119hrs, Required: 8hrs, Status: P
  Comparison: >= 8.0 (P)

Person: FNM3520, Date: 2026-09-18
  Login: 32741s, Break: 3499s, Meeting: 0s
  Actual Break: 3499s, Final Login: 29242s
  Work Hours: 8.1228hrs, Required: 8hrs, Status: P
  Comparison: >= 8.0 (P)

Successfully synced 8 CSR-UPGRADE records.
  - Updated HD/A to P: 0 records
  - Skipped (already P): 15 records
PHP Warning:  PHP Startup: Unable to load dynamic library 'fileinfo.so' (tried: /usr/lib64/php7/extensions/fileinfo.so (/usr/lib64/php7/extensions/fileinfo.so: cannot open shared object file: No such file or directory), /usr/lib64/php7/extensions/fileinfo.so.so (/usr/lib64/php7/extensions/fileinfo.so.so: cannot open shared object file: No such file or directory)) in Unknown on line 0
PHP Warning:  Module 'pdo_pgsql' already loaded in Unknown on line 0
PHP Warning:  Module 'pgsql' already loaded in Unknown on line 0
PHP Warning:  Module 'Phar' already loaded in Unknown on line 0
>>> UPGRADE/DC/PLCC SYNC (SP) STARTED: 2026-09-18 00:00:00 to 2026-09-19 23:59:59 <<<
Processing 395 CSR users with UPGRADE process.
Fetching from Sampark via sp_agentwise_perform160... Found 32 rows.
Processing 23 records for CSR-UPGRADE users.

--- DEBUG INFO (First 5 records) ---
Person: FNM1726, Date: 2026-09-18
  Login: 31786s, Break: 3622s, Meeting: 0s
  Actual Break: 3622s, Final Login: 28164s
  Work Hours: 7.8233hrs, Required: 8hrs, Status: HD
  Comparison: < 8.0

Person: FNM2990, Date: 2026-09-18
  Login: 32282s, Break: 3203s, Meeting: 0s
  Actual Break: 3203s, Final Login: 29079s
  Work Hours: 8.0775hrs, Required: 8hrs, Status: P
  Comparison: >= 8.0 (P)

Person: FNM3157, Date: 2026-09-18
  Login: 32207s, Break: 3399s, Meeting: 0s
  Actual Break: 3399s, Final Login: 28808s
  Work Hours: 8.0022hrs, Required: 8hrs, Status: P
  Comparison: >= 8.0 (P)

Person: FNM3192, Date: 2026-09-18
  Login: 32151s, Break: 3308s, Meeting: 0s
  Actual Break: 3308s, Final Login: 28843s
  Work Hours: 8.0119hrs, Required: 8hrs, Status: P
  Comparison: >= 8.0 (P)

Person: FNM3520, Date: 2026-09-18
  Login: 32741s, Break: 3499s, Meeting: 0s
  Actual Break: 3499s, Final Login: 29242s
  Work Hours: 8.1228hrs, Required: 8hrs, Status: P
  Comparison: >= 8.0 (P)

Successfully synced 8 CSR-UPGRADE records.
  - Updated HD/A to P: 0 records
  - Skipped (already P): 15 records
PHP Warning:  PHP Startup: Unable to load dynamic library 'fileinfo.so' (tried: /usr/lib64/php7/extensions/fileinfo.so (/usr/lib64/php7/extensions/fileinfo.so: cannot open shared object file: No such file or directory), /usr/lib64/php7/extensions/fileinfo.so.so (/usr/lib64/php7/extensions/fileinfo.so.so: cannot open shared object file: No such file or directory)) in Unknown on line 0
PHP Warning:  Module 'pdo_pgsql' already loaded in Unknown on line 0
PHP Warning:  Module 'pgsql' already loaded in Unknown on line 0
PHP Warning:  Module 'Phar' already loaded in Unknown on line 0
>>> UPGRADE/DC/PLCC SYNC (SP) STARTED: 2026-09-18 00:00:00 to 2026-09-19 23:59:59 <<<
Processing 395 CSR users with UPGRADE process.
Fetching from Sampark via sp_agentwise_perform160... Found 32 rows.
Processing 23 records for CSR-UPGRADE users.

--- DEBUG INFO (First 5 records) ---
Person: FNM1726, Date: 2026-09-18
  Login: 31786s, Break: 3622s, Meeting: 0s
  Actual Break: 3622s, Final Login: 28164s
  Work Hours: 7.8233hrs, Required: 8hrs, Status: HD
  Comparison: < 8.0

Person: FNM2990, Date: 2026-09-18
  Login: 32282s, Break: 3203s, Meeting: 0s
  Actual Break: 3203s, Final Login: 29079s
  Work Hours: 8.0775hrs, Required: 8hrs, Status: P
  Comparison: >= 8.0 (P)

Person: FNM3157, Date: 2026-09-18
  Login: 32207s, Break: 3399s, Meeting: 0s
  Actual Break: 3399s, Final Login: 28808s
  Work Hours: 8.0022hrs, Required: 8hrs, Status: P
  Comparison: >= 8.0 (P)

Person: FNM3192, Date: 2026-09-18
  Login: 32151s, Break: 3308s, Meeting: 0s
  Actual Break: 3308s, Final Login: 28843s
  Work Hours: 8.0119hrs, Required: 8hrs, Status: P
  Comparison: >= 8.0 (P)

Person: FNM3520, Date: 2026-09-18
  Login: 32741s, Break: 3499s, Meeting: 0s
  Actual Break: 3499s, Final Login: 29242s
  Work Hours: 8.1228hrs, Required: 8hrs, Status: P
  Comparison: >= 8.0 (P)

Successfully synced 8 CSR-UPGRADE records.
  - Updated HD/A to P: 0 records
  - Skipped (already P): 15 records
PHP Warning:  PHP Startup: Unable to load dynamic library 'fileinfo.so' (tried: /usr/lib64/php7/extensions/fileinfo.so (/usr/lib64/php7/extensions/fileinfo.so: cannot open shared object file: No such file or directory), /usr/lib64/php7/extensions/fileinfo.so.so (/usr/lib64/php7/extensions/fileinfo.so.so: cannot open shared object file: No such file or directory)) in Unknown on line 0
PHP Warning:  Module 'pdo_pgsql' already loaded in Unknown on line 0
PHP Warning:  Module 'pgsql' already loaded in Unknown on line 0
PHP Warning:  Module 'Phar' already loaded in Unknown on line 0
>>> UPGRADE/DC/PLCC SYNC (SP) STARTED: 2026-09-18 00:00:00 to 2026-09-19 23:59:59 <<<
Processing 395 CSR users with UPGRADE process.
Fetching from Sampark via sp_agentwise_perform160... Found 32 rows.
Processing 23 records for CSR-UPGRADE users.

--- DEBUG INFO (First 5 records) ---
Person: FNM1726, Date: 2026-09-18
  Login: 31786s, Break: 3622s, Meeting: 0s
  Actual Break: 3622s, Final Login: 28164s
  Work Hours: 7.8233hrs, Required: 8hrs, Status: HD
  Comparison: < 8.0

Person: FNM2990, Date: 2026-09-18
  Login: 32282s, Break: 3203s, Meeting: 0s
  Actual Break: 3203s, Final Login: 29079s
  Work Hours: 8.0775hrs, Required: 8hrs, Status: P
  Comparison: >= 8.0 (P)

Person: FNM3157, Date: 2026-09-18
  Login: 32207s, Break: 3399s, Meeting: 0s
  Actual Break: 3399s, Final Login: 28808s
  Work Hours: 8.0022hrs, Required: 8hrs, Status: P
  Comparison: >= 8.0 (P)

Person: FNM3192, Date: 2026-09-18
  Login: 32151s, Break: 3308s, Meeting: 0s
  Actual Break: 3308s, Final Login: 28843s
  Work Hours: 8.0119hrs, Required: 8hrs, Status: P
  Comparison: >= 8.0 (P)

Person: FNM3520, Date: 2026-09-18
  Login: 32741s, Break: 3499s, Meeting: 0s
  Actual Break: 3499s, Final Login: 29242s
  Work Hours: 8.1228hrs, Required: 8hrs, Status: P
  Comparison: >= 8.0 (P)

Successfully synced 8 CSR-UPGRADE records.
  - Updated HD/A to P: 0 records
  - Skipped (already P): 15 records
PHP Warning:  PHP Startup: Unable to load dynamic library 'fileinfo.so' (tried: /usr/lib64/php7/extensions/fileinfo.so (/usr/lib64/php7/extensions/fileinfo.so: cannot open shared object file: No such file or directory), /usr/lib64/php7/extensions/fileinfo.so.so (/usr/lib64/php7/extensions/fileinfo.so.so: cannot open shared object file: No such file or directory)) in Unknown on line 0
PHP Warning:  Module 'pdo_pgsql' already loaded in Unknown on line 0
PHP Warning:  Module 'pgsql' already loaded in Unknown on line 0
PHP Warning:  Module 'Phar' already loaded in Unknown on line 0
>>> UPGRADE/DC/PLCC SYNC (SP) STARTED: 2026-09-18 00:00:00 to 2026-09-19 23:59:59 <<<
Processing 395 CSR users with UPGRADE process.
Fetching from Sampark via sp_agentwise_perform160... Found 32 rows.
Processing 23 records for CSR-UPGRADE users.

--- DEBUG INFO (First 5 records) ---
Person: FNM1726, Date: 2026-09-18
  Login: 31786s, Break: 3622s, Meeting: 0s
  Actual Break: 3622s, Final Login: 28164s
  Work Hours: 7.8233hrs, Required: 8hrs, Status: HD
  Comparison: < 8.0

Person: FNM2990, Date: 2026-09-18
  Login: 32282s, Break: 3203s, Meeting: 0s
  Actual Break: 3203s, Final Login: 29079s
  Work Hours: 8.0775hrs, Required: 8hrs, Status: P
  Comparison: >= 8.0 (P)

Person: FNM3157, Date: 2026-09-18
  Login: 32207s, Break: 3399s, Meeting: 0s
  Actual Break: 3399s, Final Login: 28808s
  Work Hours: 8.0022hrs, Required: 8hrs, Status: P
  Comparison: >= 8.0 (P)

Person: FNM3192, Date: 2026-09-18
  Login: 32151s, Break: 3308s, Meeting: 0s
  Actual Break: 3308s, Final Login: 28843s
  Work Hours: 8.0119hrs, Required: 8hrs, Status: P
  Comparison: >= 8.0 (P)

Person: FNM3520, Date: 2026-09-18
  Login: 32741s, Break: 3499s, Meeting: 0s
  Actual Break: 3499s, Final Login: 29242s
  Work Hours: 8.1228hrs, Required: 8hrs, Status: P
  Comparison: >= 8.0 (P)

Successfully synced 8 CSR-UPGRADE records.
  - Updated HD/A to P: 0 records
  - Skipped (already P): 15 records
PHP Warning:  PHP Startup: Unable to load dynamic library 'fileinfo.so' (tried: /usr/lib64/php7/extensions/fileinfo.so (/usr/lib64/php7/extensions/fileinfo.so: cannot open shared object file: No such file or directory), /usr/lib64/php7/extensions/fileinfo.so.so (/usr/lib64/php7/extensions/fileinfo.so.so: cannot open shared object file: No such file or directory)) in Unknown on line 0
PHP Warning:  Module 'pdo_pgsql' already loaded in Unknown on line 0
PHP Warning:  Module 'pgsql' already loaded in Unknown on line 0
PHP Warning:  Module 'Phar' already loaded in Unknown on line 0
>>> UPGRADE/DC/PLCC SYNC (SP) STARTED: 2026-09-18 00:00:00 to 2026-09-19 23:59:59 <<<
Processing 395 CSR users with UPGRADE process.
Fetching from Sampark via sp_agentwise_perform160... Found 34 rows.
Processing 24 records for CSR-UPGRADE users.

--- DEBUG INFO (First 5 records) ---
Person: FNM1726, Date: 2026-09-18
  Login: 31786s, Break: 3622s, Meeting: 0s
  Actual Break: 3622s, Final Login: 28164s
  Work Hours: 7.8233hrs, Required: 8hrs, Status: HD
  Comparison: < 8.0

Person: FNM2990, Date: 2026-09-18
  Login: 32282s, Break: 3203s, Meeting: 0s
  Actual Break: 3203s, Final Login: 29079s
  Work Hours: 8.0775hrs, Required: 8hrs, Status: P
  Comparison: >= 8.0 (P)

Person: FNM3157, Date: 2026-09-18
  Login: 32207s, Break: 3399s, Meeting: 0s
  Actual Break: 3399s, Final Login: 28808s
  Work Hours: 8.0022hrs, Required: 8hrs, Status: P
  Comparison: >= 8.0 (P)

Person: FNM3192, Date: 2026-09-18
  Login: 32151s, Break: 3308s, Meeting: 0s
  Actual Break: 3308s, Final Login: 28843s
  Work Hours: 8.0119hrs, Required: 8hrs, Status: P
  Comparison: >= 8.0 (P)

Person: FNM3520, Date: 2026-09-18
  Login: 32741s, Break: 3499s, Meeting: 0s
  Actual Break: 3499s, Final Login: 29242s
  Work Hours: 8.1228hrs, Required: 8hrs, Status: P
  Comparison: >= 8.0 (P)

Successfully synced 8 CSR-UPGRADE records.
  - Updated HD/A to P: 0 records
  - Skipped (already P): 15 records
PHP Warning:  PHP Startup: Unable to load dynamic library 'fileinfo.so' (tried: /usr/lib64/php7/extensions/fileinfo.so (/usr/lib64/php7/extensions/fileinfo.so: cannot open shared object file: No such file or directory), /usr/lib64/php7/extensions/fileinfo.so.so (/usr/lib64/php7/extensions/fileinfo.so.so: cannot open shared object file: No such file or directory)) in Unknown on line 0
PHP Warning:  Module 'pdo_pgsql' already loaded in Unknown on line 0
PHP Warning:  Module 'pgsql' already loaded in Unknown on line 0
PHP Warning:  Module 'Phar' already loaded in Unknown on line 0
>>> UPGRADE/DC/PLCC SYNC (SP) STARTED: 2026-09-18 00:00:00 to 2026-09-19 23:59:59 <<<
Processing 395 CSR users with UPGRADE process.
Fetching from Sampark via sp_agentwise_perform160... Found 34 rows.
Processing 24 records for CSR-UPGRADE users.

--- DEBUG INFO (First 5 records) ---
Person: FNM1726, Date: 2026-09-18
  Login: 31786s, Break: 3622s, Meeting: 0s
  Actual Break: 3622s, Final Login: 28164s
  Work Hours: 7.8233hrs, Required: 8hrs, Status: HD
  Comparison: < 8.0

Person: FNM2990, Date: 2026-09-18
  Login: 32282s, Break: 3203s, Meeting: 0s
  Actual Break: 3203s, Final Login: 29079s
  Work Hours: 8.0775hrs, Required: 8hrs, Status: P
  Comparison: >= 8.0 (P)

Person: FNM3157, Date: 2026-09-18
  Login: 32207s, Break: 3399s, Meeting: 0s
  Actual Break: 3399s, Final Login: 28808s
  Work Hours: 8.0022hrs, Required: 8hrs, Status: P
  Comparison: >= 8.0 (P)

Person: FNM3192, Date: 2026-09-18
  Login: 32151s, Break: 3308s, Meeting: 0s
  Actual Break: 3308s, Final Login: 28843s
  Work Hours: 8.0119hrs, Required: 8hrs, Status: P
  Comparison: >= 8.0 (P)

Person: FNM3520, Date: 2026-09-18
  Login: 32741s, Break: 3499s, Meeting: 0s
  Actual Break: 3499s, Final Login: 29242s
  Work Hours: 8.1228hrs, Required: 8hrs, Status: P
  Comparison: >= 8.0 (P)

Successfully synced 9 CSR-UPGRADE records.
  - Updated HD/A to P: 0 records
  - Skipped (already P): 15 records
PHP Warning:  PHP Startup: Unable to load dynamic library 'fileinfo.so' (tried: /usr/lib64/php7/extensions/fileinfo.so (/usr/lib64/php7/extensions/fileinfo.so: cannot open shared object file: No such file or directory), /usr/lib64/php7/extensions/fileinfo.so.so (/usr/lib64/php7/extensions/fileinfo.so.so: cannot open shared object file: No such file or directory)) in Unknown on line 0
PHP Warning:  Module 'pdo_pgsql' already loaded in Unknown on line 0
PHP Warning:  Module 'pgsql' already loaded in Unknown on line 0
PHP Warning:  Module 'Phar' already loaded in Unknown on line 0
>>> UPGRADE/DC/PLCC SYNC (SP) STARTED: 2026-09-18 00:00:00 to 2026-09-19 23:59:59 <<<
Processing 395 CSR users with UPGRADE process.
Fetching from Sampark via sp_agentwise_perform160... Found 38 rows.
Processing 28 records for CSR-UPGRADE users.

--- DEBUG INFO (First 5 records) ---
Person: FNM1726, Date: 2026-09-18
  Login: 31786s, Break: 3622s, Meeting: 0s
  Actual Break: 3622s, Final Login: 28164s
  Work Hours: 7.8233hrs, Required: 8hrs, Status: HD
  Comparison: < 8.0

Person: FNM2990, Date: 2026-09-18
  Login: 32282s, Break: 3203s, Meeting: 0s
  Actual Break: 3203s, Final Login: 29079s
  Work Hours: 8.0775hrs, Required: 8hrs, Status: P
  Comparison: >= 8.0 (P)

Person: FNM3157, Date: 2026-09-18
  Login: 32207s, Break: 3399s, Meeting: 0s
  Actual Break: 3399s, Final Login: 28808s
  Work Hours: 8.0022hrs, Required: 8hrs, Status: P
  Comparison: >= 8.0 (P)

Person: FNM3192, Date: 2026-09-18
  Login: 32151s, Break: 3308s, Meeting: 0s
  Actual Break: 3308s, Final Login: 28843s
  Work Hours: 8.0119hrs, Required: 8hrs, Status: P
  Comparison: >= 8.0 (P)

Person: FNM3520, Date: 2026-09-18
  Login: 32741s, Break: 3499s, Meeting: 0s
  Actual Break: 3499s, Final Login: 29242s
  Work Hours: 8.1228hrs, Required: 8hrs, Status: P
  Comparison: >= 8.0 (P)

Successfully synced 9 CSR-UPGRADE records.
  - Updated HD/A to P: 0 records
  - Skipped (already P): 15 records
PHP Warning:  PHP Startup: Unable to load dynamic library 'fileinfo.so' (tried: /usr/lib64/php7/extensions/fileinfo.so (/usr/lib64/php7/extensions/fileinfo.so: cannot open shared object file: No such file or directory), /usr/lib64/php7/extensions/fileinfo.so.so (/usr/lib64/php7/extensions/fileinfo.so.so: cannot open shared object file: No such file or directory)) in Unknown on line 0
PHP Warning:  Module 'pdo_pgsql' already loaded in Unknown on line 0
PHP Warning:  Module 'pgsql' already loaded in Unknown on line 0
PHP Warning:  Module 'Phar' already loaded in Unknown on line 0
>>> UPGRADE/DC/PLCC SYNC (SP) STARTED: 2026-09-18 00:00:00 to 2026-09-19 23:59:59 <<<
Processing 395 CSR users with UPGRADE process.
Fetching from Sampark via sp_agentwise_perform160... Found 61 rows.
Processing 45 records for CSR-UPGRADE users.

--- DEBUG INFO (First 5 records) ---
Person: FNM1726, Date: 2026-09-18
  Login: 31786s, Break: 3622s, Meeting: 0s
  Actual Break: 3622s, Final Login: 28164s
  Work Hours: 7.8233hrs, Required: 8hrs, Status: HD
  Comparison: < 8.0

Person: FNM2990, Date: 2026-09-18
  Login: 32282s, Break: 3203s, Meeting: 0s
  Actual Break: 3203s, Final Login: 29079s
  Work Hours: 8.0775hrs, Required: 8hrs, Status: P
  Comparison: >= 8.0 (P)

Person: FNM3157, Date: 2026-09-18
  Login: 32207s, Break: 3399s, Meeting: 0s
  Actual Break: 3399s, Final Login: 28808s
  Work Hours: 8.0022hrs, Required: 8hrs, Status: P
  Comparison: >= 8.0 (P)

Person: FNM3192, Date: 2026-09-18
  Login: 32151s, Break: 3308s, Meeting: 0s
  Actual Break: 3308s, Final Login: 28843s
  Work Hours: 8.0119hrs, Required: 8hrs, Status: P
  Comparison: >= 8.0 (P)

Person: FNM3520, Date: 2026-09-18
  Login: 32741s, Break: 3499s, Meeting: 0s
  Actual Break: 3499s, Final Login: 29242s
  Work Hours: 8.1228hrs, Required: 8hrs, Status: P
  Comparison: >= 8.0 (P)

Successfully synced 27 CSR-UPGRADE records.
  - Updated HD/A to P: 0 records
  - Skipped (already P): 15 records
PHP Warning:  PHP Startup: Unable to load dynamic library 'fileinfo.so' (tried: /usr/lib64/php7/extensions/fileinfo.so (/usr/lib64/php7/extensions/fileinfo.so: cannot open shared object file: No such file or directory), /usr/lib64/php7/extensions/fileinfo.so.so (/usr/lib64/php7/extensions/fileinfo.so.so: cannot open shared object file: No such file or directory)) in Unknown on line 0
PHP Warning:  Module 'pdo_pgsql' already loaded in Unknown on line 0
PHP Warning:  Module 'pgsql' already loaded in Unknown on line 0
PHP Warning:  Module 'Phar' already loaded in Unknown on line 0
>>> UPGRADE/DC/PLCC SYNC (SP) STARTED: 2026-09-18 00:00:00 to 2026-09-19 23:59:59 <<<
Processing 395 CSR users with UPGRADE process.
Fetching from Sampark via sp_agentwise_perform160... Found 66 rows.
Processing 50 records for CSR-UPGRADE users.

--- DEBUG INFO (First 5 records) ---
Person: FNM1726, Date: 2026-09-18
  Login: 31786s, Break: 3622s, Meeting: 0s
  Actual Break: 3622s, Final Login: 28164s
  Work Hours: 7.8233hrs, Required: 8hrs, Status: HD
  Comparison: < 8.0

Person: FNM2990, Date: 2026-09-18
  Login: 32282s, Break: 3203s, Meeting: 0s
  Actual Break: 3203s, Final Login: 29079s
  Work Hours: 8.0775hrs, Required: 8hrs, Status: P
  Comparison: >= 8.0 (P)

Person: FNM3157, Date: 2026-09-18
  Login: 32207s, Break: 3399s, Meeting: 0s
  Actual Break: 3399s, Final Login: 28808s
  Work Hours: 8.0022hrs, Required: 8hrs, Status: P
  Comparison: >= 8.0 (P)

Person: FNM3192, Date: 2026-09-18
  Login: 32151s, Break: 3308s, Meeting: 0s
  Actual Break: 3308s, Final Login: 28843s
  Work Hours: 8.0119hrs, Required: 8hrs, Status: P
  Comparison: >= 8.0 (P)

Person: FNM3520, Date: 2026-09-18
  Login: 32741s, Break: 3499s, Meeting: 0s
  Actual Break: 3499s, Final Login: 29242s
  Work Hours: 8.1228hrs, Required: 8hrs, Status: P
  Comparison: >= 8.0 (P)

Successfully synced 35 CSR-UPGRADE records.
  - Updated HD/A to P: 0 records
  - Skipped (already P): 15 records
PHP Warning:  PHP Startup: Unable to load dynamic library 'fileinfo.so' (tried: /usr/lib64/php7/extensions/fileinfo.so (/usr/lib64/php7/extensions/fileinfo.so: cannot open shared object file: No such file or directory), /usr/lib64/php7/extensions/fileinfo.so.so (/usr/lib64/php7/extensions/fileinfo.so.so: cannot open shared object file: No such file or directory)) in Unknown on line 0
PHP Warning:  Module 'pdo_pgsql' already loaded in Unknown on line 0
PHP Warning:  Module 'pgsql' already loaded in Unknown on line 0
PHP Warning:  Module 'Phar' already loaded in Unknown on line 0
>>> UPGRADE/DC/PLCC SYNC (SP) STARTED: 2026-09-18 00:00:00 to 2026-09-19 23:59:59 <<<
Processing 395 CSR users with UPGRADE process.
Fetching from Sampark via sp_agentwise_perform160... Found 66 rows.
Processing 50 records for CSR-UPGRADE users.

--- DEBUG INFO (First 5 records) ---
Person: FNM1726, Date: 2026-09-18
  Login: 31786s, Break: 3622s, Meeting: 0s
  Actual Break: 3622s, Final Login: 28164s
  Work Hours: 7.8233hrs, Required: 8hrs, Status: HD
  Comparison: < 8.0

Person: FNM2990, Date: 2026-09-18
  Login: 32282s, Break: 3203s, Meeting: 0s
  Actual Break: 3203s, Final Login: 29079s
  Work Hours: 8.0775hrs, Required: 8hrs, Status: P
  Comparison: >= 8.0 (P)

Person: FNM3157, Date: 2026-09-18
  Login: 32207s, Break: 3399s, Meeting: 0s
  Actual Break: 3399s, Final Login: 28808s
  Work Hours: 8.0022hrs, Required: 8hrs, Status: P
  Comparison: >= 8.0 (P)

Person: FNM3192, Date: 2026-09-18
  Login: 32151s, Break: 3308s, Meeting: 0s
  Actual Break: 3308s, Final Login: 28843s
  Work Hours: 8.0119hrs, Required: 8hrs, Status: P
  Comparison: >= 8.0 (P)

Person: FNM3520, Date: 2026-09-18
  Login: 32741s, Break: 3499s, Meeting: 0s
  Actual Break: 3499s, Final Login: 29242s
  Work Hours: 8.1228hrs, Required: 8hrs, Status: P
  Comparison: >= 8.0 (P)

Successfully synced 35 CSR-UPGRADE records.
  - Updated HD/A to P: 0 records
  - Skipped (already P): 15 records
PHP Warning:  PHP Startup: Unable to load dynamic library 'fileinfo.so' (tried: /usr/lib64/php7/extensions/fileinfo.so (/usr/lib64/php7/extensions/fileinfo.so: cannot open shared object file: No such file or directory), /usr/lib64/php7/extensions/fileinfo.so.so (/usr/lib64/php7/extensions/fileinfo.so.so: cannot open shared object file: No such file or directory)) in Unknown on line 0
PHP Warning:  Module 'pdo_pgsql' already loaded in Unknown on line 0
PHP Warning:  Module 'pgsql' already loaded in Unknown on line 0
PHP Warning:  Module 'Phar' already loaded in Unknown on line 0
>>> UPGRADE/DC/PLCC SYNC (SP) STARTED: 2026-09-18 00:00:00 to 2026-09-19 23:59:59 <<<
Processing 395 CSR users with UPGRADE process.
Fetching from Sampark via sp_agentwise_perform160... Found 66 rows.
Processing 50 records for CSR-UPGRADE users.

--- DEBUG INFO (First 5 records) ---
Person: FNM1726, Date: 2026-09-18
  Login: 31786s, Break: 3622s, Meeting: 0s
  Actual Break: 3622s, Final Login: 28164s
  Work Hours: 7.8233hrs, Required: 8hrs, Status: HD
  Comparison: < 8.0

Person: FNM2990, Date: 2026-09-18
  Login: 32282s, Break: 3203s, Meeting: 0s
  Actual Break: 3203s, Final Login: 29079s
  Work Hours: 8.0775hrs, Required: 8hrs, Status: P
  Comparison: >= 8.0 (P)

Person: FNM3157, Date: 2026-09-18
  Login: 32207s, Break: 3399s, Meeting: 0s
  Actual Break: 3399s, Final Login: 28808s
  Work Hours: 8.0022hrs, Required: 8hrs, Status: P
  Comparison: >= 8.0 (P)

Person: FNM3192, Date: 2026-09-18
  Login: 32151s, Break: 3308s, Meeting: 0s
  Actual Break: 3308s, Final Login: 28843s
  Work Hours: 8.0119hrs, Required: 8hrs, Status: P
  Comparison: >= 8.0 (P)

Person: FNM3520, Date: 2026-09-18
  Login: 32741s, Break: 3499s, Meeting: 0s
  Actual Break: 3499s, Final Login: 29242s
  Work Hours: 8.1228hrs, Required: 8hrs, Status: P
  Comparison: >= 8.0 (P)

Successfully synced 35 CSR-UPGRADE records.
  - Updated HD/A to P: 0 records
  - Skipped (already P): 15 records
PHP Warning:  PHP Startup: Unable to load dynamic library 'fileinfo.so' (tried: /usr/lib64/php7/extensions/fileinfo.so (/usr/lib64/php7/extensions/fileinfo.so: cannot open shared object file: No such file or directory), /usr/lib64/php7/extensions/fileinfo.so.so (/usr/lib64/php7/extensions/fileinfo.so.so: cannot open shared object file: No such file or directory)) in Unknown on line 0
PHP Warning:  Module 'pdo_pgsql' already loaded in Unknown on line 0
PHP Warning:  Module 'pgsql' already loaded in Unknown on line 0
PHP Warning:  Module 'Phar' already loaded in Unknown on line 0
>>> UPGRADE/DC/PLCC SYNC (SP) STARTED: 2026-09-18 00:00:00 to 2026-09-19 23:59:59 <<<
Processing 395 CSR users with UPGRADE process.
Fetching from Sampark via sp_agentwise_perform160... Found 66 rows.
Processing 50 records for CSR-UPGRADE users.

--- DEBUG INFO (First 5 records) ---
Person: FNM1726, Date: 2026-09-18
  Login: 31786s, Break: 3622s, Meeting: 0s
  Actual Break: 3622s, Final Login: 28164s
  Work Hours: 7.8233hrs, Required: 8hrs, Status: HD
  Comparison: < 8.0

Person: FNM2990, Date: 2026-09-18
  Login: 32282s, Break: 3203s, Meeting: 0s
  Actual Break: 3203s, Final Login: 29079s
  Work Hours: 8.0775hrs, Required: 8hrs, Status: P
  Comparison: >= 8.0 (P)

Person: FNM3157, Date: 2026-09-18
  Login: 32207s, Break: 3399s, Meeting: 0s
  Actual Break: 3399s, Final Login: 28808s
  Work Hours: 8.0022hrs, Required: 8hrs, Status: P
  Comparison: >= 8.0 (P)

Person: FNM3192, Date: 2026-09-18
  Login: 32151s, Break: 3308s, Meeting: 0s
  Actual Break: 3308s, Final Login: 28843s
  Work Hours: 8.0119hrs, Required: 8hrs, Status: P
  Comparison: >= 8.0 (P)

Person: FNM3520, Date: 2026-09-18
  Login: 32741s, Break: 3499s, Meeting: 0s
  Actual Break: 3499s, Final Login: 29242s
  Work Hours: 8.1228hrs, Required: 8hrs, Status: P
  Comparison: >= 8.0 (P)

Successfully synced 35 CSR-UPGRADE records.
  - Updated HD/A to P: 0 records
  - Skipped (already P): 15 records
PHP Warning:  PHP Startup: Unable to load dynamic library 'fileinfo.so' (tried: /usr/lib64/php7/extensions/fileinfo.so (/usr/lib64/php7/extensions/fileinfo.so: cannot open shared object file: No such file or directory), /usr/lib64/php7/extensions/fileinfo.so.so (/usr/lib64/php7/extensions/fileinfo.so.so: cannot open shared object file: No such file or directory)) in Unknown on line 0
PHP Warning:  Module 'pdo_pgsql' already loaded in Unknown on line 0
PHP Warning:  Module 'pgsql' already loaded in Unknown on line 0
PHP Warning:  Module 'Phar' already loaded in Unknown on line 0
>>> UPGRADE/DC/PLCC SYNC (SP) STARTED: 2026-09-18 00:00:00 to 2026-09-19 23:59:59 <<<
Processing 395 CSR users with UPGRADE process.
Fetching from Sampark via sp_agentwise_perform160... Found 66 rows.
Processing 50 records for CSR-UPGRADE users.

--- DEBUG INFO (First 5 records) ---
Person: FNM1726, Date: 2026-09-18
  Login: 31786s, Break: 3622s, Meeting: 0s
  Actual Break: 3622s, Final Login: 28164s
  Work Hours: 7.8233hrs, Required: 8hrs, Status: HD
  Comparison: < 8.0

Person: FNM2990, Date: 2026-09-18
  Login: 32282s, Break: 3203s, Meeting: 0s
  Actual Break: 3203s, Final Login: 29079s
  Work Hours: 8.0775hrs, Required: 8hrs, Status: P
  Comparison: >= 8.0 (P)

Person: FNM3157, Date: 2026-09-18
  Login: 32207s, Break: 3399s, Meeting: 0s
  Actual Break: 3399s, Final Login: 28808s
  Work Hours: 8.0022hrs, Required: 8hrs, Status: P
  Comparison: >= 8.0 (P)

Person: FNM3192, Date: 2026-09-18
  Login: 32151s, Break: 3308s, Meeting: 0s
  Actual Break: 3308s, Final Login: 28843s
  Work Hours: 8.0119hrs, Required: 8hrs, Status: P
  Comparison: >= 8.0 (P)

Person: FNM3520, Date: 2026-09-18
  Login: 32741s, Break: 3499s, Meeting: 0s
  Actual Break: 3499s, Final Login: 29242s
  Work Hours: 8.1228hrs, Required: 8hrs, Status: P
  Comparison: >= 8.0 (P)

Successfully synced 35 CSR-UPGRADE records.
  - Updated HD/A to P: 0 records
  - Skipped (already P): 15 records
PHP Warning:  PHP Startup: Unable to load dynamic library 'fileinfo.so' (tried: /usr/lib64/php7/extensions/fileinfo.so (/usr/lib64/php7/extensions/fileinfo.so: cannot open shared object file: No such file or directory), /usr/lib64/php7/extensions/fileinfo.so.so (/usr/lib64/php7/extensions/fileinfo.so.so: cannot open shared object file: No such file or directory)) in Unknown on line 0
PHP Warning:  Module 'pdo_pgsql' already loaded in Unknown on line 0
PHP Warning:  Module 'pgsql' already loaded in Unknown on line 0
PHP Warning:  Module 'Phar' already loaded in Unknown on line 0
>>> UPGRADE/DC/PLCC SYNC (SP) STARTED: 2026-09-18 00:00:00 to 2026-09-19 23:59:59 <<<
Processing 395 CSR users with UPGRADE process.
Fetching from Sampark via sp_agentwise_perform160... Found 67 rows.
Processing 50 records for CSR-UPGRADE users.

--- DEBUG INFO (First 5 records) ---
Person: FNM1726, Date: 2026-09-18
  Login: 31786s, Break: 3622s, Meeting: 0s
  Actual Break: 3622s, Final Login: 28164s
  Work Hours: 7.8233hrs, Required: 8hrs, Status: HD
  Comparison: < 8.0

Person: FNM2990, Date: 2026-09-18
  Login: 32282s, Break: 3203s, Meeting: 0s
  Actual Break: 3203s, Final Login: 29079s
  Work Hours: 8.0775hrs, Required: 8hrs, Status: P
  Comparison: >= 8.0 (P)

Person: FNM3157, Date: 2026-09-18
  Login: 32207s, Break: 3399s, Meeting: 0s
  Actual Break: 3399s, Final Login: 28808s
  Work Hours: 8.0022hrs, Required: 8hrs, Status: P
  Comparison: >= 8.0 (P)

Person: FNM3192, Date: 2026-09-18
  Login: 32151s, Break: 3308s, Meeting: 0s
  Actual Break: 3308s, Final Login: 28843s
  Work Hours: 8.0119hrs, Required: 8hrs, Status: P
  Comparison: >= 8.0 (P)

Person: FNM3520, Date: 2026-09-18
  Login: 32741s, Break: 3499s, Meeting: 0s
  Actual Break: 3499s, Final Login: 29242s
  Work Hours: 8.1228hrs, Required: 8hrs, Status: P
  Comparison: >= 8.0 (P)

Successfully synced 35 CSR-UPGRADE records.
  - Updated HD/A to P: 0 records
  - Skipped (already P): 15 records
PHP Warning:  PHP Startup: Unable to load dynamic library 'fileinfo.so' (tried: /usr/lib64/php7/extensions/fileinfo.so (/usr/lib64/php7/extensions/fileinfo.so: cannot open shared object file: No such file or directory), /usr/lib64/php7/extensions/fileinfo.so.so (/usr/lib64/php7/extensions/fileinfo.so.so: cannot open shared object file: No such file or directory)) in Unknown on line 0
PHP Warning:  Module 'pdo_pgsql' already loaded in Unknown on line 0
PHP Warning:  Module 'pgsql' already loaded in Unknown on line 0
PHP Warning:  Module 'Phar' already loaded in Unknown on line 0
>>> UPGRADE/DC/PLCC SYNC (SP) STARTED: 2026-09-18 00:00:00 to 2026-09-19 23:59:59 <<<
Processing 395 CSR users with UPGRADE process.
Fetching from Sampark via sp_agentwise_perform160... Found 67 rows.
Processing 50 records for CSR-UPGRADE users.

--- DEBUG INFO (First 5 records) ---
Person: FNM1726, Date: 2026-09-18
  Login: 31786s, Break: 3622s, Meeting: 0s
  Actual Break: 3622s, Final Login: 28164s
  Work Hours: 7.8233hrs, Required: 8hrs, Status: HD
  Comparison: < 8.0

Person: FNM2990, Date: 2026-09-18
  Login: 32282s, Break: 3203s, Meeting: 0s
  Actual Break: 3203s, Final Login: 29079s
  Work Hours: 8.0775hrs, Required: 8hrs, Status: P
  Comparison: >= 8.0 (P)

Person: FNM3157, Date: 2026-09-18
  Login: 32207s, Break: 3399s, Meeting: 0s
  Actual Break: 3399s, Final Login: 28808s
  Work Hours: 8.0022hrs, Required: 8hrs, Status: P
  Comparison: >= 8.0 (P)

Person: FNM3192, Date: 2026-09-18
  Login: 32151s, Break: 3308s, Meeting: 0s
  Actual Break: 3308s, Final Login: 28843s
  Work Hours: 8.0119hrs, Required: 8hrs, Status: P
  Comparison: >= 8.0 (P)

Person: FNM3520, Date: 2026-09-18
  Login: 32741s, Break: 3499s, Meeting: 0s
  Actual Break: 3499s, Final Login: 29242s
  Work Hours: 8.1228hrs, Required: 8hrs, Status: P
  Comparison: >= 8.0 (P)

Successfully synced 35 CSR-UPGRADE records.
  - Updated HD/A to P: 0 records
  - Skipped (already P): 15 records
PHP Warning:  PHP Startup: Unable to load dynamic library 'fileinfo.so' (tried: /usr/lib64/php7/extensions/fileinfo.so (/usr/lib64/php7/extensions/fileinfo.so: cannot open shared object file: No such file or directory), /usr/lib64/php7/extensions/fileinfo.so.so (/usr/lib64/php7/extensions/fileinfo.so.so: cannot open shared object file: No such file or directory)) in Unknown on line 0
PHP Warning:  Module 'pdo_pgsql' already loaded in Unknown on line 0
PHP Warning:  Module 'pgsql' already loaded in Unknown on line 0
PHP Warning:  Module 'Phar' already loaded in Unknown on line 0
>>> UPGRADE/DC/PLCC SYNC (SP) STARTED: 2026-09-18 00:00:00 to 2026-09-19 23:59:59 <<<
Processing 395 CSR users with UPGRADE process.
Fetching from Sampark via sp_agentwise_perform160... Found 67 rows.
Processing 50 records for CSR-UPGRADE users.

--- DEBUG INFO (First 5 records) ---
Person: FNM1726, Date: 2026-09-18
  Login: 31786s, Break: 3622s, Meeting: 0s
  Actual Break: 3622s, Final Login: 28164s
  Work Hours: 7.8233hrs, Required: 8hrs, Status: HD
  Comparison: < 8.0

Person: FNM2990, Date: 2026-09-18
  Login: 32282s, Break: 3203s, Meeting: 0s
  Actual Break: 3203s, Final Login: 29079s
  Work Hours: 8.0775hrs, Required: 8hrs, Status: P
  Comparison: >= 8.0 (P)

Person: FNM3157, Date: 2026-09-18
  Login: 32207s, Break: 3399s, Meeting: 0s
  Actual Break: 3399s, Final Login: 28808s
  Work Hours: 8.0022hrs, Required: 8hrs, Status: P
  Comparison: >= 8.0 (P)

Person: FNM3192, Date: 2026-09-18
  Login: 32151s, Break: 3308s, Meeting: 0s
  Actual Break: 3308s, Final Login: 28843s
  Work Hours: 8.0119hrs, Required: 8hrs, Status: P
  Comparison: >= 8.0 (P)

Person: FNM3520, Date: 2026-09-18
  Login: 32741s, Break: 3499s, Meeting: 0s
  Actual Break: 3499s, Final Login: 29242s
  Work Hours: 8.1228hrs, Required: 8hrs, Status: P
  Comparison: >= 8.0 (P)

Successfully synced 35 CSR-UPGRADE records.
  - Updated HD/A to P: 0 records
  - Skipped (already P): 15 records
PHP Warning:  PHP Startup: Unable to load dynamic library 'fileinfo.so' (tried: /usr/lib64/php7/extensions/fileinfo.so (/usr/lib64/php7/extensions/fileinfo.so: cannot open shared object file: No such file or directory), /usr/lib64/php7/extensions/fileinfo.so.so (/usr/lib64/php7/extensions/fileinfo.so.so: cannot open shared object file: No such file or directory)) in Unknown on line 0
PHP Warning:  Module 'pdo_pgsql' already loaded in Unknown on line 0
PHP Warning:  Module 'pgsql' already loaded in Unknown on line 0
PHP Warning:  Module 'Phar' already loaded in Unknown on line 0
>>> UPGRADE/DC/PLCC SYNC (SP) STARTED: 2026-09-18 00:00:00 to 2026-09-19 23:59:59 <<<
Processing 395 CSR users with UPGRADE process.
Fetching from Sampark via sp_agentwise_perform160... Found 68 rows.
Processing 51 records for CSR-UPGRADE users.

--- DEBUG INFO (First 5 records) ---
Person: FNM1726, Date: 2026-09-18
  Login: 31786s, Break: 3622s, Meeting: 0s
  Actual Break: 3622s, Final Login: 28164s
  Work Hours: 7.8233hrs, Required: 8hrs, Status: HD
  Comparison: < 8.0

Person: FNM2990, Date: 2026-09-18
  Login: 32282s, Break: 3203s, Meeting: 0s
  Actual Break: 3203s, Final Login: 29079s
  Work Hours: 8.0775hrs, Required: 8hrs, Status: P
  Comparison: >= 8.0 (P)

Person: FNM3157, Date: 2026-09-18
  Login: 32207s, Break: 3399s, Meeting: 0s
  Actual Break: 3399s, Final Login: 28808s
  Work Hours: 8.0022hrs, Required: 8hrs, Status: P
  Comparison: >= 8.0 (P)

Person: FNM3192, Date: 2026-09-18
  Login: 32151s, Break: 3308s, Meeting: 0s
  Actual Break: 3308s, Final Login: 28843s
  Work Hours: 8.0119hrs, Required: 8hrs, Status: P
  Comparison: >= 8.0 (P)

Person: FNM3520, Date: 2026-09-18
  Login: 32741s, Break: 3499s, Meeting: 0s
  Actual Break: 3499s, Final Login: 29242s
  Work Hours: 8.1228hrs, Required: 8hrs, Status: P
  Comparison: >= 8.0 (P)

Successfully synced 36 CSR-UPGRADE records.
  - Updated HD/A to P: 0 records
  - Skipped (already P): 15 records
PHP Warning:  PHP Startup: Unable to load dynamic library 'fileinfo.so' (tried: /usr/lib64/php7/extensions/fileinfo.so (/usr/lib64/php7/extensions/fileinfo.so: cannot open shared object file: No such file or directory), /usr/lib64/php7/extensions/fileinfo.so.so (/usr/lib64/php7/extensions/fileinfo.so.so: cannot open shared object file: No such file or directory)) in Unknown on line 0
PHP Warning:  Module 'pdo_pgsql' already loaded in Unknown on line 0
PHP Warning:  Module 'pgsql' already loaded in Unknown on line 0
PHP Warning:  Module 'Phar' already loaded in Unknown on line 0
>>> UPGRADE/DC/PLCC SYNC (SP) STARTED: 2026-09-18 00:00:00 to 2026-09-19 23:59:59 <<<
Processing 395 CSR users with UPGRADE process.
Fetching from Sampark via sp_agentwise_perform160... Found 68 rows.
Processing 51 records for CSR-UPGRADE users.

--- DEBUG INFO (First 5 records) ---
Person: FNM1726, Date: 2026-09-18
  Login: 31786s, Break: 3622s, Meeting: 0s
  Actual Break: 3622s, Final Login: 28164s
  Work Hours: 7.8233hrs, Required: 8hrs, Status: HD
  Comparison: < 8.0

Person: FNM2990, Date: 2026-09-18
  Login: 32282s, Break: 3203s, Meeting: 0s
  Actual Break: 3203s, Final Login: 29079s
  Work Hours: 8.0775hrs, Required: 8hrs, Status: P
  Comparison: >= 8.0 (P)

Person: FNM3157, Date: 2026-09-18
  Login: 32207s, Break: 3399s, Meeting: 0s
  Actual Break: 3399s, Final Login: 28808s
  Work Hours: 8.0022hrs, Required: 8hrs, Status: P
  Comparison: >= 8.0 (P)

Person: FNM3192, Date: 2026-09-18
  Login: 32151s, Break: 3308s, Meeting: 0s
  Actual Break: 3308s, Final Login: 28843s
  Work Hours: 8.0119hrs, Required: 8hrs, Status: P
  Comparison: >= 8.0 (P)

Person: FNM3520, Date: 2026-09-18
  Login: 32741s, Break: 3499s, Meeting: 0s
  Actual Break: 3499s, Final Login: 29242s
  Work Hours: 8.1228hrs, Required: 8hrs, Status: P
  Comparison: >= 8.0 (P)

Successfully synced 36 CSR-UPGRADE records.
  - Updated HD/A to P: 0 records
  - Skipped (already P): 15 records
PHP Warning:  PHP Startup: Unable to load dynamic library 'fileinfo.so' (tried: /usr/lib64/php7/extensions/fileinfo.so (/usr/lib64/php7/extensions/fileinfo.so: cannot open shared object file: No such file or directory), /usr/lib64/php7/extensions/fileinfo.so.so (/usr/lib64/php7/extensions/fileinfo.so.so: cannot open shared object file: No such file or directory)) in Unknown on line 0
PHP Warning:  Module 'pdo_pgsql' already loaded in Unknown on line 0
PHP Warning:  Module 'pgsql' already loaded in Unknown on line 0
PHP Warning:  Module 'Phar' already loaded in Unknown on line 0
>>> UPGRADE/DC/PLCC SYNC (SP) STARTED: 2026-09-18 00:00:00 to 2026-09-19 23:59:59 <<<
Processing 395 CSR users with UPGRADE process.
Fetching from Sampark via sp_agentwise_perform160... Found 68 rows.
Processing 51 records for CSR-UPGRADE users.

--- DEBUG INFO (First 5 records) ---
Person: FNM1726, Date: 2026-09-18
  Login: 31786s, Break: 3622s, Meeting: 0s
  Actual Break: 3622s, Final Login: 28164s
  Work Hours: 7.8233hrs, Required: 8hrs, Status: HD
  Comparison: < 8.0

Person: FNM2990, Date: 2026-09-18
  Login: 32282s, Break: 3203s, Meeting: 0s
  Actual Break: 3203s, Final Login: 29079s
  Work Hours: 8.0775hrs, Required: 8hrs, Status: P
  Comparison: >= 8.0 (P)

Person: FNM3157, Date: 2026-09-18
  Login: 32207s, Break: 3399s, Meeting: 0s
  Actual Break: 3399s, Final Login: 28808s
  Work Hours: 8.0022hrs, Required: 8hrs, Status: P
  Comparison: >= 8.0 (P)

Person: FNM3192, Date: 2026-09-18
  Login: 32151s, Break: 3308s, Meeting: 0s
  Actual Break: 3308s, Final Login: 28843s
  Work Hours: 8.0119hrs, Required: 8hrs, Status: P
  Comparison: >= 8.0 (P)

Person: FNM3520, Date: 2026-09-18
  Login: 32741s, Break: 3499s, Meeting: 0s
  Actual Break: 3499s, Final Login: 29242s
  Work Hours: 8.1228hrs, Required: 8hrs, Status: P
  Comparison: >= 8.0 (P)

Successfully synced 36 CSR-UPGRADE records.
  - Updated HD/A to P: 0 records
  - Skipped (already P): 15 records
PHP Warning:  PHP Startup: Unable to load dynamic library 'fileinfo.so' (tried: /usr/lib64/php7/extensions/fileinfo.so (/usr/lib64/php7/extensions/fileinfo.so: cannot open shared object file: No such file or directory), /usr/lib64/php7/extensions/fileinfo.so.so (/usr/lib64/php7/extensions/fileinfo.so.so: cannot open shared object file: No such file or directory)) in Unknown on line 0
PHP Warning:  Module 'pdo_pgsql' already loaded in Unknown on line 0
PHP Warning:  Module 'pgsql' already loaded in Unknown on line 0
PHP Warning:  Module 'Phar' already loaded in Unknown on line 0
>>> UPGRADE/DC/PLCC SYNC (SP) STARTED: 2026-09-18 00:00:00 to 2026-09-19 23:59:59 <<<
Processing 395 CSR users with UPGRADE process.
Fetching from Sampark via sp_agentwise_perform160... Found 68 rows.
Processing 51 records for CSR-UPGRADE users.

--- DEBUG INFO (First 5 records) ---
Person: FNM1726, Date: 2026-09-18
  Login: 31786s, Break: 3622s, Meeting: 0s
  Actual Break: 3622s, Final Login: 28164s
  Work Hours: 7.8233hrs, Required: 8hrs, Status: HD
  Comparison: < 8.0

Person: FNM2990, Date: 2026-09-18
  Login: 32282s, Break: 3203s, Meeting: 0s
  Actual Break: 3203s, Final Login: 29079s
  Work Hours: 8.0775hrs, Required: 8hrs, Status: P
  Comparison: >= 8.0 (P)

Person: FNM3157, Date: 2026-09-18
  Login: 32207s, Break: 3399s, Meeting: 0s
  Actual Break: 3399s, Final Login: 28808s
  Work Hours: 8.0022hrs, Required: 8hrs, Status: P
  Comparison: >= 8.0 (P)

Person: FNM3192, Date: 2026-09-18
  Login: 32151s, Break: 3308s, Meeting: 0s
  Actual Break: 3308s, Final Login: 28843s
  Work Hours: 8.0119hrs, Required: 8hrs, Status: P
  Comparison: >= 8.0 (P)

Person: FNM3520, Date: 2026-09-18
  Login: 32741s, Break: 3499s, Meeting: 0s
  Actual Break: 3499s, Final Login: 29242s
  Work Hours: 8.1228hrs, Required: 8hrs, Status: P
  Comparison: >= 8.0 (P)

Successfully synced 36 CSR-UPGRADE records.
  - Updated HD/A to P: 0 records
  - Skipped (already P): 15 records
PHP Warning:  PHP Startup: Unable to load dynamic library 'fileinfo.so' (tried: /usr/lib64/php7/extensions/fileinfo.so (/usr/lib64/php7/extensions/fileinfo.so: cannot open shared object file: No such file or directory), /usr/lib64/php7/extensions/fileinfo.so.so (/usr/lib64/php7/extensions/fileinfo.so.so: cannot open shared object file: No such file or directory)) in Unknown on line 0
PHP Warning:  Module 'pdo_pgsql' already loaded in Unknown on line 0
PHP Warning:  Module 'pgsql' already loaded in Unknown on line 0
PHP Warning:  Module 'Phar' already loaded in Unknown on line 0
>>> UPGRADE/DC/PLCC SYNC (SP) STARTED: 2026-09-18 00:00:00 to 2026-09-19 23:59:59 <<<
Processing 395 CSR users with UPGRADE process.
Fetching from Sampark via sp_agentwise_perform160... Found 68 rows.
Processing 51 records for CSR-UPGRADE users.

--- DEBUG INFO (First 5 records) ---
Person: FNM1726, Date: 2026-09-18
  Login: 31786s, Break: 3622s, Meeting: 0s
  Actual Break: 3622s, Final Login: 28164s
  Work Hours: 7.8233hrs, Required: 8hrs, Status: HD
  Comparison: < 8.0

Person: FNM2990, Date: 2026-09-18
  Login: 32282s, Break: 3203s, Meeting: 0s
  Actual Break: 3203s, Final Login: 29079s
  Work Hours: 8.0775hrs, Required: 8hrs, Status: P
  Comparison: >= 8.0 (P)

Person: FNM3157, Date: 2026-09-18
  Login: 32207s, Break: 3399s, Meeting: 0s
  Actual Break: 3399s, Final Login: 28808s
  Work Hours: 8.0022hrs, Required: 8hrs, Status: P
  Comparison: >= 8.0 (P)

Person: FNM3192, Date: 2026-09-18
  Login: 32151s, Break: 3308s, Meeting: 0s
  Actual Break: 3308s, Final Login: 28843s
  Work Hours: 8.0119hrs, Required: 8hrs, Status: P
  Comparison: >= 8.0 (P)

Person: FNM3520, Date: 2026-09-18
  Login: 32741s, Break: 3499s, Meeting: 0s
  Actual Break: 3499s, Final Login: 29242s
  Work Hours: 8.1228hrs, Required: 8hrs, Status: P
  Comparison: >= 8.0 (P)

Successfully synced 36 CSR-UPGRADE records.
  - Updated HD/A to P: 0 records
  - Skipped (already P): 15 records
PHP Warning:  PHP Startup: Unable to load dynamic library 'fileinfo.so' (tried: /usr/lib64/php7/extensions/fileinfo.so (/usr/lib64/php7/extensions/fileinfo.so: cannot open shared object file: No such file or directory), /usr/lib64/php7/extensions/fileinfo.so.so (/usr/lib64/php7/extensions/fileinfo.so.so: cannot open shared object file: No such file or directory)) in Unknown on line 0
PHP Warning:  Module 'pdo_pgsql' already loaded in Unknown on line 0
PHP Warning:  Module 'pgsql' already loaded in Unknown on line 0
PHP Warning:  Module 'Phar' already loaded in Unknown on line 0
>>> UPGRADE/DC/PLCC SYNC (SP) STARTED: 2026-09-18 00:00:00 to 2026-09-19 23:59:59 <<<
Processing 395 CSR users with UPGRADE process.
Fetching from Sampark via sp_agentwise_perform160... Found 68 rows.
Processing 51 records for CSR-UPGRADE users.

--- DEBUG INFO (First 5 records) ---
Person: FNM1726, Date: 2026-09-18
  Login: 31786s, Break: 3622s, Meeting: 0s
  Actual Break: 3622s, Final Login: 28164s
  Work Hours: 7.8233hrs, Required: 8hrs, Status: HD
  Comparison: < 8.0

Person: FNM2990, Date: 2026-09-18
  Login: 32282s, Break: 3203s, Meeting: 0s
  Actual Break: 3203s, Final Login: 29079s
  Work Hours: 8.0775hrs, Required: 8hrs, Status: P
  Comparison: >= 8.0 (P)

Person: FNM3157, Date: 2026-09-18
  Login: 32207s, Break: 3399s, Meeting: 0s
  Actual Break: 3399s, Final Login: 28808s
  Work Hours: 8.0022hrs, Required: 8hrs, Status: P
  Comparison: >= 8.0 (P)

Person: FNM3192, Date: 2026-09-18
  Login: 32151s, Break: 3308s, Meeting: 0s
  Actual Break: 3308s, Final Login: 28843s
  Work Hours: 8.0119hrs, Required: 8hrs, Status: P
  Comparison: >= 8.0 (P)

Person: FNM3520, Date: 2026-09-18
  Login: 32741s, Break: 3499s, Meeting: 0s
  Actual Break: 3499s, Final Login: 29242s
  Work Hours: 8.1228hrs, Required: 8hrs, Status: P
  Comparison: >= 8.0 (P)

Successfully synced 36 CSR-UPGRADE records.
  - Updated HD/A to P: 0 records
  - Skipped (already P): 15 records
PHP Warning:  PHP Startup: Unable to load dynamic library 'fileinfo.so' (tried: /usr/lib64/php7/extensions/fileinfo.so (/usr/lib64/php7/extensions/fileinfo.so: cannot open shared object file: No such file or directory), /usr/lib64/php7/extensions/fileinfo.so.so (/usr/lib64/php7/extensions/fileinfo.so.so: cannot open shared object file: No such file or directory)) in Unknown on line 0
PHP Warning:  Module 'pdo_pgsql' already loaded in Unknown on line 0
PHP Warning:  Module 'pgsql' already loaded in Unknown on line 0
PHP Warning:  Module 'Phar' already loaded in Unknown on line 0
>>> UPGRADE/DC/PLCC SYNC (SP) STARTED: 2026-09-18 00:00:00 to 2026-09-19 23:59:59 <<<
Processing 395 CSR users with UPGRADE process.
Fetching from Sampark via sp_agentwise_perform160... Found 68 rows.
Processing 51 records for CSR-UPGRADE users.

--- DEBUG INFO (First 5 records) ---
Person: FNM1726, Date: 2026-09-18
  Login: 31786s, Break: 3622s, Meeting: 0s
  Actual Break: 3622s, Final Login: 28164s
  Work Hours: 7.8233hrs, Required: 8hrs, Status: HD
  Comparison: < 8.0

Person: FNM2990, Date: 2026-09-18
  Login: 32282s, Break: 3203s, Meeting: 0s
  Actual Break: 3203s, Final Login: 29079s
  Work Hours: 8.0775hrs, Required: 8hrs, Status: P
  Comparison: >= 8.0 (P)

Person: FNM3157, Date: 2026-09-18
  Login: 32207s, Break: 3399s, Meeting: 0s
  Actual Break: 3399s, Final Login: 28808s
  Work Hours: 8.0022hrs, Required: 8hrs, Status: P
  Comparison: >= 8.0 (P)

Person: FNM3192, Date: 2026-09-18
  Login: 32151s, Break: 3308s, Meeting: 0s
  Actual Break: 3308s, Final Login: 28843s
  Work Hours: 8.0119hrs, Required: 8hrs, Status: P
  Comparison: >= 8.0 (P)

Person: FNM3520, Date: 2026-09-18
  Login: 32741s, Break: 3499s, Meeting: 0s
  Actual Break: 3499s, Final Login: 29242s
  Work Hours: 8.1228hrs, Required: 8hrs, Status: P
  Comparison: >= 8.0 (P)

Successfully synced 36 CSR-UPGRADE records.
  - Updated HD/A to P: 0 records
  - Skipped (already P): 15 records
PHP Warning:  PHP Startup: Unable to load dynamic library 'fileinfo.so' (tried: /usr/lib64/php7/extensions/fileinfo.so (/usr/lib64/php7/extensions/fileinfo.so: cannot open shared object file: No such file or directory), /usr/lib64/php7/extensions/fileinfo.so.so (/usr/lib64/php7/extensions/fileinfo.so.so: cannot open shared object file: No such file or directory)) in Unknown on line 0
PHP Warning:  Module 'pdo_pgsql' already loaded in Unknown on line 0
PHP Warning:  Module 'pgsql' already loaded in Unknown on line 0
PHP Warning:  Module 'Phar' already loaded in Unknown on line 0
>>> UPGRADE/DC/PLCC SYNC (SP) STARTED: 2026-09-18 00:00:00 to 2026-09-19 23:59:59 <<<
Processing 395 CSR users with UPGRADE process.
Fetching from Sampark via sp_agentwise_perform160... Found 68 rows.
Processing 51 records for CSR-UPGRADE users.

--- DEBUG INFO (First 5 records) ---
Person: FNM1726, Date: 2026-09-18
  Login: 31786s, Break: 3622s, Meeting: 0s
  Actual Break: 3622s, Final Login: 28164s
  Work Hours: 7.8233hrs, Required: 8hrs, Status: HD
  Comparison: < 8.0

Person: FNM2990, Date: 2026-09-18
  Login: 32282s, Break: 3203s, Meeting: 0s
  Actual Break: 3203s, Final Login: 29079s
  Work Hours: 8.0775hrs, Required: 8hrs, Status: P
  Comparison: >= 8.0 (P)

Person: FNM3157, Date: 2026-09-18
  Login: 32207s, Break: 3399s, Meeting: 0s
  Actual Break: 3399s, Final Login: 28808s
  Work Hours: 8.0022hrs, Required: 8hrs, Status: P
  Comparison: >= 8.0 (P)

Person: FNM3192, Date: 2026-09-18
  Login: 32151s, Break: 3308s, Meeting: 0s
  Actual Break: 3308s, Final Login: 28843s
  Work Hours: 8.0119hrs, Required: 8hrs, Status: P
  Comparison: >= 8.0 (P)

Person: FNM3520, Date: 2026-09-18
  Login: 32741s, Break: 3499s, Meeting: 0s
  Actual Break: 3499s, Final Login: 29242s
  Work Hours: 8.1228hrs, Required: 8hrs, Status: P
  Comparison: >= 8.0 (P)

Successfully synced 36 CSR-UPGRADE records.
  - Updated HD/A to P: 2 records
  - Skipped (already P): 15 records
PHP Warning:  PHP Startup: Unable to load dynamic library 'fileinfo.so' (tried: /usr/lib64/php7/extensions/fileinfo.so (/usr/lib64/php7/extensions/fileinfo.so: cannot open shared object file: No such file or directory), /usr/lib64/php7/extensions/fileinfo.so.so (/usr/lib64/php7/extensions/fileinfo.so.so: cannot open shared object file: No such file or directory)) in Unknown on line 0
PHP Warning:  Module 'pdo_pgsql' already loaded in Unknown on line 0
PHP Warning:  Module 'pgsql' already loaded in Unknown on line 0
PHP Warning:  Module 'Phar' already loaded in Unknown on line 0
>>> UPGRADE/DC/PLCC SYNC (SP) STARTED: 2026-09-18 00:00:00 to 2026-09-19 23:59:59 <<<
Processing 395 CSR users with UPGRADE process.
Fetching from Sampark via sp_agentwise_perform160... Found 68 rows.
Processing 51 records for CSR-UPGRADE users.

--- DEBUG INFO (First 5 records) ---
Person: FNM1726, Date: 2026-09-18
  Login: 31786s, Break: 3622s, Meeting: 0s
  Actual Break: 3622s, Final Login: 28164s
  Work Hours: 7.8233hrs, Required: 8hrs, Status: HD
  Comparison: < 8.0

Person: FNM2990, Date: 2026-09-18
  Login: 32282s, Break: 3203s, Meeting: 0s
  Actual Break: 3203s, Final Login: 29079s
  Work Hours: 8.0775hrs, Required: 8hrs, Status: P
  Comparison: >= 8.0 (P)

Person: FNM3157, Date: 2026-09-18
  Login: 32207s, Break: 3399s, Meeting: 0s
  Actual Break: 3399s, Final Login: 28808s
  Work Hours: 8.0022hrs, Required: 8hrs, Status: P
  Comparison: >= 8.0 (P)

Person: FNM3192, Date: 2026-09-18
  Login: 32151s, Break: 3308s, Meeting: 0s
  Actual Break: 3308s, Final Login: 28843s
  Work Hours: 8.0119hrs, Required: 8hrs, Status: P
  Comparison: >= 8.0 (P)

Person: FNM3520, Date: 2026-09-18
  Login: 32741s, Break: 3499s, Meeting: 0s
  Actual Break: 3499s, Final Login: 29242s
  Work Hours: 8.1228hrs, Required: 8hrs, Status: P
  Comparison: >= 8.0 (P)

Successfully synced 34 CSR-UPGRADE records.
  - Updated HD/A to P: 8 records
  - Skipped (already P): 17 records
PHP Warning:  PHP Startup: Unable to load dynamic library 'fileinfo.so' (tried: /usr/lib64/php7/extensions/fileinfo.so (/usr/lib64/php7/extensions/fileinfo.so: cannot open shared object file: No such file or directory), /usr/lib64/php7/extensions/fileinfo.so.so (/usr/lib64/php7/extensions/fileinfo.so.so: cannot open shared object file: No such file or directory)) in Unknown on line 0
PHP Warning:  Module 'pdo_pgsql' already loaded in Unknown on line 0
PHP Warning:  Module 'pgsql' already loaded in Unknown on line 0
PHP Warning:  Module 'Phar' already loaded in Unknown on line 0
>>> UPGRADE/DC/PLCC SYNC (SP) STARTED: 2026-09-18 00:00:00 to 2026-09-19 23:59:59 <<<
Processing 395 CSR users with UPGRADE process.
Fetching from Sampark via sp_agentwise_perform160... Found 68 rows.
Processing 51 records for CSR-UPGRADE users.

--- DEBUG INFO (First 5 records) ---
Person: FNM1726, Date: 2026-09-18
  Login: 31786s, Break: 3622s, Meeting: 0s
  Actual Break: 3622s, Final Login: 28164s
  Work Hours: 7.8233hrs, Required: 8hrs, Status: HD
  Comparison: < 8.0

Person: FNM2990, Date: 2026-09-18
  Login: 32282s, Break: 3203s, Meeting: 0s
  Actual Break: 3203s, Final Login: 29079s
  Work Hours: 8.0775hrs, Required: 8hrs, Status: P
  Comparison: >= 8.0 (P)

Person: FNM3157, Date: 2026-09-18
  Login: 32207s, Break: 3399s, Meeting: 0s
  Actual Break: 3399s, Final Login: 28808s
  Work Hours: 8.0022hrs, Required: 8hrs, Status: P
  Comparison: >= 8.0 (P)

Person: FNM3192, Date: 2026-09-18
  Login: 32151s, Break: 3308s, Meeting: 0s
  Actual Break: 3308s, Final Login: 28843s
  Work Hours: 8.0119hrs, Required: 8hrs, Status: P
  Comparison: >= 8.0 (P)

Person: FNM3520, Date: 2026-09-18
  Login: 32741s, Break: 3499s, Meeting: 0s
  Actual Break: 3499s, Final Login: 29242s
  Work Hours: 8.1228hrs, Required: 8hrs, Status: P
  Comparison: >= 8.0 (P)

Successfully synced 26 CSR-UPGRADE records.
  - Updated HD/A to P: 11 records
  - Skipped (already P): 25 records
PHP Warning:  PHP Startup: Unable to load dynamic library 'fileinfo.so' (tried: /usr/lib64/php7/extensions/fileinfo.so (/usr/lib64/php7/extensions/fileinfo.so: cannot open shared object file: No such file or directory), /usr/lib64/php7/extensions/fileinfo.so.so (/usr/lib64/php7/extensions/fileinfo.so.so: cannot open shared object file: No such file or directory)) in Unknown on line 0
PHP Warning:  Module 'pdo_pgsql' already loaded in Unknown on line 0
PHP Warning:  Module 'pgsql' already loaded in Unknown on line 0
PHP Warning:  Module 'Phar' already loaded in Unknown on line 0
>>> UPGRADE/DC/PLCC SYNC (SP) STARTED: 2026-09-18 00:00:00 to 2026-09-19 23:59:59 <<<
Processing 395 CSR users with UPGRADE process.
Fetching from Sampark via sp_agentwise_perform160... Found 68 rows.
Processing 51 records for CSR-UPGRADE users.

--- DEBUG INFO (First 5 records) ---
Person: FNM1726, Date: 2026-09-18
  Login: 31786s, Break: 3622s, Meeting: 0s
  Actual Break: 3622s, Final Login: 28164s
  Work Hours: 7.8233hrs, Required: 8hrs, Status: HD
  Comparison: < 8.0

Person: FNM2990, Date: 2026-09-18
  Login: 32282s, Break: 3203s, Meeting: 0s
  Actual Break: 3203s, Final Login: 29079s
  Work Hours: 8.0775hrs, Required: 8hrs, Status: P
  Comparison: >= 8.0 (P)

Person: FNM3157, Date: 2026-09-18
  Login: 32207s, Break: 3399s, Meeting: 0s
  Actual Break: 3399s, Final Login: 28808s
  Work Hours: 8.0022hrs, Required: 8hrs, Status: P
  Comparison: >= 8.0 (P)

Person: FNM3192, Date: 2026-09-18
  Login: 32151s, Break: 3308s, Meeting: 0s
  Actual Break: 3308s, Final Login: 28843s
  Work Hours: 8.0119hrs, Required: 8hrs, Status: P
  Comparison: >= 8.0 (P)

Person: FNM3520, Date: 2026-09-18
  Login: 32741s, Break: 3499s, Meeting: 0s
  Actual Break: 3499s, Final Login: 29242s
  Work Hours: 8.1228hrs, Required: 8hrs, Status: P
  Comparison: >= 8.0 (P)

Successfully synced 15 CSR-UPGRADE records.
  - Updated HD/A to P: 0 records
  - Skipped (already P): 36 records
PHP Warning:  PHP Startup: Unable to load dynamic library 'fileinfo.so' (tried: /usr/lib64/php7/extensions/fileinfo.so (/usr/lib64/php7/extensions/fileinfo.so: cannot open shared object file: No such file or directory), /usr/lib64/php7/extensions/fileinfo.so.so (/usr/lib64/php7/extensions/fileinfo.so.so: cannot open shared object file: No such file or directory)) in Unknown on line 0
PHP Warning:  Module 'pdo_pgsql' already loaded in Unknown on line 0
PHP Warning:  Module 'pgsql' already loaded in Unknown on line 0
PHP Warning:  Module 'Phar' already loaded in Unknown on line 0
>>> UPGRADE/DC/PLCC SYNC (SP) STARTED: 2026-09-18 00:00:00 to 2026-09-19 23:59:59 <<<
Processing 395 CSR users with UPGRADE process.
Fetching from Sampark via sp_agentwise_perform160... Found 68 rows.
Processing 51 records for CSR-UPGRADE users.

--- DEBUG INFO (First 5 records) ---
Person: FNM1726, Date: 2026-09-18
  Login: 31786s, Break: 3622s, Meeting: 0s
  Actual Break: 3622s, Final Login: 28164s
  Work Hours: 7.8233hrs, Required: 8hrs, Status: HD
  Comparison: < 8.0

Person: FNM2990, Date: 2026-09-18
  Login: 32282s, Break: 3203s, Meeting: 0s
  Actual Break: 3203s, Final Login: 29079s
  Work Hours: 8.0775hrs, Required: 8hrs, Status: P
  Comparison: >= 8.0 (P)

Person: FNM3157, Date: 2026-09-18
  Login: 32207s, Break: 3399s, Meeting: 0s
  Actual Break: 3399s, Final Login: 28808s
  Work Hours: 8.0022hrs, Required: 8hrs, Status: P
  Comparison: >= 8.0 (P)

Person: FNM3192, Date: 2026-09-18
  Login: 32151s, Break: 3308s, Meeting: 0s
  Actual Break: 3308s, Final Login: 28843s
  Work Hours: 8.0119hrs, Required: 8hrs, Status: P
  Comparison: >= 8.0 (P)

Person: FNM3520, Date: 2026-09-18
  Login: 32741s, Break: 3499s, Meeting: 0s
  Actual Break: 3499s, Final Login: 29242s
  Work Hours: 8.1228hrs, Required: 8hrs, Status: P
  Comparison: >= 8.0 (P)

Successfully synced 15 CSR-UPGRADE records.
  - Updated HD/A to P: 0 records
  - Skipped (already P): 36 records
PHP Warning:  PHP Startup: Unable to load dynamic library 'fileinfo.so' (tried: /usr/lib64/php7/extensions/fileinfo.so (/usr/lib64/php7/extensions/fileinfo.so: cannot open shared object file: No such file or directory), /usr/lib64/php7/extensions/fileinfo.so.so (/usr/lib64/php7/extensions/fileinfo.so.so: cannot open shared object file: No such file or directory)) in Unknown on line 0
PHP Warning:  Module 'pdo_pgsql' already loaded in Unknown on line 0
PHP Warning:  Module 'pgsql' already loaded in Unknown on line 0
PHP Warning:  Module 'Phar' already loaded in Unknown on line 0
>>> UPGRADE/DC/PLCC SYNC (SP) STARTED: 2026-09-18 00:00:00 to 2026-09-19 23:59:59 <<<
Processing 395 CSR users with UPGRADE process.
Fetching from Sampark via sp_agentwise_perform160... Found 68 rows.
Processing 51 records for CSR-UPGRADE users.

--- DEBUG INFO (First 5 records) ---
Person: FNM1726, Date: 2026-09-18
  Login: 31786s, Break: 3622s, Meeting: 0s
  Actual Break: 3622s, Final Login: 28164s
  Work Hours: 7.8233hrs, Required: 8hrs, Status: HD
  Comparison: < 8.0

Person: FNM2990, Date: 2026-09-18
  Login: 32282s, Break: 3203s, Meeting: 0s
  Actual Break: 3203s, Final Login: 29079s
  Work Hours: 8.0775hrs, Required: 8hrs, Status: P
  Comparison: >= 8.0 (P)

Person: FNM3157, Date: 2026-09-18
  Login: 32207s, Break: 3399s, Meeting: 0s
  Actual Break: 3399s, Final Login: 28808s
  Work Hours: 8.0022hrs, Required: 8hrs, Status: P
  Comparison: >= 8.0 (P)

Person: FNM3192, Date: 2026-09-18
  Login: 32151s, Break: 3308s, Meeting: 0s
  Actual Break: 3308s, Final Login: 28843s
  Work Hours: 8.0119hrs, Required: 8hrs, Status: P
  Comparison: >= 8.0 (P)

Person: FNM3520, Date: 2026-09-18
  Login: 32741s, Break: 3499s, Meeting: 0s
  Actual Break: 3499s, Final Login: 29242s
  Work Hours: 8.1228hrs, Required: 8hrs, Status: P
  Comparison: >= 8.0 (P)

Successfully synced 15 CSR-UPGRADE records.
  - Updated HD/A to P: 0 records
  - Skipped (already P): 36 records
PHP Warning:  PHP Startup: Unable to load dynamic library 'fileinfo.so' (tried: /usr/lib64/php7/extensions/fileinfo.so (/usr/lib64/php7/extensions/fileinfo.so: cannot open shared object file: No such file or directory), /usr/lib64/php7/extensions/fileinfo.so.so (/usr/lib64/php7/extensions/fileinfo.so.so: cannot open shared object file: No such file or directory)) in Unknown on line 0
PHP Warning:  Module 'pdo_pgsql' already loaded in Unknown on line 0
PHP Warning:  Module 'pgsql' already loaded in Unknown on line 0
PHP Warning:  Module 'Phar' already loaded in Unknown on line 0
>>> UPGRADE/DC/PLCC SYNC (SP) STARTED: 2026-09-18 00:00:00 to 2026-09-19 23:59:59 <<<
Processing 395 CSR users with UPGRADE process.
Fetching from Sampark via sp_agentwise_perform160... Found 68 rows.
Processing 51 records for CSR-UPGRADE users.

--- DEBUG INFO (First 5 records) ---
Person: FNM1726, Date: 2026-09-18
  Login: 31786s, Break: 3622s, Meeting: 0s
  Actual Break: 3622s, Final Login: 28164s
  Work Hours: 7.8233hrs, Required: 8hrs, Status: HD
  Comparison: < 8.0

Person: FNM2990, Date: 2026-09-18
  Login: 32282s, Break: 3203s, Meeting: 0s
  Actual Break: 3203s, Final Login: 29079s
  Work Hours: 8.0775hrs, Required: 8hrs, Status: P
  Comparison: >= 8.0 (P)

Person: FNM3157, Date: 2026-09-18
  Login: 32207s, Break: 3399s, Meeting: 0s
  Actual Break: 3399s, Final Login: 28808s
  Work Hours: 8.0022hrs, Required: 8hrs, Status: P
  Comparison: >= 8.0 (P)

Person: FNM3192, Date: 2026-09-18
  Login: 32151s, Break: 3308s, Meeting: 0s
  Actual Break: 3308s, Final Login: 28843s
  Work Hours: 8.0119hrs, Required: 8hrs, Status: P
  Comparison: >= 8.0 (P)

Person: FNM3520, Date: 2026-09-18
  Login: 32741s, Break: 3499s, Meeting: 0s
  Actual Break: 3499s, Final Login: 29242s
  Work Hours: 8.1228hrs, Required: 8hrs, Status: P
  Comparison: >= 8.0 (P)

Successfully synced 15 CSR-UPGRADE records.
  - Updated HD/A to P: 0 records
  - Skipped (already P): 36 records
PHP Warning:  PHP Startup: Unable to load dynamic library 'fileinfo.so' (tried: /usr/lib64/php7/extensions/fileinfo.so (/usr/lib64/php7/extensions/fileinfo.so: cannot open shared object file: No such file or directory), /usr/lib64/php7/extensions/fileinfo.so.so (/usr/lib64/php7/extensions/fileinfo.so.so: cannot open shared object file: No such file or directory)) in Unknown on line 0
PHP Warning:  Module 'pdo_pgsql' already loaded in Unknown on line 0
PHP Warning:  Module 'pgsql' already loaded in Unknown on line 0
PHP Warning:  Module 'Phar' already loaded in Unknown on line 0
>>> UPGRADE/DC/PLCC SYNC (SP) STARTED: 2026-09-18 00:00:00 to 2026-09-19 23:59:59 <<<
Processing 395 CSR users with UPGRADE process.
Fetching from Sampark via sp_agentwise_perform160... Found 68 rows.
Processing 51 records for CSR-UPGRADE users.

--- DEBUG INFO (First 5 records) ---
Person: FNM1726, Date: 2026-09-18
  Login: 31786s, Break: 3622s, Meeting: 0s
  Actual Break: 3622s, Final Login: 28164s
  Work Hours: 7.8233hrs, Required: 8hrs, Status: HD
  Comparison: < 8.0

Person: FNM2990, Date: 2026-09-18
  Login: 32282s, Break: 3203s, Meeting: 0s
  Actual Break: 3203s, Final Login: 29079s
  Work Hours: 8.0775hrs, Required: 8hrs, Status: P
  Comparison: >= 8.0 (P)

Person: FNM3157, Date: 2026-09-18
  Login: 32207s, Break: 3399s, Meeting: 0s
  Actual Break: 3399s, Final Login: 28808s
  Work Hours: 8.0022hrs, Required: 8hrs, Status: P
  Comparison: >= 8.0 (P)

Person: FNM3192, Date: 2026-09-18
  Login: 32151s, Break: 3308s, Meeting: 0s
  Actual Break: 3308s, Final Login: 28843s
  Work Hours: 8.0119hrs, Required: 8hrs, Status: P
  Comparison: >= 8.0 (P)

Person: FNM3520, Date: 2026-09-18
  Login: 32741s, Break: 3499s, Meeting: 0s
  Actual Break: 3499s, Final Login: 29242s
  Work Hours: 8.1228hrs, Required: 8hrs, Status: P
  Comparison: >= 8.0 (P)

Successfully synced 15 CSR-UPGRADE records.
  - Updated HD/A to P: 0 records
  - Skipped (already P): 36 records
PHP Warning:  PHP Startup: Unable to load dynamic library 'fileinfo.so' (tried: /usr/lib64/php7/extensions/fileinfo.so (/usr/lib64/php7/extensions/fileinfo.so: cannot open shared object file: No such file or directory), /usr/lib64/php7/extensions/fileinfo.so.so (/usr/lib64/php7/extensions/fileinfo.so.so: cannot open shared object file: No such file or directory)) in Unknown on line 0
PHP Warning:  Module 'pdo_pgsql' already loaded in Unknown on line 0
PHP Warning:  Module 'pgsql' already loaded in Unknown on line 0
PHP Warning:  Module 'Phar' already loaded in Unknown on line 0
>>> UPGRADE/DC/PLCC SYNC (SP) STARTED: 2026-09-18 00:00:00 to 2026-09-19 23:59:59 <<<
Processing 395 CSR users with UPGRADE process.
Fetching from Sampark via sp_agentwise_perform160... Found 68 rows.
Processing 51 records for CSR-UPGRADE users.

--- DEBUG INFO (First 5 records) ---
Person: FNM1726, Date: 2026-09-18
  Login: 31786s, Break: 3622s, Meeting: 0s
  Actual Break: 3622s, Final Login: 28164s
  Work Hours: 7.8233hrs, Required: 8hrs, Status: HD
  Comparison: < 8.0

Person: FNM2990, Date: 2026-09-18
  Login: 32282s, Break: 3203s, Meeting: 0s
  Actual Break: 3203s, Final Login: 29079s
  Work Hours: 8.0775hrs, Required: 8hrs, Status: P
  Comparison: >= 8.0 (P)

Person: FNM3157, Date: 2026-09-18
  Login: 32207s, Break: 3399s, Meeting: 0s
  Actual Break: 3399s, Final Login: 28808s
  Work Hours: 8.0022hrs, Required: 8hrs, Status: P
  Comparison: >= 8.0 (P)

Person: FNM3192, Date: 2026-09-18
  Login: 32151s, Break: 3308s, Meeting: 0s
  Actual Break: 3308s, Final Login: 28843s
  Work Hours: 8.0119hrs, Required: 8hrs, Status: P
  Comparison: >= 8.0 (P)

Person: FNM3520, Date: 2026-09-18
  Login: 32741s, Break: 3499s, Meeting: 0s
  Actual Break: 3499s, Final Login: 29242s
  Work Hours: 8.1228hrs, Required: 8hrs, Status: P
  Comparison: >= 8.0 (P)

Successfully synced 15 CSR-UPGRADE records.
  - Updated HD/A to P: 0 records
  - Skipped (already P): 36 records
PHP Warning:  PHP Startup: Unable to load dynamic library 'fileinfo.so' (tried: /usr/lib64/php7/extensions/fileinfo.so (/usr/lib64/php7/extensions/fileinfo.so: cannot open shared object file: No such file or directory), /usr/lib64/php7/extensions/fileinfo.so.so (/usr/lib64/php7/extensions/fileinfo.so.so: cannot open shared object file: No such file or directory)) in Unknown on line 0
PHP Warning:  Module 'pdo_pgsql' already loaded in Unknown on line 0
PHP Warning:  Module 'pgsql' already loaded in Unknown on line 0
PHP Warning:  Module 'Phar' already loaded in Unknown on line 0
>>> UPGRADE/DC/PLCC SYNC (SP) STARTED: 2026-09-18 00:00:00 to 2026-09-19 23:59:59 <<<
Processing 395 CSR users with UPGRADE process.
Fetching from Sampark via sp_agentwise_perform160... Found 68 rows.
Processing 51 records for CSR-UPGRADE users.

--- DEBUG INFO (First 5 records) ---
Person: FNM1726, Date: 2026-09-18
  Login: 31786s, Break: 3622s, Meeting: 0s
  Actual Break: 3622s, Final Login: 28164s
  Work Hours: 7.8233hrs, Required: 8hrs, Status: HD
  Comparison: < 8.0

Person: FNM2990, Date: 2026-09-18
  Login: 32282s, Break: 3203s, Meeting: 0s
  Actual Break: 3203s, Final Login: 29079s
  Work Hours: 8.0775hrs, Required: 8hrs, Status: P
  Comparison: >= 8.0 (P)

Person: FNM3157, Date: 2026-09-18
  Login: 32207s, Break: 3399s, Meeting: 0s
  Actual Break: 3399s, Final Login: 28808s
  Work Hours: 8.0022hrs, Required: 8hrs, Status: P
  Comparison: >= 8.0 (P)

Person: FNM3192, Date: 2026-09-18
  Login: 32151s, Break: 3308s, Meeting: 0s
  Actual Break: 3308s, Final Login: 28843s
  Work Hours: 8.0119hrs, Required: 8hrs, Status: P
  Comparison: >= 8.0 (P)

Person: FNM3520, Date: 2026-09-18
  Login: 32741s, Break: 3499s, Meeting: 0s
  Actual Break: 3499s, Final Login: 29242s
  Work Hours: 8.1228hrs, Required: 8hrs, Status: P
  Comparison: >= 8.0 (P)

Successfully synced 15 CSR-UPGRADE records.
  - Updated HD/A to P: 0 records
  - Skipped (already P): 36 records
PHP Warning:  PHP Startup: Unable to load dynamic library 'fileinfo.so' (tried: /usr/lib64/php7/extensions/fileinfo.so (/usr/lib64/php7/extensions/fileinfo.so: cannot open shared object file: No such file or directory), /usr/lib64/php7/extensions/fileinfo.so.so (/usr/lib64/php7/extensions/fileinfo.so.so: cannot open shared object file: No such file or directory)) in Unknown on line 0
PHP Warning:  Module 'pdo_pgsql' already loaded in Unknown on line 0
PHP Warning:  Module 'pgsql' already loaded in Unknown on line 0
PHP Warning:  Module 'Phar' already loaded in Unknown on line 0
>>> UPGRADE/DC/PLCC SYNC (SP) STARTED: 2026-09-18 00:00:00 to 2026-09-19 23:59:59 <<<
Processing 395 CSR users with UPGRADE process.
Fetching from Sampark via sp_agentwise_perform160... Found 68 rows.
Processing 51 records for CSR-UPGRADE users.

--- DEBUG INFO (First 5 records) ---
Person: FNM1726, Date: 2026-09-18
  Login: 31786s, Break: 3622s, Meeting: 0s
  Actual Break: 3622s, Final Login: 28164s
  Work Hours: 7.8233hrs, Required: 8hrs, Status: HD
  Comparison: < 8.0

Person: FNM2990, Date: 2026-09-18
  Login: 32282s, Break: 3203s, Meeting: 0s
  Actual Break: 3203s, Final Login: 29079s
  Work Hours: 8.0775hrs, Required: 8hrs, Status: P
  Comparison: >= 8.0 (P)

Person: FNM3157, Date: 2026-09-18
  Login: 32207s, Break: 3399s, Meeting: 0s
  Actual Break: 3399s, Final Login: 28808s
  Work Hours: 8.0022hrs, Required: 8hrs, Status: P
  Comparison: >= 8.0 (P)

Person: FNM3192, Date: 2026-09-18
  Login: 32151s, Break: 3308s, Meeting: 0s
  Actual Break: 3308s, Final Login: 28843s
  Work Hours: 8.0119hrs, Required: 8hrs, Status: P
  Comparison: >= 8.0 (P)

Person: FNM3520, Date: 2026-09-18
  Login: 32741s, Break: 3499s, Meeting: 0s
  Actual Break: 3499s, Final Login: 29242s
  Work Hours: 8.1228hrs, Required: 8hrs, Status: P
  Comparison: >= 8.0 (P)

Successfully synced 15 CSR-UPGRADE records.
  - Updated HD/A to P: 0 records
  - Skipped (already P): 36 records
PHP Warning:  PHP Startup: Unable to load dynamic library 'fileinfo.so' (tried: /usr/lib64/php7/extensions/fileinfo.so (/usr/lib64/php7/extensions/fileinfo.so: cannot open shared object file: No such file or directory), /usr/lib64/php7/extensions/fileinfo.so.so (/usr/lib64/php7/extensions/fileinfo.so.so: cannot open shared object file: No such file or directory)) in Unknown on line 0
PHP Warning:  Module 'pdo_pgsql' already loaded in Unknown on line 0
PHP Warning:  Module 'pgsql' already loaded in Unknown on line 0
PHP Warning:  Module 'Phar' already loaded in Unknown on line 0
>>> UPGRADE/DC/PLCC SYNC (SP) STARTED: 2026-09-18 00:00:00 to 2026-09-19 23:59:59 <<<
Processing 395 CSR users with UPGRADE process.
Fetching from Sampark via sp_agentwise_perform160... Found 68 rows.
Processing 51 records for CSR-UPGRADE users.

--- DEBUG INFO (First 5 records) ---
Person: FNM1726, Date: 2026-09-18
  Login: 31786s, Break: 3622s, Meeting: 0s
  Actual Break: 3622s, Final Login: 28164s
  Work Hours: 7.8233hrs, Required: 8hrs, Status: HD
  Comparison: < 8.0

Person: FNM2990, Date: 2026-09-18
  Login: 32282s, Break: 3203s, Meeting: 0s
  Actual Break: 3203s, Final Login: 29079s
  Work Hours: 8.0775hrs, Required: 8hrs, Status: P
  Comparison: >= 8.0 (P)

Person: FNM3157, Date: 2026-09-18
  Login: 32207s, Break: 3399s, Meeting: 0s
  Actual Break: 3399s, Final Login: 28808s
  Work Hours: 8.0022hrs, Required: 8hrs, Status: P
  Comparison: >= 8.0 (P)

Person: FNM3192, Date: 2026-09-18
  Login: 32151s, Break: 3308s, Meeting: 0s
  Actual Break: 3308s, Final Login: 28843s
  Work Hours: 8.0119hrs, Required: 8hrs, Status: P
  Comparison: >= 8.0 (P)

Person: FNM3520, Date: 2026-09-18
  Login: 32741s, Break: 3499s, Meeting: 0s
  Actual Break: 3499s, Final Login: 29242s
  Work Hours: 8.1228hrs, Required: 8hrs, Status: P
  Comparison: >= 8.0 (P)

Successfully synced 15 CSR-UPGRADE records.
  - Updated HD/A to P: 0 records
  - Skipped (already P): 36 records
PHP Warning:  PHP Startup: Unable to load dynamic library 'fileinfo.so' (tried: /usr/lib64/php7/extensions/fileinfo.so (/usr/lib64/php7/extensions/fileinfo.so: cannot open shared object file: No such file or directory), /usr/lib64/php7/extensions/fileinfo.so.so (/usr/lib64/php7/extensions/fileinfo.so.so: cannot open shared object file: No such file or directory)) in Unknown on line 0
PHP Warning:  Module 'pdo_pgsql' already loaded in Unknown on line 0
PHP Warning:  Module 'pgsql' already loaded in Unknown on line 0
PHP Warning:  Module 'Phar' already loaded in Unknown on line 0
>>> UPGRADE/DC/PLCC SYNC (SP) STARTED: 2026-09-19 00:00:00 to 2026-09-20 23:59:59 <<<
Processing 395 CSR users with UPGRADE process.
Fetching from Sampark via sp_agentwise_perform160... Found 36 rows.
Processing 28 records for CSR-UPGRADE users.

--- DEBUG INFO (First 5 records) ---
Person: FNM1726, Date: 2026-09-19
  Login: 32083s, Break: 3284s, Meeting: 0s
  Actual Break: 3284s, Final Login: 28799s
  Work Hours: 7.9997hrs, Required: 8hrs, Status: P
  Comparison: >= 8.0 (P)

Person: FNM2990, Date: 2026-09-19
  Login: 33006s, Break: 3172s, Meeting: 0s
  Actual Break: 3172s, Final Login: 29834s
  Work Hours: 8.2872hrs, Required: 8hrs, Status: P
  Comparison: >= 8.0 (P)

Person: FNM3157, Date: 2026-09-19
  Login: 32655s, Break: 3242s, Meeting: 0s
  Actual Break: 3242s, Final Login: 29413s
  Work Hours: 8.1703hrs, Required: 8hrs, Status: P
  Comparison: >= 8.0 (P)

Person: FNM3520, Date: 2026-09-19
  Login: 30905s, Break: 1033s, Meeting: 0s
  Actual Break: 1033s, Final Login: 29872s
  Work Hours: 8.2978hrs, Required: 8hrs, Status: P
  Comparison: >= 8.0 (P)

Person: FNM3728, Date: 2026-09-19
  Login: 15013s, Break: 0s, Meeting: 0s
  Actual Break: 0s, Final Login: 15013s
  Work Hours: 4.1703hrs, Required: 8hrs, Status: HD
  Comparison: < 8.0

Successfully synced 7 CSR-UPGRADE records.
  - Updated HD/A to P: 0 records
  - Skipped (already P): 21 records
PHP Warning:  PHP Startup: Unable to load dynamic library 'fileinfo.so' (tried: /usr/lib64/php7/extensions/fileinfo.so (/usr/lib64/php7/extensions/fileinfo.so: cannot open shared object file: No such file or directory), /usr/lib64/php7/extensions/fileinfo.so.so (/usr/lib64/php7/extensions/fileinfo.so.so: cannot open shared object file: No such file or directory)) in Unknown on line 0
PHP Warning:  Module 'pdo_pgsql' already loaded in Unknown on line 0
PHP Warning:  Module 'pgsql' already loaded in Unknown on line 0
PHP Warning:  Module 'Phar' already loaded in Unknown on line 0
>>> UPGRADE/DC/PLCC SYNC (SP) STARTED: 2026-09-19 00:00:00 to 2026-09-20 23:59:59 <<<
Processing 395 CSR users with UPGRADE process.
Fetching from Sampark via sp_agentwise_perform160... Found 36 rows.
Processing 28 records for CSR-UPGRADE users.

--- DEBUG INFO (First 5 records) ---
Person: FNM1726, Date: 2026-09-19
  Login: 32083s, Break: 3284s, Meeting: 0s
  Actual Break: 3284s, Final Login: 28799s
  Work Hours: 7.9997hrs, Required: 8hrs, Status: P
  Comparison: >= 8.0 (P)

Person: FNM2990, Date: 2026-09-19
  Login: 33006s, Break: 3172s, Meeting: 0s
  Actual Break: 3172s, Final Login: 29834s
  Work Hours: 8.2872hrs, Required: 8hrs, Status: P
  Comparison: >= 8.0 (P)

Person: FNM3157, Date: 2026-09-19
  Login: 32655s, Break: 3242s, Meeting: 0s
  Actual Break: 3242s, Final Login: 29413s
  Work Hours: 8.1703hrs, Required: 8hrs, Status: P
  Comparison: >= 8.0 (P)

Person: FNM3520, Date: 2026-09-19
  Login: 30905s, Break: 1033s, Meeting: 0s
  Actual Break: 1033s, Final Login: 29872s
  Work Hours: 8.2978hrs, Required: 8hrs, Status: P
  Comparison: >= 8.0 (P)

Person: FNM3728, Date: 2026-09-19
  Login: 15013s, Break: 0s, Meeting: 0s
  Actual Break: 0s, Final Login: 15013s
  Work Hours: 4.1703hrs, Required: 8hrs, Status: HD
  Comparison: < 8.0

Successfully synced 7 CSR-UPGRADE records.
  - Updated HD/A to P: 0 records
  - Skipped (already P): 21 records
PHP Warning:  PHP Startup: Unable to load dynamic library 'fileinfo.so' (tried: /usr/lib64/php7/extensions/fileinfo.so (/usr/lib64/php7/extensions/fileinfo.so: cannot open shared object file: No such file or directory), /usr/lib64/php7/extensions/fileinfo.so.so (/usr/lib64/php7/extensions/fileinfo.so.so: cannot open shared object file: No such file or directory)) in Unknown on line 0
PHP Warning:  Module 'pdo_pgsql' already loaded in Unknown on line 0
PHP Warning:  Module 'pgsql' already loaded in Unknown on line 0
PHP Warning:  Module 'Phar' already loaded in Unknown on line 0
>>> UPGRADE/DC/PLCC SYNC (SP) STARTED: 2026-09-19 00:00:00 to 2026-09-20 23:59:59 <<<
Processing 395 CSR users with UPGRADE process.
Fetching from Sampark via sp_agentwise_perform160... Found 36 rows.
Processing 28 records for CSR-UPGRADE users.

--- DEBUG INFO (First 5 records) ---
Person: FNM1726, Date: 2026-09-19
  Login: 32083s, Break: 3284s, Meeting: 0s
  Actual Break: 3284s, Final Login: 28799s
  Work Hours: 7.9997hrs, Required: 8hrs, Status: P
  Comparison: >= 8.0 (P)

Person: FNM2990, Date: 2026-09-19
  Login: 33006s, Break: 3172s, Meeting: 0s
  Actual Break: 3172s, Final Login: 29834s
  Work Hours: 8.2872hrs, Required: 8hrs, Status: P
  Comparison: >= 8.0 (P)

Person: FNM3157, Date: 2026-09-19
  Login: 32655s, Break: 3242s, Meeting: 0s
  Actual Break: 3242s, Final Login: 29413s
  Work Hours: 8.1703hrs, Required: 8hrs, Status: P
  Comparison: >= 8.0 (P)

Person: FNM3520, Date: 2026-09-19
  Login: 30905s, Break: 1033s, Meeting: 0s
  Actual Break: 1033s, Final Login: 29872s
  Work Hours: 8.2978hrs, Required: 8hrs, Status: P
  Comparison: >= 8.0 (P)

Person: FNM3728, Date: 2026-09-19
  Login: 15013s, Break: 0s, Meeting: 0s
  Actual Break: 0s, Final Login: 15013s
  Work Hours: 4.1703hrs, Required: 8hrs, Status: HD
  Comparison: < 8.0

Successfully synced 7 CSR-UPGRADE records.
  - Updated HD/A to P: 0 records
  - Skipped (already P): 21 records
PHP Warning:  PHP Startup: Unable to load dynamic library 'fileinfo.so' (tried: /usr/lib64/php7/extensions/fileinfo.so (/usr/lib64/php7/extensions/fileinfo.so: cannot open shared object file: No such file or directory), /usr/lib64/php7/extensions/fileinfo.so.so (/usr/lib64/php7/extensions/fileinfo.so.so: cannot open shared object file: No such file or directory)) in Unknown on line 0
PHP Warning:  Module 'pdo_pgsql' already loaded in Unknown on line 0
PHP Warning:  Module 'pgsql' already loaded in Unknown on line 0
PHP Warning:  Module 'Phar' already loaded in Unknown on line 0
>>> UPGRADE/DC/PLCC SYNC (SP) STARTED: 2026-09-19 00:00:00 to 2026-09-20 23:59:59 <<<
Processing 395 CSR users with UPGRADE process.
Fetching from Sampark via sp_agentwise_perform160... Found 36 rows.
Processing 28 records for CSR-UPGRADE users.

--- DEBUG INFO (First 5 records) ---
Person: FNM1726, Date: 2026-09-19
  Login: 32083s, Break: 3284s, Meeting: 0s
  Actual Break: 3284s, Final Login: 28799s
  Work Hours: 7.9997hrs, Required: 8hrs, Status: P
  Comparison: >= 8.0 (P)

Person: FNM2990, Date: 2026-09-19
  Login: 33006s, Break: 3172s, Meeting: 0s
  Actual Break: 3172s, Final Login: 29834s
  Work Hours: 8.2872hrs, Required: 8hrs, Status: P
  Comparison: >= 8.0 (P)

Person: FNM3157, Date: 2026-09-19
  Login: 32655s, Break: 3242s, Meeting: 0s
  Actual Break: 3242s, Final Login: 29413s
  Work Hours: 8.1703hrs, Required: 8hrs, Status: P
  Comparison: >= 8.0 (P)

Person: FNM3520, Date: 2026-09-19
  Login: 30905s, Break: 1033s, Meeting: 0s
  Actual Break: 1033s, Final Login: 29872s
  Work Hours: 8.2978hrs, Required: 8hrs, Status: P
  Comparison: >= 8.0 (P)

Person: FNM3728, Date: 2026-09-19
  Login: 15013s, Break: 0s, Meeting: 0s
  Actual Break: 0s, Final Login: 15013s
  Work Hours: 4.1703hrs, Required: 8hrs, Status: HD
  Comparison: < 8.0

Successfully synced 7 CSR-UPGRADE records.
  - Updated HD/A to P: 0 records
  - Skipped (already P): 21 records
PHP Warning:  PHP Startup: Unable to load dynamic library 'fileinfo.so' (tried: /usr/lib64/php7/extensions/fileinfo.so (/usr/lib64/php7/extensions/fileinfo.so: cannot open shared object file: No such file or directory), /usr/lib64/php7/extensions/fileinfo.so.so (/usr/lib64/php7/extensions/fileinfo.so.so: cannot open shared object file: No such file or directory)) in Unknown on line 0
PHP Warning:  Module 'pdo_pgsql' already loaded in Unknown on line 0
PHP Warning:  Module 'pgsql' already loaded in Unknown on line 0
PHP Warning:  Module 'Phar' already loaded in Unknown on line 0
>>> UPGRADE/DC/PLCC SYNC (SP) STARTED: 2026-09-19 00:00:00 to 2026-09-20 23:59:59 <<<
Processing 395 CSR users with UPGRADE process.
Fetching from Sampark via sp_agentwise_perform160... Found 36 rows.
Processing 28 records for CSR-UPGRADE users.

--- DEBUG INFO (First 5 records) ---
Person: FNM1726, Date: 2026-09-19
  Login: 32083s, Break: 3284s, Meeting: 0s
  Actual Break: 3284s, Final Login: 28799s
  Work Hours: 7.9997hrs, Required: 8hrs, Status: P
  Comparison: >= 8.0 (P)

Person: FNM2990, Date: 2026-09-19
  Login: 33006s, Break: 3172s, Meeting: 0s
  Actual Break: 3172s, Final Login: 29834s
  Work Hours: 8.2872hrs, Required: 8hrs, Status: P
  Comparison: >= 8.0 (P)

Person: FNM3157, Date: 2026-09-19
  Login: 32655s, Break: 3242s, Meeting: 0s
  Actual Break: 3242s, Final Login: 29413s
  Work Hours: 8.1703hrs, Required: 8hrs, Status: P
  Comparison: >= 8.0 (P)

Person: FNM3520, Date: 2026-09-19
  Login: 30905s, Break: 1033s, Meeting: 0s
  Actual Break: 1033s, Final Login: 29872s
  Work Hours: 8.2978hrs, Required: 8hrs, Status: P
  Comparison: >= 8.0 (P)

Person: FNM3728, Date: 2026-09-19
  Login: 15013s, Break: 0s, Meeting: 0s
  Actual Break: 0s, Final Login: 15013s
  Work Hours: 4.1703hrs, Required: 8hrs, Status: HD
  Comparison: < 8.0

Successfully synced 7 CSR-UPGRADE records.
  - Updated HD/A to P: 0 records
  - Skipped (already P): 21 records
PHP Warning:  PHP Startup: Unable to load dynamic library 'fileinfo.so' (tried: /usr/lib64/php7/extensions/fileinfo.so (/usr/lib64/php7/extensions/fileinfo.so: cannot open shared object file: No such file or directory), /usr/lib64/php7/extensions/fileinfo.so.so (/usr/lib64/php7/extensions/fileinfo.so.so: cannot open shared object file: No such file or directory)) in Unknown on line 0
PHP Warning:  Module 'pdo_pgsql' already loaded in Unknown on line 0
PHP Warning:  Module 'pgsql' already loaded in Unknown on line 0
PHP Warning:  Module 'Phar' already loaded in Unknown on line 0
>>> UPGRADE/DC/PLCC SYNC (SP) STARTED: 2026-09-19 00:00:00 to 2026-09-20 23:59:59 <<<
Processing 395 CSR users with UPGRADE process.
Fetching from Sampark via sp_agentwise_perform160... Found 36 rows.
Processing 28 records for CSR-UPGRADE users.

--- DEBUG INFO (First 5 records) ---
Person: FNM1726, Date: 2026-09-19
  Login: 32083s, Break: 3284s, Meeting: 0s
  Actual Break: 3284s, Final Login: 28799s
  Work Hours: 7.9997hrs, Required: 8hrs, Status: P
  Comparison: >= 8.0 (P)

Person: FNM2990, Date: 2026-09-19
  Login: 33006s, Break: 3172s, Meeting: 0s
  Actual Break: 3172s, Final Login: 29834s
  Work Hours: 8.2872hrs, Required: 8hrs, Status: P
  Comparison: >= 8.0 (P)

Person: FNM3157, Date: 2026-09-19
  Login: 32655s, Break: 3242s, Meeting: 0s
  Actual Break: 3242s, Final Login: 29413s
  Work Hours: 8.1703hrs, Required: 8hrs, Status: P
  Comparison: >= 8.0 (P)

Person: FNM3520, Date: 2026-09-19
  Login: 30905s, Break: 1033s, Meeting: 0s
  Actual Break: 1033s, Final Login: 29872s
  Work Hours: 8.2978hrs, Required: 8hrs, Status: P
  Comparison: >= 8.0 (P)

Person: FNM3728, Date: 2026-09-19
  Login: 15013s, Break: 0s, Meeting: 0s
  Actual Break: 0s, Final Login: 15013s
  Work Hours: 4.1703hrs, Required: 8hrs, Status: HD
  Comparison: < 8.0

Successfully synced 7 CSR-UPGRADE records.
  - Updated HD/A to P: 0 records
  - Skipped (already P): 21 records
PHP Warning:  PHP Startup: Unable to load dynamic library 'fileinfo.so' (tried: /usr/lib64/php7/extensions/fileinfo.so (/usr/lib64/php7/extensions/fileinfo.so: cannot open shared object file: No such file or directory), /usr/lib64/php7/extensions/fileinfo.so.so (/usr/lib64/php7/extensions/fileinfo.so.so: cannot open shared object file: No such file or directory)) in Unknown on line 0
PHP Warning:  Module 'pdo_pgsql' already loaded in Unknown on line 0
PHP Warning:  Module 'pgsql' already loaded in Unknown on line 0
PHP Warning:  Module 'Phar' already loaded in Unknown on line 0
>>> UPGRADE/DC/PLCC SYNC (SP) STARTED: 2026-09-19 00:00:00 to 2026-09-20 23:59:59 <<<
Processing 395 CSR users with UPGRADE process.
Fetching from Sampark via sp_agentwise_perform160... Found 36 rows.
Processing 28 records for CSR-UPGRADE users.

--- DEBUG INFO (First 5 records) ---
Person: FNM1726, Date: 2026-09-19
  Login: 32083s, Break: 3284s, Meeting: 0s
  Actual Break: 3284s, Final Login: 28799s
  Work Hours: 7.9997hrs, Required: 8hrs, Status: P
  Comparison: >= 8.0 (P)

Person: FNM2990, Date: 2026-09-19
  Login: 33006s, Break: 3172s, Meeting: 0s
  Actual Break: 3172s, Final Login: 29834s
  Work Hours: 8.2872hrs, Required: 8hrs, Status: P
  Comparison: >= 8.0 (P)

Person: FNM3157, Date: 2026-09-19
  Login: 32655s, Break: 3242s, Meeting: 0s
  Actual Break: 3242s, Final Login: 29413s
  Work Hours: 8.1703hrs, Required: 8hrs, Status: P
  Comparison: >= 8.0 (P)

Person: FNM3520, Date: 2026-09-19
  Login: 30905s, Break: 1033s, Meeting: 0s
  Actual Break: 1033s, Final Login: 29872s
  Work Hours: 8.2978hrs, Required: 8hrs, Status: P
  Comparison: >= 8.0 (P)

Person: FNM3728, Date: 2026-09-19
  Login: 15013s, Break: 0s, Meeting: 0s
  Actual Break: 0s, Final Login: 15013s
  Work Hours: 4.1703hrs, Required: 8hrs, Status: HD
  Comparison: < 8.0

Successfully synced 7 CSR-UPGRADE records.
  - Updated HD/A to P: 0 records
  - Skipped (already P): 21 records
PHP Warning:  PHP Startup: Unable to load dynamic library 'fileinfo.so' (tried: /usr/lib64/php7/extensions/fileinfo.so (/usr/lib64/php7/extensions/fileinfo.so: cannot open shared object file: No such file or directory), /usr/lib64/php7/extensions/fileinfo.so.so (/usr/lib64/php7/extensions/fileinfo.so.so: cannot open shared object file: No such file or directory)) in Unknown on line 0
PHP Warning:  Module 'pdo_pgsql' already loaded in Unknown on line 0
PHP Warning:  Module 'pgsql' already loaded in Unknown on line 0
PHP Warning:  Module 'Phar' already loaded in Unknown on line 0
>>> UPGRADE/DC/PLCC SYNC (SP) STARTED: 2026-09-19 00:00:00 to 2026-09-20 23:59:59 <<<
Processing 395 CSR users with UPGRADE process.
Fetching from Sampark via sp_agentwise_perform160... Found 36 rows.
Processing 28 records for CSR-UPGRADE users.

--- DEBUG INFO (First 5 records) ---
Person: FNM1726, Date: 2026-09-19
  Login: 32083s, Break: 3284s, Meeting: 0s
  Actual Break: 3284s, Final Login: 28799s
  Work Hours: 7.9997hrs, Required: 8hrs, Status: P
  Comparison: >= 8.0 (P)

Person: FNM2990, Date: 2026-09-19
  Login: 33006s, Break: 3172s, Meeting: 0s
  Actual Break: 3172s, Final Login: 29834s
  Work Hours: 8.2872hrs, Required: 8hrs, Status: P
  Comparison: >= 8.0 (P)

Person: FNM3157, Date: 2026-09-19
  Login: 32655s, Break: 3242s, Meeting: 0s
  Actual Break: 3242s, Final Login: 29413s
  Work Hours: 8.1703hrs, Required: 8hrs, Status: P
  Comparison: >= 8.0 (P)

Person: FNM3520, Date: 2026-09-19
  Login: 30905s, Break: 1033s, Meeting: 0s
  Actual Break: 1033s, Final Login: 29872s
  Work Hours: 8.2978hrs, Required: 8hrs, Status: P
  Comparison: >= 8.0 (P)

Person: FNM3728, Date: 2026-09-19
  Login: 15013s, Break: 0s, Meeting: 0s
  Actual Break: 0s, Final Login: 15013s
  Work Hours: 4.1703hrs, Required: 8hrs, Status: HD
  Comparison: < 8.0

Successfully synced 7 CSR-UPGRADE records.
  - Updated HD/A to P: 0 records
  - Skipped (already P): 21 records
PHP Warning:  PHP Startup: Unable to load dynamic library 'fileinfo.so' (tried: /usr/lib64/php7/extensions/fileinfo.so (/usr/lib64/php7/extensions/fileinfo.so: cannot open shared object file: No such file or directory), /usr/lib64/php7/extensions/fileinfo.so.so (/usr/lib64/php7/extensions/fileinfo.so.so: cannot open shared object file: No such file or directory)) in Unknown on line 0
PHP Warning:  Module 'pdo_pgsql' already loaded in Unknown on line 0
PHP Warning:  Module 'pgsql' already loaded in Unknown on line 0
PHP Warning:  Module 'Phar' already loaded in Unknown on line 0
>>> UPGRADE/DC/PLCC SYNC (SP) STARTED: 2026-09-19 00:00:00 to 2026-09-20 23:59:59 <<<
Processing 395 CSR users with UPGRADE process.
Fetching from Sampark via sp_agentwise_perform160... Found 36 rows.
Processing 28 records for CSR-UPGRADE users.

--- DEBUG INFO (First 5 records) ---
Person: FNM1726, Date: 2026-09-19
  Login: 32083s, Break: 3284s, Meeting: 0s
  Actual Break: 3284s, Final Login: 28799s
  Work Hours: 7.9997hrs, Required: 8hrs, Status: P
  Comparison: >= 8.0 (P)

Person: FNM2990, Date: 2026-09-19
  Login: 33006s, Break: 3172s, Meeting: 0s
  Actual Break: 3172s, Final Login: 29834s
  Work Hours: 8.2872hrs, Required: 8hrs, Status: P
  Comparison: >= 8.0 (P)

Person: FNM3157, Date: 2026-09-19
  Login: 32655s, Break: 3242s, Meeting: 0s
  Actual Break: 3242s, Final Login: 29413s
  Work Hours: 8.1703hrs, Required: 8hrs, Status: P
  Comparison: >= 8.0 (P)

Person: FNM3520, Date: 2026-09-19
  Login: 30905s, Break: 1033s, Meeting: 0s
  Actual Break: 1033s, Final Login: 29872s
  Work Hours: 8.2978hrs, Required: 8hrs, Status: P
  Comparison: >= 8.0 (P)

Person: FNM3728, Date: 2026-09-19
  Login: 15013s, Break: 0s, Meeting: 0s
  Actual Break: 0s, Final Login: 15013s
  Work Hours: 4.1703hrs, Required: 8hrs, Status: HD
  Comparison: < 8.0

Successfully synced 7 CSR-UPGRADE records.
  - Updated HD/A to P: 0 records
  - Skipped (already P): 21 records
PHP Warning:  PHP Startup: Unable to load dynamic library 'fileinfo.so' (tried: /usr/lib64/php7/extensions/fileinfo.so (/usr/lib64/php7/extensions/fileinfo.so: cannot open shared object file: No such file or directory), /usr/lib64/php7/extensions/fileinfo.so.so (/usr/lib64/php7/extensions/fileinfo.so.so: cannot open shared object file: No such file or directory)) in Unknown on line 0
PHP Warning:  Module 'pdo_pgsql' already loaded in Unknown on line 0
PHP Warning:  Module 'pgsql' already loaded in Unknown on line 0
PHP Warning:  Module 'Phar' already loaded in Unknown on line 0
>>> UPGRADE/DC/PLCC SYNC (SP) STARTED: 2026-09-19 00:00:00 to 2026-09-20 23:59:59 <<<
Processing 395 CSR users with UPGRADE process.
Fetching from Sampark via sp_agentwise_perform160... Found 36 rows.
Processing 28 records for CSR-UPGRADE users.

--- DEBUG INFO (First 5 records) ---
Person: FNM1726, Date: 2026-09-19
  Login: 32083s, Break: 3284s, Meeting: 0s
  Actual Break: 3284s, Final Login: 28799s
  Work Hours: 7.9997hrs, Required: 8hrs, Status: P
  Comparison: >= 8.0 (P)

Person: FNM2990, Date: 2026-09-19
  Login: 33006s, Break: 3172s, Meeting: 0s
  Actual Break: 3172s, Final Login: 29834s
  Work Hours: 8.2872hrs, Required: 8hrs, Status: P
  Comparison: >= 8.0 (P)

Person: FNM3157, Date: 2026-09-19
  Login: 32655s, Break: 3242s, Meeting: 0s
  Actual Break: 3242s, Final Login: 29413s
  Work Hours: 8.1703hrs, Required: 8hrs, Status: P
  Comparison: >= 8.0 (P)

Person: FNM3520, Date: 2026-09-19
  Login: 30905s, Break: 1033s, Meeting: 0s
  Actual Break: 1033s, Final Login: 29872s
  Work Hours: 8.2978hrs, Required: 8hrs, Status: P
  Comparison: >= 8.0 (P)

Person: FNM3728, Date: 2026-09-19
  Login: 15013s, Break: 0s, Meeting: 0s
  Actual Break: 0s, Final Login: 15013s
  Work Hours: 4.1703hrs, Required: 8hrs, Status: HD
  Comparison: < 8.0

Successfully synced 7 CSR-UPGRADE records.
  - Updated HD/A to P: 0 records
  - Skipped (already P): 21 records
PHP Warning:  PHP Startup: Unable to load dynamic library 'fileinfo.so' (tried: /usr/lib64/php7/extensions/fileinfo.so (/usr/lib64/php7/extensions/fileinfo.so: cannot open shared object file: No such file or directory), /usr/lib64/php7/extensions/fileinfo.so.so (/usr/lib64/php7/extensions/fileinfo.so.so: cannot open shared object file: No such file or directory)) in Unknown on line 0
PHP Warning:  Module 'pdo_pgsql' already loaded in Unknown on line 0
PHP Warning:  Module 'pgsql' already loaded in Unknown on line 0
PHP Warning:  Module 'Phar' already loaded in Unknown on line 0
>>> UPGRADE/DC/PLCC SYNC (SP) STARTED: 2026-09-19 00:00:00 to 2026-09-20 23:59:59 <<<
Processing 395 CSR users with UPGRADE process.
Fetching from Sampark via sp_agentwise_perform160... Found 36 rows.
Processing 28 records for CSR-UPGRADE users.

--- DEBUG INFO (First 5 records) ---
Person: FNM1726, Date: 2026-09-19
  Login: 32083s, Break: 3284s, Meeting: 0s
  Actual Break: 3284s, Final Login: 28799s
  Work Hours: 7.9997hrs, Required: 8hrs, Status: P
  Comparison: >= 8.0 (P)

Person: FNM2990, Date: 2026-09-19
  Login: 33006s, Break: 3172s, Meeting: 0s
  Actual Break: 3172s, Final Login: 29834s
  Work Hours: 8.2872hrs, Required: 8hrs, Status: P
  Comparison: >= 8.0 (P)

Person: FNM3157, Date: 2026-09-19
  Login: 32655s, Break: 3242s, Meeting: 0s
  Actual Break: 3242s, Final Login: 29413s
  Work Hours: 8.1703hrs, Required: 8hrs, Status: P
  Comparison: >= 8.0 (P)

Person: FNM3520, Date: 2026-09-19
  Login: 30905s, Break: 1033s, Meeting: 0s
  Actual Break: 1033s, Final Login: 29872s
  Work Hours: 8.2978hrs, Required: 8hrs, Status: P
  Comparison: >= 8.0 (P)

Person: FNM3728, Date: 2026-09-19
  Login: 15013s, Break: 0s, Meeting: 0s
  Actual Break: 0s, Final Login: 15013s
  Work Hours: 4.1703hrs, Required: 8hrs, Status: HD
  Comparison: < 8.0

Successfully synced 7 CSR-UPGRADE records.
  - Updated HD/A to P: 0 records
  - Skipped (already P): 21 records
PHP Warning:  PHP Startup: Unable to load dynamic library 'fileinfo.so' (tried: /usr/lib64/php7/extensions/fileinfo.so (/usr/lib64/php7/extensions/fileinfo.so: cannot open shared object file: No such file or directory), /usr/lib64/php7/extensions/fileinfo.so.so (/usr/lib64/php7/extensions/fileinfo.so.so: cannot open shared object file: No such file or directory)) in Unknown on line 0
PHP Warning:  Module 'pdo_pgsql' already loaded in Unknown on line 0
PHP Warning:  Module 'pgsql' already loaded in Unknown on line 0
PHP Warning:  Module 'Phar' already loaded in Unknown on line 0
>>> UPGRADE/DC/PLCC SYNC (SP) STARTED: 2026-09-19 00:00:00 to 2026-09-20 23:59:59 <<<
Processing 395 CSR users with UPGRADE process.
Fetching from Sampark via sp_agentwise_perform160... Found 36 rows.
Processing 28 records for CSR-UPGRADE users.

--- DEBUG INFO (First 5 records) ---
Person: FNM1726, Date: 2026-09-19
  Login: 32083s, Break: 3284s, Meeting: 0s
  Actual Break: 3284s, Final Login: 28799s
  Work Hours: 7.9997hrs, Required: 8hrs, Status: P
  Comparison: >= 8.0 (P)

Person: FNM2990, Date: 2026-09-19
  Login: 33006s, Break: 3172s, Meeting: 0s
  Actual Break: 3172s, Final Login: 29834s
  Work Hours: 8.2872hrs, Required: 8hrs, Status: P
  Comparison: >= 8.0 (P)

Person: FNM3157, Date: 2026-09-19
  Login: 32655s, Break: 3242s, Meeting: 0s
  Actual Break: 3242s, Final Login: 29413s
  Work Hours: 8.1703hrs, Required: 8hrs, Status: P
  Comparison: >= 8.0 (P)

Person: FNM3520, Date: 2026-09-19
  Login: 30905s, Break: 1033s, Meeting: 0s
  Actual Break: 1033s, Final Login: 29872s
  Work Hours: 8.2978hrs, Required: 8hrs, Status: P
  Comparison: >= 8.0 (P)

Person: FNM3728, Date: 2026-09-19
  Login: 15013s, Break: 0s, Meeting: 0s
  Actual Break: 0s, Final Login: 15013s
  Work Hours: 4.1703hrs, Required: 8hrs, Status: HD
  Comparison: < 8.0

Successfully synced 7 CSR-UPGRADE records.
  - Updated HD/A to P: 0 records
  - Skipped (already P): 21 records
PHP Warning:  PHP Startup: Unable to load dynamic library 'fileinfo.so' (tried: /usr/lib64/php7/extensions/fileinfo.so (/usr/lib64/php7/extensions/fileinfo.so: cannot open shared object file: No such file or directory), /usr/lib64/php7/extensions/fileinfo.so.so (/usr/lib64/php7/extensions/fileinfo.so.so: cannot open shared object file: No such file or directory)) in Unknown on line 0
PHP Warning:  Module 'pdo_pgsql' already loaded in Unknown on line 0
PHP Warning:  Module 'pgsql' already loaded in Unknown on line 0
PHP Warning:  Module 'Phar' already loaded in Unknown on line 0
>>> UPGRADE/DC/PLCC SYNC (SP) STARTED: 2026-09-19 00:00:00 to 2026-09-20 23:59:59 <<<
Processing 395 CSR users with UPGRADE process.
Fetching from Sampark via sp_agentwise_perform160... Found 36 rows.
Processing 28 records for CSR-UPGRADE users.

--- DEBUG INFO (First 5 records) ---
Person: FNM1726, Date: 2026-09-19
  Login: 32083s, Break: 3284s, Meeting: 0s
  Actual Break: 3284s, Final Login: 28799s
  Work Hours: 7.9997hrs, Required: 8hrs, Status: P
  Comparison: >= 8.0 (P)

Person: FNM2990, Date: 2026-09-19
  Login: 33006s, Break: 3172s, Meeting: 0s
  Actual Break: 3172s, Final Login: 29834s
  Work Hours: 8.2872hrs, Required: 8hrs, Status: P
  Comparison: >= 8.0 (P)

Person: FNM3157, Date: 2026-09-19
  Login: 32655s, Break: 3242s, Meeting: 0s
  Actual Break: 3242s, Final Login: 29413s
  Work Hours: 8.1703hrs, Required: 8hrs, Status: P
  Comparison: >= 8.0 (P)

Person: FNM3520, Date: 2026-09-19
  Login: 30905s, Break: 1033s, Meeting: 0s
  Actual Break: 1033s, Final Login: 29872s
  Work Hours: 8.2978hrs, Required: 8hrs, Status: P
  Comparison: >= 8.0 (P)

Person: FNM3728, Date: 2026-09-19
  Login: 15013s, Break: 0s, Meeting: 0s
  Actual Break: 0s, Final Login: 15013s
  Work Hours: 4.1703hrs, Required: 8hrs, Status: HD
  Comparison: < 8.0

Successfully synced 7 CSR-UPGRADE records.
  - Updated HD/A to P: 0 records
  - Skipped (already P): 21 records
PHP Warning:  PHP Startup: Unable to load dynamic library 'fileinfo.so' (tried: /usr/lib64/php7/extensions/fileinfo.so (/usr/lib64/php7/extensions/fileinfo.so: cannot open shared object file: No such file or directory), /usr/lib64/php7/extensions/fileinfo.so.so (/usr/lib64/php7/extensions/fileinfo.so.so: cannot open shared object file: No such file or directory)) in Unknown on line 0
PHP Warning:  Module 'pdo_pgsql' already loaded in Unknown on line 0
PHP Warning:  Module 'pgsql' already loaded in Unknown on line 0
PHP Warning:  Module 'Phar' already loaded in Unknown on line 0
>>> UPGRADE/DC/PLCC SYNC (SP) STARTED: 2026-09-19 00:00:00 to 2026-09-20 23:59:59 <<<
Processing 395 CSR users with UPGRADE process.
Fetching from Sampark via sp_agentwise_perform160... Found 36 rows.
Processing 28 records for CSR-UPGRADE users.

--- DEBUG INFO (First 5 records) ---
Person: FNM1726, Date: 2026-09-19
  Login: 32083s, Break: 3284s, Meeting: 0s
  Actual Break: 3284s, Final Login: 28799s
  Work Hours: 7.9997hrs, Required: 8hrs, Status: P
  Comparison: >= 8.0 (P)

Person: FNM2990, Date: 2026-09-19
  Login: 33006s, Break: 3172s, Meeting: 0s
  Actual Break: 3172s, Final Login: 29834s
  Work Hours: 8.2872hrs, Required: 8hrs, Status: P
  Comparison: >= 8.0 (P)

Person: FNM3157, Date: 2026-09-19
  Login: 32655s, Break: 3242s, Meeting: 0s
  Actual Break: 3242s, Final Login: 29413s
  Work Hours: 8.1703hrs, Required: 8hrs, Status: P
  Comparison: >= 8.0 (P)

Person: FNM3520, Date: 2026-09-19
  Login: 30905s, Break: 1033s, Meeting: 0s
  Actual Break: 1033s, Final Login: 29872s
  Work Hours: 8.2978hrs, Required: 8hrs, Status: P
  Comparison: >= 8.0 (P)

Person: FNM3728, Date: 2026-09-19
  Login: 15013s, Break: 0s, Meeting: 0s
  Actual Break: 0s, Final Login: 15013s
  Work Hours: 4.1703hrs, Required: 8hrs, Status: HD
  Comparison: < 8.0

Successfully synced 7 CSR-UPGRADE records.
  - Updated HD/A to P: 0 records
  - Skipped (already P): 21 records
PHP Warning:  PHP Startup: Unable to load dynamic library 'fileinfo.so' (tried: /usr/lib64/php7/extensions/fileinfo.so (/usr/lib64/php7/extensions/fileinfo.so: cannot open shared object file: No such file or directory), /usr/lib64/php7/extensions/fileinfo.so.so (/usr/lib64/php7/extensions/fileinfo.so.so: cannot open shared object file: No such file or directory)) in Unknown on line 0
PHP Warning:  Module 'pdo_pgsql' already loaded in Unknown on line 0
PHP Warning:  Module 'pgsql' already loaded in Unknown on line 0
PHP Warning:  Module 'Phar' already loaded in Unknown on line 0
>>> UPGRADE/DC/PLCC SYNC (SP) STARTED: 2026-09-19 00:00:00 to 2026-09-20 23:59:59 <<<
Processing 395 CSR users with UPGRADE process.
Fetching from Sampark via sp_agentwise_perform160... Found 36 rows.
Processing 28 records for CSR-UPGRADE users.

--- DEBUG INFO (First 5 records) ---
Person: FNM1726, Date: 2026-09-19
  Login: 32083s, Break: 3284s, Meeting: 0s
  Actual Break: 3284s, Final Login: 28799s
  Work Hours: 7.9997hrs, Required: 8hrs, Status: P
  Comparison: >= 8.0 (P)

Person: FNM2990, Date: 2026-09-19
  Login: 33006s, Break: 3172s, Meeting: 0s
  Actual Break: 3172s, Final Login: 29834s
  Work Hours: 8.2872hrs, Required: 8hrs, Status: P
  Comparison: >= 8.0 (P)

Person: FNM3157, Date: 2026-09-19
  Login: 32655s, Break: 3242s, Meeting: 0s
  Actual Break: 3242s, Final Login: 29413s
  Work Hours: 8.1703hrs, Required: 8hrs, Status: P
  Comparison: >= 8.0 (P)

Person: FNM3520, Date: 2026-09-19
  Login: 30905s, Break: 1033s, Meeting: 0s
  Actual Break: 1033s, Final Login: 29872s
  Work Hours: 8.2978hrs, Required: 8hrs, Status: P
  Comparison: >= 8.0 (P)

Person: FNM3728, Date: 2026-09-19
  Login: 15013s, Break: 0s, Meeting: 0s
  Actual Break: 0s, Final Login: 15013s
  Work Hours: 4.1703hrs, Required: 8hrs, Status: HD
  Comparison: < 8.0

Successfully synced 7 CSR-UPGRADE records.
  - Updated HD/A to P: 0 records
  - Skipped (already P): 21 records
PHP Warning:  PHP Startup: Unable to load dynamic library 'fileinfo.so' (tried: /usr/lib64/php7/extensions/fileinfo.so (/usr/lib64/php7/extensions/fileinfo.so: cannot open shared object file: No such file or directory), /usr/lib64/php7/extensions/fileinfo.so.so (/usr/lib64/php7/extensions/fileinfo.so.so: cannot open shared object file: No such file or directory)) in Unknown on line 0
PHP Warning:  Module 'pdo_pgsql' already loaded in Unknown on line 0
PHP Warning:  Module 'pgsql' already loaded in Unknown on line 0
PHP Warning:  Module 'Phar' already loaded in Unknown on line 0
>>> UPGRADE/DC/PLCC SYNC (SP) STARTED: 2026-09-19 00:00:00 to 2026-09-20 23:59:59 <<<
Processing 395 CSR users with UPGRADE process.
Fetching from Sampark via sp_agentwise_perform160... Found 36 rows.
Processing 28 records for CSR-UPGRADE users.

--- DEBUG INFO (First 5 records) ---
Person: FNM1726, Date: 2026-09-19
  Login: 32083s, Break: 3284s, Meeting: 0s
  Actual Break: 3284s, Final Login: 28799s
  Work Hours: 7.9997hrs, Required: 8hrs, Status: P
  Comparison: >= 8.0 (P)

Person: FNM2990, Date: 2026-09-19
  Login: 33006s, Break: 3172s, Meeting: 0s
  Actual Break: 3172s, Final Login: 29834s
  Work Hours: 8.2872hrs, Required: 8hrs, Status: P
  Comparison: >= 8.0 (P)

Person: FNM3157, Date: 2026-09-19
  Login: 32655s, Break: 3242s, Meeting: 0s
  Actual Break: 3242s, Final Login: 29413s
  Work Hours: 8.1703hrs, Required: 8hrs, Status: P
  Comparison: >= 8.0 (P)

Person: FNM3520, Date: 2026-09-19
  Login: 30905s, Break: 1033s, Meeting: 0s
  Actual Break: 1033s, Final Login: 29872s
  Work Hours: 8.2978hrs, Required: 8hrs, Status: P
  Comparison: >= 8.0 (P)

Person: FNM3728, Date: 2026-09-19
  Login: 15013s, Break: 0s, Meeting: 0s
  Actual Break: 0s, Final Login: 15013s
  Work Hours: 4.1703hrs, Required: 8hrs, Status: HD
  Comparison: < 8.0

Successfully synced 7 CSR-UPGRADE records.
  - Updated HD/A to P: 0 records
  - Skipped (already P): 21 records
PHP Warning:  PHP Startup: Unable to load dynamic library 'fileinfo.so' (tried: /usr/lib64/php7/extensions/fileinfo.so (/usr/lib64/php7/extensions/fileinfo.so: cannot open shared object file: No such file or directory), /usr/lib64/php7/extensions/fileinfo.so.so (/usr/lib64/php7/extensions/fileinfo.so.so: cannot open shared object file: No such file or directory)) in Unknown on line 0
PHP Warning:  Module 'pdo_pgsql' already loaded in Unknown on line 0
PHP Warning:  Module 'pgsql' already loaded in Unknown on line 0
PHP Warning:  Module 'Phar' already loaded in Unknown on line 0
>>> UPGRADE/DC/PLCC SYNC (SP) STARTED: 2026-09-19 00:00:00 to 2026-09-20 23:59:59 <<<
Processing 395 CSR users with UPGRADE process.
Fetching from Sampark via sp_agentwise_perform160... Found 36 rows.
Processing 28 records for CSR-UPGRADE users.

--- DEBUG INFO (First 5 records) ---
Person: FNM1726, Date: 2026-09-19
  Login: 32083s, Break: 3284s, Meeting: 0s
  Actual Break: 3284s, Final Login: 28799s
  Work Hours: 7.9997hrs, Required: 8hrs, Status: P
  Comparison: >= 8.0 (P)

Person: FNM2990, Date: 2026-09-19
  Login: 33006s, Break: 3172s, Meeting: 0s
  Actual Break: 3172s, Final Login: 29834s
  Work Hours: 8.2872hrs, Required: 8hrs, Status: P
  Comparison: >= 8.0 (P)

Person: FNM3157, Date: 2026-09-19
  Login: 32655s, Break: 3242s, Meeting: 0s
  Actual Break: 3242s, Final Login: 29413s
  Work Hours: 8.1703hrs, Required: 8hrs, Status: P
  Comparison: >= 8.0 (P)

Person: FNM3520, Date: 2026-09-19
  Login: 30905s, Break: 1033s, Meeting: 0s
  Actual Break: 1033s, Final Login: 29872s
  Work Hours: 8.2978hrs, Required: 8hrs, Status: P
  Comparison: >= 8.0 (P)

Person: FNM3728, Date: 2026-09-19
  Login: 15013s, Break: 0s, Meeting: 0s
  Actual Break: 0s, Final Login: 15013s
  Work Hours: 4.1703hrs, Required: 8hrs, Status: HD
  Comparison: < 8.0

Successfully synced 7 CSR-UPGRADE records.
  - Updated HD/A to P: 0 records
  - Skipped (already P): 21 records
PHP Warning:  PHP Startup: Unable to load dynamic library 'fileinfo.so' (tried: /usr/lib64/php7/extensions/fileinfo.so (/usr/lib64/php7/extensions/fileinfo.so: cannot open shared object file: No such file or directory), /usr/lib64/php7/extensions/fileinfo.so.so (/usr/lib64/php7/extensions/fileinfo.so.so: cannot open shared object file: No such file or directory)) in Unknown on line 0
PHP Warning:  Module 'pdo_pgsql' already loaded in Unknown on line 0
PHP Warning:  Module 'pgsql' already loaded in Unknown on line 0
PHP Warning:  Module 'Phar' already loaded in Unknown on line 0
>>> UPGRADE/DC/PLCC SYNC (SP) STARTED: 2026-09-19 00:00:00 to 2026-09-20 23:59:59 <<<
Processing 395 CSR users with UPGRADE process.
Fetching from Sampark via sp_agentwise_perform160... Found 36 rows.
Processing 28 records for CSR-UPGRADE users.

--- DEBUG INFO (First 5 records) ---
Person: FNM1726, Date: 2026-09-19
  Login: 32083s, Break: 3284s, Meeting: 0s
  Actual Break: 3284s, Final Login: 28799s
  Work Hours: 7.9997hrs, Required: 8hrs, Status: P
  Comparison: >= 8.0 (P)

Person: FNM2990, Date: 2026-09-19
  Login: 33006s, Break: 3172s, Meeting: 0s
  Actual Break: 3172s, Final Login: 29834s
  Work Hours: 8.2872hrs, Required: 8hrs, Status: P
  Comparison: >= 8.0 (P)

Person: FNM3157, Date: 2026-09-19
  Login: 32655s, Break: 3242s, Meeting: 0s
  Actual Break: 3242s, Final Login: 29413s
  Work Hours: 8.1703hrs, Required: 8hrs, Status: P
  Comparison: >= 8.0 (P)

Person: FNM3520, Date: 2026-09-19
  Login: 30905s, Break: 1033s, Meeting: 0s
  Actual Break: 1033s, Final Login: 29872s
  Work Hours: 8.2978hrs, Required: 8hrs, Status: P
  Comparison: >= 8.0 (P)

Person: FNM3728, Date: 2026-09-19
  Login: 15013s, Break: 0s, Meeting: 0s
  Actual Break: 0s, Final Login: 15013s
  Work Hours: 4.1703hrs, Required: 8hrs, Status: HD
  Comparison: < 8.0

Successfully synced 7 CSR-UPGRADE records.
  - Updated HD/A to P: 0 records
  - Skipped (already P): 21 records
PHP Warning:  PHP Startup: Unable to load dynamic library 'fileinfo.so' (tried: /usr/lib64/php7/extensions/fileinfo.so (/usr/lib64/php7/extensions/fileinfo.so: cannot open shared object file: No such file or directory), /usr/lib64/php7/extensions/fileinfo.so.so (/usr/lib64/php7/extensions/fileinfo.so.so: cannot open shared object file: No such file or directory)) in Unknown on line 0
PHP Warning:  Module 'pdo_pgsql' already loaded in Unknown on line 0
PHP Warning:  Module 'pgsql' already loaded in Unknown on line 0
PHP Warning:  Module 'Phar' already loaded in Unknown on line 0
>>> UPGRADE/DC/PLCC SYNC (SP) STARTED: 2026-09-19 00:00:00 to 2026-09-20 23:59:59 <<<
Processing 395 CSR users with UPGRADE process.
Fetching from Sampark via sp_agentwise_perform160... Found 36 rows.
Processing 28 records for CSR-UPGRADE users.

--- DEBUG INFO (First 5 records) ---
Person: FNM1726, Date: 2026-09-19
  Login: 32083s, Break: 3284s, Meeting: 0s
  Actual Break: 3284s, Final Login: 28799s
  Work Hours: 7.9997hrs, Required: 8hrs, Status: P
  Comparison: >= 8.0 (P)

Person: FNM2990, Date: 2026-09-19
  Login: 33006s, Break: 3172s, Meeting: 0s
  Actual Break: 3172s, Final Login: 29834s
  Work Hours: 8.2872hrs, Required: 8hrs, Status: P
  Comparison: >= 8.0 (P)

Person: FNM3157, Date: 2026-09-19
  Login: 32655s, Break: 3242s, Meeting: 0s
  Actual Break: 3242s, Final Login: 29413s
  Work Hours: 8.1703hrs, Required: 8hrs, Status: P
  Comparison: >= 8.0 (P)

Person: FNM3520, Date: 2026-09-19
  Login: 30905s, Break: 1033s, Meeting: 0s
  Actual Break: 1033s, Final Login: 29872s
  Work Hours: 8.2978hrs, Required: 8hrs, Status: P
  Comparison: >= 8.0 (P)

Person: FNM3728, Date: 2026-09-19
  Login: 15013s, Break: 0s, Meeting: 0s
  Actual Break: 0s, Final Login: 15013s
  Work Hours: 4.1703hrs, Required: 8hrs, Status: HD
  Comparison: < 8.0

Successfully synced 7 CSR-UPGRADE records.
  - Updated HD/A to P: 0 records
  - Skipped (already P): 21 records
PHP Warning:  PHP Startup: Unable to load dynamic library 'fileinfo.so' (tried: /usr/lib64/php7/extensions/fileinfo.so (/usr/lib64/php7/extensions/fileinfo.so: cannot open shared object file: No such file or directory), /usr/lib64/php7/extensions/fileinfo.so.so (/usr/lib64/php7/extensions/fileinfo.so.so: cannot open shared object file: No such file or directory)) in Unknown on line 0
PHP Warning:  Module 'pdo_pgsql' already loaded in Unknown on line 0
PHP Warning:  Module 'pgsql' already loaded in Unknown on line 0
PHP Warning:  Module 'Phar' already loaded in Unknown on line 0
>>> UPGRADE/DC/PLCC SYNC (SP) STARTED: 2026-09-19 00:00:00 to 2026-09-20 23:59:59 <<<
Processing 395 CSR users with UPGRADE process.
Fetching from Sampark via sp_agentwise_perform160... Found 36 rows.
Processing 28 records for CSR-UPGRADE users.

--- DEBUG INFO (First 5 records) ---
Person: FNM1726, Date: 2026-09-19
  Login: 32083s, Break: 3284s, Meeting: 0s
  Actual Break: 3284s, Final Login: 28799s
  Work Hours: 7.9997hrs, Required: 8hrs, Status: P
  Comparison: >= 8.0 (P)

Person: FNM2990, Date: 2026-09-19
  Login: 33006s, Break: 3172s, Meeting: 0s
  Actual Break: 3172s, Final Login: 29834s
  Work Hours: 8.2872hrs, Required: 8hrs, Status: P
  Comparison: >= 8.0 (P)

Person: FNM3157, Date: 2026-09-19
  Login: 32655s, Break: 3242s, Meeting: 0s
  Actual Break: 3242s, Final Login: 29413s
  Work Hours: 8.1703hrs, Required: 8hrs, Status: P
  Comparison: >= 8.0 (P)

Person: FNM3520, Date: 2026-09-19
  Login: 30905s, Break: 1033s, Meeting: 0s
  Actual Break: 1033s, Final Login: 29872s
  Work Hours: 8.2978hrs, Required: 8hrs, Status: P
  Comparison: >= 8.0 (P)

Person: FNM3728, Date: 2026-09-19
  Login: 15013s, Break: 0s, Meeting: 0s
  Actual Break: 0s, Final Login: 15013s
  Work Hours: 4.1703hrs, Required: 8hrs, Status: HD
  Comparison: < 8.0

Successfully synced 7 CSR-UPGRADE records.
  - Updated HD/A to P: 0 records
  - Skipped (already P): 21 records
PHP Warning:  PHP Startup: Unable to load dynamic library 'fileinfo.so' (tried: /usr/lib64/php7/extensions/fileinfo.so (/usr/lib64/php7/extensions/fileinfo.so: cannot open shared object file: No such file or directory), /usr/lib64/php7/extensions/fileinfo.so.so (/usr/lib64/php7/extensions/fileinfo.so.so: cannot open shared object file: No such file or directory)) in Unknown on line 0
PHP Warning:  Module 'pdo_pgsql' already loaded in Unknown on line 0
PHP Warning:  Module 'pgsql' already loaded in Unknown on line 0
PHP Warning:  Module 'Phar' already loaded in Unknown on line 0
>>> UPGRADE/DC/PLCC SYNC (SP) STARTED: 2026-09-19 00:00:00 to 2026-09-20 23:59:59 <<<
Processing 395 CSR users with UPGRADE process.
Fetching from Sampark via sp_agentwise_perform160... Found 36 rows.
Processing 28 records for CSR-UPGRADE users.

--- DEBUG INFO (First 5 records) ---
Person: FNM1726, Date: 2026-09-19
  Login: 32083s, Break: 3284s, Meeting: 0s
  Actual Break: 3284s, Final Login: 28799s
  Work Hours: 7.9997hrs, Required: 8hrs, Status: P
  Comparison: >= 8.0 (P)

Person: FNM2990, Date: 2026-09-19
  Login: 33006s, Break: 3172s, Meeting: 0s
  Actual Break: 3172s, Final Login: 29834s
  Work Hours: 8.2872hrs, Required: 8hrs, Status: P
  Comparison: >= 8.0 (P)

Person: FNM3157, Date: 2026-09-19
  Login: 32655s, Break: 3242s, Meeting: 0s
  Actual Break: 3242s, Final Login: 29413s
  Work Hours: 8.1703hrs, Required: 8hrs, Status: P
  Comparison: >= 8.0 (P)

Person: FNM3520, Date: 2026-09-19
  Login: 30905s, Break: 1033s, Meeting: 0s
  Actual Break: 1033s, Final Login: 29872s
  Work Hours: 8.2978hrs, Required: 8hrs, Status: P
  Comparison: >= 8.0 (P)

Person: FNM3728, Date: 2026-09-19
  Login: 15013s, Break: 0s, Meeting: 0s
  Actual Break: 0s, Final Login: 15013s
  Work Hours: 4.1703hrs, Required: 8hrs, Status: HD
  Comparison: < 8.0

Successfully synced 7 CSR-UPGRADE records.
  - Updated HD/A to P: 0 records
  - Skipped (already P): 21 records
PHP Warning:  PHP Startup: Unable to load dynamic library 'fileinfo.so' (tried: /usr/lib64/php7/extensions/fileinfo.so (/usr/lib64/php7/extensions/fileinfo.so: cannot open shared object file: No such file or directory), /usr/lib64/php7/extensions/fileinfo.so.so (/usr/lib64/php7/extensions/fileinfo.so.so: cannot open shared object file: No such file or directory)) in Unknown on line 0
PHP Warning:  Module 'pdo_pgsql' already loaded in Unknown on line 0
PHP Warning:  Module 'pgsql' already loaded in Unknown on line 0
PHP Warning:  Module 'Phar' already loaded in Unknown on line 0
>>> UPGRADE/DC/PLCC SYNC (SP) STARTED: 2026-09-19 00:00:00 to 2026-09-20 23:59:59 <<<
Processing 395 CSR users with UPGRADE process.
Fetching from Sampark via sp_agentwise_perform160... Found 36 rows.
Processing 28 records for CSR-UPGRADE users.

--- DEBUG INFO (First 5 records) ---
Person: FNM1726, Date: 2026-09-19
  Login: 32083s, Break: 3284s, Meeting: 0s
  Actual Break: 3284s, Final Login: 28799s
  Work Hours: 7.9997hrs, Required: 8hrs, Status: P
  Comparison: >= 8.0 (P)

Person: FNM2990, Date: 2026-09-19
  Login: 33006s, Break: 3172s, Meeting: 0s
  Actual Break: 3172s, Final Login: 29834s
  Work Hours: 8.2872hrs, Required: 8hrs, Status: P
  Comparison: >= 8.0 (P)

Person: FNM3157, Date: 2026-09-19
  Login: 32655s, Break: 3242s, Meeting: 0s
  Actual Break: 3242s, Final Login: 29413s
  Work Hours: 8.1703hrs, Required: 8hrs, Status: P
  Comparison: >= 8.0 (P)

Person: FNM3520, Date: 2026-09-19
  Login: 30905s, Break: 1033s, Meeting: 0s
  Actual Break: 1033s, Final Login: 29872s
  Work Hours: 8.2978hrs, Required: 8hrs, Status: P
  Comparison: >= 8.0 (P)

Person: FNM3728, Date: 2026-09-19
  Login: 15013s, Break: 0s, Meeting: 0s
  Actual Break: 0s, Final Login: 15013s
  Work Hours: 4.1703hrs, Required: 8hrs, Status: HD
  Comparison: < 8.0

Successfully synced 7 CSR-UPGRADE records.
  - Updated HD/A to P: 0 records
  - Skipped (already P): 21 records
PHP Warning:  PHP Startup: Unable to load dynamic library 'fileinfo.so' (tried: /usr/lib64/php7/extensions/fileinfo.so (/usr/lib64/php7/extensions/fileinfo.so: cannot open shared object file: No such file or directory), /usr/lib64/php7/extensions/fileinfo.so.so (/usr/lib64/php7/extensions/fileinfo.so.so: cannot open shared object file: No such file or directory)) in Unknown on line 0
PHP Warning:  Module 'pdo_pgsql' already loaded in Unknown on line 0
PHP Warning:  Module 'pgsql' already loaded in Unknown on line 0
PHP Warning:  Module 'Phar' already loaded in Unknown on line 0
>>> UPGRADE/DC/PLCC SYNC (SP) STARTED: 2026-09-19 00:00:00 to 2026-09-20 23:59:59 <<<
Processing 395 CSR users with UPGRADE process.
Fetching from Sampark via sp_agentwise_perform160... Found 36 rows.
Processing 28 records for CSR-UPGRADE users.

--- DEBUG INFO (First 5 records) ---
Person: FNM1726, Date: 2026-09-19
  Login: 32083s, Break: 3284s, Meeting: 0s
  Actual Break: 3284s, Final Login: 28799s
  Work Hours: 7.9997hrs, Required: 8hrs, Status: P
  Comparison: >= 8.0 (P)

Person: FNM2990, Date: 2026-09-19
  Login: 33006s, Break: 3172s, Meeting: 0s
  Actual Break: 3172s, Final Login: 29834s
  Work Hours: 8.2872hrs, Required: 8hrs, Status: P
  Comparison: >= 8.0 (P)

Person: FNM3157, Date: 2026-09-19
  Login: 32655s, Break: 3242s, Meeting: 0s
  Actual Break: 3242s, Final Login: 29413s
  Work Hours: 8.1703hrs, Required: 8hrs, Status: P
  Comparison: >= 8.0 (P)

Person: FNM3520, Date: 2026-09-19
  Login: 30905s, Break: 1033s, Meeting: 0s
  Actual Break: 1033s, Final Login: 29872s
  Work Hours: 8.2978hrs, Required: 8hrs, Status: P
  Comparison: >= 8.0 (P)

Person: FNM3728, Date: 2026-09-19
  Login: 15013s, Break: 0s, Meeting: 0s
  Actual Break: 0s, Final Login: 15013s
  Work Hours: 4.1703hrs, Required: 8hrs, Status: HD
  Comparison: < 8.0

Successfully synced 7 CSR-UPGRADE records.
  - Updated HD/A to P: 0 records
  - Skipped (already P): 21 records
PHP Warning:  PHP Startup: Unable to load dynamic library 'fileinfo.so' (tried: /usr/lib64/php7/extensions/fileinfo.so (/usr/lib64/php7/extensions/fileinfo.so: cannot open shared object file: No such file or directory), /usr/lib64/php7/extensions/fileinfo.so.so (/usr/lib64/php7/extensions/fileinfo.so.so: cannot open shared object file: No such file or directory)) in Unknown on line 0
PHP Warning:  Module 'pdo_pgsql' already loaded in Unknown on line 0
PHP Warning:  Module 'pgsql' already loaded in Unknown on line 0
PHP Warning:  Module 'Phar' already loaded in Unknown on line 0
>>> UPGRADE/DC/PLCC SYNC (SP) STARTED: 2026-09-19 00:00:00 to 2026-09-20 23:59:59 <<<
Processing 395 CSR users with UPGRADE process.
Fetching from Sampark via sp_agentwise_perform160... Found 36 rows.
Processing 28 records for CSR-UPGRADE users.

--- DEBUG INFO (First 5 records) ---
Person: FNM1726, Date: 2026-09-19
  Login: 32083s, Break: 3284s, Meeting: 0s
  Actual Break: 3284s, Final Login: 28799s
  Work Hours: 7.9997hrs, Required: 8hrs, Status: P
  Comparison: >= 8.0 (P)

Person: FNM2990, Date: 2026-09-19
  Login: 33006s, Break: 3172s, Meeting: 0s
  Actual Break: 3172s, Final Login: 29834s
  Work Hours: 8.2872hrs, Required: 8hrs, Status: P
  Comparison: >= 8.0 (P)

Person: FNM3157, Date: 2026-09-19
  Login: 32655s, Break: 3242s, Meeting: 0s
  Actual Break: 3242s, Final Login: 29413s
  Work Hours: 8.1703hrs, Required: 8hrs, Status: P
  Comparison: >= 8.0 (P)

Person: FNM3520, Date: 2026-09-19
  Login: 30905s, Break: 1033s, Meeting: 0s
  Actual Break: 1033s, Final Login: 29872s
  Work Hours: 8.2978hrs, Required: 8hrs, Status: P
  Comparison: >= 8.0 (P)

Person: FNM3728, Date: 2026-09-19
  Login: 15013s, Break: 0s, Meeting: 0s
  Actual Break: 0s, Final Login: 15013s
  Work Hours: 4.1703hrs, Required: 8hrs, Status: HD
  Comparison: < 8.0

Successfully synced 7 CSR-UPGRADE records.
  - Updated HD/A to P: 0 records
  - Skipped (already P): 21 records
PHP Warning:  PHP Startup: Unable to load dynamic library 'fileinfo.so' (tried: /usr/lib64/php7/extensions/fileinfo.so (/usr/lib64/php7/extensions/fileinfo.so: cannot open shared object file: No such file or directory), /usr/lib64/php7/extensions/fileinfo.so.so (/usr/lib64/php7/extensions/fileinfo.so.so: cannot open shared object file: No such file or directory)) in Unknown on line 0
PHP Warning:  Module 'pdo_pgsql' already loaded in Unknown on line 0
PHP Warning:  Module 'pgsql' already loaded in Unknown on line 0
PHP Warning:  Module 'Phar' already loaded in Unknown on line 0
>>> UPGRADE/DC/PLCC SYNC (SP) STARTED: 2026-09-19 00:00:00 to 2026-09-20 23:59:59 <<<
Processing 395 CSR users with UPGRADE process.
Fetching from Sampark via sp_agentwise_perform160... Found 36 rows.
Processing 28 records for CSR-UPGRADE users.

--- DEBUG INFO (First 5 records) ---
Person: FNM1726, Date: 2026-09-19
  Login: 32083s, Break: 3284s, Meeting: 0s
  Actual Break: 3284s, Final Login: 28799s
  Work Hours: 7.9997hrs, Required: 8hrs, Status: P
  Comparison: >= 8.0 (P)

Person: FNM2990, Date: 2026-09-19
  Login: 33006s, Break: 3172s, Meeting: 0s
  Actual Break: 3172s, Final Login: 29834s
  Work Hours: 8.2872hrs, Required: 8hrs, Status: P
  Comparison: >= 8.0 (P)

Person: FNM3157, Date: 2026-09-19
  Login: 32655s, Break: 3242s, Meeting: 0s
  Actual Break: 3242s, Final Login: 29413s
  Work Hours: 8.1703hrs, Required: 8hrs, Status: P
  Comparison: >= 8.0 (P)

Person: FNM3520, Date: 2026-09-19
  Login: 30905s, Break: 1033s, Meeting: 0s
  Actual Break: 1033s, Final Login: 29872s
  Work Hours: 8.2978hrs, Required: 8hrs, Status: P
  Comparison: >= 8.0 (P)

Person: FNM3728, Date: 2026-09-19
  Login: 15013s, Break: 0s, Meeting: 0s
  Actual Break: 0s, Final Login: 15013s
  Work Hours: 4.1703hrs, Required: 8hrs, Status: HD
  Comparison: < 8.0

Successfully synced 7 CSR-UPGRADE records.
  - Updated HD/A to P: 0 records
  - Skipped (already P): 21 records
PHP Warning:  PHP Startup: Unable to load dynamic library 'fileinfo.so' (tried: /usr/lib64/php7/extensions/fileinfo.so (/usr/lib64/php7/extensions/fileinfo.so: cannot open shared object file: No such file or directory), /usr/lib64/php7/extensions/fileinfo.so.so (/usr/lib64/php7/extensions/fileinfo.so.so: cannot open shared object file: No such file or directory)) in Unknown on line 0
PHP Warning:  Module 'pdo_pgsql' already loaded in Unknown on line 0
PHP Warning:  Module 'pgsql' already loaded in Unknown on line 0
PHP Warning:  Module 'Phar' already loaded in Unknown on line 0
>>> UPGRADE/DC/PLCC SYNC (SP) STARTED: 2026-09-19 00:00:00 to 2026-09-20 23:59:59 <<<
Processing 395 CSR users with UPGRADE process.
Fetching from Sampark via sp_agentwise_perform160... Found 36 rows.
Processing 28 records for CSR-UPGRADE users.

--- DEBUG INFO (First 5 records) ---
Person: FNM1726, Date: 2026-09-19
  Login: 32083s, Break: 3284s, Meeting: 0s
  Actual Break: 3284s, Final Login: 28799s
  Work Hours: 7.9997hrs, Required: 8hrs, Status: P
  Comparison: >= 8.0 (P)

Person: FNM2990, Date: 2026-09-19
  Login: 33006s, Break: 3172s, Meeting: 0s
  Actual Break: 3172s, Final Login: 29834s
  Work Hours: 8.2872hrs, Required: 8hrs, Status: P
  Comparison: >= 8.0 (P)

Person: FNM3157, Date: 2026-09-19
  Login: 32655s, Break: 3242s, Meeting: 0s
  Actual Break: 3242s, Final Login: 29413s
  Work Hours: 8.1703hrs, Required: 8hrs, Status: P
  Comparison: >= 8.0 (P)

Person: FNM3520, Date: 2026-09-19
  Login: 30905s, Break: 1033s, Meeting: 0s
  Actual Break: 1033s, Final Login: 29872s
  Work Hours: 8.2978hrs, Required: 8hrs, Status: P
  Comparison: >= 8.0 (P)

Person: FNM3728, Date: 2026-09-19
  Login: 15013s, Break: 0s, Meeting: 0s
  Actual Break: 0s, Final Login: 15013s
  Work Hours: 4.1703hrs, Required: 8hrs, Status: HD
  Comparison: < 8.0

Successfully synced 7 CSR-UPGRADE records.
  - Updated HD/A to P: 0 records
  - Skipped (already P): 21 records
PHP Warning:  PHP Startup: Unable to load dynamic library 'fileinfo.so' (tried: /usr/lib64/php7/extensions/fileinfo.so (/usr/lib64/php7/extensions/fileinfo.so: cannot open shared object file: No such file or directory), /usr/lib64/php7/extensions/fileinfo.so.so (/usr/lib64/php7/extensions/fileinfo.so.so: cannot open shared object file: No such file or directory)) in Unknown on line 0
PHP Warning:  Module 'pdo_pgsql' already loaded in Unknown on line 0
PHP Warning:  Module 'pgsql' already loaded in Unknown on line 0
PHP Warning:  Module 'Phar' already loaded in Unknown on line 0
>>> UPGRADE/DC/PLCC SYNC (SP) STARTED: 2026-09-19 00:00:00 to 2026-09-20 23:59:59 <<<
Processing 395 CSR users with UPGRADE process.
Fetching from Sampark via sp_agentwise_perform160... Found 36 rows.
Processing 28 records for CSR-UPGRADE users.

--- DEBUG INFO (First 5 records) ---
Person: FNM1726, Date: 2026-09-19
  Login: 32083s, Break: 3284s, Meeting: 0s
  Actual Break: 3284s, Final Login: 28799s
  Work Hours: 7.9997hrs, Required: 8hrs, Status: P
  Comparison: >= 8.0 (P)

Person: FNM2990, Date: 2026-09-19
  Login: 33006s, Break: 3172s, Meeting: 0s
  Actual Break: 3172s, Final Login: 29834s
  Work Hours: 8.2872hrs, Required: 8hrs, Status: P
  Comparison: >= 8.0 (P)

Person: FNM3157, Date: 2026-09-19
  Login: 32655s, Break: 3242s, Meeting: 0s
  Actual Break: 3242s, Final Login: 29413s
  Work Hours: 8.1703hrs, Required: 8hrs, Status: P
  Comparison: >= 8.0 (P)

Person: FNM3520, Date: 2026-09-19
  Login: 30905s, Break: 1033s, Meeting: 0s
  Actual Break: 1033s, Final Login: 29872s
  Work Hours: 8.2978hrs, Required: 8hrs, Status: P
  Comparison: >= 8.0 (P)

Person: FNM3728, Date: 2026-09-19
  Login: 15013s, Break: 0s, Meeting: 0s
  Actual Break: 0s, Final Login: 15013s
  Work Hours: 4.1703hrs, Required: 8hrs, Status: HD
  Comparison: < 8.0

Successfully synced 7 CSR-UPGRADE records.
  - Updated HD/A to P: 0 records
  - Skipped (already P): 21 records
PHP Warning:  PHP Startup: Unable to load dynamic library 'fileinfo.so' (tried: /usr/lib64/php7/extensions/fileinfo.so (/usr/lib64/php7/extensions/fileinfo.so: cannot open shared object file: No such file or directory), /usr/lib64/php7/extensions/fileinfo.so.so (/usr/lib64/php7/extensions/fileinfo.so.so: cannot open shared object file: No such file or directory)) in Unknown on line 0
PHP Warning:  Module 'pdo_pgsql' already loaded in Unknown on line 0
PHP Warning:  Module 'pgsql' already loaded in Unknown on line 0
PHP Warning:  Module 'Phar' already loaded in Unknown on line 0
>>> UPGRADE/DC/PLCC SYNC (SP) STARTED: 2026-09-19 00:00:00 to 2026-09-20 23:59:59 <<<
Processing 395 CSR users with UPGRADE process.
Fetching from Sampark via sp_agentwise_perform160... Found 36 rows.
Processing 28 records for CSR-UPGRADE users.

--- DEBUG INFO (First 5 records) ---
Person: FNM1726, Date: 2026-09-19
  Login: 32083s, Break: 3284s, Meeting: 0s
  Actual Break: 3284s, Final Login: 28799s
  Work Hours: 7.9997hrs, Required: 8hrs, Status: P
  Comparison: >= 8.0 (P)

Person: FNM2990, Date: 2026-09-19
  Login: 33006s, Break: 3172s, Meeting: 0s
  Actual Break: 3172s, Final Login: 29834s
  Work Hours: 8.2872hrs, Required: 8hrs, Status: P
  Comparison: >= 8.0 (P)

Person: FNM3157, Date: 2026-09-19
  Login: 32655s, Break: 3242s, Meeting: 0s
  Actual Break: 3242s, Final Login: 29413s
  Work Hours: 8.1703hrs, Required: 8hrs, Status: P
  Comparison: >= 8.0 (P)

Person: FNM3520, Date: 2026-09-19
  Login: 30905s, Break: 1033s, Meeting: 0s
  Actual Break: 1033s, Final Login: 29872s
  Work Hours: 8.2978hrs, Required: 8hrs, Status: P
  Comparison: >= 8.0 (P)

Person: FNM3728, Date: 2026-09-19
  Login: 15013s, Break: 0s, Meeting: 0s
  Actual Break: 0s, Final Login: 15013s
  Work Hours: 4.1703hrs, Required: 8hrs, Status: HD
  Comparison: < 8.0

Successfully synced 7 CSR-UPGRADE records.
  - Updated HD/A to P: 0 records
  - Skipped (already P): 21 records
PHP Warning:  PHP Startup: Unable to load dynamic library 'fileinfo.so' (tried: /usr/lib64/php7/extensions/fileinfo.so (/usr/lib64/php7/extensions/fileinfo.so: cannot open shared object file: No such file or directory), /usr/lib64/php7/extensions/fileinfo.so.so (/usr/lib64/php7/extensions/fileinfo.so.so: cannot open shared object file: No such file or directory)) in Unknown on line 0
PHP Warning:  Module 'pdo_pgsql' already loaded in Unknown on line 0
PHP Warning:  Module 'pgsql' already loaded in Unknown on line 0
PHP Warning:  Module 'Phar' already loaded in Unknown on line 0
>>> UPGRADE/DC/PLCC SYNC (SP) STARTED: 2026-09-19 00:00:00 to 2026-09-20 23:59:59 <<<
Processing 395 CSR users with UPGRADE process.
Fetching from Sampark via sp_agentwise_perform160... Found 36 rows.
Processing 28 records for CSR-UPGRADE users.

--- DEBUG INFO (First 5 records) ---
Person: FNM1726, Date: 2026-09-19
  Login: 32083s, Break: 3284s, Meeting: 0s
  Actual Break: 3284s, Final Login: 28799s
  Work Hours: 7.9997hrs, Required: 8hrs, Status: P
  Comparison: >= 8.0 (P)

Person: FNM2990, Date: 2026-09-19
  Login: 33006s, Break: 3172s, Meeting: 0s
  Actual Break: 3172s, Final Login: 29834s
  Work Hours: 8.2872hrs, Required: 8hrs, Status: P
  Comparison: >= 8.0 (P)

Person: FNM3157, Date: 2026-09-19
  Login: 32655s, Break: 3242s, Meeting: 0s
  Actual Break: 3242s, Final Login: 29413s
  Work Hours: 8.1703hrs, Required: 8hrs, Status: P
  Comparison: >= 8.0 (P)

Person: FNM3520, Date: 2026-09-19
  Login: 30905s, Break: 1033s, Meeting: 0s
  Actual Break: 1033s, Final Login: 29872s
  Work Hours: 8.2978hrs, Required: 8hrs, Status: P
  Comparison: >= 8.0 (P)

Person: FNM3728, Date: 2026-09-19
  Login: 15013s, Break: 0s, Meeting: 0s
  Actual Break: 0s, Final Login: 15013s
  Work Hours: 4.1703hrs, Required: 8hrs, Status: HD
  Comparison: < 8.0

Successfully synced 7 CSR-UPGRADE records.
  - Updated HD/A to P: 0 records
  - Skipped (already P): 21 records
PHP Warning:  PHP Startup: Unable to load dynamic library 'fileinfo.so' (tried: /usr/lib64/php7/extensions/fileinfo.so (/usr/lib64/php7/extensions/fileinfo.so: cannot open shared object file: No such file or directory), /usr/lib64/php7/extensions/fileinfo.so.so (/usr/lib64/php7/extensions/fileinfo.so.so: cannot open shared object file: No such file or directory)) in Unknown on line 0
PHP Warning:  Module 'pdo_pgsql' already loaded in Unknown on line 0
PHP Warning:  Module 'pgsql' already loaded in Unknown on line 0
PHP Warning:  Module 'Phar' already loaded in Unknown on line 0
>>> UPGRADE/DC/PLCC SYNC (SP) STARTED: 2026-09-19 00:00:00 to 2026-09-20 23:59:59 <<<
Processing 395 CSR users with UPGRADE process.
Fetching from Sampark via sp_agentwise_perform160... Found 36 rows.
Processing 28 records for CSR-UPGRADE users.

--- DEBUG INFO (First 5 records) ---
Person: FNM1726, Date: 2026-09-19
  Login: 32083s, Break: 3284s, Meeting: 0s
  Actual Break: 3284s, Final Login: 28799s
  Work Hours: 7.9997hrs, Required: 8hrs, Status: P
  Comparison: >= 8.0 (P)

Person: FNM2990, Date: 2026-09-19
  Login: 33006s, Break: 3172s, Meeting: 0s
  Actual Break: 3172s, Final Login: 29834s
  Work Hours: 8.2872hrs, Required: 8hrs, Status: P
  Comparison: >= 8.0 (P)

Person: FNM3157, Date: 2026-09-19
  Login: 32655s, Break: 3242s, Meeting: 0s
  Actual Break: 3242s, Final Login: 29413s
  Work Hours: 8.1703hrs, Required: 8hrs, Status: P
  Comparison: >= 8.0 (P)

Person: FNM3520, Date: 2026-09-19
  Login: 30905s, Break: 1033s, Meeting: 0s
  Actual Break: 1033s, Final Login: 29872s
  Work Hours: 8.2978hrs, Required: 8hrs, Status: P
  Comparison: >= 8.0 (P)

Person: FNM3728, Date: 2026-09-19
  Login: 15013s, Break: 0s, Meeting: 0s
  Actual Break: 0s, Final Login: 15013s
  Work Hours: 4.1703hrs, Required: 8hrs, Status: HD
  Comparison: < 8.0

Successfully synced 7 CSR-UPGRADE records.
  - Updated HD/A to P: 0 records
  - Skipped (already P): 21 records
PHP Warning:  PHP Startup: Unable to load dynamic library 'fileinfo.so' (tried: /usr/lib64/php7/extensions/fileinfo.so (/usr/lib64/php7/extensions/fileinfo.so: cannot open shared object file: No such file or directory), /usr/lib64/php7/extensions/fileinfo.so.so (/usr/lib64/php7/extensions/fileinfo.so.so: cannot open shared object file: No such file or directory)) in Unknown on line 0
PHP Warning:  Module 'pdo_pgsql' already loaded in Unknown on line 0
PHP Warning:  Module 'pgsql' already loaded in Unknown on line 0
PHP Warning:  Module 'Phar' already loaded in Unknown on line 0
>>> UPGRADE/DC/PLCC SYNC (SP) STARTED: 2026-09-19 00:00:00 to 2026-09-20 23:59:59 <<<
Processing 395 CSR users with UPGRADE process.
Fetching from Sampark via sp_agentwise_perform160... Found 36 rows.
Processing 28 records for CSR-UPGRADE users.

--- DEBUG INFO (First 5 records) ---
Person: FNM1726, Date: 2026-09-19
  Login: 32083s, Break: 3284s, Meeting: 0s
  Actual Break: 3284s, Final Login: 28799s
  Work Hours: 7.9997hrs, Required: 8hrs, Status: P
  Comparison: >= 8.0 (P)

Person: FNM2990, Date: 2026-09-19
  Login: 33006s, Break: 3172s, Meeting: 0s
  Actual Break: 3172s, Final Login: 29834s
  Work Hours: 8.2872hrs, Required: 8hrs, Status: P
  Comparison: >= 8.0 (P)

Person: FNM3157, Date: 2026-09-19
  Login: 32655s, Break: 3242s, Meeting: 0s
  Actual Break: 3242s, Final Login: 29413s
  Work Hours: 8.1703hrs, Required: 8hrs, Status: P
  Comparison: >= 8.0 (P)

Person: FNM3520, Date: 2026-09-19
  Login: 30905s, Break: 1033s, Meeting: 0s
  Actual Break: 1033s, Final Login: 29872s
  Work Hours: 8.2978hrs, Required: 8hrs, Status: P
  Comparison: >= 8.0 (P)

Person: FNM3728, Date: 2026-09-19
  Login: 15013s, Break: 0s, Meeting: 0s
  Actual Break: 0s, Final Login: 15013s
  Work Hours: 4.1703hrs, Required: 8hrs, Status: HD
  Comparison: < 8.0

Successfully synced 7 CSR-UPGRADE records.
  - Updated HD/A to P: 0 records
  - Skipped (already P): 21 records
PHP Warning:  PHP Startup: Unable to load dynamic library 'fileinfo.so' (tried: /usr/lib64/php7/extensions/fileinfo.so (/usr/lib64/php7/extensions/fileinfo.so: cannot open shared object file: No such file or directory), /usr/lib64/php7/extensions/fileinfo.so.so (/usr/lib64/php7/extensions/fileinfo.so.so: cannot open shared object file: No such file or directory)) in Unknown on line 0
PHP Warning:  Module 'pdo_pgsql' already loaded in Unknown on line 0
PHP Warning:  Module 'pgsql' already loaded in Unknown on line 0
PHP Warning:  Module 'Phar' already loaded in Unknown on line 0
>>> UPGRADE/DC/PLCC SYNC (SP) STARTED: 2026-09-19 00:00:00 to 2026-09-20 23:59:59 <<<
Processing 395 CSR users with UPGRADE process.
Fetching from Sampark via sp_agentwise_perform160... Found 36 rows.
Processing 28 records for CSR-UPGRADE users.

--- DEBUG INFO (First 5 records) ---
Person: FNM1726, Date: 2026-09-19
  Login: 32083s, Break: 3284s, Meeting: 0s
  Actual Break: 3284s, Final Login: 28799s
  Work Hours: 7.9997hrs, Required: 8hrs, Status: P
  Comparison: >= 8.0 (P)

Person: FNM2990, Date: 2026-09-19
  Login: 33006s, Break: 3172s, Meeting: 0s
  Actual Break: 3172s, Final Login: 29834s
  Work Hours: 8.2872hrs, Required: 8hrs, Status: P
  Comparison: >= 8.0 (P)

Person: FNM3157, Date: 2026-09-19
  Login: 32655s, Break: 3242s, Meeting: 0s
  Actual Break: 3242s, Final Login: 29413s
  Work Hours: 8.1703hrs, Required: 8hrs, Status: P
  Comparison: >= 8.0 (P)

Person: FNM3520, Date: 2026-09-19
  Login: 30905s, Break: 1033s, Meeting: 0s
  Actual Break: 1033s, Final Login: 29872s
  Work Hours: 8.2978hrs, Required: 8hrs, Status: P
  Comparison: >= 8.0 (P)

Person: FNM3728, Date: 2026-09-19
  Login: 15013s, Break: 0s, Meeting: 0s
  Actual Break: 0s, Final Login: 15013s
  Work Hours: 4.1703hrs, Required: 8hrs, Status: HD
  Comparison: < 8.0

Successfully synced 7 CSR-UPGRADE records.
  - Updated HD/A to P: 0 records
  - Skipped (already P): 21 records
PHP Warning:  PHP Startup: Unable to load dynamic library 'fileinfo.so' (tried: /usr/lib64/php7/extensions/fileinfo.so (/usr/lib64/php7/extensions/fileinfo.so: cannot open shared object file: No such file or directory), /usr/lib64/php7/extensions/fileinfo.so.so (/usr/lib64/php7/extensions/fileinfo.so.so: cannot open shared object file: No such file or directory)) in Unknown on line 0
PHP Warning:  Module 'pdo_pgsql' already loaded in Unknown on line 0
PHP Warning:  Module 'pgsql' already loaded in Unknown on line 0
PHP Warning:  Module 'Phar' already loaded in Unknown on line 0
>>> UPGRADE/DC/PLCC SYNC (SP) STARTED: 2026-09-19 00:00:00 to 2026-09-20 23:59:59 <<<
Processing 395 CSR users with UPGRADE process.
Fetching from Sampark via sp_agentwise_perform160... Found 36 rows.
Processing 28 records for CSR-UPGRADE users.

--- DEBUG INFO (First 5 records) ---
Person: FNM1726, Date: 2026-09-19
  Login: 32083s, Break: 3284s, Meeting: 0s
  Actual Break: 3284s, Final Login: 28799s
  Work Hours: 7.9997hrs, Required: 8hrs, Status: P
  Comparison: >= 8.0 (P)

Person: FNM2990, Date: 2026-09-19
  Login: 33006s, Break: 3172s, Meeting: 0s
  Actual Break: 3172s, Final Login: 29834s
  Work Hours: 8.2872hrs, Required: 8hrs, Status: P
  Comparison: >= 8.0 (P)

Person: FNM3157, Date: 2026-09-19
  Login: 32655s, Break: 3242s, Meeting: 0s
  Actual Break: 3242s, Final Login: 29413s
  Work Hours: 8.1703hrs, Required: 8hrs, Status: P
  Comparison: >= 8.0 (P)

Person: FNM3520, Date: 2026-09-19
  Login: 30905s, Break: 1033s, Meeting: 0s
  Actual Break: 1033s, Final Login: 29872s
  Work Hours: 8.2978hrs, Required: 8hrs, Status: P
  Comparison: >= 8.0 (P)

Person: FNM3728, Date: 2026-09-19
  Login: 15013s, Break: 0s, Meeting: 0s
  Actual Break: 0s, Final Login: 15013s
  Work Hours: 4.1703hrs, Required: 8hrs, Status: HD
  Comparison: < 8.0

Successfully synced 7 CSR-UPGRADE records.
  - Updated HD/A to P: 0 records
  - Skipped (already P): 21 records
PHP Warning:  PHP Startup: Unable to load dynamic library 'fileinfo.so' (tried: /usr/lib64/php7/extensions/fileinfo.so (/usr/lib64/php7/extensions/fileinfo.so: cannot open shared object file: No such file or directory), /usr/lib64/php7/extensions/fileinfo.so.so (/usr/lib64/php7/extensions/fileinfo.so.so: cannot open shared object file: No such file or directory)) in Unknown on line 0
PHP Warning:  Module 'pdo_pgsql' already loaded in Unknown on line 0
PHP Warning:  Module 'pgsql' already loaded in Unknown on line 0
PHP Warning:  Module 'Phar' already loaded in Unknown on line 0
>>> UPGRADE/DC/PLCC SYNC (SP) STARTED: 2026-09-19 00:00:00 to 2026-09-20 23:59:59 <<<
Processing 395 CSR users with UPGRADE process.
Fetching from Sampark via sp_agentwise_perform160... Found 36 rows.
Processing 28 records for CSR-UPGRADE users.

--- DEBUG INFO (First 5 records) ---
Person: FNM1726, Date: 2026-09-19
  Login: 32083s, Break: 3284s, Meeting: 0s
  Actual Break: 3284s, Final Login: 28799s
  Work Hours: 7.9997hrs, Required: 8hrs, Status: P
  Comparison: >= 8.0 (P)

Person: FNM2990, Date: 2026-09-19
  Login: 33006s, Break: 3172s, Meeting: 0s
  Actual Break: 3172s, Final Login: 29834s
  Work Hours: 8.2872hrs, Required: 8hrs, Status: P
  Comparison: >= 8.0 (P)

Person: FNM3157, Date: 2026-09-19
  Login: 32655s, Break: 3242s, Meeting: 0s
  Actual Break: 3242s, Final Login: 29413s
  Work Hours: 8.1703hrs, Required: 8hrs, Status: P
  Comparison: >= 8.0 (P)

Person: FNM3520, Date: 2026-09-19
  Login: 30905s, Break: 1033s, Meeting: 0s
  Actual Break: 1033s, Final Login: 29872s
  Work Hours: 8.2978hrs, Required: 8hrs, Status: P
  Comparison: >= 8.0 (P)

Person: FNM3728, Date: 2026-09-19
  Login: 15013s, Break: 0s, Meeting: 0s
  Actual Break: 0s, Final Login: 15013s
  Work Hours: 4.1703hrs, Required: 8hrs, Status: HD
  Comparison: < 8.0

Successfully synced 7 CSR-UPGRADE records.
  - Updated HD/A to P: 0 records
  - Skipped (already P): 21 records
PHP Warning:  PHP Startup: Unable to load dynamic library 'fileinfo.so' (tried: /usr/lib64/php7/extensions/fileinfo.so (/usr/lib64/php7/extensions/fileinfo.so: cannot open shared object file: No such file or directory), /usr/lib64/php7/extensions/fileinfo.so.so (/usr/lib64/php7/extensions/fileinfo.so.so: cannot open shared object file: No such file or directory)) in Unknown on line 0
PHP Warning:  Module 'pdo_pgsql' already loaded in Unknown on line 0
PHP Warning:  Module 'pgsql' already loaded in Unknown on line 0
PHP Warning:  Module 'Phar' already loaded in Unknown on line 0
>>> UPGRADE/DC/PLCC SYNC (SP) STARTED: 2026-09-19 00:00:00 to 2026-09-20 23:59:59 <<<
Processing 395 CSR users with UPGRADE process.
Fetching from Sampark via sp_agentwise_perform160... Found 36 rows.
Processing 28 records for CSR-UPGRADE users.

--- DEBUG INFO (First 5 records) ---
Person: FNM1726, Date: 2026-09-19
  Login: 32083s, Break: 3284s, Meeting: 0s
  Actual Break: 3284s, Final Login: 28799s
  Work Hours: 7.9997hrs, Required: 8hrs, Status: P
  Comparison: >= 8.0 (P)

Person: FNM2990, Date: 2026-09-19
  Login: 33006s, Break: 3172s, Meeting: 0s
  Actual Break: 3172s, Final Login: 29834s
  Work Hours: 8.2872hrs, Required: 8hrs, Status: P
  Comparison: >= 8.0 (P)

Person: FNM3157, Date: 2026-09-19
  Login: 32655s, Break: 3242s, Meeting: 0s
  Actual Break: 3242s, Final Login: 29413s
  Work Hours: 8.1703hrs, Required: 8hrs, Status: P
  Comparison: >= 8.0 (P)

Person: FNM3520, Date: 2026-09-19
  Login: 30905s, Break: 1033s, Meeting: 0s
  Actual Break: 1033s, Final Login: 29872s
  Work Hours: 8.2978hrs, Required: 8hrs, Status: P
  Comparison: >= 8.0 (P)

Person: FNM3728, Date: 2026-09-19
  Login: 15013s, Break: 0s, Meeting: 0s
  Actual Break: 0s, Final Login: 15013s
  Work Hours: 4.1703hrs, Required: 8hrs, Status: HD
  Comparison: < 8.0

Successfully synced 7 CSR-UPGRADE records.
  - Updated HD/A to P: 0 records
  - Skipped (already P): 21 records
PHP Warning:  PHP Startup: Unable to load dynamic library 'fileinfo.so' (tried: /usr/lib64/php7/extensions/fileinfo.so (/usr/lib64/php7/extensions/fileinfo.so: cannot open shared object file: No such file or directory), /usr/lib64/php7/extensions/fileinfo.so.so (/usr/lib64/php7/extensions/fileinfo.so.so: cannot open shared object file: No such file or directory)) in Unknown on line 0
PHP Warning:  Module 'pdo_pgsql' already loaded in Unknown on line 0
PHP Warning:  Module 'pgsql' already loaded in Unknown on line 0
PHP Warning:  Module 'Phar' already loaded in Unknown on line 0
>>> UPGRADE/DC/PLCC SYNC (SP) STARTED: 2026-09-19 00:00:00 to 2026-09-20 23:59:59 <<<
Processing 395 CSR users with UPGRADE process.
Fetching from Sampark via sp_agentwise_perform160... Found 36 rows.
Processing 28 records for CSR-UPGRADE users.

--- DEBUG INFO (First 5 records) ---
Person: FNM1726, Date: 2026-09-19
  Login: 32083s, Break: 3284s, Meeting: 0s
  Actual Break: 3284s, Final Login: 28799s
  Work Hours: 7.9997hrs, Required: 8hrs, Status: P
  Comparison: >= 8.0 (P)

Person: FNM2990, Date: 2026-09-19
  Login: 33006s, Break: 3172s, Meeting: 0s
  Actual Break: 3172s, Final Login: 29834s
  Work Hours: 8.2872hrs, Required: 8hrs, Status: P
  Comparison: >= 8.0 (P)

Person: FNM3157, Date: 2026-09-19
  Login: 32655s, Break: 3242s, Meeting: 0s
  Actual Break: 3242s, Final Login: 29413s
  Work Hours: 8.1703hrs, Required: 8hrs, Status: P
  Comparison: >= 8.0 (P)

Person: FNM3520, Date: 2026-09-19
  Login: 30905s, Break: 1033s, Meeting: 0s
  Actual Break: 1033s, Final Login: 29872s
  Work Hours: 8.2978hrs, Required: 8hrs, Status: P
  Comparison: >= 8.0 (P)

Person: FNM3728, Date: 2026-09-19
  Login: 15013s, Break: 0s, Meeting: 0s
  Actual Break: 0s, Final Login: 15013s
  Work Hours: 4.1703hrs, Required: 8hrs, Status: HD
  Comparison: < 8.0

Successfully synced 7 CSR-UPGRADE records.
  - Updated HD/A to P: 0 records
  - Skipped (already P): 21 records
PHP Warning:  PHP Startup: Unable to load dynamic library 'fileinfo.so' (tried: /usr/lib64/php7/extensions/fileinfo.so (/usr/lib64/php7/extensions/fileinfo.so: cannot open shared object file: No such file or directory), /usr/lib64/php7/extensions/fileinfo.so.so (/usr/lib64/php7/extensions/fileinfo.so.so: cannot open shared object file: No such file or directory)) in Unknown on line 0
PHP Warning:  Module 'pdo_pgsql' already loaded in Unknown on line 0
PHP Warning:  Module 'pgsql' already loaded in Unknown on line 0
PHP Warning:  Module 'Phar' already loaded in Unknown on line 0
>>> UPGRADE/DC/PLCC SYNC (SP) STARTED: 2026-09-19 00:00:00 to 2026-09-20 23:59:59 <<<
Processing 395 CSR users with UPGRADE process.
Fetching from Sampark via sp_agentwise_perform160... Found 36 rows.
Processing 28 records for CSR-UPGRADE users.

--- DEBUG INFO (First 5 records) ---
Person: FNM1726, Date: 2026-09-19
  Login: 32083s, Break: 3284s, Meeting: 0s
  Actual Break: 3284s, Final Login: 28799s
  Work Hours: 7.9997hrs, Required: 8hrs, Status: P
  Comparison: >= 8.0 (P)

Person: FNM2990, Date: 2026-09-19
  Login: 33006s, Break: 3172s, Meeting: 0s
  Actual Break: 3172s, Final Login: 29834s
  Work Hours: 8.2872hrs, Required: 8hrs, Status: P
  Comparison: >= 8.0 (P)

Person: FNM3157, Date: 2026-09-19
  Login: 32655s, Break: 3242s, Meeting: 0s
  Actual Break: 3242s, Final Login: 29413s
  Work Hours: 8.1703hrs, Required: 8hrs, Status: P
  Comparison: >= 8.0 (P)

Person: FNM3520, Date: 2026-09-19
  Login: 30905s, Break: 1033s, Meeting: 0s
  Actual Break: 1033s, Final Login: 29872s
  Work Hours: 8.2978hrs, Required: 8hrs, Status: P
  Comparison: >= 8.0 (P)

Person: FNM3728, Date: 2026-09-19
  Login: 15013s, Break: 0s, Meeting: 0s
  Actual Break: 0s, Final Login: 15013s
  Work Hours: 4.1703hrs, Required: 8hrs, Status: HD
  Comparison: < 8.0

Successfully synced 7 CSR-UPGRADE records.
  - Updated HD/A to P: 0 records
  - Skipped (already P): 20 records
PHP Warning:  PHP Startup: Unable to load dynamic library 'fileinfo.so' (tried: /usr/lib64/php7/extensions/fileinfo.so (/usr/lib64/php7/extensions/fileinfo.so: cannot open shared object file: No such file or directory), /usr/lib64/php7/extensions/fileinfo.so.so (/usr/lib64/php7/extensions/fileinfo.so.so: cannot open shared object file: No such file or directory)) in Unknown on line 0
PHP Warning:  Module 'pdo_pgsql' already loaded in Unknown on line 0
PHP Warning:  Module 'pgsql' already loaded in Unknown on line 0
PHP Warning:  Module 'Phar' already loaded in Unknown on line 0
>>> UPGRADE/DC/PLCC SYNC (SP) STARTED: 2026-09-19 00:00:00 to 2026-09-20 23:59:59 <<<
Processing 395 CSR users with UPGRADE process.
Fetching from Sampark via sp_agentwise_perform160... Found 36 rows.
Processing 28 records for CSR-UPGRADE users.

--- DEBUG INFO (First 5 records) ---
Person: FNM1726, Date: 2026-09-19
  Login: 32083s, Break: 3284s, Meeting: 0s
  Actual Break: 3284s, Final Login: 28799s
  Work Hours: 7.9997hrs, Required: 8hrs, Status: P
  Comparison: >= 8.0 (P)

Person: FNM2990, Date: 2026-09-19
  Login: 33006s, Break: 3172s, Meeting: 0s
  Actual Break: 3172s, Final Login: 29834s
  Work Hours: 8.2872hrs, Required: 8hrs, Status: P
  Comparison: >= 8.0 (P)

Person: FNM3157, Date: 2026-09-19
  Login: 32655s, Break: 3242s, Meeting: 0s
  Actual Break: 3242s, Final Login: 29413s
  Work Hours: 8.1703hrs, Required: 8hrs, Status: P
  Comparison: >= 8.0 (P)

Person: FNM3520, Date: 2026-09-19
  Login: 30905s, Break: 1033s, Meeting: 0s
  Actual Break: 1033s, Final Login: 29872s
  Work Hours: 8.2978hrs, Required: 8hrs, Status: P
  Comparison: >= 8.0 (P)

Person: FNM3728, Date: 2026-09-19
  Login: 15013s, Break: 0s, Meeting: 0s
  Actual Break: 0s, Final Login: 15013s
  Work Hours: 4.1703hrs, Required: 8hrs, Status: HD
  Comparison: < 8.0

Successfully synced 7 CSR-UPGRADE records.
  - Updated HD/A to P: 0 records
  - Skipped (already P): 20 records
PHP Warning:  PHP Startup: Unable to load dynamic library 'fileinfo.so' (tried: /usr/lib64/php7/extensions/fileinfo.so (/usr/lib64/php7/extensions/fileinfo.so: cannot open shared object file: No such file or directory), /usr/lib64/php7/extensions/fileinfo.so.so (/usr/lib64/php7/extensions/fileinfo.so.so: cannot open shared object file: No such file or directory)) in Unknown on line 0
PHP Warning:  Module 'pdo_pgsql' already loaded in Unknown on line 0
PHP Warning:  Module 'pgsql' already loaded in Unknown on line 0
PHP Warning:  Module 'Phar' already loaded in Unknown on line 0
>>> UPGRADE/DC/PLCC SYNC (SP) STARTED: 2026-09-19 00:00:00 to 2026-09-20 23:59:59 <<<
Processing 395 CSR users with UPGRADE process.
Fetching from Sampark via sp_agentwise_perform160... Found 36 rows.
Processing 28 records for CSR-UPGRADE users.

--- DEBUG INFO (First 5 records) ---
Person: FNM1726, Date: 2026-09-19
  Login: 32083s, Break: 3284s, Meeting: 0s
  Actual Break: 3284s, Final Login: 28799s
  Work Hours: 7.9997hrs, Required: 8hrs, Status: P
  Comparison: >= 8.0 (P)

Person: FNM2990, Date: 2026-09-19
  Login: 33006s, Break: 3172s, Meeting: 0s
  Actual Break: 3172s, Final Login: 29834s
  Work Hours: 8.2872hrs, Required: 8hrs, Status: P
  Comparison: >= 8.0 (P)

Person: FNM3157, Date: 2026-09-19
  Login: 32655s, Break: 3242s, Meeting: 0s
  Actual Break: 3242s, Final Login: 29413s
  Work Hours: 8.1703hrs, Required: 8hrs, Status: P
  Comparison: >= 8.0 (P)

Person: FNM3520, Date: 2026-09-19
  Login: 30905s, Break: 1033s, Meeting: 0s
  Actual Break: 1033s, Final Login: 29872s
  Work Hours: 8.2978hrs, Required: 8hrs, Status: P
  Comparison: >= 8.0 (P)

Person: FNM3728, Date: 2026-09-19
  Login: 15013s, Break: 0s, Meeting: 0s
  Actual Break: 0s, Final Login: 15013s
  Work Hours: 4.1703hrs, Required: 8hrs, Status: HD
  Comparison: < 8.0

Successfully synced 7 CSR-UPGRADE records.
  - Updated HD/A to P: 0 records
  - Skipped (already P): 20 records
PHP Warning:  PHP Startup: Unable to load dynamic library 'fileinfo.so' (tried: /usr/lib64/php7/extensions/fileinfo.so (/usr/lib64/php7/extensions/fileinfo.so: cannot open shared object file: No such file or directory), /usr/lib64/php7/extensions/fileinfo.so.so (/usr/lib64/php7/extensions/fileinfo.so.so: cannot open shared object file: No such file or directory)) in Unknown on line 0
PHP Warning:  Module 'pdo_pgsql' already loaded in Unknown on line 0
PHP Warning:  Module 'pgsql' already loaded in Unknown on line 0
PHP Warning:  Module 'Phar' already loaded in Unknown on line 0
>>> UPGRADE/DC/PLCC SYNC (SP) STARTED: 2026-09-19 00:00:00 to 2026-09-20 23:59:59 <<<
Processing 395 CSR users with UPGRADE process.
Fetching from Sampark via sp_agentwise_perform160... Found 36 rows.
Processing 28 records for CSR-UPGRADE users.

--- DEBUG INFO (First 5 records) ---
Person: FNM1726, Date: 2026-09-19
  Login: 32083s, Break: 3284s, Meeting: 0s
  Actual Break: 3284s, Final Login: 28799s
  Work Hours: 7.9997hrs, Required: 8hrs, Status: P
  Comparison: >= 8.0 (P)

Person: FNM2990, Date: 2026-09-19
  Login: 33006s, Break: 3172s, Meeting: 0s
  Actual Break: 3172s, Final Login: 29834s
  Work Hours: 8.2872hrs, Required: 8hrs, Status: P
  Comparison: >= 8.0 (P)

Person: FNM3157, Date: 2026-09-19
  Login: 32655s, Break: 3242s, Meeting: 0s
  Actual Break: 3242s, Final Login: 29413s
  Work Hours: 8.1703hrs, Required: 8hrs, Status: P
  Comparison: >= 8.0 (P)

Person: FNM3520, Date: 2026-09-19
  Login: 30905s, Break: 1033s, Meeting: 0s
  Actual Break: 1033s, Final Login: 29872s
  Work Hours: 8.2978hrs, Required: 8hrs, Status: P
  Comparison: >= 8.0 (P)

Person: FNM3728, Date: 2026-09-19
  Login: 15013s, Break: 0s, Meeting: 0s
  Actual Break: 0s, Final Login: 15013s
  Work Hours: 4.1703hrs, Required: 8hrs, Status: HD
  Comparison: < 8.0

Successfully synced 7 CSR-UPGRADE records.
  - Updated HD/A to P: 0 records
  - Skipped (already P): 20 records
PHP Warning:  PHP Startup: Unable to load dynamic library 'fileinfo.so' (tried: /usr/lib64/php7/extensions/fileinfo.so (/usr/lib64/php7/extensions/fileinfo.so: cannot open shared object file: No such file or directory), /usr/lib64/php7/extensions/fileinfo.so.so (/usr/lib64/php7/extensions/fileinfo.so.so: cannot open shared object file: No such file or directory)) in Unknown on line 0
PHP Warning:  Module 'pdo_pgsql' already loaded in Unknown on line 0
PHP Warning:  Module 'pgsql' already loaded in Unknown on line 0
PHP Warning:  Module 'Phar' already loaded in Unknown on line 0
>>> UPGRADE/DC/PLCC SYNC (SP) STARTED: 2026-09-19 00:00:00 to 2026-09-20 23:59:59 <<<
Processing 395 CSR users with UPGRADE process.
Fetching from Sampark via sp_agentwise_perform160... Found 36 rows.
Processing 28 records for CSR-UPGRADE users.

--- DEBUG INFO (First 5 records) ---
Person: FNM1726, Date: 2026-09-19
  Login: 32083s, Break: 3284s, Meeting: 0s
  Actual Break: 3284s, Final Login: 28799s
  Work Hours: 7.9997hrs, Required: 8hrs, Status: P
  Comparison: >= 8.0 (P)

Person: FNM2990, Date: 2026-09-19
  Login: 33006s, Break: 3172s, Meeting: 0s
  Actual Break: 3172s, Final Login: 29834s
  Work Hours: 8.2872hrs, Required: 8hrs, Status: P
  Comparison: >= 8.0 (P)

Person: FNM3157, Date: 2026-09-19
  Login: 32655s, Break: 3242s, Meeting: 0s
  Actual Break: 3242s, Final Login: 29413s
  Work Hours: 8.1703hrs, Required: 8hrs, Status: P
  Comparison: >= 8.0 (P)

Person: FNM3520, Date: 2026-09-19
  Login: 30905s, Break: 1033s, Meeting: 0s
  Actual Break: 1033s, Final Login: 29872s
  Work Hours: 8.2978hrs, Required: 8hrs, Status: P
  Comparison: >= 8.0 (P)

Person: FNM3728, Date: 2026-09-19
  Login: 15013s, Break: 0s, Meeting: 0s
  Actual Break: 0s, Final Login: 15013s
  Work Hours: 4.1703hrs, Required: 8hrs, Status: HD
  Comparison: < 8.0

Successfully synced 7 CSR-UPGRADE records.
  - Updated HD/A to P: 0 records
  - Skipped (already P): 20 records
PHP Warning:  PHP Startup: Unable to load dynamic library 'fileinfo.so' (tried: /usr/lib64/php7/extensions/fileinfo.so (/usr/lib64/php7/extensions/fileinfo.so: cannot open shared object file: No such file or directory), /usr/lib64/php7/extensions/fileinfo.so.so (/usr/lib64/php7/extensions/fileinfo.so.so: cannot open shared object file: No such file or directory)) in Unknown on line 0
PHP Warning:  Module 'pdo_pgsql' already loaded in Unknown on line 0
PHP Warning:  Module 'pgsql' already loaded in Unknown on line 0
PHP Warning:  Module 'Phar' already loaded in Unknown on line 0
>>> UPGRADE/DC/PLCC SYNC (SP) STARTED: 2026-09-19 00:00:00 to 2026-09-20 23:59:59 <<<
Processing 395 CSR users with UPGRADE process.
Fetching from Sampark via sp_agentwise_perform160... Found 36 rows.
Processing 28 records for CSR-UPGRADE users.

--- DEBUG INFO (First 5 records) ---
Person: FNM1726, Date: 2026-09-19
  Login: 32083s, Break: 3284s, Meeting: 0s
  Actual Break: 3284s, Final Login: 28799s
  Work Hours: 7.9997hrs, Required: 8hrs, Status: P
  Comparison: >= 8.0 (P)

Person: FNM2990, Date: 2026-09-19
  Login: 33006s, Break: 3172s, Meeting: 0s
  Actual Break: 3172s, Final Login: 29834s
  Work Hours: 8.2872hrs, Required: 8hrs, Status: P
  Comparison: >= 8.0 (P)

Person: FNM3157, Date: 2026-09-19
  Login: 32655s, Break: 3242s, Meeting: 0s
  Actual Break: 3242s, Final Login: 29413s
  Work Hours: 8.1703hrs, Required: 8hrs, Status: P
  Comparison: >= 8.0 (P)

Person: FNM3520, Date: 2026-09-19
  Login: 30905s, Break: 1033s, Meeting: 0s
  Actual Break: 1033s, Final Login: 29872s
  Work Hours: 8.2978hrs, Required: 8hrs, Status: P
  Comparison: >= 8.0 (P)

Person: FNM3728, Date: 2026-09-19
  Login: 15013s, Break: 0s, Meeting: 0s
  Actual Break: 0s, Final Login: 15013s
  Work Hours: 4.1703hrs, Required: 8hrs, Status: HD
  Comparison: < 8.0

Successfully synced 7 CSR-UPGRADE records.
  - Updated HD/A to P: 0 records
  - Skipped (already P): 20 records
PHP Warning:  PHP Startup: Unable to load dynamic library 'fileinfo.so' (tried: /usr/lib64/php7/extensions/fileinfo.so (/usr/lib64/php7/extensions/fileinfo.so: cannot open shared object file: No such file or directory), /usr/lib64/php7/extensions/fileinfo.so.so (/usr/lib64/php7/extensions/fileinfo.so.so: cannot open shared object file: No such file or directory)) in Unknown on line 0
PHP Warning:  Module 'pdo_pgsql' already loaded in Unknown on line 0
PHP Warning:  Module 'pgsql' already loaded in Unknown on line 0
PHP Warning:  Module 'Phar' already loaded in Unknown on line 0
>>> UPGRADE/DC/PLCC SYNC (SP) STARTED: 2026-09-19 00:00:00 to 2026-09-20 23:59:59 <<<
Processing 395 CSR users with UPGRADE process.
Fetching from Sampark via sp_agentwise_perform160... Found 36 rows.
Processing 28 records for CSR-UPGRADE users.

--- DEBUG INFO (First 5 records) ---
Person: FNM1726, Date: 2026-09-19
  Login: 32083s, Break: 3284s, Meeting: 0s
  Actual Break: 3284s, Final Login: 28799s
  Work Hours: 7.9997hrs, Required: 8hrs, Status: P
  Comparison: >= 8.0 (P)

Person: FNM2990, Date: 2026-09-19
  Login: 33006s, Break: 3172s, Meeting: 0s
  Actual Break: 3172s, Final Login: 29834s
  Work Hours: 8.2872hrs, Required: 8hrs, Status: P
  Comparison: >= 8.0 (P)

Person: FNM3157, Date: 2026-09-19
  Login: 32655s, Break: 3242s, Meeting: 0s
  Actual Break: 3242s, Final Login: 29413s
  Work Hours: 8.1703hrs, Required: 8hrs, Status: P
  Comparison: >= 8.0 (P)

Person: FNM3520, Date: 2026-09-19
  Login: 30905s, Break: 1033s, Meeting: 0s
  Actual Break: 1033s, Final Login: 29872s
  Work Hours: 8.2978hrs, Required: 8hrs, Status: P
  Comparison: >= 8.0 (P)

Person: FNM3728, Date: 2026-09-19
  Login: 15013s, Break: 0s, Meeting: 0s
  Actual Break: 0s, Final Login: 15013s
  Work Hours: 4.1703hrs, Required: 8hrs, Status: HD
  Comparison: < 8.0

Successfully synced 7 CSR-UPGRADE records.
  - Updated HD/A to P: 0 records
  - Skipped (already P): 20 records
PHP Warning:  PHP Startup: Unable to load dynamic library 'fileinfo.so' (tried: /usr/lib64/php7/extensions/fileinfo.so (/usr/lib64/php7/extensions/fileinfo.so: cannot open shared object file: No such file or directory), /usr/lib64/php7/extensions/fileinfo.so.so (/usr/lib64/php7/extensions/fileinfo.so.so: cannot open shared object file: No such file or directory)) in Unknown on line 0
PHP Warning:  Module 'pdo_pgsql' already loaded in Unknown on line 0
PHP Warning:  Module 'pgsql' already loaded in Unknown on line 0
PHP Warning:  Module 'Phar' already loaded in Unknown on line 0
>>> UPGRADE/DC/PLCC SYNC (SP) STARTED: 2026-09-19 00:00:00 to 2026-09-20 23:59:59 <<<
Processing 395 CSR users with UPGRADE process.
Fetching from Sampark via sp_agentwise_perform160... Found 36 rows.
Processing 28 records for CSR-UPGRADE users.

--- DEBUG INFO (First 5 records) ---
Person: FNM1726, Date: 2026-09-19
  Login: 32083s, Break: 3284s, Meeting: 0s
  Actual Break: 3284s, Final Login: 28799s
  Work Hours: 7.9997hrs, Required: 8hrs, Status: P
  Comparison: >= 8.0 (P)

Person: FNM2990, Date: 2026-09-19
  Login: 33006s, Break: 3172s, Meeting: 0s
  Actual Break: 3172s, Final Login: 29834s
  Work Hours: 8.2872hrs, Required: 8hrs, Status: P
  Comparison: >= 8.0 (P)

Person: FNM3157, Date: 2026-09-19
  Login: 32655s, Break: 3242s, Meeting: 0s
  Actual Break: 3242s, Final Login: 29413s
  Work Hours: 8.1703hrs, Required: 8hrs, Status: P
  Comparison: >= 8.0 (P)

Person: FNM3520, Date: 2026-09-19
  Login: 30905s, Break: 1033s, Meeting: 0s
  Actual Break: 1033s, Final Login: 29872s
  Work Hours: 8.2978hrs, Required: 8hrs, Status: P
  Comparison: >= 8.0 (P)

Person: FNM3728, Date: 2026-09-19
  Login: 15013s, Break: 0s, Meeting: 0s
  Actual Break: 0s, Final Login: 15013s
  Work Hours: 4.1703hrs, Required: 8hrs, Status: HD
  Comparison: < 8.0

Successfully synced 7 CSR-UPGRADE records.
  - Updated HD/A to P: 0 records
  - Skipped (already P): 20 records
PHP Warning:  PHP Startup: Unable to load dynamic library 'fileinfo.so' (tried: /usr/lib64/php7/extensions/fileinfo.so (/usr/lib64/php7/extensions/fileinfo.so: cannot open shared object file: No such file or directory), /usr/lib64/php7/extensions/fileinfo.so.so (/usr/lib64/php7/extensions/fileinfo.so.so: cannot open shared object file: No such file or directory)) in Unknown on line 0
PHP Warning:  Module 'pdo_pgsql' already loaded in Unknown on line 0
PHP Warning:  Module 'pgsql' already loaded in Unknown on line 0
PHP Warning:  Module 'Phar' already loaded in Unknown on line 0
>>> UPGRADE/DC/PLCC SYNC (SP) STARTED: 2026-09-19 00:00:00 to 2026-09-20 23:59:59 <<<
Processing 395 CSR users with UPGRADE process.
Fetching from Sampark via sp_agentwise_perform160... Found 36 rows.
Processing 28 records for CSR-UPGRADE users.

--- DEBUG INFO (First 5 records) ---
Person: FNM1726, Date: 2026-09-19
  Login: 32083s, Break: 3284s, Meeting: 0s
  Actual Break: 3284s, Final Login: 28799s
  Work Hours: 7.9997hrs, Required: 8hrs, Status: P
  Comparison: >= 8.0 (P)

Person: FNM2990, Date: 2026-09-19
  Login: 33006s, Break: 3172s, Meeting: 0s
  Actual Break: 3172s, Final Login: 29834s
  Work Hours: 8.2872hrs, Required: 8hrs, Status: P
  Comparison: >= 8.0 (P)

Person: FNM3157, Date: 2026-09-19
  Login: 32655s, Break: 3242s, Meeting: 0s
  Actual Break: 3242s, Final Login: 29413s
  Work Hours: 8.1703hrs, Required: 8hrs, Status: P
  Comparison: >= 8.0 (P)

Person: FNM3520, Date: 2026-09-19
  Login: 30905s, Break: 1033s, Meeting: 0s
  Actual Break: 1033s, Final Login: 29872s
  Work Hours: 8.2978hrs, Required: 8hrs, Status: P
  Comparison: >= 8.0 (P)

Person: FNM3728, Date: 2026-09-19
  Login: 15013s, Break: 0s, Meeting: 0s
  Actual Break: 0s, Final Login: 15013s
  Work Hours: 4.1703hrs, Required: 8hrs, Status: HD
  Comparison: < 8.0

Successfully synced 7 CSR-UPGRADE records.
  - Updated HD/A to P: 0 records
  - Skipped (already P): 20 records
PHP Warning:  PHP Startup: Unable to load dynamic library 'fileinfo.so' (tried: /usr/lib64/php7/extensions/fileinfo.so (/usr/lib64/php7/extensions/fileinfo.so: cannot open shared object file: No such file or directory), /usr/lib64/php7/extensions/fileinfo.so.so (/usr/lib64/php7/extensions/fileinfo.so.so: cannot open shared object file: No such file or directory)) in Unknown on line 0
PHP Warning:  Module 'pdo_pgsql' already loaded in Unknown on line 0
PHP Warning:  Module 'pgsql' already loaded in Unknown on line 0
PHP Warning:  Module 'Phar' already loaded in Unknown on line 0
>>> UPGRADE/DC/PLCC SYNC (SP) STARTED: 2026-09-19 00:00:00 to 2026-09-20 23:59:59 <<<
Processing 395 CSR users with UPGRADE process.
Fetching from Sampark via sp_agentwise_perform160... Found 36 rows.
Processing 28 records for CSR-UPGRADE users.

--- DEBUG INFO (First 5 records) ---
Person: FNM1726, Date: 2026-09-19
  Login: 32083s, Break: 3284s, Meeting: 0s
  Actual Break: 3284s, Final Login: 28799s
  Work Hours: 7.9997hrs, Required: 8hrs, Status: P
  Comparison: >= 8.0 (P)

Person: FNM2990, Date: 2026-09-19
  Login: 33006s, Break: 3172s, Meeting: 0s
  Actual Break: 3172s, Final Login: 29834s
  Work Hours: 8.2872hrs, Required: 8hrs, Status: P
  Comparison: >= 8.0 (P)

Person: FNM3157, Date: 2026-09-19
  Login: 32655s, Break: 3242s, Meeting: 0s
  Actual Break: 3242s, Final Login: 29413s
  Work Hours: 8.1703hrs, Required: 8hrs, Status: P
  Comparison: >= 8.0 (P)

Person: FNM3520, Date: 2026-09-19
  Login: 30905s, Break: 1033s, Meeting: 0s
  Actual Break: 1033s, Final Login: 29872s
  Work Hours: 8.2978hrs, Required: 8hrs, Status: P
  Comparison: >= 8.0 (P)

Person: FNM3728, Date: 2026-09-19
  Login: 15013s, Break: 0s, Meeting: 0s
  Actual Break: 0s, Final Login: 15013s
  Work Hours: 4.1703hrs, Required: 8hrs, Status: HD
  Comparison: < 8.0

Successfully synced 7 CSR-UPGRADE records.
  - Updated HD/A to P: 0 records
  - Skipped (already P): 20 records
PHP Warning:  PHP Startup: Unable to load dynamic library 'fileinfo.so' (tried: /usr/lib64/php7/extensions/fileinfo.so (/usr/lib64/php7/extensions/fileinfo.so: cannot open shared object file: No such file or directory), /usr/lib64/php7/extensions/fileinfo.so.so (/usr/lib64/php7/extensions/fileinfo.so.so: cannot open shared object file: No such file or directory)) in Unknown on line 0
PHP Warning:  Module 'pdo_pgsql' already loaded in Unknown on line 0
PHP Warning:  Module 'pgsql' already loaded in Unknown on line 0
PHP Warning:  Module 'Phar' already loaded in Unknown on line 0
>>> UPGRADE/DC/PLCC SYNC (SP) STARTED: 2026-09-19 00:00:00 to 2026-09-20 23:59:59 <<<
Processing 395 CSR users with UPGRADE process.
Fetching from Sampark via sp_agentwise_perform160... Found 36 rows.
Processing 28 records for CSR-UPGRADE users.

--- DEBUG INFO (First 5 records) ---
Person: FNM1726, Date: 2026-09-19
  Login: 32083s, Break: 3284s, Meeting: 0s
  Actual Break: 3284s, Final Login: 28799s
  Work Hours: 7.9997hrs, Required: 8hrs, Status: P
  Comparison: >= 8.0 (P)

Person: FNM2990, Date: 2026-09-19
  Login: 33006s, Break: 3172s, Meeting: 0s
  Actual Break: 3172s, Final Login: 29834s
  Work Hours: 8.2872hrs, Required: 8hrs, Status: P
  Comparison: >= 8.0 (P)

Person: FNM3157, Date: 2026-09-19
  Login: 32655s, Break: 3242s, Meeting: 0s
  Actual Break: 3242s, Final Login: 29413s
  Work Hours: 8.1703hrs, Required: 8hrs, Status: P
  Comparison: >= 8.0 (P)

Person: FNM3520, Date: 2026-09-19
  Login: 30905s, Break: 1033s, Meeting: 0s
  Actual Break: 1033s, Final Login: 29872s
  Work Hours: 8.2978hrs, Required: 8hrs, Status: P
  Comparison: >= 8.0 (P)

Person: FNM3728, Date: 2026-09-19
  Login: 15013s, Break: 0s, Meeting: 0s
  Actual Break: 0s, Final Login: 15013s
  Work Hours: 4.1703hrs, Required: 8hrs, Status: HD
  Comparison: < 8.0

Successfully synced 7 CSR-UPGRADE records.
  - Updated HD/A to P: 0 records
  - Skipped (already P): 20 records
PHP Warning:  PHP Startup: Unable to load dynamic library 'fileinfo.so' (tried: /usr/lib64/php7/extensions/fileinfo.so (/usr/lib64/php7/extensions/fileinfo.so: cannot open shared object file: No such file or directory), /usr/lib64/php7/extensions/fileinfo.so.so (/usr/lib64/php7/extensions/fileinfo.so.so: cannot open shared object file: No such file or directory)) in Unknown on line 0
PHP Warning:  Module 'pdo_pgsql' already loaded in Unknown on line 0
PHP Warning:  Module 'pgsql' already loaded in Unknown on line 0
PHP Warning:  Module 'Phar' already loaded in Unknown on line 0
>>> UPGRADE/DC/PLCC SYNC (SP) STARTED: 2026-09-19 00:00:00 to 2026-09-20 23:59:59 <<<
Processing 395 CSR users with UPGRADE process.
Fetching from Sampark via sp_agentwise_perform160... Found 36 rows.
Processing 28 records for CSR-UPGRADE users.

--- DEBUG INFO (First 5 records) ---
Person: FNM1726, Date: 2026-09-19
  Login: 32083s, Break: 3284s, Meeting: 0s
  Actual Break: 3284s, Final Login: 28799s
  Work Hours: 7.9997hrs, Required: 8hrs, Status: P
  Comparison: >= 8.0 (P)

Person: FNM2990, Date: 2026-09-19
  Login: 33006s, Break: 3172s, Meeting: 0s
  Actual Break: 3172s, Final Login: 29834s
  Work Hours: 8.2872hrs, Required: 8hrs, Status: P
  Comparison: >= 8.0 (P)

Person: FNM3157, Date: 2026-09-19
  Login: 32655s, Break: 3242s, Meeting: 0s
  Actual Break: 3242s, Final Login: 29413s
  Work Hours: 8.1703hrs, Required: 8hrs, Status: P
  Comparison: >= 8.0 (P)

Person: FNM3520, Date: 2026-09-19
  Login: 30905s, Break: 1033s, Meeting: 0s
  Actual Break: 1033s, Final Login: 29872s
  Work Hours: 8.2978hrs, Required: 8hrs, Status: P
  Comparison: >= 8.0 (P)

Person: FNM3728, Date: 2026-09-19
  Login: 15013s, Break: 0s, Meeting: 0s
  Actual Break: 0s, Final Login: 15013s
  Work Hours: 4.1703hrs, Required: 8hrs, Status: HD
  Comparison: < 8.0

Successfully synced 7 CSR-UPGRADE records.
  - Updated HD/A to P: 0 records
  - Skipped (already P): 20 records
PHP Warning:  PHP Startup: Unable to load dynamic library 'fileinfo.so' (tried: /usr/lib64/php7/extensions/fileinfo.so (/usr/lib64/php7/extensions/fileinfo.so: cannot open shared object file: No such file or directory), /usr/lib64/php7/extensions/fileinfo.so.so (/usr/lib64/php7/extensions/fileinfo.so.so: cannot open shared object file: No such file or directory)) in Unknown on line 0
PHP Warning:  Module 'pdo_pgsql' already loaded in Unknown on line 0
PHP Warning:  Module 'pgsql' already loaded in Unknown on line 0
PHP Warning:  Module 'Phar' already loaded in Unknown on line 0
>>> UPGRADE/DC/PLCC SYNC (SP) STARTED: 2026-09-20 00:00:00 to 2026-09-21 23:59:59 <<<
Processing 395 CSR users with UPGRADE process.
Fetching from Sampark via sp_agentwise_perform160... Found 0 rows.
Processing 0 records for CSR-UPGRADE users.

--- DEBUG INFO (First 5 records) ---
Successfully synced 0 CSR-UPGRADE records.
  - Updated HD/A to P: 0 records
  - Skipped (already P): 0 records
PHP Warning:  PHP Startup: Unable to load dynamic library 'fileinfo.so' (tried: /usr/lib64/php7/extensions/fileinfo.so (/usr/lib64/php7/extensions/fileinfo.so: cannot open shared object file: No such file or directory), /usr/lib64/php7/extensions/fileinfo.so.so (/usr/lib64/php7/extensions/fileinfo.so.so: cannot open shared object file: No such file or directory)) in Unknown on line 0
PHP Warning:  Module 'pdo_pgsql' already loaded in Unknown on line 0
PHP Warning:  Module 'pgsql' already loaded in Unknown on line 0
PHP Warning:  Module 'Phar' already loaded in Unknown on line 0
>>> UPGRADE/DC/PLCC SYNC (SP) STARTED: 2026-09-20 00:00:00 to 2026-09-21 23:59:59 <<<
Processing 395 CSR users with UPGRADE process.
Fetching from Sampark via sp_agentwise_perform160... Found 0 rows.
Processing 0 records for CSR-UPGRADE users.

--- DEBUG INFO (First 5 records) ---
Successfully synced 0 CSR-UPGRADE records.
  - Updated HD/A to P: 0 records
  - Skipped (already P): 0 records
PHP Warning:  PHP Startup: Unable to load dynamic library 'fileinfo.so' (tried: /usr/lib64/php7/extensions/fileinfo.so (/usr/lib64/php7/extensions/fileinfo.so: cannot open shared object file: No such file or directory), /usr/lib64/php7/extensions/fileinfo.so.so (/usr/lib64/php7/extensions/fileinfo.so.so: cannot open shared object file: No such file or directory)) in Unknown on line 0
PHP Warning:  Module 'pdo_pgsql' already loaded in Unknown on line 0
PHP Warning:  Module 'pgsql' already loaded in Unknown on line 0
PHP Warning:  Module 'Phar' already loaded in Unknown on line 0
>>> UPGRADE/DC/PLCC SYNC (SP) STARTED: 2026-09-20 00:00:00 to 2026-09-21 23:59:59 <<<
Processing 395 CSR users with UPGRADE process.
Fetching from Sampark via sp_agentwise_perform160... Found 0 rows.
Processing 0 records for CSR-UPGRADE users.

--- DEBUG INFO (First 5 records) ---
Successfully synced 0 CSR-UPGRADE records.
  - Updated HD/A to P: 0 records
  - Skipped (already P): 0 records
PHP Warning:  PHP Startup: Unable to load dynamic library 'fileinfo.so' (tried: /usr/lib64/php7/extensions/fileinfo.so (/usr/lib64/php7/extensions/fileinfo.so: cannot open shared object file: No such file or directory), /usr/lib64/php7/extensions/fileinfo.so.so (/usr/lib64/php7/extensions/fileinfo.so.so: cannot open shared object file: No such file or directory)) in Unknown on line 0
PHP Warning:  Module 'pdo_pgsql' already loaded in Unknown on line 0
PHP Warning:  Module 'pgsql' already loaded in Unknown on line 0
PHP Warning:  Module 'Phar' already loaded in Unknown on line 0
>>> UPGRADE/DC/PLCC SYNC (SP) STARTED: 2026-09-20 00:00:00 to 2026-09-21 23:59:59 <<<
Processing 395 CSR users with UPGRADE process.
Fetching from Sampark via sp_agentwise_perform160... Found 0 rows.
Processing 0 records for CSR-UPGRADE users.

--- DEBUG INFO (First 5 records) ---
Successfully synced 0 CSR-UPGRADE records.
  - Updated HD/A to P: 0 records
  - Skipped (already P): 0 records
PHP Warning:  PHP Startup: Unable to load dynamic library 'fileinfo.so' (tried: /usr/lib64/php7/extensions/fileinfo.so (/usr/lib64/php7/extensions/fileinfo.so: cannot open shared object file: No such file or directory), /usr/lib64/php7/extensions/fileinfo.so.so (/usr/lib64/php7/extensions/fileinfo.so.so: cannot open shared object file: No such file or directory)) in Unknown on line 0
PHP Warning:  Module 'pdo_pgsql' already loaded in Unknown on line 0
PHP Warning:  Module 'pgsql' already loaded in Unknown on line 0
PHP Warning:  Module 'Phar' already loaded in Unknown on line 0
>>> UPGRADE/DC/PLCC SYNC (SP) STARTED: 2026-09-20 00:00:00 to 2026-09-21 23:59:59 <<<
Processing 395 CSR users with UPGRADE process.
Fetching from Sampark via sp_agentwise_perform160... Found 0 rows.
Processing 0 records for CSR-UPGRADE users.

--- DEBUG INFO (First 5 records) ---
Successfully synced 0 CSR-UPGRADE records.
  - Updated HD/A to P: 0 records
  - Skipped (already P): 0 records
PHP Warning:  PHP Startup: Unable to load dynamic library 'fileinfo.so' (tried: /usr/lib64/php7/extensions/fileinfo.so (/usr/lib64/php7/extensions/fileinfo.so: cannot open shared object file: No such file or directory), /usr/lib64/php7/extensions/fileinfo.so.so (/usr/lib64/php7/extensions/fileinfo.so.so: cannot open shared object file: No such file or directory)) in Unknown on line 0
PHP Warning:  Module 'pdo_pgsql' already loaded in Unknown on line 0
PHP Warning:  Module 'pgsql' already loaded in Unknown on line 0
PHP Warning:  Module 'Phar' already loaded in Unknown on line 0
>>> UPGRADE/DC/PLCC SYNC (SP) STARTED: 2026-09-20 00:00:00 to 2026-09-21 23:59:59 <<<
Processing 395 CSR users with UPGRADE process.
Fetching from Sampark via sp_agentwise_perform160... Found 0 rows.
Processing 0 records for CSR-UPGRADE users.

--- DEBUG INFO (First 5 records) ---
Successfully synced 0 CSR-UPGRADE records.
  - Updated HD/A to P: 0 records
  - Skipped (already P): 0 records
PHP Warning:  PHP Startup: Unable to load dynamic library 'fileinfo.so' (tried: /usr/lib64/php7/extensions/fileinfo.so (/usr/lib64/php7/extensions/fileinfo.so: cannot open shared object file: No such file or directory), /usr/lib64/php7/extensions/fileinfo.so.so (/usr/lib64/php7/extensions/fileinfo.so.so: cannot open shared object file: No such file or directory)) in Unknown on line 0
PHP Warning:  Module 'pdo_pgsql' already loaded in Unknown on line 0
PHP Warning:  Module 'pgsql' already loaded in Unknown on line 0
PHP Warning:  Module 'Phar' already loaded in Unknown on line 0
>>> UPGRADE/DC/PLCC SYNC (SP) STARTED: 2026-09-20 00:00:00 to 2026-09-21 23:59:59 <<<
Processing 395 CSR users with UPGRADE process.
Fetching from Sampark via sp_agentwise_perform160... Found 0 rows.
Processing 0 records for CSR-UPGRADE users.

--- DEBUG INFO (First 5 records) ---
Successfully synced 0 CSR-UPGRADE records.
  - Updated HD/A to P: 0 records
  - Skipped (already P): 0 records
PHP Warning:  PHP Startup: Unable to load dynamic library 'fileinfo.so' (tried: /usr/lib64/php7/extensions/fileinfo.so (/usr/lib64/php7/extensions/fileinfo.so: cannot open shared object file: No such file or directory), /usr/lib64/php7/extensions/fileinfo.so.so (/usr/lib64/php7/extensions/fileinfo.so.so: cannot open shared object file: No such file or directory)) in Unknown on line 0
PHP Warning:  Module 'pdo_pgsql' already loaded in Unknown on line 0
PHP Warning:  Module 'pgsql' already loaded in Unknown on line 0
PHP Warning:  Module 'Phar' already loaded in Unknown on line 0
>>> UPGRADE/DC/PLCC SYNC (SP) STARTED: 2026-09-20 00:00:00 to 2026-09-21 23:59:59 <<<
Processing 395 CSR users with UPGRADE process.
Fetching from Sampark via sp_agentwise_perform160... Found 0 rows.
Processing 0 records for CSR-UPGRADE users.

--- DEBUG INFO (First 5 records) ---
Successfully synced 0 CSR-UPGRADE records.
  - Updated HD/A to P: 0 records
  - Skipped (already P): 0 records
PHP Warning:  PHP Startup: Unable to load dynamic library 'fileinfo.so' (tried: /usr/lib64/php7/extensions/fileinfo.so (/usr/lib64/php7/extensions/fileinfo.so: cannot open shared object file: No such file or directory), /usr/lib64/php7/extensions/fileinfo.so.so (/usr/lib64/php7/extensions/fileinfo.so.so: cannot open shared object file: No such file or directory)) in Unknown on line 0
PHP Warning:  Module 'pdo_pgsql' already loaded in Unknown on line 0
PHP Warning:  Module 'pgsql' already loaded in Unknown on line 0
PHP Warning:  Module 'Phar' already loaded in Unknown on line 0
>>> UPGRADE/DC/PLCC SYNC (SP) STARTED: 2026-09-20 00:00:00 to 2026-09-21 23:59:59 <<<
Processing 395 CSR users with UPGRADE process.
Fetching from Sampark via sp_agentwise_perform160... Found 0 rows.
Processing 0 records for CSR-UPGRADE users.

--- DEBUG INFO (First 5 records) ---
Successfully synced 0 CSR-UPGRADE records.
  - Updated HD/A to P: 0 records
  - Skipped (already P): 0 records
PHP Warning:  PHP Startup: Unable to load dynamic library 'fileinfo.so' (tried: /usr/lib64/php7/extensions/fileinfo.so (/usr/lib64/php7/extensions/fileinfo.so: cannot open shared object file: No such file or directory), /usr/lib64/php7/extensions/fileinfo.so.so (/usr/lib64/php7/extensions/fileinfo.so.so: cannot open shared object file: No such file or directory)) in Unknown on line 0
PHP Warning:  Module 'pdo_pgsql' already loaded in Unknown on line 0
PHP Warning:  Module 'pgsql' already loaded in Unknown on line 0
PHP Warning:  Module 'Phar' already loaded in Unknown on line 0
>>> UPGRADE/DC/PLCC SYNC (SP) STARTED: 2026-09-20 00:00:00 to 2026-09-21 23:59:59 <<<
Processing 395 CSR users with UPGRADE process.
Fetching from Sampark via sp_agentwise_perform160... Found 0 rows.
Processing 0 records for CSR-UPGRADE users.

--- DEBUG INFO (First 5 records) ---
Successfully synced 0 CSR-UPGRADE records.
  - Updated HD/A to P: 0 records
  - Skipped (already P): 0 records
PHP Warning:  PHP Startup: Unable to load dynamic library 'fileinfo.so' (tried: /usr/lib64/php7/extensions/fileinfo.so (/usr/lib64/php7/extensions/fileinfo.so: cannot open shared object file: No such file or directory), /usr/lib64/php7/extensions/fileinfo.so.so (/usr/lib64/php7/extensions/fileinfo.so.so: cannot open shared object file: No such file or directory)) in Unknown on line 0
PHP Warning:  Module 'pdo_pgsql' already loaded in Unknown on line 0
PHP Warning:  Module 'pgsql' already loaded in Unknown on line 0
PHP Warning:  Module 'Phar' already loaded in Unknown on line 0
>>> UPGRADE/DC/PLCC SYNC (SP) STARTED: 2026-09-20 00:00:00 to 2026-09-21 23:59:59 <<<
Processing 395 CSR users with UPGRADE process.
Fetching from Sampark via sp_agentwise_perform160... Found 0 rows.
Processing 0 records for CSR-UPGRADE users.

--- DEBUG INFO (First 5 records) ---
Successfully synced 0 CSR-UPGRADE records.
  - Updated HD/A to P: 0 records
  - Skipped (already P): 0 records
PHP Warning:  PHP Startup: Unable to load dynamic library 'fileinfo.so' (tried: /usr/lib64/php7/extensions/fileinfo.so (/usr/lib64/php7/extensions/fileinfo.so: cannot open shared object file: No such file or directory), /usr/lib64/php7/extensions/fileinfo.so.so (/usr/lib64/php7/extensions/fileinfo.so.so: cannot open shared object file: No such file or directory)) in Unknown on line 0
PHP Warning:  Module 'pdo_pgsql' already loaded in Unknown on line 0
PHP Warning:  Module 'pgsql' already loaded in Unknown on line 0
PHP Warning:  Module 'Phar' already loaded in Unknown on line 0
>>> UPGRADE/DC/PLCC SYNC (SP) STARTED: 2026-09-20 00:00:00 to 2026-09-21 23:59:59 <<<
Processing 395 CSR users with UPGRADE process.
Fetching from Sampark via sp_agentwise_perform160... Found 0 rows.
Processing 0 records for CSR-UPGRADE users.

--- DEBUG INFO (First 5 records) ---
Successfully synced 0 CSR-UPGRADE records.
  - Updated HD/A to P: 0 records
  - Skipped (already P): 0 records
PHP Warning:  PHP Startup: Unable to load dynamic library 'fileinfo.so' (tried: /usr/lib64/php7/extensions/fileinfo.so (/usr/lib64/php7/extensions/fileinfo.so: cannot open shared object file: No such file or directory), /usr/lib64/php7/extensions/fileinfo.so.so (/usr/lib64/php7/extensions/fileinfo.so.so: cannot open shared object file: No such file or directory)) in Unknown on line 0
PHP Warning:  Module 'pdo_pgsql' already loaded in Unknown on line 0
PHP Warning:  Module 'pgsql' already loaded in Unknown on line 0
PHP Warning:  Module 'Phar' already loaded in Unknown on line 0
>>> UPGRADE/DC/PLCC SYNC (SP) STARTED: 2026-09-20 00:00:00 to 2026-09-21 23:59:59 <<<
Processing 395 CSR users with UPGRADE process.
Fetching from Sampark via sp_agentwise_perform160... Found 0 rows.
Processing 0 records for CSR-UPGRADE users.

--- DEBUG INFO (First 5 records) ---
Successfully synced 0 CSR-UPGRADE records.
  - Updated HD/A to P: 0 records
  - Skipped (already P): 0 records
PHP Warning:  PHP Startup: Unable to load dynamic library 'fileinfo.so' (tried: /usr/lib64/php7/extensions/fileinfo.so (/usr/lib64/php7/extensions/fileinfo.so: cannot open shared object file: No such file or directory), /usr/lib64/php7/extensions/fileinfo.so.so (/usr/lib64/php7/extensions/fileinfo.so.so: cannot open shared object file: No such file or directory)) in Unknown on line 0
PHP Warning:  Module 'pdo_pgsql' already loaded in Unknown on line 0
PHP Warning:  Module 'pgsql' already loaded in Unknown on line 0
PHP Warning:  Module 'Phar' already loaded in Unknown on line 0
>>> UPGRADE/DC/PLCC SYNC (SP) STARTED: 2026-09-20 00:00:00 to 2026-09-21 23:59:59 <<<
Processing 395 CSR users with UPGRADE process.
Fetching from Sampark via sp_agentwise_perform160... Found 0 rows.
Processing 0 records for CSR-UPGRADE users.

--- DEBUG INFO (First 5 records) ---
Successfully synced 0 CSR-UPGRADE records.
  - Updated HD/A to P: 0 records
  - Skipped (already P): 0 records
PHP Warning:  PHP Startup: Unable to load dynamic library 'fileinfo.so' (tried: /usr/lib64/php7/extensions/fileinfo.so (/usr/lib64/php7/extensions/fileinfo.so: cannot open shared object file: No such file or directory), /usr/lib64/php7/extensions/fileinfo.so.so (/usr/lib64/php7/extensions/fileinfo.so.so: cannot open shared object file: No such file or directory)) in Unknown on line 0
PHP Warning:  Module 'pdo_pgsql' already loaded in Unknown on line 0
PHP Warning:  Module 'pgsql' already loaded in Unknown on line 0
PHP Warning:  Module 'Phar' already loaded in Unknown on line 0
>>> UPGRADE/DC/PLCC SYNC (SP) STARTED: 2026-09-20 00:00:00 to 2026-09-21 23:59:59 <<<
Processing 395 CSR users with UPGRADE process.
Fetching from Sampark via sp_agentwise_perform160... Found 0 rows.
Processing 0 records for CSR-UPGRADE users.

--- DEBUG INFO (First 5 records) ---
Successfully synced 0 CSR-UPGRADE records.
  - Updated HD/A to P: 0 records
  - Skipped (already P): 0 records
PHP Warning:  PHP Startup: Unable to load dynamic library 'fileinfo.so' (tried: /usr/lib64/php7/extensions/fileinfo.so (/usr/lib64/php7/extensions/fileinfo.so: cannot open shared object file: No such file or directory), /usr/lib64/php7/extensions/fileinfo.so.so (/usr/lib64/php7/extensions/fileinfo.so.so: cannot open shared object file: No such file or directory)) in Unknown on line 0
PHP Warning:  Module 'pdo_pgsql' already loaded in Unknown on line 0
PHP Warning:  Module 'pgsql' already loaded in Unknown on line 0
PHP Warning:  Module 'Phar' already loaded in Unknown on line 0
>>> UPGRADE/DC/PLCC SYNC (SP) STARTED: 2026-09-20 00:00:00 to 2026-09-21 23:59:59 <<<
Processing 395 CSR users with UPGRADE process.
Fetching from Sampark via sp_agentwise_perform160... Found 0 rows.
Processing 0 records for CSR-UPGRADE users.

--- DEBUG INFO (First 5 records) ---
Successfully synced 0 CSR-UPGRADE records.
  - Updated HD/A to P: 0 records
  - Skipped (already P): 0 records
PHP Warning:  PHP Startup: Unable to load dynamic library 'fileinfo.so' (tried: /usr/lib64/php7/extensions/fileinfo.so (/usr/lib64/php7/extensions/fileinfo.so: cannot open shared object file: No such file or directory), /usr/lib64/php7/extensions/fileinfo.so.so (/usr/lib64/php7/extensions/fileinfo.so.so: cannot open shared object file: No such file or directory)) in Unknown on line 0
PHP Warning:  Module 'pdo_pgsql' already loaded in Unknown on line 0
PHP Warning:  Module 'pgsql' already loaded in Unknown on line 0
PHP Warning:  Module 'Phar' already loaded in Unknown on line 0
>>> UPGRADE/DC/PLCC SYNC (SP) STARTED: 2026-09-20 00:00:00 to 2026-09-21 23:59:59 <<<
Processing 395 CSR users with UPGRADE process.
Fetching from Sampark via sp_agentwise_perform160... Found 0 rows.
Processing 0 records for CSR-UPGRADE users.

--- DEBUG INFO (First 5 records) ---
Successfully synced 0 CSR-UPGRADE records.
  - Updated HD/A to P: 0 records
  - Skipped (already P): 0 records
PHP Warning:  PHP Startup: Unable to load dynamic library 'fileinfo.so' (tried: /usr/lib64/php7/extensions/fileinfo.so (/usr/lib64/php7/extensions/fileinfo.so: cannot open shared object file: No such file or directory), /usr/lib64/php7/extensions/fileinfo.so.so (/usr/lib64/php7/extensions/fileinfo.so.so: cannot open shared object file: No such file or directory)) in Unknown on line 0
PHP Warning:  Module 'pdo_pgsql' already loaded in Unknown on line 0
PHP Warning:  Module 'pgsql' already loaded in Unknown on line 0
PHP Warning:  Module 'Phar' already loaded in Unknown on line 0
>>> UPGRADE/DC/PLCC SYNC (SP) STARTED: 2026-09-20 00:00:00 to 2026-09-21 23:59:59 <<<
Processing 395 CSR users with UPGRADE process.
Fetching from Sampark via sp_agentwise_perform160... Found 0 rows.
Processing 0 records for CSR-UPGRADE users.

--- DEBUG INFO (First 5 records) ---
Successfully synced 0 CSR-UPGRADE records.
  - Updated HD/A to P: 0 records
  - Skipped (already P): 0 records
PHP Warning:  PHP Startup: Unable to load dynamic library 'fileinfo.so' (tried: /usr/lib64/php7/extensions/fileinfo.so (/usr/lib64/php7/extensions/fileinfo.so: cannot open shared object file: No such file or directory), /usr/lib64/php7/extensions/fileinfo.so.so (/usr/lib64/php7/extensions/fileinfo.so.so: cannot open shared object file: No such file or directory)) in Unknown on line 0
PHP Warning:  Module 'pdo_pgsql' already loaded in Unknown on line 0
PHP Warning:  Module 'pgsql' already loaded in Unknown on line 0
PHP Warning:  Module 'Phar' already loaded in Unknown on line 0
>>> UPGRADE/DC/PLCC SYNC (SP) STARTED: 2026-09-20 00:00:00 to 2026-09-21 23:59:59 <<<
Processing 395 CSR users with UPGRADE process.
Fetching from Sampark via sp_agentwise_perform160... Found 3 rows.
Processing 2 records for CSR-UPGRADE users.

--- DEBUG INFO (First 5 records) ---
Person: FNM6740, Date: 2026-09-21
  Login: 755s, Break: 0s, Meeting: 0s
  Actual Break: 0s, Final Login: 755s
  Work Hours: 0.2097hrs, Required: 8hrs, Status: A
  Comparison: < 8.0

Successfully synced 1 CSR-UPGRADE records.
  - Updated HD/A to P: 0 records
  - Skipped (already P): 0 records
PHP Warning:  PHP Startup: Unable to load dynamic library 'fileinfo.so' (tried: /usr/lib64/php7/extensions/fileinfo.so (/usr/lib64/php7/extensions/fileinfo.so: cannot open shared object file: No such file or directory), /usr/lib64/php7/extensions/fileinfo.so.so (/usr/lib64/php7/extensions/fileinfo.so.so: cannot open shared object file: No such file or directory)) in Unknown on line 0
PHP Warning:  Module 'pdo_pgsql' already loaded in Unknown on line 0
PHP Warning:  Module 'pgsql' already loaded in Unknown on line 0
PHP Warning:  Module 'Phar' already loaded in Unknown on line 0
>>> UPGRADE/DC/PLCC SYNC (SP) STARTED: 2026-09-20 00:00:00 to 2026-09-21 23:59:59 <<<
Processing 395 CSR users with UPGRADE process.
Fetching from Sampark via sp_agentwise_perform160... Found 7 rows.
Processing 4 records for CSR-UPGRADE users.

--- DEBUG INFO (First 5 records) ---
Person: FNM5792, Date: 2026-09-21
  Login: 549s, Break: 0s, Meeting: 0s
  Actual Break: 0s, Final Login: 549s
  Work Hours: 0.1525hrs, Required: 8hrs, Status: A
  Comparison: < 8.0

Person: FNM6082, Date: 2026-09-21
  Login: 1905s, Break: 0s, Meeting: 0s
  Actual Break: 0s, Final Login: 1905s
  Work Hours: 0.5292hrs, Required: 8hrs, Status: A
  Comparison: < 8.0

Person: FNM6086, Date: 2026-09-21
  Login: 1689s, Break: 0s, Meeting: 0s
  Actual Break: 0s, Final Login: 1689s
  Work Hours: 0.4692hrs, Required: 8hrs, Status: A
  Comparison: < 8.0

Person: FNM6740, Date: 2026-09-21
  Login: 2555s, Break: 0s, Meeting: 0s
  Actual Break: 0s, Final Login: 2555s
  Work Hours: 0.7097hrs, Required: 8hrs, Status: A
  Comparison: < 8.0

Successfully synced 4 CSR-UPGRADE records.
  - Updated HD/A to P: 0 records
  - Skipped (already P): 0 records
PHP Warning:  PHP Startup: Unable to load dynamic library 'fileinfo.so' (tried: /usr/lib64/php7/extensions/fileinfo.so (/usr/lib64/php7/extensions/fileinfo.so: cannot open shared object file: No such file or directory), /usr/lib64/php7/extensions/fileinfo.so.so (/usr/lib64/php7/extensions/fileinfo.so.so: cannot open shared object file: No such file or directory)) in Unknown on line 0
PHP Warning:  Module 'pdo_pgsql' already loaded in Unknown on line 0
PHP Warning:  Module 'pgsql' already loaded in Unknown on line 0
PHP Warning:  Module 'Phar' already loaded in Unknown on line 0
>>> UPGRADE/DC/PLCC SYNC (SP) STARTED: 2026-09-20 00:00:00 to 2026-09-21 23:59:59 <<<
Processing 395 CSR users with UPGRADE process.
Fetching from Sampark via sp_agentwise_perform160... Found 36 rows.
Processing 27 records for CSR-UPGRADE users.

--- DEBUG INFO (First 5 records) ---
Person: FNM1726, Date: 2026-09-21
  Login: 540s, Break: 0s, Meeting: 0s
  Actual Break: 0s, Final Login: 540s
  Work Hours: 0.1500hrs, Required: 8hrs, Status: A
  Comparison: < 8.0

Person: FNM2990, Date: 2026-09-21
  Login: 834s, Break: 0s, Meeting: 0s
  Actual Break: 0s, Final Login: 834s
  Work Hours: 0.2317hrs, Required: 8hrs, Status: A
  Comparison: < 8.0

Person: FNM3157, Date: 2026-09-21
  Login: 505s, Break: 0s, Meeting: 0s
  Actual Break: 0s, Final Login: 505s
  Work Hours: 0.1403hrs, Required: 8hrs, Status: A
  Comparison: < 8.0

Person: FNM3192, Date: 2026-09-21
  Login: 614s, Break: 0s, Meeting: 0s
  Actual Break: 0s, Final Login: 614s
  Work Hours: 0.1706hrs, Required: 8hrs, Status: A
  Comparison: < 8.0

Person: FNM3728, Date: 2026-09-21
  Login: 511s, Break: 0s, Meeting: 0s
  Actual Break: 0s, Final Login: 511s
  Work Hours: 0.1419hrs, Required: 8hrs, Status: A
  Comparison: < 8.0

Successfully synced 26 CSR-UPGRADE records.
  - Updated HD/A to P: 0 records
  - Skipped (already P): 0 records
PHP Warning:  PHP Startup: Unable to load dynamic library 'fileinfo.so' (tried: /usr/lib64/php7/extensions/fileinfo.so (/usr/lib64/php7/extensions/fileinfo.so: cannot open shared object file: No such file or directory), /usr/lib64/php7/extensions/fileinfo.so.so (/usr/lib64/php7/extensions/fileinfo.so.so: cannot open shared object file: No such file or directory)) in Unknown on line 0
PHP Warning:  Module 'pdo_pgsql' already loaded in Unknown on line 0
PHP Warning:  Module 'pgsql' already loaded in Unknown on line 0
PHP Warning:  Module 'Phar' already loaded in Unknown on line 0
>>> UPGRADE/DC/PLCC SYNC (SP) STARTED: 2026-09-20 00:00:00 to 2026-09-21 23:59:59 <<<
Processing 395 CSR users with UPGRADE process.
Fetching from Sampark via sp_agentwise_perform160... Found 38 rows.
Processing 29 records for CSR-UPGRADE users.

--- DEBUG INFO (First 5 records) ---
Person: FNM1726, Date: 2026-09-21
  Login: 2340s, Break: 0s, Meeting: 0s
  Actual Break: 0s, Final Login: 2340s
  Work Hours: 0.6500hrs, Required: 8hrs, Status: A
  Comparison: < 8.0

Person: FNM2990, Date: 2026-09-21
  Login: 2634s, Break: 0s, Meeting: 0s
  Actual Break: 0s, Final Login: 2634s
  Work Hours: 0.7317hrs, Required: 8hrs, Status: A
  Comparison: < 8.0

Person: FNM3157, Date: 2026-09-21
  Login: 2305s, Break: 0s, Meeting: 0s
  Actual Break: 0s, Final Login: 2305s
  Work Hours: 0.6403hrs, Required: 8hrs, Status: A
  Comparison: < 8.0

Person: FNM3192, Date: 2026-09-21
  Login: 2414s, Break: 0s, Meeting: 0s
  Actual Break: 0s, Final Login: 2414s
  Work Hours: 0.6706hrs, Required: 8hrs, Status: A
  Comparison: < 8.0

Person: FNM3728, Date: 2026-09-21
  Login: 2311s, Break: 0s, Meeting: 0s
  Actual Break: 0s, Final Login: 2311s
  Work Hours: 0.6419hrs, Required: 8hrs, Status: A
  Comparison: < 8.0

Successfully synced 29 CSR-UPGRADE records.
  - Updated HD/A to P: 0 records
  - Skipped (already P): 0 records
PHP Warning:  PHP Startup: Unable to load dynamic library 'fileinfo.so' (tried: /usr/lib64/php7/extensions/fileinfo.so (/usr/lib64/php7/extensions/fileinfo.so: cannot open shared object file: No such file or directory), /usr/lib64/php7/extensions/fileinfo.so.so (/usr/lib64/php7/extensions/fileinfo.so.so: cannot open shared object file: No such file or directory)) in Unknown on line 0
PHP Warning:  Module 'pdo_pgsql' already loaded in Unknown on line 0
PHP Warning:  Module 'pgsql' already loaded in Unknown on line 0
PHP Warning:  Module 'Phar' already loaded in Unknown on line 0
>>> UPGRADE/DC/PLCC SYNC (SP) STARTED: 2026-09-20 00:00:00 to 2026-09-21 23:59:59 <<<
Processing 395 CSR users with UPGRADE process.
Fetching from Sampark via sp_agentwise_perform160... Found 41 rows.
Processing 30 records for CSR-UPGRADE users.

--- DEBUG INFO (First 5 records) ---
Person: FNM1726, Date: 2026-09-21
  Login: 4140s, Break: 0s, Meeting: 0s
  Actual Break: 0s, Final Login: 4140s
  Work Hours: 1.1500hrs, Required: 8hrs, Status: A
  Comparison: < 8.0

Person: FNM2990, Date: 2026-09-21
  Login: 4434s, Break: 0s, Meeting: 0s
  Actual Break: 0s, Final Login: 4434s
  Work Hours: 1.2317hrs, Required: 8hrs, Status: A
  Comparison: < 8.0

Person: FNM3157, Date: 2026-09-21
  Login: 4105s, Break: 0s, Meeting: 0s
  Actual Break: 0s, Final Login: 4105s
  Work Hours: 1.1403hrs, Required: 8hrs, Status: A
  Comparison: < 8.0

Person: FNM3192, Date: 2026-09-21
  Login: 4214s, Break: 0s, Meeting: 0s
  Actual Break: 0s, Final Login: 4214s
  Work Hours: 1.1706hrs, Required: 8hrs, Status: A
  Comparison: < 8.0

Person: FNM3520, Date: 2026-09-21
  Login: 1659s, Break: 0s, Meeting: 0s
  Actual Break: 0s, Final Login: 1659s
  Work Hours: 0.4608hrs, Required: 8hrs, Status: A
  Comparison: < 8.0

Successfully synced 30 CSR-UPGRADE records.
  - Updated HD/A to P: 0 records
  - Skipped (already P): 0 records
PHP Warning:  PHP Startup: Unable to load dynamic library 'fileinfo.so' (tried: /usr/lib64/php7/extensions/fileinfo.so (/usr/lib64/php7/extensions/fileinfo.so: cannot open shared object file: No such file or directory), /usr/lib64/php7/extensions/fileinfo.so.so (/usr/lib64/php7/extensions/fileinfo.so.so: cannot open shared object file: No such file or directory)) in Unknown on line 0
PHP Warning:  Module 'pdo_pgsql' already loaded in Unknown on line 0
PHP Warning:  Module 'pgsql' already loaded in Unknown on line 0
PHP Warning:  Module 'Phar' already loaded in Unknown on line 0
>>> UPGRADE/DC/PLCC SYNC (SP) STARTED: 2026-09-20 00:00:00 to 2026-09-21 23:59:59 <<<
Processing 395 CSR users with UPGRADE process.
Fetching from Sampark via sp_agentwise_perform160... Found 41 rows.
Processing 30 records for CSR-UPGRADE users.

--- DEBUG INFO (First 5 records) ---
Person: FNM1726, Date: 2026-09-21
  Login: 5941s, Break: 0s, Meeting: 0s
  Actual Break: 0s, Final Login: 5941s
  Work Hours: 1.6503hrs, Required: 8hrs, Status: A
  Comparison: < 8.0

Person: FNM2990, Date: 2026-09-21
  Login: 6235s, Break: 0s, Meeting: 0s
  Actual Break: 0s, Final Login: 6235s
  Work Hours: 1.7319hrs, Required: 8hrs, Status: A
  Comparison: < 8.0

Person: FNM3157, Date: 2026-09-21
  Login: 5906s, Break: 0s, Meeting: 0s
  Actual Break: 0s, Final Login: 5906s
  Work Hours: 1.6406hrs, Required: 8hrs, Status: A
  Comparison: < 8.0

Person: FNM3192, Date: 2026-09-21
  Login: 6015s, Break: 0s, Meeting: 0s
  Actual Break: 0s, Final Login: 6015s
  Work Hours: 1.6708hrs, Required: 8hrs, Status: A
  Comparison: < 8.0

Person: FNM3520, Date: 2026-09-21
  Login: 3460s, Break: 0s, Meeting: 0s
  Actual Break: 0s, Final Login: 3460s
  Work Hours: 0.9611hrs, Required: 8hrs, Status: A
  Comparison: < 8.0

Successfully synced 30 CSR-UPGRADE records.
  - Updated HD/A to P: 0 records
  - Skipped (already P): 0 records
PHP Warning:  PHP Startup: Unable to load dynamic library 'fileinfo.so' (tried: /usr/lib64/php7/extensions/fileinfo.so (/usr/lib64/php7/extensions/fileinfo.so: cannot open shared object file: No such file or directory), /usr/lib64/php7/extensions/fileinfo.so.so (/usr/lib64/php7/extensions/fileinfo.so.so: cannot open shared object file: No such file or directory)) in Unknown on line 0
PHP Warning:  Module 'pdo_pgsql' already loaded in Unknown on line 0
PHP Warning:  Module 'pgsql' already loaded in Unknown on line 0
PHP Warning:  Module 'Phar' already loaded in Unknown on line 0
>>> UPGRADE/DC/PLCC SYNC (SP) STARTED: 2026-09-20 00:00:00 to 2026-09-21 23:59:59 <<<
Processing 395 CSR users with UPGRADE process.
Fetching from Sampark via sp_agentwise_perform160... Found 41 rows.
Processing 30 records for CSR-UPGRADE users.

--- DEBUG INFO (First 5 records) ---
Person: FNM1726, Date: 2026-09-21
  Login: 7740s, Break: 0s, Meeting: 0s
  Actual Break: 0s, Final Login: 7740s
  Work Hours: 2.1500hrs, Required: 8hrs, Status: A
  Comparison: < 8.0

Person: FNM2990, Date: 2026-09-21
  Login: 8034s, Break: 0s, Meeting: 0s
  Actual Break: 0s, Final Login: 8034s
  Work Hours: 2.2317hrs, Required: 8hrs, Status: A
  Comparison: < 8.0

Person: FNM3157, Date: 2026-09-21
  Login: 7705s, Break: 0s, Meeting: 0s
  Actual Break: 0s, Final Login: 7705s
  Work Hours: 2.1403hrs, Required: 8hrs, Status: A
  Comparison: < 8.0

Person: FNM3192, Date: 2026-09-21
  Login: 7814s, Break: 0s, Meeting: 0s
  Actual Break: 0s, Final Login: 7814s
  Work Hours: 2.1706hrs, Required: 8hrs, Status: A
  Comparison: < 8.0

Person: FNM3520, Date: 2026-09-21
  Login: 5259s, Break: 0s, Meeting: 0s
  Actual Break: 0s, Final Login: 5259s
  Work Hours: 1.4608hrs, Required: 8hrs, Status: A
  Comparison: < 8.0

Successfully synced 30 CSR-UPGRADE records.
  - Updated HD/A to P: 0 records
  - Skipped (already P): 0 records
PHP Warning:  PHP Startup: Unable to load dynamic library 'fileinfo.so' (tried: /usr/lib64/php7/extensions/fileinfo.so (/usr/lib64/php7/extensions/fileinfo.so: cannot open shared object file: No such file or directory), /usr/lib64/php7/extensions/fileinfo.so.so (/usr/lib64/php7/extensions/fileinfo.so.so: cannot open shared object file: No such file or directory)) in Unknown on line 0
PHP Warning:  Module 'pdo_pgsql' already loaded in Unknown on line 0
PHP Warning:  Module 'pgsql' already loaded in Unknown on line 0
PHP Warning:  Module 'Phar' already loaded in Unknown on line 0
>>> UPGRADE/DC/PLCC SYNC (SP) STARTED: 2026-09-20 00:00:00 to 2026-09-21 23:59:59 <<<
Processing 395 CSR users with UPGRADE process.
Fetching from Sampark via sp_agentwise_perform160... Found 41 rows.
Processing 30 records for CSR-UPGRADE users.

--- DEBUG INFO (First 5 records) ---
Person: FNM1726, Date: 2026-09-21
  Login: 9540s, Break: 0s, Meeting: 0s
  Actual Break: 0s, Final Login: 9540s
  Work Hours: 2.6500hrs, Required: 8hrs, Status: A
  Comparison: < 8.0

Person: FNM2990, Date: 2026-09-21
  Login: 9834s, Break: 0s, Meeting: 0s
  Actual Break: 0s, Final Login: 9834s
  Work Hours: 2.7317hrs, Required: 8hrs, Status: A
  Comparison: < 8.0

Person: FNM3157, Date: 2026-09-21
  Login: 9505s, Break: 218s, Meeting: 0s
  Actual Break: 218s, Final Login: 9287s
  Work Hours: 2.5797hrs, Required: 8hrs, Status: A
  Comparison: < 8.0

Person: FNM3192, Date: 2026-09-21
  Login: 9614s, Break: 0s, Meeting: 0s
  Actual Break: 0s, Final Login: 9614s
  Work Hours: 2.6706hrs, Required: 8hrs, Status: A
  Comparison: < 8.0

Person: FNM3520, Date: 2026-09-21
  Login: 7059s, Break: 0s, Meeting: 0s
  Actual Break: 0s, Final Login: 7059s
  Work Hours: 1.9608hrs, Required: 8hrs, Status: A
  Comparison: < 8.0

Successfully synced 30 CSR-UPGRADE records.
  - Updated HD/A to P: 0 records
  - Skipped (already P): 0 records
PHP Warning:  PHP Startup: Unable to load dynamic library 'fileinfo.so' (tried: /usr/lib64/php7/extensions/fileinfo.so (/usr/lib64/php7/extensions/fileinfo.so: cannot open shared object file: No such file or directory), /usr/lib64/php7/extensions/fileinfo.so.so (/usr/lib64/php7/extensions/fileinfo.so.so: cannot open shared object file: No such file or directory)) in Unknown on line 0
PHP Warning:  Module 'pdo_pgsql' already loaded in Unknown on line 0
PHP Warning:  Module 'pgsql' already loaded in Unknown on line 0
PHP Warning:  Module 'Phar' already loaded in Unknown on line 0
>>> UPGRADE/DC/PLCC SYNC (SP) STARTED: 2026-09-20 00:00:00 to 2026-09-21 23:59:59 <<<
Processing 395 CSR users with UPGRADE process.
Fetching from Sampark via sp_agentwise_perform160... Found 42 rows.
Processing 30 records for CSR-UPGRADE users.

--- DEBUG INFO (First 5 records) ---
Person: FNM1726, Date: 2026-09-21
  Login: 11340s, Break: 497s, Meeting: 0s
  Actual Break: 497s, Final Login: 10843s
  Work Hours: 3.0119hrs, Required: 8hrs, Status: A
  Comparison: < 8.0

Person: FNM2990, Date: 2026-09-21
  Login: 11634s, Break: 714s, Meeting: 0s
  Actual Break: 714s, Final Login: 10920s
  Work Hours: 3.0333hrs, Required: 8hrs, Status: A
  Comparison: < 8.0

Person: FNM3157, Date: 2026-09-21
  Login: 11305s, Break: 435s, Meeting: 0s
  Actual Break: 435s, Final Login: 10870s
  Work Hours: 3.0194hrs, Required: 8hrs, Status: A
  Comparison: < 8.0

Person: FNM3192, Date: 2026-09-21
  Login: 11414s, Break: 26s, Meeting: 0s
  Actual Break: 26s, Final Login: 11388s
  Work Hours: 3.1633hrs, Required: 8hrs, Status: A
  Comparison: < 8.0

Person: FNM3520, Date: 2026-09-21
  Login: 8859s, Break: 1028s, Meeting: 0s
  Actual Break: 1028s, Final Login: 7831s
  Work Hours: 2.1753hrs, Required: 8hrs, Status: A
  Comparison: < 8.0

Successfully synced 30 CSR-UPGRADE records.
  - Updated HD/A to P: 0 records
  - Skipped (already P): 0 records
PHP Warning:  PHP Startup: Unable to load dynamic library 'fileinfo.so' (tried: /usr/lib64/php7/extensions/fileinfo.so (/usr/lib64/php7/extensions/fileinfo.so: cannot open shared object file: No such file or directory), /usr/lib64/php7/extensions/fileinfo.so.so (/usr/lib64/php7/extensions/fileinfo.so.so: cannot open shared object file: No such file or directory)) in Unknown on line 0
PHP Warning:  Module 'pdo_pgsql' already loaded in Unknown on line 0
PHP Warning:  Module 'pgsql' already loaded in Unknown on line 0
PHP Warning:  Module 'Phar' already loaded in Unknown on line 0
>>> UPGRADE/DC/PLCC SYNC (SP) STARTED: 2026-09-20 00:00:00 to 2026-09-21 23:59:59 <<<
Processing 395 CSR users with UPGRADE process.
Fetching from Sampark via sp_agentwise_perform160... Found 42 rows.
Processing 30 records for CSR-UPGRADE users.

--- DEBUG INFO (First 5 records) ---
Person: FNM1726, Date: 2026-09-21
  Login: 13140s, Break: 2017s, Meeting: 0s
  Actual Break: 2017s, Final Login: 11123s
  Work Hours: 3.0897hrs, Required: 8hrs, Status: A
  Comparison: < 8.0

Person: FNM2990, Date: 2026-09-21
  Login: 13434s, Break: 1684s, Meeting: 0s
  Actual Break: 1684s, Final Login: 11750s
  Work Hours: 3.2639hrs, Required: 8hrs, Status: A
  Comparison: < 8.0

Person: FNM3157, Date: 2026-09-21
  Login: 13105s, Break: 1813s, Meeting: 0s
  Actual Break: 1813s, Final Login: 11292s
  Work Hours: 3.1367hrs, Required: 8hrs, Status: A
  Comparison: < 8.0

Person: FNM3192, Date: 2026-09-21
  Login: 13214s, Break: 1826s, Meeting: 0s
  Actual Break: 1826s, Final Login: 11388s
  Work Hours: 3.1633hrs, Required: 8hrs, Status: A
  Comparison: < 8.0

Person: FNM3520, Date: 2026-09-21
  Login: 10659s, Break: 1028s, Meeting: 0s
  Actual Break: 1028s, Final Login: 9631s
  Work Hours: 2.6753hrs, Required: 8hrs, Status: A
  Comparison: < 8.0

Successfully synced 30 CSR-UPGRADE records.
  - Updated HD/A to P: 0 records
  - Skipped (already P): 0 records
PHP Warning:  PHP Startup: Unable to load dynamic library 'fileinfo.so' (tried: /usr/lib64/php7/extensions/fileinfo.so (/usr/lib64/php7/extensions/fileinfo.so: cannot open shared object file: No such file or directory), /usr/lib64/php7/extensions/fileinfo.so.so (/usr/lib64/php7/extensions/fileinfo.so.so: cannot open shared object file: No such file or directory)) in Unknown on line 0
PHP Warning:  Module 'pdo_pgsql' already loaded in Unknown on line 0
PHP Warning:  Module 'pgsql' already loaded in Unknown on line 0
PHP Warning:  Module 'Phar' already loaded in Unknown on line 0
>>> UPGRADE/DC/PLCC SYNC (SP) STARTED: 2026-09-20 00:00:00 to 2026-09-21 23:59:59 <<<
Processing 395 CSR users with UPGRADE process.
Fetching from Sampark via sp_agentwise_perform160... Found 42 rows.
Processing 30 records for CSR-UPGRADE users.

--- DEBUG INFO (First 5 records) ---
Person: FNM1726, Date: 2026-09-21
  Login: 14940s, Break: 2017s, Meeting: 0s
  Actual Break: 2017s, Final Login: 12923s
  Work Hours: 3.5897hrs, Required: 8hrs, Status: A
  Comparison: < 8.0

Person: FNM2990, Date: 2026-09-21
  Login: 15234s, Break: 1684s, Meeting: 0s
  Actual Break: 1684s, Final Login: 13550s
  Work Hours: 3.7639hrs, Required: 8hrs, Status: A
  Comparison: < 8.0

Person: FNM3157, Date: 2026-09-21
  Login: 14905s, Break: 1813s, Meeting: 0s
  Actual Break: 1813s, Final Login: 13092s
  Work Hours: 3.6367hrs, Required: 8hrs, Status: A
  Comparison: < 8.0

Person: FNM3192, Date: 2026-09-21
  Login: 15014s, Break: 1871s, Meeting: 0s
  Actual Break: 1871s, Final Login: 13143s
  Work Hours: 3.6508hrs, Required: 8hrs, Status: A
  Comparison: < 8.0

Person: FNM3520, Date: 2026-09-21
  Login: 12459s, Break: 1028s, Meeting: 0s
  Actual Break: 1028s, Final Login: 11431s
  Work Hours: 3.1753hrs, Required: 8hrs, Status: A
  Comparison: < 8.0

Successfully synced 30 CSR-UPGRADE records.
  - Updated HD/A to P: 0 records
  - Skipped (already P): 0 records
PHP Warning:  PHP Startup: Unable to load dynamic library 'fileinfo.so' (tried: /usr/lib64/php7/extensions/fileinfo.so (/usr/lib64/php7/extensions/fileinfo.so: cannot open shared object file: No such file or directory), /usr/lib64/php7/extensions/fileinfo.so.so (/usr/lib64/php7/extensions/fileinfo.so.so: cannot open shared object file: No such file or directory)) in Unknown on line 0
PHP Warning:  Module 'pdo_pgsql' already loaded in Unknown on line 0
PHP Warning:  Module 'pgsql' already loaded in Unknown on line 0
PHP Warning:  Module 'Phar' already loaded in Unknown on line 0
>>> UPGRADE/DC/PLCC SYNC (SP) STARTED: 2026-09-20 00:00:00 to 2026-09-21 23:59:59 <<<
Processing 395 CSR users with UPGRADE process.
Fetching from Sampark via sp_agentwise_perform160... Found 42 rows.
Processing 30 records for CSR-UPGRADE users.

--- DEBUG INFO (First 5 records) ---
Person: FNM1726, Date: 2026-09-21
  Login: 16741s, Break: 2017s, Meeting: 0s
  Actual Break: 2017s, Final Login: 14724s
  Work Hours: 4.0900hrs, Required: 8hrs, Status: HD
  Comparison: < 8.0

Person: FNM2990, Date: 2026-09-21
  Login: 17035s, Break: 1684s, Meeting: 0s
  Actual Break: 1684s, Final Login: 15351s
  Work Hours: 4.2642hrs, Required: 8hrs, Status: HD
  Comparison: < 8.0

Person: FNM3157, Date: 2026-09-21
  Login: 16706s, Break: 1813s, Meeting: 0s
  Actual Break: 1813s, Final Login: 14893s
  Work Hours: 4.1369hrs, Required: 8hrs, Status: HD
  Comparison: < 8.0

Person: FNM3192, Date: 2026-09-21
  Login: 16815s, Break: 1871s, Meeting: 0s
  Actual Break: 1871s, Final Login: 14944s
  Work Hours: 4.1511hrs, Required: 8hrs, Status: HD
  Comparison: < 8.0

Person: FNM3520, Date: 2026-09-21
  Login: 14260s, Break: 1028s, Meeting: 0s
  Actual Break: 1028s, Final Login: 13232s
  Work Hours: 3.6756hrs, Required: 8hrs, Status: A
  Comparison: < 8.0

Successfully synced 30 CSR-UPGRADE records.
  - Updated HD/A to P: 0 records
  - Skipped (already P): 0 records
PHP Warning:  PHP Startup: Unable to load dynamic library 'fileinfo.so' (tried: /usr/lib64/php7/extensions/fileinfo.so (/usr/lib64/php7/extensions/fileinfo.so: cannot open shared object file: No such file or directory), /usr/lib64/php7/extensions/fileinfo.so.so (/usr/lib64/php7/extensions/fileinfo.so.so: cannot open shared object file: No such file or directory)) in Unknown on line 0
PHP Warning:  Module 'pdo_pgsql' already loaded in Unknown on line 0
PHP Warning:  Module 'pgsql' already loaded in Unknown on line 0
PHP Warning:  Module 'Phar' already loaded in Unknown on line 0
>>> UPGRADE/DC/PLCC SYNC (SP) STARTED: 2026-09-20 00:00:00 to 2026-09-21 23:59:59 <<<
Processing 395 CSR users with UPGRADE process.
Fetching from Sampark via sp_agentwise_perform160... Found 42 rows.
Processing 30 records for CSR-UPGRADE users.

--- DEBUG INFO (First 5 records) ---
Person: FNM1726, Date: 2026-09-21
  Login: 18541s, Break: 2017s, Meeting: 0s
  Actual Break: 2017s, Final Login: 16524s
  Work Hours: 4.5900hrs, Required: 8hrs, Status: HD
  Comparison: < 8.0

Person: FNM2990, Date: 2026-09-21
  Login: 18835s, Break: 1684s, Meeting: 0s
  Actual Break: 1684s, Final Login: 17151s
  Work Hours: 4.7642hrs, Required: 8hrs, Status: HD
  Comparison: < 8.0

Person: FNM3157, Date: 2026-09-21
  Login: 18506s, Break: 1813s, Meeting: 0s
  Actual Break: 1813s, Final Login: 16693s
  Work Hours: 4.6369hrs, Required: 8hrs, Status: HD
  Comparison: < 8.0

Person: FNM3192, Date: 2026-09-21
  Login: 18464s, Break: 1871s, Meeting: 0s
  Actual Break: 1871s, Final Login: 16593s
  Work Hours: 4.6092hrs, Required: 8hrs, Status: HD
  Comparison: < 8.0

Person: FNM3520, Date: 2026-09-21
  Login: 16060s, Break: 1028s, Meeting: 0s
  Actual Break: 1028s, Final Login: 15032s
  Work Hours: 4.1756hrs, Required: 8hrs, Status: HD
  Comparison: < 8.0

Successfully synced 30 CSR-UPGRADE records.
  - Updated HD/A to P: 0 records
  - Skipped (already P): 0 records
PHP Warning:  PHP Startup: Unable to load dynamic library 'fileinfo.so' (tried: /usr/lib64/php7/extensions/fileinfo.so (/usr/lib64/php7/extensions/fileinfo.so: cannot open shared object file: No such file or directory), /usr/lib64/php7/extensions/fileinfo.so.so (/usr/lib64/php7/extensions/fileinfo.so.so: cannot open shared object file: No such file or directory)) in Unknown on line 0
PHP Warning:  Module 'pdo_pgsql' already loaded in Unknown on line 0
PHP Warning:  Module 'pgsql' already loaded in Unknown on line 0
PHP Warning:  Module 'Phar' already loaded in Unknown on line 0
>>> UPGRADE/DC/PLCC SYNC (SP) STARTED: 2026-09-20 00:00:00 to 2026-09-21 23:59:59 <<<
Processing 395 CSR users with UPGRADE process.
Fetching from Sampark via sp_agentwise_perform160... Found 42 rows.
Processing 30 records for CSR-UPGRADE users.

--- DEBUG INFO (First 5 records) ---
Person: FNM1726, Date: 2026-09-21
  Login: 20340s, Break: 2142s, Meeting: 0s
  Actual Break: 2142s, Final Login: 18198s
  Work Hours: 5.0550hrs, Required: 8hrs, Status: HD
  Comparison: < 8.0

Person: FNM2990, Date: 2026-09-21
  Login: 20634s, Break: 1684s, Meeting: 0s
  Actual Break: 1684s, Final Login: 18950s
  Work Hours: 5.2639hrs, Required: 8hrs, Status: HD
  Comparison: < 8.0

Person: FNM3157, Date: 2026-09-21
  Login: 20305s, Break: 1813s, Meeting: 0s
  Actual Break: 1813s, Final Login: 18492s
  Work Hours: 5.1367hrs, Required: 8hrs, Status: HD
  Comparison: < 8.0

Person: FNM3192, Date: 2026-09-21
  Login: 20263s, Break: 1871s, Meeting: 0s
  Actual Break: 1871s, Final Login: 18392s
  Work Hours: 5.1089hrs, Required: 8hrs, Status: HD
  Comparison: < 8.0

Person: FNM3520, Date: 2026-09-21
  Login: 17859s, Break: 1028s, Meeting: 0s
  Actual Break: 1028s, Final Login: 16831s
  Work Hours: 4.6753hrs, Required: 8hrs, Status: HD
  Comparison: < 8.0

Successfully synced 30 CSR-UPGRADE records.
  - Updated HD/A to P: 0 records
  - Skipped (already P): 0 records
PHP Warning:  PHP Startup: Unable to load dynamic library 'fileinfo.so' (tried: /usr/lib64/php7/extensions/fileinfo.so (/usr/lib64/php7/extensions/fileinfo.so: cannot open shared object file: No such file or directory), /usr/lib64/php7/extensions/fileinfo.so.so (/usr/lib64/php7/extensions/fileinfo.so.so: cannot open shared object file: No such file or directory)) in Unknown on line 0
PHP Warning:  Module 'pdo_pgsql' already loaded in Unknown on line 0
PHP Warning:  Module 'pgsql' already loaded in Unknown on line 0
PHP Warning:  Module 'Phar' already loaded in Unknown on line 0
>>> UPGRADE/DC/PLCC SYNC (SP) STARTED: 2026-09-20 00:00:00 to 2026-09-21 23:59:59 <<<
Processing 395 CSR users with UPGRADE process.
Fetching from Sampark via sp_agentwise_perform160... Found 42 rows.
Processing 30 records for CSR-UPGRADE users.

--- DEBUG INFO (First 5 records) ---
Person: FNM1726, Date: 2026-09-21
  Login: 22141s, Break: 2206s, Meeting: 0s
  Actual Break: 2206s, Final Login: 19935s
  Work Hours: 5.5375hrs, Required: 8hrs, Status: HD
  Comparison: < 8.0

Person: FNM2990, Date: 2026-09-21
  Login: 22435s, Break: 1684s, Meeting: 0s
  Actual Break: 1684s, Final Login: 20751s
  Work Hours: 5.7642hrs, Required: 8hrs, Status: HD
  Comparison: < 8.0

Person: FNM3157, Date: 2026-09-21
  Login: 22106s, Break: 1813s, Meeting: 0s
  Actual Break: 1813s, Final Login: 20293s
  Work Hours: 5.6369hrs, Required: 8hrs, Status: HD
  Comparison: < 8.0

Person: FNM3192, Date: 2026-09-21
  Login: 22064s, Break: 1871s, Meeting: 0s
  Actual Break: 1871s, Final Login: 20193s
  Work Hours: 5.6092hrs, Required: 8hrs, Status: HD
  Comparison: < 8.0

Person: FNM3520, Date: 2026-09-21
  Login: 19660s, Break: 1192s, Meeting: 0s
  Actual Break: 1192s, Final Login: 18468s
  Work Hours: 5.1300hrs, Required: 8hrs, Status: HD
  Comparison: < 8.0

Successfully synced 30 CSR-UPGRADE records.
  - Updated HD/A to P: 0 records
  - Skipped (already P): 0 records
PHP Warning:  PHP Startup: Unable to load dynamic library 'fileinfo.so' (tried: /usr/lib64/php7/extensions/fileinfo.so (/usr/lib64/php7/extensions/fileinfo.so: cannot open shared object file: No such file or directory), /usr/lib64/php7/extensions/fileinfo.so.so (/usr/lib64/php7/extensions/fileinfo.so.so: cannot open shared object file: No such file or directory)) in Unknown on line 0
PHP Warning:  Module 'pdo_pgsql' already loaded in Unknown on line 0
PHP Warning:  Module 'pgsql' already loaded in Unknown on line 0
PHP Warning:  Module 'Phar' already loaded in Unknown on line 0
>>> UPGRADE/DC/PLCC SYNC (SP) STARTED: 2026-09-20 00:00:00 to 2026-09-21 23:59:59 <<<
Processing 395 CSR users with UPGRADE process.
Fetching from Sampark via sp_agentwise_perform160... Found 42 rows.
Processing 30 records for CSR-UPGRADE users.

--- DEBUG INFO (First 5 records) ---
Person: FNM1726, Date: 2026-09-21
  Login: 23941s, Break: 2206s, Meeting: 0s
  Actual Break: 2206s, Final Login: 21735s
  Work Hours: 6.0375hrs, Required: 8hrs, Status: HD
  Comparison: < 8.0

Person: FNM2990, Date: 2026-09-21
  Login: 24235s, Break: 1684s, Meeting: 0s
  Actual Break: 1684s, Final Login: 22551s
  Work Hours: 6.2642hrs, Required: 8hrs, Status: HD
  Comparison: < 8.0

Person: FNM3157, Date: 2026-09-21
  Login: 23906s, Break: 1813s, Meeting: 0s
  Actual Break: 1813s, Final Login: 22093s
  Work Hours: 6.1369hrs, Required: 8hrs, Status: HD
  Comparison: < 8.0

Person: FNM3192, Date: 2026-09-21
  Login: 23864s, Break: 1871s, Meeting: 0s
  Actual Break: 1871s, Final Login: 21993s
  Work Hours: 6.1092hrs, Required: 8hrs, Status: HD
  Comparison: < 8.0

Person: FNM3520, Date: 2026-09-21
  Login: 21460s, Break: 1192s, Meeting: 0s
  Actual Break: 1192s, Final Login: 20268s
  Work Hours: 5.6300hrs, Required: 8hrs, Status: HD
  Comparison: < 8.0

Successfully synced 30 CSR-UPGRADE records.
  - Updated HD/A to P: 0 records
  - Skipped (already P): 0 records
PHP Warning:  PHP Startup: Unable to load dynamic library 'fileinfo.so' (tried: /usr/lib64/php7/extensions/fileinfo.so (/usr/lib64/php7/extensions/fileinfo.so: cannot open shared object file: No such file or directory), /usr/lib64/php7/extensions/fileinfo.so.so (/usr/lib64/php7/extensions/fileinfo.so.so: cannot open shared object file: No such file or directory)) in Unknown on line 0
PHP Warning:  Module 'pdo_pgsql' already loaded in Unknown on line 0
PHP Warning:  Module 'pgsql' already loaded in Unknown on line 0
PHP Warning:  Module 'Phar' already loaded in Unknown on line 0
>>> UPGRADE/DC/PLCC SYNC (SP) STARTED: 2026-09-20 00:00:00 to 2026-09-21 23:59:59 <<<
Processing 395 CSR users with UPGRADE process.
Fetching from Sampark via sp_agentwise_perform160... Found 42 rows.
Processing 30 records for CSR-UPGRADE users.

--- DEBUG INFO (First 5 records) ---
Person: FNM1726, Date: 2026-09-21
  Login: 25741s, Break: 3483s, Meeting: 0s
  Actual Break: 3483s, Final Login: 22258s
  Work Hours: 6.1828hrs, Required: 8hrs, Status: HD
  Comparison: < 8.0

Person: FNM2990, Date: 2026-09-21
  Login: 26035s, Break: 2940s, Meeting: 0s
  Actual Break: 2940s, Final Login: 23095s
  Work Hours: 6.4153hrs, Required: 8hrs, Status: HD
  Comparison: < 8.0

Person: FNM3157, Date: 2026-09-21
  Login: 25706s, Break: 3041s, Meeting: 0s
  Actual Break: 3041s, Final Login: 22665s
  Work Hours: 6.2958hrs, Required: 8hrs, Status: HD
  Comparison: < 8.0

Person: FNM3192, Date: 2026-09-21
  Login: 25664s, Break: 3375s, Meeting: 0s
  Actual Break: 3375s, Final Login: 22289s
  Work Hours: 6.1914hrs, Required: 8hrs, Status: HD
  Comparison: < 8.0

Person: FNM3520, Date: 2026-09-21
  Login: 23260s, Break: 1192s, Meeting: 0s
  Actual Break: 1192s, Final Login: 22068s
  Work Hours: 6.1300hrs, Required: 8hrs, Status: HD
  Comparison: < 8.0

Successfully synced 30 CSR-UPGRADE records.
  - Updated HD/A to P: 0 records
  - Skipped (already P): 0 records
PHP Warning:  PHP Startup: Unable to load dynamic library 'fileinfo.so' (tried: /usr/lib64/php7/extensions/fileinfo.so (/usr/lib64/php7/extensions/fileinfo.so: cannot open shared object file: No such file or directory), /usr/lib64/php7/extensions/fileinfo.so.so (/usr/lib64/php7/extensions/fileinfo.so.so: cannot open shared object file: No such file or directory)) in Unknown on line 0
PHP Warning:  Module 'pdo_pgsql' already loaded in Unknown on line 0
PHP Warning:  Module 'pgsql' already loaded in Unknown on line 0
PHP Warning:  Module 'Phar' already loaded in Unknown on line 0
>>> UPGRADE/DC/PLCC SYNC (SP) STARTED: 2026-09-20 00:00:00 to 2026-09-21 23:59:59 <<<
Processing 395 CSR users with UPGRADE process.
Fetching from Sampark via sp_agentwise_perform160... Found 42 rows.
Processing 30 records for CSR-UPGRADE users.

--- DEBUG INFO (First 5 records) ---
Person: FNM1726, Date: 2026-09-21
  Login: 27541s, Break: 3483s, Meeting: 0s
  Actual Break: 3483s, Final Login: 24058s
  Work Hours: 6.6828hrs, Required: 8hrs, Status: HD
  Comparison: < 8.0

Person: FNM2990, Date: 2026-09-21
  Login: 27835s, Break: 2940s, Meeting: 0s
  Actual Break: 2940s, Final Login: 24895s
  Work Hours: 6.9153hrs, Required: 8hrs, Status: HD
  Comparison: < 8.0

Person: FNM3157, Date: 2026-09-21
  Login: 27506s, Break: 3310s, Meeting: 0s
  Actual Break: 3310s, Final Login: 24196s
  Work Hours: 6.7211hrs, Required: 8hrs, Status: HD
  Comparison: < 8.0

Person: FNM3192, Date: 2026-09-21
  Login: 27464s, Break: 3375s, Meeting: 0s
  Actual Break: 3375s, Final Login: 24089s
  Work Hours: 6.6914hrs, Required: 8hrs, Status: HD
  Comparison: < 8.0

Person: FNM3520, Date: 2026-09-21
  Login: 25060s, Break: 1496s, Meeting: 0s
  Actual Break: 1496s, Final Login: 23564s
  Work Hours: 6.5456hrs, Required: 8hrs, Status: HD
  Comparison: < 8.0

Successfully synced 30 CSR-UPGRADE records.
  - Updated HD/A to P: 0 records
  - Skipped (already P): 0 records
PHP Warning:  PHP Startup: Unable to load dynamic library 'fileinfo.so' (tried: /usr/lib64/php7/extensions/fileinfo.so (/usr/lib64/php7/extensions/fileinfo.so: cannot open shared object file: No such file or directory), /usr/lib64/php7/extensions/fileinfo.so.so (/usr/lib64/php7/extensions/fileinfo.so.so: cannot open shared object file: No such file or directory)) in Unknown on line 0
PHP Warning:  Module 'pdo_pgsql' already loaded in Unknown on line 0
PHP Warning:  Module 'pgsql' already loaded in Unknown on line 0
PHP Warning:  Module 'Phar' already loaded in Unknown on line 0
>>> UPGRADE/DC/PLCC SYNC (SP) STARTED: 2026-09-20 00:00:00 to 2026-09-21 23:59:59 <<<
Processing 395 CSR users with UPGRADE process.
Fetching from Sampark via sp_agentwise_perform160... Found 43 rows.
Processing 30 records for CSR-UPGRADE users.

--- DEBUG INFO (First 5 records) ---
Person: FNM1726, Date: 2026-09-21
  Login: 29341s, Break: 3483s, Meeting: 0s
  Actual Break: 3483s, Final Login: 25858s
  Work Hours: 7.1828hrs, Required: 8hrs, Status: HD
  Comparison: < 8.0

Person: FNM2990, Date: 2026-09-21
  Login: 29635s, Break: 2940s, Meeting: 0s
  Actual Break: 2940s, Final Login: 26695s
  Work Hours: 7.4153hrs, Required: 8hrs, Status: HD
  Comparison: < 8.0

Person: FNM3157, Date: 2026-09-21
  Login: 29306s, Break: 3310s, Meeting: 0s
  Actual Break: 3310s, Final Login: 25996s
  Work Hours: 7.2211hrs, Required: 8hrs, Status: HD
  Comparison: < 8.0

Person: FNM3192, Date: 2026-09-21
  Login: 29264s, Break: 3375s, Meeting: 0s
  Actual Break: 3375s, Final Login: 25889s
  Work Hours: 7.1914hrs, Required: 8hrs, Status: HD
  Comparison: < 8.0

Person: FNM3520, Date: 2026-09-21
  Login: 26860s, Break: 1496s, Meeting: 0s
  Actual Break: 1496s, Final Login: 25364s
  Work Hours: 7.0456hrs, Required: 8hrs, Status: HD
  Comparison: < 8.0

Successfully synced 30 CSR-UPGRADE records.
  - Updated HD/A to P: 2 records
  - Skipped (already P): 0 records
PHP Warning:  PHP Startup: Unable to load dynamic library 'fileinfo.so' (tried: /usr/lib64/php7/extensions/fileinfo.so (/usr/lib64/php7/extensions/fileinfo.so: cannot open shared object file: No such file or directory), /usr/lib64/php7/extensions/fileinfo.so.so (/usr/lib64/php7/extensions/fileinfo.so.so: cannot open shared object file: No such file or directory)) in Unknown on line 0
PHP Warning:  Module 'pdo_pgsql' already loaded in Unknown on line 0
PHP Warning:  Module 'pgsql' already loaded in Unknown on line 0
PHP Warning:  Module 'Phar' already loaded in Unknown on line 0
>>> UPGRADE/DC/PLCC SYNC (SP) STARTED: 2026-09-20 00:00:00 to 2026-09-21 23:59:59 <<<
Processing 395 CSR users with UPGRADE process.
Fetching from Sampark via sp_agentwise_perform160... Found 43 rows.
Processing 30 records for CSR-UPGRADE users.

--- DEBUG INFO (First 5 records) ---
Person: FNM1726, Date: 2026-09-21
  Login: 31141s, Break: 3483s, Meeting: 0s
  Actual Break: 3483s, Final Login: 27658s
  Work Hours: 7.6828hrs, Required: 8hrs, Status: HD
  Comparison: < 8.0

Person: FNM2990, Date: 2026-09-21
  Login: 31435s, Break: 2940s, Meeting: 0s
  Actual Break: 2940s, Final Login: 28495s
  Work Hours: 7.9153hrs, Required: 8hrs, Status: HD
  Comparison: < 8.0

Person: FNM3157, Date: 2026-09-21
  Login: 31106s, Break: 3310s, Meeting: 0s
  Actual Break: 3310s, Final Login: 27796s
  Work Hours: 7.7211hrs, Required: 8hrs, Status: HD
  Comparison: < 8.0

Person: FNM3192, Date: 2026-09-21
  Login: 31022s, Break: 3375s, Meeting: 0s
  Actual Break: 3375s, Final Login: 27647s
  Work Hours: 7.6797hrs, Required: 8hrs, Status: HD
  Comparison: < 8.0

Person: FNM3520, Date: 2026-09-21
  Login: 28660s, Break: 1496s, Meeting: 0s
  Actual Break: 1496s, Final Login: 27164s
  Work Hours: 7.5456hrs, Required: 8hrs, Status: HD
  Comparison: < 8.0

Successfully synced 28 CSR-UPGRADE records.
  - Updated HD/A to P: 5 records
  - Skipped (already P): 2 records
PHP Warning:  PHP Startup: Unable to load dynamic library 'fileinfo.so' (tried: /usr/lib64/php7/extensions/fileinfo.so (/usr/lib64/php7/extensions/fileinfo.so: cannot open shared object file: No such file or directory), /usr/lib64/php7/extensions/fileinfo.so.so (/usr/lib64/php7/extensions/fileinfo.so.so: cannot open shared object file: No such file or directory)) in Unknown on line 0
PHP Warning:  Module 'pdo_pgsql' already loaded in Unknown on line 0
PHP Warning:  Module 'pgsql' already loaded in Unknown on line 0
PHP Warning:  Module 'Phar' already loaded in Unknown on line 0
>>> UPGRADE/DC/PLCC SYNC (SP) STARTED: 2026-09-20 00:00:00 to 2026-09-21 23:59:59 <<<
Processing 395 CSR users with UPGRADE process.
Fetching from Sampark via sp_agentwise_perform160... Found 43 rows.
Processing 30 records for CSR-UPGRADE users.

--- DEBUG INFO (First 5 records) ---
Person: FNM1726, Date: 2026-09-21
  Login: 32603s, Break: 3483s, Meeting: 0s
  Actual Break: 3483s, Final Login: 29120s
  Work Hours: 8.0889hrs, Required: 8hrs, Status: P
  Comparison: >= 8.0 (P)

Person: FNM2990, Date: 2026-09-21
  Login: 32886s, Break: 3322s, Meeting: 0s
  Actual Break: 3322s, Final Login: 29564s
  Work Hours: 8.2122hrs, Required: 8hrs, Status: P
  Comparison: >= 8.0 (P)

Person: FNM3157, Date: 2026-09-21
  Login: 32551s, Break: 3310s, Meeting: 0s
  Actual Break: 3310s, Final Login: 29241s
  Work Hours: 8.1225hrs, Required: 8hrs, Status: P
  Comparison: >= 8.0 (P)

Person: FNM3192, Date: 2026-09-21
  Login: 32468s, Break: 3375s, Meeting: 0s
  Actual Break: 3375s, Final Login: 29093s
  Work Hours: 8.0814hrs, Required: 8hrs, Status: P
  Comparison: >= 8.0 (P)

Person: FNM3520, Date: 2026-09-21
  Login: 30460s, Break: 1496s, Meeting: 0s
  Actual Break: 1496s, Final Login: 28964s
  Work Hours: 8.0456hrs, Required: 8hrs, Status: P
  Comparison: >= 8.0 (P)

Successfully synced 23 CSR-UPGRADE records.
  - Updated HD/A to P: 21 records
  - Skipped (already P): 7 records
PHP Warning:  PHP Startup: Unable to load dynamic library 'fileinfo.so' (tried: /usr/lib64/php7/extensions/fileinfo.so (/usr/lib64/php7/extensions/fileinfo.so: cannot open shared object file: No such file or directory), /usr/lib64/php7/extensions/fileinfo.so.so (/usr/lib64/php7/extensions/fileinfo.so.so: cannot open shared object file: No such file or directory)) in Unknown on line 0
PHP Warning:  Module 'pdo_pgsql' already loaded in Unknown on line 0
PHP Warning:  Module 'pgsql' already loaded in Unknown on line 0
PHP Warning:  Module 'Phar' already loaded in Unknown on line 0
>>> UPGRADE/DC/PLCC SYNC (SP) STARTED: 2026-09-20 00:00:00 to 2026-09-21 23:59:59 <<<
Processing 395 CSR users with UPGRADE process.
Fetching from Sampark via sp_agentwise_perform160... Found 43 rows.
Processing 30 records for CSR-UPGRADE users.

--- DEBUG INFO (First 5 records) ---
Person: FNM1726, Date: 2026-09-21
  Login: 32603s, Break: 3483s, Meeting: 0s
  Actual Break: 3483s, Final Login: 29120s
  Work Hours: 8.0889hrs, Required: 8hrs, Status: P
  Comparison: >= 8.0 (P)

Person: FNM2990, Date: 2026-09-21
  Login: 32886s, Break: 3322s, Meeting: 0s
  Actual Break: 3322s, Final Login: 29564s
  Work Hours: 8.2122hrs, Required: 8hrs, Status: P
  Comparison: >= 8.0 (P)

Person: FNM3157, Date: 2026-09-21
  Login: 32551s, Break: 3310s, Meeting: 0s
  Actual Break: 3310s, Final Login: 29241s
  Work Hours: 8.1225hrs, Required: 8hrs, Status: P
  Comparison: >= 8.0 (P)

Person: FNM3192, Date: 2026-09-21
  Login: 32468s, Break: 3375s, Meeting: 0s
  Actual Break: 3375s, Final Login: 29093s
  Work Hours: 8.0814hrs, Required: 8hrs, Status: P
  Comparison: >= 8.0 (P)

Person: FNM3520, Date: 2026-09-21
  Login: 30782s, Break: 1496s, Meeting: 0s
  Actual Break: 1496s, Final Login: 29286s
  Work Hours: 8.1350hrs, Required: 8hrs, Status: P
  Comparison: >= 8.0 (P)

Successfully synced 2 CSR-UPGRADE records.
  - Updated HD/A to P: 0 records
  - Skipped (already P): 28 records
PHP Warning:  PHP Startup: Unable to load dynamic library 'fileinfo.so' (tried: /usr/lib64/php7/extensions/fileinfo.so (/usr/lib64/php7/extensions/fileinfo.so: cannot open shared object file: No such file or directory), /usr/lib64/php7/extensions/fileinfo.so.so (/usr/lib64/php7/extensions/fileinfo.so.so: cannot open shared object file: No such file or directory)) in Unknown on line 0
PHP Warning:  Module 'pdo_pgsql' already loaded in Unknown on line 0
PHP Warning:  Module 'pgsql' already loaded in Unknown on line 0
PHP Warning:  Module 'Phar' already loaded in Unknown on line 0
>>> UPGRADE/DC/PLCC SYNC (SP) STARTED: 2026-09-20 00:00:00 to 2026-09-21 23:59:59 <<<
Processing 395 CSR users with UPGRADE process.
Fetching from Sampark via sp_agentwise_perform160... Found 43 rows.
Processing 30 records for CSR-UPGRADE users.

--- DEBUG INFO (First 5 records) ---
Person: FNM1726, Date: 2026-09-21
  Login: 32603s, Break: 3483s, Meeting: 0s
  Actual Break: 3483s, Final Login: 29120s
  Work Hours: 8.0889hrs, Required: 8hrs, Status: P
  Comparison: >= 8.0 (P)

Person: FNM2990, Date: 2026-09-21
  Login: 32886s, Break: 3322s, Meeting: 0s
  Actual Break: 3322s, Final Login: 29564s
  Work Hours: 8.2122hrs, Required: 8hrs, Status: P
  Comparison: >= 8.0 (P)

Person: FNM3157, Date: 2026-09-21
  Login: 32551s, Break: 3310s, Meeting: 0s
  Actual Break: 3310s, Final Login: 29241s
  Work Hours: 8.1225hrs, Required: 8hrs, Status: P
  Comparison: >= 8.0 (P)

Person: FNM3192, Date: 2026-09-21
  Login: 32468s, Break: 3375s, Meeting: 0s
  Actual Break: 3375s, Final Login: 29093s
  Work Hours: 8.0814hrs, Required: 8hrs, Status: P
  Comparison: >= 8.0 (P)

Person: FNM3520, Date: 2026-09-21
  Login: 30782s, Break: 1496s, Meeting: 0s
  Actual Break: 1496s, Final Login: 29286s
  Work Hours: 8.1350hrs, Required: 8hrs, Status: P
  Comparison: >= 8.0 (P)

Successfully synced 2 CSR-UPGRADE records.
  - Updated HD/A to P: 0 records
  - Skipped (already P): 28 records
PHP Warning:  PHP Startup: Unable to load dynamic library 'fileinfo.so' (tried: /usr/lib64/php7/extensions/fileinfo.so (/usr/lib64/php7/extensions/fileinfo.so: cannot open shared object file: No such file or directory), /usr/lib64/php7/extensions/fileinfo.so.so (/usr/lib64/php7/extensions/fileinfo.so.so: cannot open shared object file: No such file or directory)) in Unknown on line 0
PHP Warning:  Module 'pdo_pgsql' already loaded in Unknown on line 0
PHP Warning:  Module 'pgsql' already loaded in Unknown on line 0
PHP Warning:  Module 'Phar' already loaded in Unknown on line 0
>>> UPGRADE/DC/PLCC SYNC (SP) STARTED: 2026-09-20 00:00:00 to 2026-09-21 23:59:59 <<<
Processing 395 CSR users with UPGRADE process.
Fetching from Sampark via sp_agentwise_perform160... Found 43 rows.
Processing 30 records for CSR-UPGRADE users.

--- DEBUG INFO (First 5 records) ---
Person: FNM1726, Date: 2026-09-21
  Login: 32603s, Break: 3483s, Meeting: 0s
  Actual Break: 3483s, Final Login: 29120s
  Work Hours: 8.0889hrs, Required: 8hrs, Status: P
  Comparison: >= 8.0 (P)

Person: FNM2990, Date: 2026-09-21
  Login: 32886s, Break: 3322s, Meeting: 0s
  Actual Break: 3322s, Final Login: 29564s
  Work Hours: 8.2122hrs, Required: 8hrs, Status: P
  Comparison: >= 8.0 (P)

Person: FNM3157, Date: 2026-09-21
  Login: 32551s, Break: 3310s, Meeting: 0s
  Actual Break: 3310s, Final Login: 29241s
  Work Hours: 8.1225hrs, Required: 8hrs, Status: P
  Comparison: >= 8.0 (P)

Person: FNM3192, Date: 2026-09-21
  Login: 32468s, Break: 3375s, Meeting: 0s
  Actual Break: 3375s, Final Login: 29093s
  Work Hours: 8.0814hrs, Required: 8hrs, Status: P
  Comparison: >= 8.0 (P)

Person: FNM3520, Date: 2026-09-21
  Login: 30782s, Break: 1496s, Meeting: 0s
  Actual Break: 1496s, Final Login: 29286s
  Work Hours: 8.1350hrs, Required: 8hrs, Status: P
  Comparison: >= 8.0 (P)

Successfully synced 2 CSR-UPGRADE records.
  - Updated HD/A to P: 0 records
  - Skipped (already P): 28 records
PHP Warning:  PHP Startup: Unable to load dynamic library 'fileinfo.so' (tried: /usr/lib64/php7/extensions/fileinfo.so (/usr/lib64/php7/extensions/fileinfo.so: cannot open shared object file: No such file or directory), /usr/lib64/php7/extensions/fileinfo.so.so (/usr/lib64/php7/extensions/fileinfo.so.so: cannot open shared object file: No such file or directory)) in Unknown on line 0
PHP Warning:  Module 'pdo_pgsql' already loaded in Unknown on line 0
PHP Warning:  Module 'pgsql' already loaded in Unknown on line 0
PHP Warning:  Module 'Phar' already loaded in Unknown on line 0
>>> UPGRADE/DC/PLCC SYNC (SP) STARTED: 2026-09-20 00:00:00 to 2026-09-21 23:59:59 <<<
Processing 395 CSR users with UPGRADE process.
Fetching from Sampark via sp_agentwise_perform160... Found 43 rows.
Processing 30 records for CSR-UPGRADE users.

--- DEBUG INFO (First 5 records) ---
Person: FNM1726, Date: 2026-09-21
  Login: 32603s, Break: 3483s, Meeting: 0s
  Actual Break: 3483s, Final Login: 29120s
  Work Hours: 8.0889hrs, Required: 8hrs, Status: P
  Comparison: >= 8.0 (P)

Person: FNM2990, Date: 2026-09-21
  Login: 32886s, Break: 3322s, Meeting: 0s
  Actual Break: 3322s, Final Login: 29564s
  Work Hours: 8.2122hrs, Required: 8hrs, Status: P
  Comparison: >= 8.0 (P)

Person: FNM3157, Date: 2026-09-21
  Login: 32551s, Break: 3310s, Meeting: 0s
  Actual Break: 3310s, Final Login: 29241s
  Work Hours: 8.1225hrs, Required: 8hrs, Status: P
  Comparison: >= 8.0 (P)

Person: FNM3192, Date: 2026-09-21
  Login: 32468s, Break: 3375s, Meeting: 0s
  Actual Break: 3375s, Final Login: 29093s
  Work Hours: 8.0814hrs, Required: 8hrs, Status: P
  Comparison: >= 8.0 (P)

Person: FNM3520, Date: 2026-09-21
  Login: 30782s, Break: 1496s, Meeting: 0s
  Actual Break: 1496s, Final Login: 29286s
  Work Hours: 8.1350hrs, Required: 8hrs, Status: P
  Comparison: >= 8.0 (P)

Successfully synced 2 CSR-UPGRADE records.
  - Updated HD/A to P: 0 records
  - Skipped (already P): 28 records
PHP Warning:  PHP Startup: Unable to load dynamic library 'fileinfo.so' (tried: /usr/lib64/php7/extensions/fileinfo.so (/usr/lib64/php7/extensions/fileinfo.so: cannot open shared object file: No such file or directory), /usr/lib64/php7/extensions/fileinfo.so.so (/usr/lib64/php7/extensions/fileinfo.so.so: cannot open shared object file: No such file or directory)) in Unknown on line 0
PHP Warning:  Module 'pdo_pgsql' already loaded in Unknown on line 0
PHP Warning:  Module 'pgsql' already loaded in Unknown on line 0
PHP Warning:  Module 'Phar' already loaded in Unknown on line 0
>>> UPGRADE/DC/PLCC SYNC (SP) STARTED: 2026-09-20 00:00:00 to 2026-09-21 23:59:59 <<<
Processing 395 CSR users with UPGRADE process.
Fetching from Sampark via sp_agentwise_perform160... Found 43 rows.
Processing 30 records for CSR-UPGRADE users.

--- DEBUG INFO (First 5 records) ---
Person: FNM1726, Date: 2026-09-21
  Login: 32603s, Break: 3483s, Meeting: 0s
  Actual Break: 3483s, Final Login: 29120s
  Work Hours: 8.0889hrs, Required: 8hrs, Status: P
  Comparison: >= 8.0 (P)

Person: FNM2990, Date: 2026-09-21
  Login: 32886s, Break: 3322s, Meeting: 0s
  Actual Break: 3322s, Final Login: 29564s
  Work Hours: 8.2122hrs, Required: 8hrs, Status: P
  Comparison: >= 8.0 (P)

Person: FNM3157, Date: 2026-09-21
  Login: 32551s, Break: 3310s, Meeting: 0s
  Actual Break: 3310s, Final Login: 29241s
  Work Hours: 8.1225hrs, Required: 8hrs, Status: P
  Comparison: >= 8.0 (P)

Person: FNM3192, Date: 2026-09-21
  Login: 32468s, Break: 3375s, Meeting: 0s
  Actual Break: 3375s, Final Login: 29093s
  Work Hours: 8.0814hrs, Required: 8hrs, Status: P
  Comparison: >= 8.0 (P)

Person: FNM3520, Date: 2026-09-21
  Login: 30782s, Break: 1496s, Meeting: 0s
  Actual Break: 1496s, Final Login: 29286s
  Work Hours: 8.1350hrs, Required: 8hrs, Status: P
  Comparison: >= 8.0 (P)

Successfully synced 2 CSR-UPGRADE records.
  - Updated HD/A to P: 0 records
  - Skipped (already P): 28 records
PHP Warning:  PHP Startup: Unable to load dynamic library 'fileinfo.so' (tried: /usr/lib64/php7/extensions/fileinfo.so (/usr/lib64/php7/extensions/fileinfo.so: cannot open shared object file: No such file or directory), /usr/lib64/php7/extensions/fileinfo.so.so (/usr/lib64/php7/extensions/fileinfo.so.so: cannot open shared object file: No such file or directory)) in Unknown on line 0
PHP Warning:  Module 'pdo_pgsql' already loaded in Unknown on line 0
PHP Warning:  Module 'pgsql' already loaded in Unknown on line 0
PHP Warning:  Module 'Phar' already loaded in Unknown on line 0
>>> UPGRADE/DC/PLCC SYNC (SP) STARTED: 2026-09-20 00:00:00 to 2026-09-21 23:59:59 <<<
Processing 395 CSR users with UPGRADE process.
Fetching from Sampark via sp_agentwise_perform160... Found 43 rows.
Processing 30 records for CSR-UPGRADE users.

--- DEBUG INFO (First 5 records) ---
Person: FNM1726, Date: 2026-09-21
  Login: 32603s, Break: 3483s, Meeting: 0s
  Actual Break: 3483s, Final Login: 29120s
  Work Hours: 8.0889hrs, Required: 8hrs, Status: P
  Comparison: >= 8.0 (P)

Person: FNM2990, Date: 2026-09-21
  Login: 32886s, Break: 3322s, Meeting: 0s
  Actual Break: 3322s, Final Login: 29564s
  Work Hours: 8.2122hrs, Required: 8hrs, Status: P
  Comparison: >= 8.0 (P)

Person: FNM3157, Date: 2026-09-21
  Login: 32551s, Break: 3310s, Meeting: 0s
  Actual Break: 3310s, Final Login: 29241s
  Work Hours: 8.1225hrs, Required: 8hrs, Status: P
  Comparison: >= 8.0 (P)

Person: FNM3192, Date: 2026-09-21
  Login: 32468s, Break: 3375s, Meeting: 0s
  Actual Break: 3375s, Final Login: 29093s
  Work Hours: 8.0814hrs, Required: 8hrs, Status: P
  Comparison: >= 8.0 (P)

Person: FNM3520, Date: 2026-09-21
  Login: 30782s, Break: 1496s, Meeting: 0s
  Actual Break: 1496s, Final Login: 29286s
  Work Hours: 8.1350hrs, Required: 8hrs, Status: P
  Comparison: >= 8.0 (P)

Successfully synced 2 CSR-UPGRADE records.
  - Updated HD/A to P: 0 records
  - Skipped (already P): 28 records
PHP Warning:  PHP Startup: Unable to load dynamic library 'fileinfo.so' (tried: /usr/lib64/php7/extensions/fileinfo.so (/usr/lib64/php7/extensions/fileinfo.so: cannot open shared object file: No such file or directory), /usr/lib64/php7/extensions/fileinfo.so.so (/usr/lib64/php7/extensions/fileinfo.so.so: cannot open shared object file: No such file or directory)) in Unknown on line 0
PHP Warning:  Module 'pdo_pgsql' already loaded in Unknown on line 0
PHP Warning:  Module 'pgsql' already loaded in Unknown on line 0
PHP Warning:  Module 'Phar' already loaded in Unknown on line 0
>>> UPGRADE/DC/PLCC SYNC (SP) STARTED: 2026-09-20 00:00:00 to 2026-09-21 23:59:59 <<<
Processing 395 CSR users with UPGRADE process.
Fetching from Sampark via sp_agentwise_perform160... Found 43 rows.
Processing 30 records for CSR-UPGRADE users.

--- DEBUG INFO (First 5 records) ---
Person: FNM1726, Date: 2026-09-21
  Login: 32603s, Break: 3483s, Meeting: 0s
  Actual Break: 3483s, Final Login: 29120s
  Work Hours: 8.0889hrs, Required: 8hrs, Status: P
  Comparison: >= 8.0 (P)

Person: FNM2990, Date: 2026-09-21
  Login: 32886s, Break: 3322s, Meeting: 0s
  Actual Break: 3322s, Final Login: 29564s
  Work Hours: 8.2122hrs, Required: 8hrs, Status: P
  Comparison: >= 8.0 (P)

Person: FNM3157, Date: 2026-09-21
  Login: 32551s, Break: 3310s, Meeting: 0s
  Actual Break: 3310s, Final Login: 29241s
  Work Hours: 8.1225hrs, Required: 8hrs, Status: P
  Comparison: >= 8.0 (P)

Person: FNM3192, Date: 2026-09-21
  Login: 32468s, Break: 3375s, Meeting: 0s
  Actual Break: 3375s, Final Login: 29093s
  Work Hours: 8.0814hrs, Required: 8hrs, Status: P
  Comparison: >= 8.0 (P)

Person: FNM3520, Date: 2026-09-21
  Login: 30782s, Break: 1496s, Meeting: 0s
  Actual Break: 1496s, Final Login: 29286s
  Work Hours: 8.1350hrs, Required: 8hrs, Status: P
  Comparison: >= 8.0 (P)

Successfully synced 2 CSR-UPGRADE records.
  - Updated HD/A to P: 0 records
  - Skipped (already P): 28 records
PHP Warning:  PHP Startup: Unable to load dynamic library 'fileinfo.so' (tried: /usr/lib64/php7/extensions/fileinfo.so (/usr/lib64/php7/extensions/fileinfo.so: cannot open shared object file: No such file or directory), /usr/lib64/php7/extensions/fileinfo.so.so (/usr/lib64/php7/extensions/fileinfo.so.so: cannot open shared object file: No such file or directory)) in Unknown on line 0
PHP Warning:  Module 'pdo_pgsql' already loaded in Unknown on line 0
PHP Warning:  Module 'pgsql' already loaded in Unknown on line 0
PHP Warning:  Module 'Phar' already loaded in Unknown on line 0
>>> UPGRADE/DC/PLCC SYNC (SP) STARTED: 2026-09-20 00:00:00 to 2026-09-21 23:59:59 <<<
Processing 395 CSR users with UPGRADE process.
Fetching from Sampark via sp_agentwise_perform160... Found 43 rows.
Processing 30 records for CSR-UPGRADE users.

--- DEBUG INFO (First 5 records) ---
Person: FNM1726, Date: 2026-09-21
  Login: 32603s, Break: 3483s, Meeting: 0s
  Actual Break: 3483s, Final Login: 29120s
  Work Hours: 8.0889hrs, Required: 8hrs, Status: P
  Comparison: >= 8.0 (P)

Person: FNM2990, Date: 2026-09-21
  Login: 32886s, Break: 3322s, Meeting: 0s
  Actual Break: 3322s, Final Login: 29564s
  Work Hours: 8.2122hrs, Required: 8hrs, Status: P
  Comparison: >= 8.0 (P)

Person: FNM3157, Date: 2026-09-21
  Login: 32551s, Break: 3310s, Meeting: 0s
  Actual Break: 3310s, Final Login: 29241s
  Work Hours: 8.1225hrs, Required: 8hrs, Status: P
  Comparison: >= 8.0 (P)

Person: FNM3192, Date: 2026-09-21
  Login: 32468s, Break: 3375s, Meeting: 0s
  Actual Break: 3375s, Final Login: 29093s
  Work Hours: 8.0814hrs, Required: 8hrs, Status: P
  Comparison: >= 8.0 (P)

Person: FNM3520, Date: 2026-09-21
  Login: 30782s, Break: 1496s, Meeting: 0s
  Actual Break: 1496s, Final Login: 29286s
  Work Hours: 8.1350hrs, Required: 8hrs, Status: P
  Comparison: >= 8.0 (P)

Successfully synced 2 CSR-UPGRADE records.
  - Updated HD/A to P: 0 records
  - Skipped (already P): 28 records
PHP Warning:  PHP Startup: Unable to load dynamic library 'fileinfo.so' (tried: /usr/lib64/php7/extensions/fileinfo.so (/usr/lib64/php7/extensions/fileinfo.so: cannot open shared object file: No such file or directory), /usr/lib64/php7/extensions/fileinfo.so.so (/usr/lib64/php7/extensions/fileinfo.so.so: cannot open shared object file: No such file or directory)) in Unknown on line 0
PHP Warning:  Module 'pdo_pgsql' already loaded in Unknown on line 0
PHP Warning:  Module 'pgsql' already loaded in Unknown on line 0
PHP Warning:  Module 'Phar' already loaded in Unknown on line 0
>>> UPGRADE/DC/PLCC SYNC (SP) STARTED: 2026-09-20 00:00:00 to 2026-09-21 23:59:59 <<<
Processing 395 CSR users with UPGRADE process.
Fetching from Sampark via sp_agentwise_perform160... Found 43 rows.
Processing 30 records for CSR-UPGRADE users.

--- DEBUG INFO (First 5 records) ---
Person: FNM1726, Date: 2026-09-21
  Login: 32603s, Break: 3483s, Meeting: 0s
  Actual Break: 3483s, Final Login: 29120s
  Work Hours: 8.0889hrs, Required: 8hrs, Status: P
  Comparison: >= 8.0 (P)

Person: FNM2990, Date: 2026-09-21
  Login: 32886s, Break: 3322s, Meeting: 0s
  Actual Break: 3322s, Final Login: 29564s
  Work Hours: 8.2122hrs, Required: 8hrs, Status: P
  Comparison: >= 8.0 (P)

Person: FNM3157, Date: 2026-09-21
  Login: 32551s, Break: 3310s, Meeting: 0s
  Actual Break: 3310s, Final Login: 29241s
  Work Hours: 8.1225hrs, Required: 8hrs, Status: P
  Comparison: >= 8.0 (P)

Person: FNM3192, Date: 2026-09-21
  Login: 32468s, Break: 3375s, Meeting: 0s
  Actual Break: 3375s, Final Login: 29093s
  Work Hours: 8.0814hrs, Required: 8hrs, Status: P
  Comparison: >= 8.0 (P)

Person: FNM3520, Date: 2026-09-21
  Login: 30782s, Break: 1496s, Meeting: 0s
  Actual Break: 1496s, Final Login: 29286s
  Work Hours: 8.1350hrs, Required: 8hrs, Status: P
  Comparison: >= 8.0 (P)

Successfully synced 2 CSR-UPGRADE records.
  - Updated HD/A to P: 0 records
  - Skipped (already P): 28 records
PHP Warning:  PHP Startup: Unable to load dynamic library 'fileinfo.so' (tried: /usr/lib64/php7/extensions/fileinfo.so (/usr/lib64/php7/extensions/fileinfo.so: cannot open shared object file: No such file or directory), /usr/lib64/php7/extensions/fileinfo.so.so (/usr/lib64/php7/extensions/fileinfo.so.so: cannot open shared object file: No such file or directory)) in Unknown on line 0
PHP Warning:  Module 'pdo_pgsql' already loaded in Unknown on line 0
PHP Warning:  Module 'pgsql' already loaded in Unknown on line 0
PHP Warning:  Module 'Phar' already loaded in Unknown on line 0
>>> UPGRADE/DC/PLCC SYNC (SP) STARTED: 2026-09-21 00:00:00 to 2026-09-22 23:59:59 <<<
Processing 395 CSR users with UPGRADE process.
Fetching from Sampark via sp_agentwise_perform160... Found 43 rows.
Processing 30 records for CSR-UPGRADE users.

--- DEBUG INFO (First 5 records) ---
Person: FNM1726, Date: 2026-09-21
  Login: 32603s, Break: 3483s, Meeting: 0s
  Actual Break: 3483s, Final Login: 29120s
  Work Hours: 8.0889hrs, Required: 8hrs, Status: P
  Comparison: >= 8.0 (P)

Person: FNM2990, Date: 2026-09-21
  Login: 32886s, Break: 3322s, Meeting: 0s
  Actual Break: 3322s, Final Login: 29564s
  Work Hours: 8.2122hrs, Required: 8hrs, Status: P
  Comparison: >= 8.0 (P)

Person: FNM3157, Date: 2026-09-21
  Login: 32551s, Break: 3310s, Meeting: 0s
  Actual Break: 3310s, Final Login: 29241s
  Work Hours: 8.1225hrs, Required: 8hrs, Status: P
  Comparison: >= 8.0 (P)

Person: FNM3192, Date: 2026-09-21
  Login: 32468s, Break: 3375s, Meeting: 0s
  Actual Break: 3375s, Final Login: 29093s
  Work Hours: 8.0814hrs, Required: 8hrs, Status: P
  Comparison: >= 8.0 (P)

Person: FNM3520, Date: 2026-09-21
  Login: 30782s, Break: 1496s, Meeting: 0s
  Actual Break: 1496s, Final Login: 29286s
  Work Hours: 8.1350hrs, Required: 8hrs, Status: P
  Comparison: >= 8.0 (P)

Successfully synced 2 CSR-UPGRADE records.
  - Updated HD/A to P: 0 records
  - Skipped (already P): 28 records
PHP Warning:  PHP Startup: Unable to load dynamic library 'fileinfo.so' (tried: /usr/lib64/php7/extensions/fileinfo.so (/usr/lib64/php7/extensions/fileinfo.so: cannot open shared object file: No such file or directory), /usr/lib64/php7/extensions/fileinfo.so.so (/usr/lib64/php7/extensions/fileinfo.so.so: cannot open shared object file: No such file or directory)) in Unknown on line 0
PHP Warning:  Module 'pdo_pgsql' already loaded in Unknown on line 0
PHP Warning:  Module 'pgsql' already loaded in Unknown on line 0
PHP Warning:  Module 'Phar' already loaded in Unknown on line 0
>>> UPGRADE/DC/PLCC SYNC (SP) STARTED: 2026-09-21 00:00:00 to 2026-09-22 23:59:59 <<<
Processing 395 CSR users with UPGRADE process.
Fetching from Sampark via sp_agentwise_perform160... Found 43 rows.
Processing 30 records for CSR-UPGRADE users.

--- DEBUG INFO (First 5 records) ---
Person: FNM1726, Date: 2026-09-21
  Login: 32603s, Break: 3483s, Meeting: 0s
  Actual Break: 3483s, Final Login: 29120s
  Work Hours: 8.0889hrs, Required: 8hrs, Status: P
  Comparison: >= 8.0 (P)

Person: FNM2990, Date: 2026-09-21
  Login: 32886s, Break: 3322s, Meeting: 0s
  Actual Break: 3322s, Final Login: 29564s
  Work Hours: 8.2122hrs, Required: 8hrs, Status: P
  Comparison: >= 8.0 (P)

Person: FNM3157, Date: 2026-09-21
  Login: 32551s, Break: 3310s, Meeting: 0s
  Actual Break: 3310s, Final Login: 29241s
  Work Hours: 8.1225hrs, Required: 8hrs, Status: P
  Comparison: >= 8.0 (P)

Person: FNM3192, Date: 2026-09-21
  Login: 32468s, Break: 3375s, Meeting: 0s
  Actual Break: 3375s, Final Login: 29093s
  Work Hours: 8.0814hrs, Required: 8hrs, Status: P
  Comparison: >= 8.0 (P)

Person: FNM3520, Date: 2026-09-21
  Login: 30782s, Break: 1496s, Meeting: 0s
  Actual Break: 1496s, Final Login: 29286s
  Work Hours: 8.1350hrs, Required: 8hrs, Status: P
  Comparison: >= 8.0 (P)

Successfully synced 2 CSR-UPGRADE records.
  - Updated HD/A to P: 0 records
  - Skipped (already P): 28 records
PHP Warning:  PHP Startup: Unable to load dynamic library 'fileinfo.so' (tried: /usr/lib64/php7/extensions/fileinfo.so (/usr/lib64/php7/extensions/fileinfo.so: cannot open shared object file: No such file or directory), /usr/lib64/php7/extensions/fileinfo.so.so (/usr/lib64/php7/extensions/fileinfo.so.so: cannot open shared object file: No such file or directory)) in Unknown on line 0
PHP Warning:  Module 'pdo_pgsql' already loaded in Unknown on line 0
PHP Warning:  Module 'pgsql' already loaded in Unknown on line 0
PHP Warning:  Module 'Phar' already loaded in Unknown on line 0
>>> UPGRADE/DC/PLCC SYNC (SP) STARTED: 2026-09-21 00:00:00 to 2026-09-22 23:59:59 <<<
Processing 395 CSR users with UPGRADE process.
Fetching from Sampark via sp_agentwise_perform160... Found 43 rows.
Processing 30 records for CSR-UPGRADE users.

--- DEBUG INFO (First 5 records) ---
Person: FNM1726, Date: 2026-09-21
  Login: 32603s, Break: 3483s, Meeting: 0s
  Actual Break: 3483s, Final Login: 29120s
  Work Hours: 8.0889hrs, Required: 8hrs, Status: P
  Comparison: >= 8.0 (P)

Person: FNM2990, Date: 2026-09-21
  Login: 32886s, Break: 3322s, Meeting: 0s
  Actual Break: 3322s, Final Login: 29564s
  Work Hours: 8.2122hrs, Required: 8hrs, Status: P
  Comparison: >= 8.0 (P)

Person: FNM3157, Date: 2026-09-21
  Login: 32551s, Break: 3310s, Meeting: 0s
  Actual Break: 3310s, Final Login: 29241s
  Work Hours: 8.1225hrs, Required: 8hrs, Status: P
  Comparison: >= 8.0 (P)

Person: FNM3192, Date: 2026-09-21
  Login: 32468s, Break: 3375s, Meeting: 0s
  Actual Break: 3375s, Final Login: 29093s
  Work Hours: 8.0814hrs, Required: 8hrs, Status: P
  Comparison: >= 8.0 (P)

Person: FNM3520, Date: 2026-09-21
  Login: 30782s, Break: 1496s, Meeting: 0s
  Actual Break: 1496s, Final Login: 29286s
  Work Hours: 8.1350hrs, Required: 8hrs, Status: P
  Comparison: >= 8.0 (P)

Successfully synced 2 CSR-UPGRADE records.
  - Updated HD/A to P: 0 records
  - Skipped (already P): 28 records
PHP Warning:  PHP Startup: Unable to load dynamic library 'fileinfo.so' (tried: /usr/lib64/php7/extensions/fileinfo.so (/usr/lib64/php7/extensions/fileinfo.so: cannot open shared object file: No such file or directory), /usr/lib64/php7/extensions/fileinfo.so.so (/usr/lib64/php7/extensions/fileinfo.so.so: cannot open shared object file: No such file or directory)) in Unknown on line 0
PHP Warning:  Module 'pdo_pgsql' already loaded in Unknown on line 0
PHP Warning:  Module 'pgsql' already loaded in Unknown on line 0
PHP Warning:  Module 'Phar' already loaded in Unknown on line 0
>>> UPGRADE/DC/PLCC SYNC (SP) STARTED: 2026-09-21 00:00:00 to 2026-09-22 23:59:59 <<<
Processing 395 CSR users with UPGRADE process.
Fetching from Sampark via sp_agentwise_perform160... Found 43 rows.
Processing 30 records for CSR-UPGRADE users.

--- DEBUG INFO (First 5 records) ---
Person: FNM1726, Date: 2026-09-21
  Login: 32603s, Break: 3483s, Meeting: 0s
  Actual Break: 3483s, Final Login: 29120s
  Work Hours: 8.0889hrs, Required: 8hrs, Status: P
  Comparison: >= 8.0 (P)

Person: FNM2990, Date: 2026-09-21
  Login: 32886s, Break: 3322s, Meeting: 0s
  Actual Break: 3322s, Final Login: 29564s
  Work Hours: 8.2122hrs, Required: 8hrs, Status: P
  Comparison: >= 8.0 (P)

Person: FNM3157, Date: 2026-09-21
  Login: 32551s, Break: 3310s, Meeting: 0s
  Actual Break: 3310s, Final Login: 29241s
  Work Hours: 8.1225hrs, Required: 8hrs, Status: P
  Comparison: >= 8.0 (P)

Person: FNM3192, Date: 2026-09-21
  Login: 32468s, Break: 3375s, Meeting: 0s
  Actual Break: 3375s, Final Login: 29093s
  Work Hours: 8.0814hrs, Required: 8hrs, Status: P
  Comparison: >= 8.0 (P)

Person: FNM3520, Date: 2026-09-21
  Login: 30782s, Break: 1496s, Meeting: 0s
  Actual Break: 1496s, Final Login: 29286s
  Work Hours: 8.1350hrs, Required: 8hrs, Status: P
  Comparison: >= 8.0 (P)

Successfully synced 2 CSR-UPGRADE records.
  - Updated HD/A to P: 0 records
  - Skipped (already P): 28 records
PHP Warning:  PHP Startup: Unable to load dynamic library 'fileinfo.so' (tried: /usr/lib64/php7/extensions/fileinfo.so (/usr/lib64/php7/extensions/fileinfo.so: cannot open shared object file: No such file or directory), /usr/lib64/php7/extensions/fileinfo.so.so (/usr/lib64/php7/extensions/fileinfo.so.so: cannot open shared object file: No such file or directory)) in Unknown on line 0
PHP Warning:  Module 'pdo_pgsql' already loaded in Unknown on line 0
PHP Warning:  Module 'pgsql' already loaded in Unknown on line 0
PHP Warning:  Module 'Phar' already loaded in Unknown on line 0
>>> UPGRADE/DC/PLCC SYNC (SP) STARTED: 2026-09-21 00:00:00 to 2026-09-22 23:59:59 <<<
Processing 395 CSR users with UPGRADE process.
Fetching from Sampark via sp_agentwise_perform160... Found 43 rows.
Processing 30 records for CSR-UPGRADE users.

--- DEBUG INFO (First 5 records) ---
Person: FNM1726, Date: 2026-09-21
  Login: 32603s, Break: 3483s, Meeting: 0s
  Actual Break: 3483s, Final Login: 29120s
  Work Hours: 8.0889hrs, Required: 8hrs, Status: P
  Comparison: >= 8.0 (P)

Person: FNM2990, Date: 2026-09-21
  Login: 32886s, Break: 3322s, Meeting: 0s
  Actual Break: 3322s, Final Login: 29564s
  Work Hours: 8.2122hrs, Required: 8hrs, Status: P
  Comparison: >= 8.0 (P)

Person: FNM3157, Date: 2026-09-21
  Login: 32551s, Break: 3310s, Meeting: 0s
  Actual Break: 3310s, Final Login: 29241s
  Work Hours: 8.1225hrs, Required: 8hrs, Status: P
  Comparison: >= 8.0 (P)

Person: FNM3192, Date: 2026-09-21
  Login: 32468s, Break: 3375s, Meeting: 0s
  Actual Break: 3375s, Final Login: 29093s
  Work Hours: 8.0814hrs, Required: 8hrs, Status: P
  Comparison: >= 8.0 (P)

Person: FNM3520, Date: 2026-09-21
  Login: 30782s, Break: 1496s, Meeting: 0s
  Actual Break: 1496s, Final Login: 29286s
  Work Hours: 8.1350hrs, Required: 8hrs, Status: P
  Comparison: >= 8.0 (P)

Successfully synced 2 CSR-UPGRADE records.
  - Updated HD/A to P: 0 records
  - Skipped (already P): 28 records
PHP Warning:  PHP Startup: Unable to load dynamic library 'fileinfo.so' (tried: /usr/lib64/php7/extensions/fileinfo.so (/usr/lib64/php7/extensions/fileinfo.so: cannot open shared object file: No such file or directory), /usr/lib64/php7/extensions/fileinfo.so.so (/usr/lib64/php7/extensions/fileinfo.so.so: cannot open shared object file: No such file or directory)) in Unknown on line 0
PHP Warning:  Module 'pdo_pgsql' already loaded in Unknown on line 0
PHP Warning:  Module 'pgsql' already loaded in Unknown on line 0
PHP Warning:  Module 'Phar' already loaded in Unknown on line 0
>>> UPGRADE/DC/PLCC SYNC (SP) STARTED: 2026-09-21 00:00:00 to 2026-09-22 23:59:59 <<<
Processing 395 CSR users with UPGRADE process.
Fetching from Sampark via sp_agentwise_perform160... Found 43 rows.
Processing 30 records for CSR-UPGRADE users.

--- DEBUG INFO (First 5 records) ---
Person: FNM1726, Date: 2026-09-21
  Login: 32603s, Break: 3483s, Meeting: 0s
  Actual Break: 3483s, Final Login: 29120s
  Work Hours: 8.0889hrs, Required: 8hrs, Status: P
  Comparison: >= 8.0 (P)

Person: FNM2990, Date: 2026-09-21
  Login: 32886s, Break: 3322s, Meeting: 0s
  Actual Break: 3322s, Final Login: 29564s
  Work Hours: 8.2122hrs, Required: 8hrs, Status: P
  Comparison: >= 8.0 (P)

Person: FNM3157, Date: 2026-09-21
  Login: 32551s, Break: 3310s, Meeting: 0s
  Actual Break: 3310s, Final Login: 29241s
  Work Hours: 8.1225hrs, Required: 8hrs, Status: P
  Comparison: >= 8.0 (P)

Person: FNM3192, Date: 2026-09-21
  Login: 32468s, Break: 3375s, Meeting: 0s
  Actual Break: 3375s, Final Login: 29093s
  Work Hours: 8.0814hrs, Required: 8hrs, Status: P
  Comparison: >= 8.0 (P)

Person: FNM3520, Date: 2026-09-21
  Login: 30782s, Break: 1496s, Meeting: 0s
  Actual Break: 1496s, Final Login: 29286s
  Work Hours: 8.1350hrs, Required: 8hrs, Status: P
  Comparison: >= 8.0 (P)

Successfully synced 2 CSR-UPGRADE records.
  - Updated HD/A to P: 0 records
  - Skipped (already P): 28 records
PHP Warning:  PHP Startup: Unable to load dynamic library 'fileinfo.so' (tried: /usr/lib64/php7/extensions/fileinfo.so (/usr/lib64/php7/extensions/fileinfo.so: cannot open shared object file: No such file or directory), /usr/lib64/php7/extensions/fileinfo.so.so (/usr/lib64/php7/extensions/fileinfo.so.so: cannot open shared object file: No such file or directory)) in Unknown on line 0
PHP Warning:  Module 'pdo_pgsql' already loaded in Unknown on line 0
PHP Warning:  Module 'pgsql' already loaded in Unknown on line 0
PHP Warning:  Module 'Phar' already loaded in Unknown on line 0
>>> UPGRADE/DC/PLCC SYNC (SP) STARTED: 2026-09-21 00:00:00 to 2026-09-22 23:59:59 <<<
Processing 395 CSR users with UPGRADE process.
Fetching from Sampark via sp_agentwise_perform160... Found 43 rows.
Processing 30 records for CSR-UPGRADE users.

--- DEBUG INFO (First 5 records) ---
Person: FNM1726, Date: 2026-09-21
  Login: 32603s, Break: 3483s, Meeting: 0s
  Actual Break: 3483s, Final Login: 29120s
  Work Hours: 8.0889hrs, Required: 8hrs, Status: P
  Comparison: >= 8.0 (P)

Person: FNM2990, Date: 2026-09-21
  Login: 32886s, Break: 3322s, Meeting: 0s
  Actual Break: 3322s, Final Login: 29564s
  Work Hours: 8.2122hrs, Required: 8hrs, Status: P
  Comparison: >= 8.0 (P)

Person: FNM3157, Date: 2026-09-21
  Login: 32551s, Break: 3310s, Meeting: 0s
  Actual Break: 3310s, Final Login: 29241s
  Work Hours: 8.1225hrs, Required: 8hrs, Status: P
  Comparison: >= 8.0 (P)

Person: FNM3192, Date: 2026-09-21
  Login: 32468s, Break: 3375s, Meeting: 0s
  Actual Break: 3375s, Final Login: 29093s
  Work Hours: 8.0814hrs, Required: 8hrs, Status: P
  Comparison: >= 8.0 (P)

Person: FNM3520, Date: 2026-09-21
  Login: 30782s, Break: 1496s, Meeting: 0s
  Actual Break: 1496s, Final Login: 29286s
  Work Hours: 8.1350hrs, Required: 8hrs, Status: P
  Comparison: >= 8.0 (P)

Successfully synced 2 CSR-UPGRADE records.
  - Updated HD/A to P: 0 records
  - Skipped (already P): 28 records
PHP Warning:  PHP Startup: Unable to load dynamic library 'fileinfo.so' (tried: /usr/lib64/php7/extensions/fileinfo.so (/usr/lib64/php7/extensions/fileinfo.so: cannot open shared object file: No such file or directory), /usr/lib64/php7/extensions/fileinfo.so.so (/usr/lib64/php7/extensions/fileinfo.so.so: cannot open shared object file: No such file or directory)) in Unknown on line 0
PHP Warning:  Module 'pdo_pgsql' already loaded in Unknown on line 0
PHP Warning:  Module 'pgsql' already loaded in Unknown on line 0
PHP Warning:  Module 'Phar' already loaded in Unknown on line 0
>>> UPGRADE/DC/PLCC SYNC (SP) STARTED: 2026-09-21 00:00:00 to 2026-09-22 23:59:59 <<<
Processing 395 CSR users with UPGRADE process.
Fetching from Sampark via sp_agentwise_perform160... Found 43 rows.
Processing 30 records for CSR-UPGRADE users.

--- DEBUG INFO (First 5 records) ---
Person: FNM1726, Date: 2026-09-21
  Login: 32603s, Break: 3483s, Meeting: 0s
  Actual Break: 3483s, Final Login: 29120s
  Work Hours: 8.0889hrs, Required: 8hrs, Status: P
  Comparison: >= 8.0 (P)

Person: FNM2990, Date: 2026-09-21
  Login: 32886s, Break: 3322s, Meeting: 0s
  Actual Break: 3322s, Final Login: 29564s
  Work Hours: 8.2122hrs, Required: 8hrs, Status: P
  Comparison: >= 8.0 (P)

Person: FNM3157, Date: 2026-09-21
  Login: 32551s, Break: 3310s, Meeting: 0s
  Actual Break: 3310s, Final Login: 29241s
  Work Hours: 8.1225hrs, Required: 8hrs, Status: P
  Comparison: >= 8.0 (P)

Person: FNM3192, Date: 2026-09-21
  Login: 32468s, Break: 3375s, Meeting: 0s
  Actual Break: 3375s, Final Login: 29093s
  Work Hours: 8.0814hrs, Required: 8hrs, Status: P
  Comparison: >= 8.0 (P)

Person: FNM3520, Date: 2026-09-21
  Login: 30782s, Break: 1496s, Meeting: 0s
  Actual Break: 1496s, Final Login: 29286s
  Work Hours: 8.1350hrs, Required: 8hrs, Status: P
  Comparison: >= 8.0 (P)

Successfully synced 2 CSR-UPGRADE records.
  - Updated HD/A to P: 0 records
  - Skipped (already P): 28 records
PHP Warning:  PHP Startup: Unable to load dynamic library 'fileinfo.so' (tried: /usr/lib64/php7/extensions/fileinfo.so (/usr/lib64/php7/extensions/fileinfo.so: cannot open shared object file: No such file or directory), /usr/lib64/php7/extensions/fileinfo.so.so (/usr/lib64/php7/extensions/fileinfo.so.so: cannot open shared object file: No such file or directory)) in Unknown on line 0
PHP Warning:  Module 'pdo_pgsql' already loaded in Unknown on line 0
PHP Warning:  Module 'pgsql' already loaded in Unknown on line 0
PHP Warning:  Module 'Phar' already loaded in Unknown on line 0
>>> UPGRADE/DC/PLCC SYNC (SP) STARTED: 2026-09-21 00:00:00 to 2026-09-22 23:59:59 <<<
Processing 395 CSR users with UPGRADE process.
Fetching from Sampark via sp_agentwise_perform160... Found 43 rows.
Processing 30 records for CSR-UPGRADE users.

--- DEBUG INFO (First 5 records) ---
Person: FNM1726, Date: 2026-09-21
  Login: 32603s, Break: 3483s, Meeting: 0s
  Actual Break: 3483s, Final Login: 29120s
  Work Hours: 8.0889hrs, Required: 8hrs, Status: P
  Comparison: >= 8.0 (P)

Person: FNM2990, Date: 2026-09-21
  Login: 32886s, Break: 3322s, Meeting: 0s
  Actual Break: 3322s, Final Login: 29564s
  Work Hours: 8.2122hrs, Required: 8hrs, Status: P
  Comparison: >= 8.0 (P)

Person: FNM3157, Date: 2026-09-21
  Login: 32551s, Break: 3310s, Meeting: 0s
  Actual Break: 3310s, Final Login: 29241s
  Work Hours: 8.1225hrs, Required: 8hrs, Status: P
  Comparison: >= 8.0 (P)

Person: FNM3192, Date: 2026-09-21
  Login: 32468s, Break: 3375s, Meeting: 0s
  Actual Break: 3375s, Final Login: 29093s
  Work Hours: 8.0814hrs, Required: 8hrs, Status: P
  Comparison: >= 8.0 (P)

Person: FNM3520, Date: 2026-09-21
  Login: 30782s, Break: 1496s, Meeting: 0s
  Actual Break: 1496s, Final Login: 29286s
  Work Hours: 8.1350hrs, Required: 8hrs, Status: P
  Comparison: >= 8.0 (P)

Successfully synced 2 CSR-UPGRADE records.
  - Updated HD/A to P: 0 records
  - Skipped (already P): 28 records
PHP Warning:  PHP Startup: Unable to load dynamic library 'fileinfo.so' (tried: /usr/lib64/php7/extensions/fileinfo.so (/usr/lib64/php7/extensions/fileinfo.so: cannot open shared object file: No such file or directory), /usr/lib64/php7/extensions/fileinfo.so.so (/usr/lib64/php7/extensions/fileinfo.so.so: cannot open shared object file: No such file or directory)) in Unknown on line 0
PHP Warning:  Module 'pdo_pgsql' already loaded in Unknown on line 0
PHP Warning:  Module 'pgsql' already loaded in Unknown on line 0
PHP Warning:  Module 'Phar' already loaded in Unknown on line 0
>>> UPGRADE/DC/PLCC SYNC (SP) STARTED: 2026-09-21 00:00:00 to 2026-09-22 23:59:59 <<<
Processing 395 CSR users with UPGRADE process.
Fetching from Sampark via sp_agentwise_perform160... Found 43 rows.
Processing 30 records for CSR-UPGRADE users.

--- DEBUG INFO (First 5 records) ---
Person: FNM1726, Date: 2026-09-21
  Login: 32603s, Break: 3483s, Meeting: 0s
  Actual Break: 3483s, Final Login: 29120s
  Work Hours: 8.0889hrs, Required: 8hrs, Status: P
  Comparison: >= 8.0 (P)

Person: FNM2990, Date: 2026-09-21
  Login: 32886s, Break: 3322s, Meeting: 0s
  Actual Break: 3322s, Final Login: 29564s
  Work Hours: 8.2122hrs, Required: 8hrs, Status: P
  Comparison: >= 8.0 (P)

Person: FNM3157, Date: 2026-09-21
  Login: 32551s, Break: 3310s, Meeting: 0s
  Actual Break: 3310s, Final Login: 29241s
  Work Hours: 8.1225hrs, Required: 8hrs, Status: P
  Comparison: >= 8.0 (P)

Person: FNM3192, Date: 2026-09-21
  Login: 32468s, Break: 3375s, Meeting: 0s
  Actual Break: 3375s, Final Login: 29093s
  Work Hours: 8.0814hrs, Required: 8hrs, Status: P
  Comparison: >= 8.0 (P)

Person: FNM3520, Date: 2026-09-21
  Login: 30782s, Break: 1496s, Meeting: 0s
  Actual Break: 1496s, Final Login: 29286s
  Work Hours: 8.1350hrs, Required: 8hrs, Status: P
  Comparison: >= 8.0 (P)

Successfully synced 2 CSR-UPGRADE records.
  - Updated HD/A to P: 0 records
  - Skipped (already P): 28 records
PHP Warning:  PHP Startup: Unable to load dynamic library 'fileinfo.so' (tried: /usr/lib64/php7/extensions/fileinfo.so (/usr/lib64/php7/extensions/fileinfo.so: cannot open shared object file: No such file or directory), /usr/lib64/php7/extensions/fileinfo.so.so (/usr/lib64/php7/extensions/fileinfo.so.so: cannot open shared object file: No such file or directory)) in Unknown on line 0
PHP Warning:  Module 'pdo_pgsql' already loaded in Unknown on line 0
PHP Warning:  Module 'pgsql' already loaded in Unknown on line 0
PHP Warning:  Module 'Phar' already loaded in Unknown on line 0
>>> UPGRADE/DC/PLCC SYNC (SP) STARTED: 2026-09-21 00:00:00 to 2026-09-22 23:59:59 <<<
Processing 395 CSR users with UPGRADE process.
Fetching from Sampark via sp_agentwise_perform160... Found 43 rows.
Processing 30 records for CSR-UPGRADE users.

--- DEBUG INFO (First 5 records) ---
Person: FNM1726, Date: 2026-09-21
  Login: 32603s, Break: 3483s, Meeting: 0s
  Actual Break: 3483s, Final Login: 29120s
  Work Hours: 8.0889hrs, Required: 8hrs, Status: P
  Comparison: >= 8.0 (P)

Person: FNM2990, Date: 2026-09-21
  Login: 32886s, Break: 3322s, Meeting: 0s
  Actual Break: 3322s, Final Login: 29564s
  Work Hours: 8.2122hrs, Required: 8hrs, Status: P
  Comparison: >= 8.0 (P)

Person: FNM3157, Date: 2026-09-21
  Login: 32551s, Break: 3310s, Meeting: 0s
  Actual Break: 3310s, Final Login: 29241s
  Work Hours: 8.1225hrs, Required: 8hrs, Status: P
  Comparison: >= 8.0 (P)

Person: FNM3192, Date: 2026-09-21
  Login: 32468s, Break: 3375s, Meeting: 0s
  Actual Break: 3375s, Final Login: 29093s
  Work Hours: 8.0814hrs, Required: 8hrs, Status: P
  Comparison: >= 8.0 (P)

Person: FNM3520, Date: 2026-09-21
  Login: 30782s, Break: 1496s, Meeting: 0s
  Actual Break: 1496s, Final Login: 29286s
  Work Hours: 8.1350hrs, Required: 8hrs, Status: P
  Comparison: >= 8.0 (P)

Successfully synced 2 CSR-UPGRADE records.
  - Updated HD/A to P: 0 records
  - Skipped (already P): 28 records
PHP Warning:  PHP Startup: Unable to load dynamic library 'fileinfo.so' (tried: /usr/lib64/php7/extensions/fileinfo.so (/usr/lib64/php7/extensions/fileinfo.so: cannot open shared object file: No such file or directory), /usr/lib64/php7/extensions/fileinfo.so.so (/usr/lib64/php7/extensions/fileinfo.so.so: cannot open shared object file: No such file or directory)) in Unknown on line 0
PHP Warning:  Module 'pdo_pgsql' already loaded in Unknown on line 0
PHP Warning:  Module 'pgsql' already loaded in Unknown on line 0
PHP Warning:  Module 'Phar' already loaded in Unknown on line 0
>>> UPGRADE/DC/PLCC SYNC (SP) STARTED: 2026-09-21 00:00:00 to 2026-09-22 23:59:59 <<<
Processing 395 CSR users with UPGRADE process.
Fetching from Sampark via sp_agentwise_perform160... Found 43 rows.
Processing 30 records for CSR-UPGRADE users.

--- DEBUG INFO (First 5 records) ---
Person: FNM1726, Date: 2026-09-21
  Login: 32603s, Break: 3483s, Meeting: 0s
  Actual Break: 3483s, Final Login: 29120s
  Work Hours: 8.0889hrs, Required: 8hrs, Status: P
  Comparison: >= 8.0 (P)

Person: FNM2990, Date: 2026-09-21
  Login: 32886s, Break: 3322s, Meeting: 0s
  Actual Break: 3322s, Final Login: 29564s
  Work Hours: 8.2122hrs, Required: 8hrs, Status: P
  Comparison: >= 8.0 (P)

Person: FNM3157, Date: 2026-09-21
  Login: 32551s, Break: 3310s, Meeting: 0s
  Actual Break: 3310s, Final Login: 29241s
  Work Hours: 8.1225hrs, Required: 8hrs, Status: P
  Comparison: >= 8.0 (P)

Person: FNM3192, Date: 2026-09-21
  Login: 32468s, Break: 3375s, Meeting: 0s
  Actual Break: 3375s, Final Login: 29093s
  Work Hours: 8.0814hrs, Required: 8hrs, Status: P
  Comparison: >= 8.0 (P)

Person: FNM3520, Date: 2026-09-21
  Login: 30782s, Break: 1496s, Meeting: 0s
  Actual Break: 1496s, Final Login: 29286s
  Work Hours: 8.1350hrs, Required: 8hrs, Status: P
  Comparison: >= 8.0 (P)

Successfully synced 2 CSR-UPGRADE records.
  - Updated HD/A to P: 0 records
  - Skipped (already P): 28 records
PHP Warning:  PHP Startup: Unable to load dynamic library 'fileinfo.so' (tried: /usr/lib64/php7/extensions/fileinfo.so (/usr/lib64/php7/extensions/fileinfo.so: cannot open shared object file: No such file or directory), /usr/lib64/php7/extensions/fileinfo.so.so (/usr/lib64/php7/extensions/fileinfo.so.so: cannot open shared object file: No such file or directory)) in Unknown on line 0
PHP Warning:  Module 'pdo_pgsql' already loaded in Unknown on line 0
PHP Warning:  Module 'pgsql' already loaded in Unknown on line 0
PHP Warning:  Module 'Phar' already loaded in Unknown on line 0
>>> UPGRADE/DC/PLCC SYNC (SP) STARTED: 2026-09-21 00:00:00 to 2026-09-22 23:59:59 <<<
Processing 395 CSR users with UPGRADE process.
Fetching from Sampark via sp_agentwise_perform160... Found 43 rows.
Processing 30 records for CSR-UPGRADE users.

--- DEBUG INFO (First 5 records) ---
Person: FNM1726, Date: 2026-09-21
  Login: 32603s, Break: 3483s, Meeting: 0s
  Actual Break: 3483s, Final Login: 29120s
  Work Hours: 8.0889hrs, Required: 8hrs, Status: P
  Comparison: >= 8.0 (P)

Person: FNM2990, Date: 2026-09-21
  Login: 32886s, Break: 3322s, Meeting: 0s
  Actual Break: 3322s, Final Login: 29564s
  Work Hours: 8.2122hrs, Required: 8hrs, Status: P
  Comparison: >= 8.0 (P)

Person: FNM3157, Date: 2026-09-21
  Login: 32551s, Break: 3310s, Meeting: 0s
  Actual Break: 3310s, Final Login: 29241s
  Work Hours: 8.1225hrs, Required: 8hrs, Status: P
  Comparison: >= 8.0 (P)

Person: FNM3192, Date: 2026-09-21
  Login: 32468s, Break: 3375s, Meeting: 0s
  Actual Break: 3375s, Final Login: 29093s
  Work Hours: 8.0814hrs, Required: 8hrs, Status: P
  Comparison: >= 8.0 (P)

Person: FNM3520, Date: 2026-09-21
  Login: 30782s, Break: 1496s, Meeting: 0s
  Actual Break: 1496s, Final Login: 29286s
  Work Hours: 8.1350hrs, Required: 8hrs, Status: P
  Comparison: >= 8.0 (P)

Successfully synced 2 CSR-UPGRADE records.
  - Updated HD/A to P: 0 records
  - Skipped (already P): 28 records
PHP Warning:  PHP Startup: Unable to load dynamic library 'fileinfo.so' (tried: /usr/lib64/php7/extensions/fileinfo.so (/usr/lib64/php7/extensions/fileinfo.so: cannot open shared object file: No such file or directory), /usr/lib64/php7/extensions/fileinfo.so.so (/usr/lib64/php7/extensions/fileinfo.so.so: cannot open shared object file: No such file or directory)) in Unknown on line 0
PHP Warning:  Module 'pdo_pgsql' already loaded in Unknown on line 0
PHP Warning:  Module 'pgsql' already loaded in Unknown on line 0
PHP Warning:  Module 'Phar' already loaded in Unknown on line 0
>>> UPGRADE/DC/PLCC SYNC (SP) STARTED: 2026-09-21 00:00:00 to 2026-09-22 23:59:59 <<<
Processing 395 CSR users with UPGRADE process.
Fetching from Sampark via sp_agentwise_perform160... Found 43 rows.
Processing 30 records for CSR-UPGRADE users.

--- DEBUG INFO (First 5 records) ---
Person: FNM1726, Date: 2026-09-21
  Login: 32603s, Break: 3483s, Meeting: 0s
  Actual Break: 3483s, Final Login: 29120s
  Work Hours: 8.0889hrs, Required: 8hrs, Status: P
  Comparison: >= 8.0 (P)

Person: FNM2990, Date: 2026-09-21
  Login: 32886s, Break: 3322s, Meeting: 0s
  Actual Break: 3322s, Final Login: 29564s
  Work Hours: 8.2122hrs, Required: 8hrs, Status: P
  Comparison: >= 8.0 (P)

Person: FNM3157, Date: 2026-09-21
  Login: 32551s, Break: 3310s, Meeting: 0s
  Actual Break: 3310s, Final Login: 29241s
  Work Hours: 8.1225hrs, Required: 8hrs, Status: P
  Comparison: >= 8.0 (P)

Person: FNM3192, Date: 2026-09-21
  Login: 32468s, Break: 3375s, Meeting: 0s
  Actual Break: 3375s, Final Login: 29093s
  Work Hours: 8.0814hrs, Required: 8hrs, Status: P
  Comparison: >= 8.0 (P)

Person: FNM3520, Date: 2026-09-21
  Login: 30782s, Break: 1496s, Meeting: 0s
  Actual Break: 1496s, Final Login: 29286s
  Work Hours: 8.1350hrs, Required: 8hrs, Status: P
  Comparison: >= 8.0 (P)

Successfully synced 2 CSR-UPGRADE records.
  - Updated HD/A to P: 0 records
  - Skipped (already P): 28 records
PHP Warning:  PHP Startup: Unable to load dynamic library 'fileinfo.so' (tried: /usr/lib64/php7/extensions/fileinfo.so (/usr/lib64/php7/extensions/fileinfo.so: cannot open shared object file: No such file or directory), /usr/lib64/php7/extensions/fileinfo.so.so (/usr/lib64/php7/extensions/fileinfo.so.so: cannot open shared object file: No such file or directory)) in Unknown on line 0
PHP Warning:  Module 'pdo_pgsql' already loaded in Unknown on line 0
PHP Warning:  Module 'pgsql' already loaded in Unknown on line 0
PHP Warning:  Module 'Phar' already loaded in Unknown on line 0
>>> UPGRADE/DC/PLCC SYNC (SP) STARTED: 2026-09-21 00:00:00 to 2026-09-22 23:59:59 <<<
Processing 395 CSR users with UPGRADE process.
Fetching from Sampark via sp_agentwise_perform160... Found 43 rows.
Processing 30 records for CSR-UPGRADE users.

--- DEBUG INFO (First 5 records) ---
Person: FNM1726, Date: 2026-09-21
  Login: 32603s, Break: 3483s, Meeting: 0s
  Actual Break: 3483s, Final Login: 29120s
  Work Hours: 8.0889hrs, Required: 8hrs, Status: P
  Comparison: >= 8.0 (P)

Person: FNM2990, Date: 2026-09-21
  Login: 32886s, Break: 3322s, Meeting: 0s
  Actual Break: 3322s, Final Login: 29564s
  Work Hours: 8.2122hrs, Required: 8hrs, Status: P
  Comparison: >= 8.0 (P)

Person: FNM3157, Date: 2026-09-21
  Login: 32551s, Break: 3310s, Meeting: 0s
  Actual Break: 3310s, Final Login: 29241s
  Work Hours: 8.1225hrs, Required: 8hrs, Status: P
  Comparison: >= 8.0 (P)

Person: FNM3192, Date: 2026-09-21
  Login: 32468s, Break: 3375s, Meeting: 0s
  Actual Break: 3375s, Final Login: 29093s
  Work Hours: 8.0814hrs, Required: 8hrs, Status: P
  Comparison: >= 8.0 (P)

Person: FNM3520, Date: 2026-09-21
  Login: 30782s, Break: 1496s, Meeting: 0s
  Actual Break: 1496s, Final Login: 29286s
  Work Hours: 8.1350hrs, Required: 8hrs, Status: P
  Comparison: >= 8.0 (P)

Successfully synced 2 CSR-UPGRADE records.
  - Updated HD/A to P: 0 records
  - Skipped (already P): 28 records
PHP Warning:  PHP Startup: Unable to load dynamic library 'fileinfo.so' (tried: /usr/lib64/php7/extensions/fileinfo.so (/usr/lib64/php7/extensions/fileinfo.so: cannot open shared object file: No such file or directory), /usr/lib64/php7/extensions/fileinfo.so.so (/usr/lib64/php7/extensions/fileinfo.so.so: cannot open shared object file: No such file or directory)) in Unknown on line 0
PHP Warning:  Module 'pdo_pgsql' already loaded in Unknown on line 0
PHP Warning:  Module 'pgsql' already loaded in Unknown on line 0
PHP Warning:  Module 'Phar' already loaded in Unknown on line 0
>>> UPGRADE/DC/PLCC SYNC (SP) STARTED: 2026-09-21 00:00:00 to 2026-09-22 23:59:59 <<<
Processing 395 CSR users with UPGRADE process.
Fetching from Sampark via sp_agentwise_perform160... Found 43 rows.
Processing 30 records for CSR-UPGRADE users.

--- DEBUG INFO (First 5 records) ---
Person: FNM1726, Date: 2026-09-21
  Login: 32603s, Break: 3483s, Meeting: 0s
  Actual Break: 3483s, Final Login: 29120s
  Work Hours: 8.0889hrs, Required: 8hrs, Status: P
  Comparison: >= 8.0 (P)

Person: FNM2990, Date: 2026-09-21
  Login: 32886s, Break: 3322s, Meeting: 0s
  Actual Break: 3322s, Final Login: 29564s
  Work Hours: 8.2122hrs, Required: 8hrs, Status: P
  Comparison: >= 8.0 (P)

Person: FNM3157, Date: 2026-09-21
  Login: 32551s, Break: 3310s, Meeting: 0s
  Actual Break: 3310s, Final Login: 29241s
  Work Hours: 8.1225hrs, Required: 8hrs, Status: P
  Comparison: >= 8.0 (P)

Person: FNM3192, Date: 2026-09-21
  Login: 32468s, Break: 3375s, Meeting: 0s
  Actual Break: 3375s, Final Login: 29093s
  Work Hours: 8.0814hrs, Required: 8hrs, Status: P
  Comparison: >= 8.0 (P)

Person: FNM3520, Date: 2026-09-21
  Login: 30782s, Break: 1496s, Meeting: 0s
  Actual Break: 1496s, Final Login: 29286s
  Work Hours: 8.1350hrs, Required: 8hrs, Status: P
  Comparison: >= 8.0 (P)

Successfully synced 2 CSR-UPGRADE records.
  - Updated HD/A to P: 0 records
  - Skipped (already P): 28 records
PHP Warning:  PHP Startup: Unable to load dynamic library 'fileinfo.so' (tried: /usr/lib64/php7/extensions/fileinfo.so (/usr/lib64/php7/extensions/fileinfo.so: cannot open shared object file: No such file or directory), /usr/lib64/php7/extensions/fileinfo.so.so (/usr/lib64/php7/extensions/fileinfo.so.so: cannot open shared object file: No such file or directory)) in Unknown on line 0
PHP Warning:  Module 'pdo_pgsql' already loaded in Unknown on line 0
PHP Warning:  Module 'pgsql' already loaded in Unknown on line 0
PHP Warning:  Module 'Phar' already loaded in Unknown on line 0
>>> UPGRADE/DC/PLCC SYNC (SP) STARTED: 2026-09-21 00:00:00 to 2026-09-22 23:59:59 <<<
Processing 395 CSR users with UPGRADE process.
Fetching from Sampark via sp_agentwise_perform160... Found 43 rows.
Processing 30 records for CSR-UPGRADE users.

--- DEBUG INFO (First 5 records) ---
Person: FNM1726, Date: 2026-09-21
  Login: 32603s, Break: 3483s, Meeting: 0s
  Actual Break: 3483s, Final Login: 29120s
  Work Hours: 8.0889hrs, Required: 8hrs, Status: P
  Comparison: >= 8.0 (P)

Person: FNM2990, Date: 2026-09-21
  Login: 32886s, Break: 3322s, Meeting: 0s
  Actual Break: 3322s, Final Login: 29564s
  Work Hours: 8.2122hrs, Required: 8hrs, Status: P
  Comparison: >= 8.0 (P)

Person: FNM3157, Date: 2026-09-21
  Login: 32551s, Break: 3310s, Meeting: 0s
  Actual Break: 3310s, Final Login: 29241s
  Work Hours: 8.1225hrs, Required: 8hrs, Status: P
  Comparison: >= 8.0 (P)

Person: FNM3192, Date: 2026-09-21
  Login: 32468s, Break: 3375s, Meeting: 0s
  Actual Break: 3375s, Final Login: 29093s
  Work Hours: 8.0814hrs, Required: 8hrs, Status: P
  Comparison: >= 8.0 (P)

Person: FNM3520, Date: 2026-09-21
  Login: 30782s, Break: 1496s, Meeting: 0s
  Actual Break: 1496s, Final Login: 29286s
  Work Hours: 8.1350hrs, Required: 8hrs, Status: P
  Comparison: >= 8.0 (P)

Successfully synced 2 CSR-UPGRADE records.
  - Updated HD/A to P: 0 records
  - Skipped (already P): 28 records
PHP Warning:  PHP Startup: Unable to load dynamic library 'fileinfo.so' (tried: /usr/lib64/php7/extensions/fileinfo.so (/usr/lib64/php7/extensions/fileinfo.so: cannot open shared object file: No such file or directory), /usr/lib64/php7/extensions/fileinfo.so.so (/usr/lib64/php7/extensions/fileinfo.so.so: cannot open shared object file: No such file or directory)) in Unknown on line 0
PHP Warning:  Module 'pdo_pgsql' already loaded in Unknown on line 0
PHP Warning:  Module 'pgsql' already loaded in Unknown on line 0
PHP Warning:  Module 'Phar' already loaded in Unknown on line 0
>>> UPGRADE/DC/PLCC SYNC (SP) STARTED: 2026-09-21 00:00:00 to 2026-09-22 23:59:59 <<<
Processing 395 CSR users with UPGRADE process.
Fetching from Sampark via sp_agentwise_perform160... Found 43 rows.
Processing 30 records for CSR-UPGRADE users.

--- DEBUG INFO (First 5 records) ---
Person: FNM1726, Date: 2026-09-21
  Login: 32603s, Break: 3483s, Meeting: 0s
  Actual Break: 3483s, Final Login: 29120s
  Work Hours: 8.0889hrs, Required: 8hrs, Status: P
  Comparison: >= 8.0 (P)

Person: FNM2990, Date: 2026-09-21
  Login: 32886s, Break: 3322s, Meeting: 0s
  Actual Break: 3322s, Final Login: 29564s
  Work Hours: 8.2122hrs, Required: 8hrs, Status: P
  Comparison: >= 8.0 (P)

Person: FNM3157, Date: 2026-09-21
  Login: 32551s, Break: 3310s, Meeting: 0s
  Actual Break: 3310s, Final Login: 29241s
  Work Hours: 8.1225hrs, Required: 8hrs, Status: P
  Comparison: >= 8.0 (P)

Person: FNM3192, Date: 2026-09-21
  Login: 32468s, Break: 3375s, Meeting: 0s
  Actual Break: 3375s, Final Login: 29093s
  Work Hours: 8.0814hrs, Required: 8hrs, Status: P
  Comparison: >= 8.0 (P)

Person: FNM3520, Date: 2026-09-21
  Login: 30782s, Break: 1496s, Meeting: 0s
  Actual Break: 1496s, Final Login: 29286s
  Work Hours: 8.1350hrs, Required: 8hrs, Status: P
  Comparison: >= 8.0 (P)

Successfully synced 2 CSR-UPGRADE records.
  - Updated HD/A to P: 0 records
  - Skipped (already P): 28 records
PHP Warning:  PHP Startup: Unable to load dynamic library 'fileinfo.so' (tried: /usr/lib64/php7/extensions/fileinfo.so (/usr/lib64/php7/extensions/fileinfo.so: cannot open shared object file: No such file or directory), /usr/lib64/php7/extensions/fileinfo.so.so (/usr/lib64/php7/extensions/fileinfo.so.so: cannot open shared object file: No such file or directory)) in Unknown on line 0
PHP Warning:  Module 'pdo_pgsql' already loaded in Unknown on line 0
PHP Warning:  Module 'pgsql' already loaded in Unknown on line 0
PHP Warning:  Module 'Phar' already loaded in Unknown on line 0
>>> UPGRADE/DC/PLCC SYNC (SP) STARTED: 2026-09-21 00:00:00 to 2026-09-22 23:59:59 <<<
Processing 395 CSR users with UPGRADE process.
Fetching from Sampark via sp_agentwise_perform160... Found 44 rows.
Processing 31 records for CSR-UPGRADE users.

--- DEBUG INFO (First 5 records) ---
Person: FNM1726, Date: 2026-09-21
  Login: 32603s, Break: 3483s, Meeting: 0s
  Actual Break: 3483s, Final Login: 29120s
  Work Hours: 8.0889hrs, Required: 8hrs, Status: P
  Comparison: >= 8.0 (P)

Person: FNM2990, Date: 2026-09-21
  Login: 32886s, Break: 3322s, Meeting: 0s
  Actual Break: 3322s, Final Login: 29564s
  Work Hours: 8.2122hrs, Required: 8hrs, Status: P
  Comparison: >= 8.0 (P)

Person: FNM3157, Date: 2026-09-21
  Login: 32551s, Break: 3310s, Meeting: 0s
  Actual Break: 3310s, Final Login: 29241s
  Work Hours: 8.1225hrs, Required: 8hrs, Status: P
  Comparison: >= 8.0 (P)

Person: FNM3192, Date: 2026-09-21
  Login: 32468s, Break: 3375s, Meeting: 0s
  Actual Break: 3375s, Final Login: 29093s
  Work Hours: 8.0814hrs, Required: 8hrs, Status: P
  Comparison: >= 8.0 (P)

Person: FNM3520, Date: 2026-09-21
  Login: 30782s, Break: 1496s, Meeting: 0s
  Actual Break: 1496s, Final Login: 29286s
  Work Hours: 8.1350hrs, Required: 8hrs, Status: P
  Comparison: >= 8.0 (P)

Successfully synced 3 CSR-UPGRADE records.
  - Updated HD/A to P: 0 records
  - Skipped (already P): 28 records
PHP Warning:  PHP Startup: Unable to load dynamic library 'fileinfo.so' (tried: /usr/lib64/php7/extensions/fileinfo.so (/usr/lib64/php7/extensions/fileinfo.so: cannot open shared object file: No such file or directory), /usr/lib64/php7/extensions/fileinfo.so.so (/usr/lib64/php7/extensions/fileinfo.so.so: cannot open shared object file: No such file or directory)) in Unknown on line 0
PHP Warning:  Module 'pdo_pgsql' already loaded in Unknown on line 0
PHP Warning:  Module 'pgsql' already loaded in Unknown on line 0
PHP Warning:  Module 'Phar' already loaded in Unknown on line 0
>>> UPGRADE/DC/PLCC SYNC (SP) STARTED: 2026-09-21 00:00:00 to 2026-09-22 23:59:59 <<<
Processing 395 CSR users with UPGRADE process.
Fetching from Sampark via sp_agentwise_perform160... Found 50 rows.
Processing 35 records for CSR-UPGRADE users.

--- DEBUG INFO (First 5 records) ---
Person: FNM1726, Date: 2026-09-21
  Login: 32603s, Break: 3483s, Meeting: 0s
  Actual Break: 3483s, Final Login: 29120s
  Work Hours: 8.0889hrs, Required: 8hrs, Status: P
  Comparison: >= 8.0 (P)

Person: FNM2990, Date: 2026-09-21
  Login: 32886s, Break: 3322s, Meeting: 0s
  Actual Break: 3322s, Final Login: 29564s
  Work Hours: 8.2122hrs, Required: 8hrs, Status: P
  Comparison: >= 8.0 (P)

Person: FNM3157, Date: 2026-09-21
  Login: 32551s, Break: 3310s, Meeting: 0s
  Actual Break: 3310s, Final Login: 29241s
  Work Hours: 8.1225hrs, Required: 8hrs, Status: P
  Comparison: >= 8.0 (P)

Person: FNM3192, Date: 2026-09-21
  Login: 32468s, Break: 3375s, Meeting: 0s
  Actual Break: 3375s, Final Login: 29093s
  Work Hours: 8.0814hrs, Required: 8hrs, Status: P
  Comparison: >= 8.0 (P)

Person: FNM3520, Date: 2026-09-21
  Login: 30782s, Break: 1496s, Meeting: 0s
  Actual Break: 1496s, Final Login: 29286s
  Work Hours: 8.1350hrs, Required: 8hrs, Status: P
  Comparison: >= 8.0 (P)

Successfully synced 5 CSR-UPGRADE records.
  - Updated HD/A to P: 0 records
  - Skipped (already P): 28 records
PHP Warning:  PHP Startup: Unable to load dynamic library 'fileinfo.so' (tried: /usr/lib64/php7/extensions/fileinfo.so (/usr/lib64/php7/extensions/fileinfo.so: cannot open shared object file: No such file or directory), /usr/lib64/php7/extensions/fileinfo.so.so (/usr/lib64/php7/extensions/fileinfo.so.so: cannot open shared object file: No such file or directory)) in Unknown on line 0
PHP Warning:  Module 'pdo_pgsql' already loaded in Unknown on line 0
PHP Warning:  Module 'pgsql' already loaded in Unknown on line 0
PHP Warning:  Module 'Phar' already loaded in Unknown on line 0
>>> UPGRADE/DC/PLCC SYNC (SP) STARTED: 2026-09-21 00:00:00 to 2026-09-22 23:59:59 <<<
Processing 395 CSR users with UPGRADE process.
Fetching from Sampark via sp_agentwise_perform160... Found 79 rows.
Processing 57 records for CSR-UPGRADE users.

--- DEBUG INFO (First 5 records) ---
Person: FNM1726, Date: 2026-09-21
  Login: 32603s, Break: 3483s, Meeting: 0s
  Actual Break: 3483s, Final Login: 29120s
  Work Hours: 8.0889hrs, Required: 8hrs, Status: P
  Comparison: >= 8.0 (P)

Person: FNM2990, Date: 2026-09-21
  Login: 32886s, Break: 3322s, Meeting: 0s
  Actual Break: 3322s, Final Login: 29564s
  Work Hours: 8.2122hrs, Required: 8hrs, Status: P
  Comparison: >= 8.0 (P)

Person: FNM3157, Date: 2026-09-21
  Login: 32551s, Break: 3310s, Meeting: 0s
  Actual Break: 3310s, Final Login: 29241s
  Work Hours: 8.1225hrs, Required: 8hrs, Status: P
  Comparison: >= 8.0 (P)

Person: FNM3192, Date: 2026-09-21
  Login: 32468s, Break: 3375s, Meeting: 0s
  Actual Break: 3375s, Final Login: 29093s
  Work Hours: 8.0814hrs, Required: 8hrs, Status: P
  Comparison: >= 8.0 (P)

Person: FNM3520, Date: 2026-09-21
  Login: 30782s, Break: 1496s, Meeting: 0s
  Actual Break: 1496s, Final Login: 29286s
  Work Hours: 8.1350hrs, Required: 8hrs, Status: P
  Comparison: >= 8.0 (P)

Successfully synced 24 CSR-UPGRADE records.
  - Updated HD/A to P: 0 records
  - Skipped (already P): 28 records
PHP Warning:  PHP Startup: Unable to load dynamic library 'fileinfo.so' (tried: /usr/lib64/php7/extensions/fileinfo.so (/usr/lib64/php7/extensions/fileinfo.so: cannot open shared object file: No such file or directory), /usr/lib64/php7/extensions/fileinfo.so.so (/usr/lib64/php7/extensions/fileinfo.so.so: cannot open shared object file: No such file or directory)) in Unknown on line 0
PHP Warning:  Module 'pdo_pgsql' already loaded in Unknown on line 0
PHP Warning:  Module 'pgsql' already loaded in Unknown on line 0
PHP Warning:  Module 'Phar' already loaded in Unknown on line 0
>>> UPGRADE/DC/PLCC SYNC (SP) STARTED: 2026-09-21 00:00:00 to 2026-09-22 23:59:59 <<<
Processing 395 CSR users with UPGRADE process.
Fetching from Sampark via sp_agentwise_perform160... Found 81 rows.
Processing 58 records for CSR-UPGRADE users.

--- DEBUG INFO (First 5 records) ---
Person: FNM1726, Date: 2026-09-21
  Login: 32603s, Break: 3483s, Meeting: 0s
  Actual Break: 3483s, Final Login: 29120s
  Work Hours: 8.0889hrs, Required: 8hrs, Status: P
  Comparison: >= 8.0 (P)

Person: FNM2990, Date: 2026-09-21
  Login: 32886s, Break: 3322s, Meeting: 0s
  Actual Break: 3322s, Final Login: 29564s
  Work Hours: 8.2122hrs, Required: 8hrs, Status: P
  Comparison: >= 8.0 (P)

Person: FNM3157, Date: 2026-09-21
  Login: 32551s, Break: 3310s, Meeting: 0s
  Actual Break: 3310s, Final Login: 29241s
  Work Hours: 8.1225hrs, Required: 8hrs, Status: P
  Comparison: >= 8.0 (P)

Person: FNM3192, Date: 2026-09-21
  Login: 32468s, Break: 3375s, Meeting: 0s
  Actual Break: 3375s, Final Login: 29093s
  Work Hours: 8.0814hrs, Required: 8hrs, Status: P
  Comparison: >= 8.0 (P)

Person: FNM3520, Date: 2026-09-21
  Login: 30782s, Break: 1496s, Meeting: 0s
  Actual Break: 1496s, Final Login: 29286s
  Work Hours: 8.1350hrs, Required: 8hrs, Status: P
  Comparison: >= 8.0 (P)

Successfully synced 30 CSR-UPGRADE records.
  - Updated HD/A to P: 0 records
  - Skipped (already P): 28 records
PHP Warning:  PHP Startup: Unable to load dynamic library 'fileinfo.so' (tried: /usr/lib64/php7/extensions/fileinfo.so (/usr/lib64/php7/extensions/fileinfo.so: cannot open shared object file: No such file or directory), /usr/lib64/php7/extensions/fileinfo.so.so (/usr/lib64/php7/extensions/fileinfo.so.so: cannot open shared object file: No such file or directory)) in Unknown on line 0
PHP Warning:  Module 'pdo_pgsql' already loaded in Unknown on line 0
PHP Warning:  Module 'pgsql' already loaded in Unknown on line 0
PHP Warning:  Module 'Phar' already loaded in Unknown on line 0
>>> UPGRADE/DC/PLCC SYNC (SP) STARTED: 2026-09-21 00:00:00 to 2026-09-22 23:59:59 <<<
Processing 395 CSR users with UPGRADE process.
Fetching from Sampark via sp_agentwise_perform160... Found 81 rows.
Processing 58 records for CSR-UPGRADE users.

--- DEBUG INFO (First 5 records) ---
Person: FNM1726, Date: 2026-09-21
  Login: 32603s, Break: 3483s, Meeting: 0s
  Actual Break: 3483s, Final Login: 29120s
  Work Hours: 8.0889hrs, Required: 8hrs, Status: P
  Comparison: >= 8.0 (P)

Person: FNM2990, Date: 2026-09-21
  Login: 32886s, Break: 3322s, Meeting: 0s
  Actual Break: 3322s, Final Login: 29564s
  Work Hours: 8.2122hrs, Required: 8hrs, Status: P
  Comparison: >= 8.0 (P)

Person: FNM3157, Date: 2026-09-21
  Login: 32551s, Break: 3310s, Meeting: 0s
  Actual Break: 3310s, Final Login: 29241s
  Work Hours: 8.1225hrs, Required: 8hrs, Status: P
  Comparison: >= 8.0 (P)

Person: FNM3192, Date: 2026-09-21
  Login: 32468s, Break: 3375s, Meeting: 0s
  Actual Break: 3375s, Final Login: 29093s
  Work Hours: 8.0814hrs, Required: 8hrs, Status: P
  Comparison: >= 8.0 (P)

Person: FNM3520, Date: 2026-09-21
  Login: 30782s, Break: 1496s, Meeting: 0s
  Actual Break: 1496s, Final Login: 29286s
  Work Hours: 8.1350hrs, Required: 8hrs, Status: P
  Comparison: >= 8.0 (P)

Successfully synced 30 CSR-UPGRADE records.
  - Updated HD/A to P: 0 records
  - Skipped (already P): 28 records
PHP Warning:  PHP Startup: Unable to load dynamic library 'fileinfo.so' (tried: /usr/lib64/php7/extensions/fileinfo.so (/usr/lib64/php7/extensions/fileinfo.so: cannot open shared object file: No such file or directory), /usr/lib64/php7/extensions/fileinfo.so.so (/usr/lib64/php7/extensions/fileinfo.so.so: cannot open shared object file: No such file or directory)) in Unknown on line 0
PHP Warning:  Module 'pdo_pgsql' already loaded in Unknown on line 0
PHP Warning:  Module 'pgsql' already loaded in Unknown on line 0
PHP Warning:  Module 'Phar' already loaded in Unknown on line 0
>>> UPGRADE/DC/PLCC SYNC (SP) STARTED: 2026-09-21 00:00:00 to 2026-09-22 23:59:59 <<<
Processing 395 CSR users with UPGRADE process.
Fetching from Sampark via sp_agentwise_perform160... Found 81 rows.
Processing 58 records for CSR-UPGRADE users.

--- DEBUG INFO (First 5 records) ---
Person: FNM1726, Date: 2026-09-21
  Login: 32603s, Break: 3483s, Meeting: 0s
  Actual Break: 3483s, Final Login: 29120s
  Work Hours: 8.0889hrs, Required: 8hrs, Status: P
  Comparison: >= 8.0 (P)

Person: FNM2990, Date: 2026-09-21
  Login: 32886s, Break: 3322s, Meeting: 0s
  Actual Break: 3322s, Final Login: 29564s
  Work Hours: 8.2122hrs, Required: 8hrs, Status: P
  Comparison: >= 8.0 (P)

Person: FNM3157, Date: 2026-09-21
  Login: 32551s, Break: 3310s, Meeting: 0s
  Actual Break: 3310s, Final Login: 29241s
  Work Hours: 8.1225hrs, Required: 8hrs, Status: P
  Comparison: >= 8.0 (P)

Person: FNM3192, Date: 2026-09-21
  Login: 32468s, Break: 3375s, Meeting: 0s
  Actual Break: 3375s, Final Login: 29093s
  Work Hours: 8.0814hrs, Required: 8hrs, Status: P
  Comparison: >= 8.0 (P)

Person: FNM3520, Date: 2026-09-21
  Login: 30782s, Break: 1496s, Meeting: 0s
  Actual Break: 1496s, Final Login: 29286s
  Work Hours: 8.1350hrs, Required: 8hrs, Status: P
  Comparison: >= 8.0 (P)

Successfully synced 30 CSR-UPGRADE records.
  - Updated HD/A to P: 0 records
  - Skipped (already P): 28 records
PHP Warning:  PHP Startup: Unable to load dynamic library 'fileinfo.so' (tried: /usr/lib64/php7/extensions/fileinfo.so (/usr/lib64/php7/extensions/fileinfo.so: cannot open shared object file: No such file or directory), /usr/lib64/php7/extensions/fileinfo.so.so (/usr/lib64/php7/extensions/fileinfo.so.so: cannot open shared object file: No such file or directory)) in Unknown on line 0
PHP Warning:  Module 'pdo_pgsql' already loaded in Unknown on line 0
PHP Warning:  Module 'pgsql' already loaded in Unknown on line 0
PHP Warning:  Module 'Phar' already loaded in Unknown on line 0
>>> UPGRADE/DC/PLCC SYNC (SP) STARTED: 2026-09-21 00:00:00 to 2026-09-22 23:59:59 <<<
Processing 395 CSR users with UPGRADE process.
Fetching from Sampark via sp_agentwise_perform160... Found 81 rows.
Processing 58 records for CSR-UPGRADE users.

--- DEBUG INFO (First 5 records) ---
Person: FNM1726, Date: 2026-09-21
  Login: 32603s, Break: 3483s, Meeting: 0s
  Actual Break: 3483s, Final Login: 29120s
  Work Hours: 8.0889hrs, Required: 8hrs, Status: P
  Comparison: >= 8.0 (P)

Person: FNM2990, Date: 2026-09-21
  Login: 32886s, Break: 3322s, Meeting: 0s
  Actual Break: 3322s, Final Login: 29564s
  Work Hours: 8.2122hrs, Required: 8hrs, Status: P
  Comparison: >= 8.0 (P)

Person: FNM3157, Date: 2026-09-21
  Login: 32551s, Break: 3310s, Meeting: 0s
  Actual Break: 3310s, Final Login: 29241s
  Work Hours: 8.1225hrs, Required: 8hrs, Status: P
  Comparison: >= 8.0 (P)

Person: FNM3192, Date: 2026-09-21
  Login: 32468s, Break: 3375s, Meeting: 0s
  Actual Break: 3375s, Final Login: 29093s
  Work Hours: 8.0814hrs, Required: 8hrs, Status: P
  Comparison: >= 8.0 (P)

Person: FNM3520, Date: 2026-09-21
  Login: 30782s, Break: 1496s, Meeting: 0s
  Actual Break: 1496s, Final Login: 29286s
  Work Hours: 8.1350hrs, Required: 8hrs, Status: P
  Comparison: >= 8.0 (P)

Successfully synced 30 CSR-UPGRADE records.
  - Updated HD/A to P: 0 records
  - Skipped (already P): 28 records
PHP Warning:  PHP Startup: Unable to load dynamic library 'fileinfo.so' (tried: /usr/lib64/php7/extensions/fileinfo.so (/usr/lib64/php7/extensions/fileinfo.so: cannot open shared object file: No such file or directory), /usr/lib64/php7/extensions/fileinfo.so.so (/usr/lib64/php7/extensions/fileinfo.so.so: cannot open shared object file: No such file or directory)) in Unknown on line 0
PHP Warning:  Module 'pdo_pgsql' already loaded in Unknown on line 0
PHP Warning:  Module 'pgsql' already loaded in Unknown on line 0
PHP Warning:  Module 'Phar' already loaded in Unknown on line 0
>>> UPGRADE/DC/PLCC SYNC (SP) STARTED: 2026-09-21 00:00:00 to 2026-09-22 23:59:59 <<<
Processing 395 CSR users with UPGRADE process.
Fetching from Sampark via sp_agentwise_perform160... Found 81 rows.
Processing 58 records for CSR-UPGRADE users.

--- DEBUG INFO (First 5 records) ---
Person: FNM1726, Date: 2026-09-21
  Login: 32603s, Break: 3483s, Meeting: 0s
  Actual Break: 3483s, Final Login: 29120s
  Work Hours: 8.0889hrs, Required: 8hrs, Status: P
  Comparison: >= 8.0 (P)

Person: FNM2990, Date: 2026-09-21
  Login: 32886s, Break: 3322s, Meeting: 0s
  Actual Break: 3322s, Final Login: 29564s
  Work Hours: 8.2122hrs, Required: 8hrs, Status: P
  Comparison: >= 8.0 (P)

Person: FNM3157, Date: 2026-09-21
  Login: 32551s, Break: 3310s, Meeting: 0s
  Actual Break: 3310s, Final Login: 29241s
  Work Hours: 8.1225hrs, Required: 8hrs, Status: P
  Comparison: >= 8.0 (P)

Person: FNM3192, Date: 2026-09-21
  Login: 32468s, Break: 3375s, Meeting: 0s
  Actual Break: 3375s, Final Login: 29093s
  Work Hours: 8.0814hrs, Required: 8hrs, Status: P
  Comparison: >= 8.0 (P)

Person: FNM3520, Date: 2026-09-21
  Login: 30782s, Break: 1496s, Meeting: 0s
  Actual Break: 1496s, Final Login: 29286s
  Work Hours: 8.1350hrs, Required: 8hrs, Status: P
  Comparison: >= 8.0 (P)

Successfully synced 30 CSR-UPGRADE records.
  - Updated HD/A to P: 0 records
  - Skipped (already P): 28 records
PHP Warning:  PHP Startup: Unable to load dynamic library 'fileinfo.so' (tried: /usr/lib64/php7/extensions/fileinfo.so (/usr/lib64/php7/extensions/fileinfo.so: cannot open shared object file: No such file or directory), /usr/lib64/php7/extensions/fileinfo.so.so (/usr/lib64/php7/extensions/fileinfo.so.so: cannot open shared object file: No such file or directory)) in Unknown on line 0
PHP Warning:  Module 'pdo_pgsql' already loaded in Unknown on line 0
PHP Warning:  Module 'pgsql' already loaded in Unknown on line 0
PHP Warning:  Module 'Phar' already loaded in Unknown on line 0
>>> UPGRADE/DC/PLCC SYNC (SP) STARTED: 2026-09-21 00:00:00 to 2026-09-22 23:59:59 <<<
Processing 395 CSR users with UPGRADE process.
Fetching from Sampark via sp_agentwise_perform160... Found 81 rows.
Processing 58 records for CSR-UPGRADE users.

--- DEBUG INFO (First 5 records) ---
Person: FNM1726, Date: 2026-09-21
  Login: 32603s, Break: 3483s, Meeting: 0s
  Actual Break: 3483s, Final Login: 29120s
  Work Hours: 8.0889hrs, Required: 8hrs, Status: P
  Comparison: >= 8.0 (P)

Person: FNM2990, Date: 2026-09-21
  Login: 32886s, Break: 3322s, Meeting: 0s
  Actual Break: 3322s, Final Login: 29564s
  Work Hours: 8.2122hrs, Required: 8hrs, Status: P
  Comparison: >= 8.0 (P)

Person: FNM3157, Date: 2026-09-21
  Login: 32551s, Break: 3310s, Meeting: 0s
  Actual Break: 3310s, Final Login: 29241s
  Work Hours: 8.1225hrs, Required: 8hrs, Status: P
  Comparison: >= 8.0 (P)

Person: FNM3192, Date: 2026-09-21
  Login: 32468s, Break: 3375s, Meeting: 0s
  Actual Break: 3375s, Final Login: 29093s
  Work Hours: 8.0814hrs, Required: 8hrs, Status: P
  Comparison: >= 8.0 (P)

Person: FNM3520, Date: 2026-09-21
  Login: 30782s, Break: 1496s, Meeting: 0s
  Actual Break: 1496s, Final Login: 29286s
  Work Hours: 8.1350hrs, Required: 8hrs, Status: P
  Comparison: >= 8.0 (P)

Successfully synced 30 CSR-UPGRADE records.
  - Updated HD/A to P: 0 records
  - Skipped (already P): 28 records
PHP Warning:  PHP Startup: Unable to load dynamic library 'fileinfo.so' (tried: /usr/lib64/php7/extensions/fileinfo.so (/usr/lib64/php7/extensions/fileinfo.so: cannot open shared object file: No such file or directory), /usr/lib64/php7/extensions/fileinfo.so.so (/usr/lib64/php7/extensions/fileinfo.so.so: cannot open shared object file: No such file or directory)) in Unknown on line 0
PHP Warning:  Module 'pdo_pgsql' already loaded in Unknown on line 0
PHP Warning:  Module 'pgsql' already loaded in Unknown on line 0
PHP Warning:  Module 'Phar' already loaded in Unknown on line 0
>>> UPGRADE/DC/PLCC SYNC (SP) STARTED: 2026-09-21 00:00:00 to 2026-09-22 23:59:59 <<<
Processing 395 CSR users with UPGRADE process.
Fetching from Sampark via sp_agentwise_perform160... Found 81 rows.
Processing 58 records for CSR-UPGRADE users.

--- DEBUG INFO (First 5 records) ---
Person: FNM1726, Date: 2026-09-21
  Login: 32603s, Break: 3483s, Meeting: 0s
  Actual Break: 3483s, Final Login: 29120s
  Work Hours: 8.0889hrs, Required: 8hrs, Status: P
  Comparison: >= 8.0 (P)

Person: FNM2990, Date: 2026-09-21
  Login: 32886s, Break: 3322s, Meeting: 0s
  Actual Break: 3322s, Final Login: 29564s
  Work Hours: 8.2122hrs, Required: 8hrs, Status: P
  Comparison: >= 8.0 (P)

Person: FNM3157, Date: 2026-09-21
  Login: 32551s, Break: 3310s, Meeting: 0s
  Actual Break: 3310s, Final Login: 29241s
  Work Hours: 8.1225hrs, Required: 8hrs, Status: P
  Comparison: >= 8.0 (P)

Person: FNM3192, Date: 2026-09-21
  Login: 32468s, Break: 3375s, Meeting: 0s
  Actual Break: 3375s, Final Login: 29093s
  Work Hours: 8.0814hrs, Required: 8hrs, Status: P
  Comparison: >= 8.0 (P)

Person: FNM3520, Date: 2026-09-21
  Login: 30782s, Break: 1496s, Meeting: 0s
  Actual Break: 1496s, Final Login: 29286s
  Work Hours: 8.1350hrs, Required: 8hrs, Status: P
  Comparison: >= 8.0 (P)

Successfully synced 30 CSR-UPGRADE records.
  - Updated HD/A to P: 0 records
  - Skipped (already P): 28 records
PHP Warning:  PHP Startup: Unable to load dynamic library 'fileinfo.so' (tried: /usr/lib64/php7/extensions/fileinfo.so (/usr/lib64/php7/extensions/fileinfo.so: cannot open shared object file: No such file or directory), /usr/lib64/php7/extensions/fileinfo.so.so (/usr/lib64/php7/extensions/fileinfo.so.so: cannot open shared object file: No such file or directory)) in Unknown on line 0
PHP Warning:  Module 'pdo_pgsql' already loaded in Unknown on line 0
PHP Warning:  Module 'pgsql' already loaded in Unknown on line 0
PHP Warning:  Module 'Phar' already loaded in Unknown on line 0
>>> UPGRADE/DC/PLCC SYNC (SP) STARTED: 2026-09-21 00:00:00 to 2026-09-22 23:59:59 <<<
Processing 395 CSR users with UPGRADE process.
Fetching from Sampark via sp_agentwise_perform160... Found 81 rows.
Processing 58 records for CSR-UPGRADE users.

--- DEBUG INFO (First 5 records) ---
Person: FNM1726, Date: 2026-09-21
  Login: 32603s, Break: 3483s, Meeting: 0s
  Actual Break: 3483s, Final Login: 29120s
  Work Hours: 8.0889hrs, Required: 8hrs, Status: P
  Comparison: >= 8.0 (P)

Person: FNM2990, Date: 2026-09-21
  Login: 32886s, Break: 3322s, Meeting: 0s
  Actual Break: 3322s, Final Login: 29564s
  Work Hours: 8.2122hrs, Required: 8hrs, Status: P
  Comparison: >= 8.0 (P)

Person: FNM3157, Date: 2026-09-21
  Login: 32551s, Break: 3310s, Meeting: 0s
  Actual Break: 3310s, Final Login: 29241s
  Work Hours: 8.1225hrs, Required: 8hrs, Status: P
  Comparison: >= 8.0 (P)

Person: FNM3192, Date: 2026-09-21
  Login: 32468s, Break: 3375s, Meeting: 0s
  Actual Break: 3375s, Final Login: 29093s
  Work Hours: 8.0814hrs, Required: 8hrs, Status: P
  Comparison: >= 8.0 (P)

Person: FNM3520, Date: 2026-09-21
  Login: 30782s, Break: 1496s, Meeting: 0s
  Actual Break: 1496s, Final Login: 29286s
  Work Hours: 8.1350hrs, Required: 8hrs, Status: P
  Comparison: >= 8.0 (P)

Successfully synced 30 CSR-UPGRADE records.
  - Updated HD/A to P: 0 records
  - Skipped (already P): 28 records
PHP Warning:  PHP Startup: Unable to load dynamic library 'fileinfo.so' (tried: /usr/lib64/php7/extensions/fileinfo.so (/usr/lib64/php7/extensions/fileinfo.so: cannot open shared object file: No such file or directory), /usr/lib64/php7/extensions/fileinfo.so.so (/usr/lib64/php7/extensions/fileinfo.so.so: cannot open shared object file: No such file or directory)) in Unknown on line 0
PHP Warning:  Module 'pdo_pgsql' already loaded in Unknown on line 0
PHP Warning:  Module 'pgsql' already loaded in Unknown on line 0
PHP Warning:  Module 'Phar' already loaded in Unknown on line 0
>>> UPGRADE/DC/PLCC SYNC (SP) STARTED: 2026-09-21 00:00:00 to 2026-09-22 23:59:59 <<<
Processing 395 CSR users with UPGRADE process.
Fetching from Sampark via sp_agentwise_perform160... Found 81 rows.
Processing 58 records for CSR-UPGRADE users.

--- DEBUG INFO (First 5 records) ---
Person: FNM1726, Date: 2026-09-21
  Login: 32603s, Break: 3483s, Meeting: 0s
  Actual Break: 3483s, Final Login: 29120s
  Work Hours: 8.0889hrs, Required: 8hrs, Status: P
  Comparison: >= 8.0 (P)

Person: FNM2990, Date: 2026-09-21
  Login: 32886s, Break: 3322s, Meeting: 0s
  Actual Break: 3322s, Final Login: 29564s
  Work Hours: 8.2122hrs, Required: 8hrs, Status: P
  Comparison: >= 8.0 (P)

Person: FNM3157, Date: 2026-09-21
  Login: 32551s, Break: 3310s, Meeting: 0s
  Actual Break: 3310s, Final Login: 29241s
  Work Hours: 8.1225hrs, Required: 8hrs, Status: P
  Comparison: >= 8.0 (P)

Person: FNM3192, Date: 2026-09-21
  Login: 32468s, Break: 3375s, Meeting: 0s
  Actual Break: 3375s, Final Login: 29093s
  Work Hours: 8.0814hrs, Required: 8hrs, Status: P
  Comparison: >= 8.0 (P)

Person: FNM3520, Date: 2026-09-21
  Login: 30782s, Break: 1496s, Meeting: 0s
  Actual Break: 1496s, Final Login: 29286s
  Work Hours: 8.1350hrs, Required: 8hrs, Status: P
  Comparison: >= 8.0 (P)

Successfully synced 30 CSR-UPGRADE records.
  - Updated HD/A to P: 0 records
  - Skipped (already P): 28 records
PHP Warning:  PHP Startup: Unable to load dynamic library 'fileinfo.so' (tried: /usr/lib64/php7/extensions/fileinfo.so (/usr/lib64/php7/extensions/fileinfo.so: cannot open shared object file: No such file or directory), /usr/lib64/php7/extensions/fileinfo.so.so (/usr/lib64/php7/extensions/fileinfo.so.so: cannot open shared object file: No such file or directory)) in Unknown on line 0
PHP Warning:  Module 'pdo_pgsql' already loaded in Unknown on line 0
PHP Warning:  Module 'pgsql' already loaded in Unknown on line 0
PHP Warning:  Module 'Phar' already loaded in Unknown on line 0
>>> UPGRADE/DC/PLCC SYNC (SP) STARTED: 2026-09-21 00:00:00 to 2026-09-22 23:59:59 <<<
Processing 395 CSR users with UPGRADE process.
Fetching from Sampark via sp_agentwise_perform160... Found 81 rows.
Processing 58 records for CSR-UPGRADE users.

--- DEBUG INFO (First 5 records) ---
Person: FNM1726, Date: 2026-09-21
  Login: 32603s, Break: 3483s, Meeting: 0s
  Actual Break: 3483s, Final Login: 29120s
  Work Hours: 8.0889hrs, Required: 8hrs, Status: P
  Comparison: >= 8.0 (P)

Person: FNM2990, Date: 2026-09-21
  Login: 32886s, Break: 3322s, Meeting: 0s
  Actual Break: 3322s, Final Login: 29564s
  Work Hours: 8.2122hrs, Required: 8hrs, Status: P
  Comparison: >= 8.0 (P)

Person: FNM3157, Date: 2026-09-21
  Login: 32551s, Break: 3310s, Meeting: 0s
  Actual Break: 3310s, Final Login: 29241s
  Work Hours: 8.1225hrs, Required: 8hrs, Status: P
  Comparison: >= 8.0 (P)

Person: FNM3192, Date: 2026-09-21
  Login: 32468s, Break: 3375s, Meeting: 0s
  Actual Break: 3375s, Final Login: 29093s
  Work Hours: 8.0814hrs, Required: 8hrs, Status: P
  Comparison: >= 8.0 (P)

Person: FNM3520, Date: 2026-09-21
  Login: 30782s, Break: 1496s, Meeting: 0s
  Actual Break: 1496s, Final Login: 29286s
  Work Hours: 8.1350hrs, Required: 8hrs, Status: P
  Comparison: >= 8.0 (P)

Successfully synced 30 CSR-UPGRADE records.
  - Updated HD/A to P: 0 records
  - Skipped (already P): 28 records
PHP Warning:  PHP Startup: Unable to load dynamic library 'fileinfo.so' (tried: /usr/lib64/php7/extensions/fileinfo.so (/usr/lib64/php7/extensions/fileinfo.so: cannot open shared object file: No such file or directory), /usr/lib64/php7/extensions/fileinfo.so.so (/usr/lib64/php7/extensions/fileinfo.so.so: cannot open shared object file: No such file or directory)) in Unknown on line 0
PHP Warning:  Module 'pdo_pgsql' already loaded in Unknown on line 0
PHP Warning:  Module 'pgsql' already loaded in Unknown on line 0
PHP Warning:  Module 'Phar' already loaded in Unknown on line 0
>>> UPGRADE/DC/PLCC SYNC (SP) STARTED: 2026-09-21 00:00:00 to 2026-09-22 23:59:59 <<<
Processing 395 CSR users with UPGRADE process.
Fetching from Sampark via sp_agentwise_perform160... Found 81 rows.
Processing 58 records for CSR-UPGRADE users.

--- DEBUG INFO (First 5 records) ---
Person: FNM1726, Date: 2026-09-21
  Login: 32603s, Break: 3483s, Meeting: 0s
  Actual Break: 3483s, Final Login: 29120s
  Work Hours: 8.0889hrs, Required: 8hrs, Status: P
  Comparison: >= 8.0 (P)

Person: FNM2990, Date: 2026-09-21
  Login: 32886s, Break: 3322s, Meeting: 0s
  Actual Break: 3322s, Final Login: 29564s
  Work Hours: 8.2122hrs, Required: 8hrs, Status: P
  Comparison: >= 8.0 (P)

Person: FNM3157, Date: 2026-09-21
  Login: 32551s, Break: 3310s, Meeting: 0s
  Actual Break: 3310s, Final Login: 29241s
  Work Hours: 8.1225hrs, Required: 8hrs, Status: P
  Comparison: >= 8.0 (P)

Person: FNM3192, Date: 2026-09-21
  Login: 32468s, Break: 3375s, Meeting: 0s
  Actual Break: 3375s, Final Login: 29093s
  Work Hours: 8.0814hrs, Required: 8hrs, Status: P
  Comparison: >= 8.0 (P)

Person: FNM3520, Date: 2026-09-21
  Login: 30782s, Break: 1496s, Meeting: 0s
  Actual Break: 1496s, Final Login: 29286s
  Work Hours: 8.1350hrs, Required: 8hrs, Status: P
  Comparison: >= 8.0 (P)

Successfully synced 30 CSR-UPGRADE records.
  - Updated HD/A to P: 0 records
  - Skipped (already P): 28 records
PHP Warning:  PHP Startup: Unable to load dynamic library 'fileinfo.so' (tried: /usr/lib64/php7/extensions/fileinfo.so (/usr/lib64/php7/extensions/fileinfo.so: cannot open shared object file: No such file or directory), /usr/lib64/php7/extensions/fileinfo.so.so (/usr/lib64/php7/extensions/fileinfo.so.so: cannot open shared object file: No such file or directory)) in Unknown on line 0
PHP Warning:  Module 'pdo_pgsql' already loaded in Unknown on line 0
PHP Warning:  Module 'pgsql' already loaded in Unknown on line 0
PHP Warning:  Module 'Phar' already loaded in Unknown on line 0
>>> UPGRADE/DC/PLCC SYNC (SP) STARTED: 2026-09-21 00:00:00 to 2026-09-22 23:59:59 <<<
Processing 395 CSR users with UPGRADE process.
Fetching from Sampark via sp_agentwise_perform160... Found 81 rows.
Processing 58 records for CSR-UPGRADE users.

--- DEBUG INFO (First 5 records) ---
Person: FNM1726, Date: 2026-09-21
  Login: 32603s, Break: 3483s, Meeting: 0s
  Actual Break: 3483s, Final Login: 29120s
  Work Hours: 8.0889hrs, Required: 8hrs, Status: P
  Comparison: >= 8.0 (P)

Person: FNM2990, Date: 2026-09-21
  Login: 32886s, Break: 3322s, Meeting: 0s
  Actual Break: 3322s, Final Login: 29564s
  Work Hours: 8.2122hrs, Required: 8hrs, Status: P
  Comparison: >= 8.0 (P)

Person: FNM3157, Date: 2026-09-21
  Login: 32551s, Break: 3310s, Meeting: 0s
  Actual Break: 3310s, Final Login: 29241s
  Work Hours: 8.1225hrs, Required: 8hrs, Status: P
  Comparison: >= 8.0 (P)

Person: FNM3192, Date: 2026-09-21
  Login: 32468s, Break: 3375s, Meeting: 0s
  Actual Break: 3375s, Final Login: 29093s
  Work Hours: 8.0814hrs, Required: 8hrs, Status: P
  Comparison: >= 8.0 (P)

Person: FNM3520, Date: 2026-09-21
  Login: 30782s, Break: 1496s, Meeting: 0s
  Actual Break: 1496s, Final Login: 29286s
  Work Hours: 8.1350hrs, Required: 8hrs, Status: P
  Comparison: >= 8.0 (P)

Successfully synced 30 CSR-UPGRADE records.
  - Updated HD/A to P: 0 records
  - Skipped (already P): 28 records
PHP Warning:  PHP Startup: Unable to load dynamic library 'fileinfo.so' (tried: /usr/lib64/php7/extensions/fileinfo.so (/usr/lib64/php7/extensions/fileinfo.so: cannot open shared object file: No such file or directory), /usr/lib64/php7/extensions/fileinfo.so.so (/usr/lib64/php7/extensions/fileinfo.so.so: cannot open shared object file: No such file or directory)) in Unknown on line 0
PHP Warning:  Module 'pdo_pgsql' already loaded in Unknown on line 0
PHP Warning:  Module 'pgsql' already loaded in Unknown on line 0
PHP Warning:  Module 'Phar' already loaded in Unknown on line 0
>>> UPGRADE/DC/PLCC SYNC (SP) STARTED: 2026-09-21 00:00:00 to 2026-09-22 23:59:59 <<<
Processing 395 CSR users with UPGRADE process.
Fetching from Sampark via sp_agentwise_perform160... Found 81 rows.
Processing 58 records for CSR-UPGRADE users.

--- DEBUG INFO (First 5 records) ---
Person: FNM1726, Date: 2026-09-21
  Login: 32603s, Break: 3483s, Meeting: 0s
  Actual Break: 3483s, Final Login: 29120s
  Work Hours: 8.0889hrs, Required: 8hrs, Status: P
  Comparison: >= 8.0 (P)

Person: FNM2990, Date: 2026-09-21
  Login: 32886s, Break: 3322s, Meeting: 0s
  Actual Break: 3322s, Final Login: 29564s
  Work Hours: 8.2122hrs, Required: 8hrs, Status: P
  Comparison: >= 8.0 (P)

Person: FNM3157, Date: 2026-09-21
  Login: 32551s, Break: 3310s, Meeting: 0s
  Actual Break: 3310s, Final Login: 29241s
  Work Hours: 8.1225hrs, Required: 8hrs, Status: P
  Comparison: >= 8.0 (P)

Person: FNM3192, Date: 2026-09-21
  Login: 32468s, Break: 3375s, Meeting: 0s
  Actual Break: 3375s, Final Login: 29093s
  Work Hours: 8.0814hrs, Required: 8hrs, Status: P
  Comparison: >= 8.0 (P)

Person: FNM3520, Date: 2026-09-21
  Login: 30782s, Break: 1496s, Meeting: 0s
  Actual Break: 1496s, Final Login: 29286s
  Work Hours: 8.1350hrs, Required: 8hrs, Status: P
  Comparison: >= 8.0 (P)

Successfully synced 30 CSR-UPGRADE records.
  - Updated HD/A to P: 0 records
  - Skipped (already P): 28 records
PHP Warning:  PHP Startup: Unable to load dynamic library 'fileinfo.so' (tried: /usr/lib64/php7/extensions/fileinfo.so (/usr/lib64/php7/extensions/fileinfo.so: cannot open shared object file: No such file or directory), /usr/lib64/php7/extensions/fileinfo.so.so (/usr/lib64/php7/extensions/fileinfo.so.so: cannot open shared object file: No such file or directory)) in Unknown on line 0
PHP Warning:  Module 'pdo_pgsql' already loaded in Unknown on line 0
PHP Warning:  Module 'pgsql' already loaded in Unknown on line 0
PHP Warning:  Module 'Phar' already loaded in Unknown on line 0
>>> UPGRADE/DC/PLCC SYNC (SP) STARTED: 2026-09-21 00:00:00 to 2026-09-22 23:59:59 <<<
Processing 395 CSR users with UPGRADE process.
Fetching from Sampark via sp_agentwise_perform160... Found 81 rows.
Processing 58 records for CSR-UPGRADE users.

--- DEBUG INFO (First 5 records) ---
Person: FNM1726, Date: 2026-09-21
  Login: 32603s, Break: 3483s, Meeting: 0s
  Actual Break: 3483s, Final Login: 29120s
  Work Hours: 8.0889hrs, Required: 8hrs, Status: P
  Comparison: >= 8.0 (P)

Person: FNM2990, Date: 2026-09-21
  Login: 32886s, Break: 3322s, Meeting: 0s
  Actual Break: 3322s, Final Login: 29564s
  Work Hours: 8.2122hrs, Required: 8hrs, Status: P
  Comparison: >= 8.0 (P)

Person: FNM3157, Date: 2026-09-21
  Login: 32551s, Break: 3310s, Meeting: 0s
  Actual Break: 3310s, Final Login: 29241s
  Work Hours: 8.1225hrs, Required: 8hrs, Status: P
  Comparison: >= 8.0 (P)

Person: FNM3192, Date: 2026-09-21
  Login: 32468s, Break: 3375s, Meeting: 0s
  Actual Break: 3375s, Final Login: 29093s
  Work Hours: 8.0814hrs, Required: 8hrs, Status: P
  Comparison: >= 8.0 (P)

Person: FNM3520, Date: 2026-09-21
  Login: 30782s, Break: 1496s, Meeting: 0s
  Actual Break: 1496s, Final Login: 29286s
  Work Hours: 8.1350hrs, Required: 8hrs, Status: P
  Comparison: >= 8.0 (P)

Successfully synced 30 CSR-UPGRADE records.
  - Updated HD/A to P: 0 records
  - Skipped (already P): 28 records
PHP Warning:  PHP Startup: Unable to load dynamic library 'fileinfo.so' (tried: /usr/lib64/php7/extensions/fileinfo.so (/usr/lib64/php7/extensions/fileinfo.so: cannot open shared object file: No such file or directory), /usr/lib64/php7/extensions/fileinfo.so.so (/usr/lib64/php7/extensions/fileinfo.so.so: cannot open shared object file: No such file or directory)) in Unknown on line 0
PHP Warning:  Module 'pdo_pgsql' already loaded in Unknown on line 0
PHP Warning:  Module 'pgsql' already loaded in Unknown on line 0
PHP Warning:  Module 'Phar' already loaded in Unknown on line 0
>>> UPGRADE/DC/PLCC SYNC (SP) STARTED: 2026-09-21 00:00:00 to 2026-09-22 23:59:59 <<<
Processing 395 CSR users with UPGRADE process.
Fetching from Sampark via sp_agentwise_perform160... Found 81 rows.
Processing 58 records for CSR-UPGRADE users.

--- DEBUG INFO (First 5 records) ---
Person: FNM1726, Date: 2026-09-21
  Login: 32603s, Break: 3483s, Meeting: 0s
  Actual Break: 3483s, Final Login: 29120s
  Work Hours: 8.0889hrs, Required: 8hrs, Status: P
  Comparison: >= 8.0 (P)

Person: FNM2990, Date: 2026-09-21
  Login: 32886s, Break: 3322s, Meeting: 0s
  Actual Break: 3322s, Final Login: 29564s
  Work Hours: 8.2122hrs, Required: 8hrs, Status: P
  Comparison: >= 8.0 (P)

Person: FNM3157, Date: 2026-09-21
  Login: 32551s, Break: 3310s, Meeting: 0s
  Actual Break: 3310s, Final Login: 29241s
  Work Hours: 8.1225hrs, Required: 8hrs, Status: P
  Comparison: >= 8.0 (P)

Person: FNM3192, Date: 2026-09-21
  Login: 32468s, Break: 3375s, Meeting: 0s
  Actual Break: 3375s, Final Login: 29093s
  Work Hours: 8.0814hrs, Required: 8hrs, Status: P
  Comparison: >= 8.0 (P)

Person: FNM3520, Date: 2026-09-21
  Login: 30782s, Break: 1496s, Meeting: 0s
  Actual Break: 1496s, Final Login: 29286s
  Work Hours: 8.1350hrs, Required: 8hrs, Status: P
  Comparison: >= 8.0 (P)

Successfully synced 30 CSR-UPGRADE records.
  - Updated HD/A to P: 0 records
  - Skipped (already P): 28 records
PHP Warning:  PHP Startup: Unable to load dynamic library 'fileinfo.so' (tried: /usr/lib64/php7/extensions/fileinfo.so (/usr/lib64/php7/extensions/fileinfo.so: cannot open shared object file: No such file or directory), /usr/lib64/php7/extensions/fileinfo.so.so (/usr/lib64/php7/extensions/fileinfo.so.so: cannot open shared object file: No such file or directory)) in Unknown on line 0
PHP Warning:  Module 'pdo_pgsql' already loaded in Unknown on line 0
PHP Warning:  Module 'pgsql' already loaded in Unknown on line 0
PHP Warning:  Module 'Phar' already loaded in Unknown on line 0
>>> UPGRADE/DC/PLCC SYNC (SP) STARTED: 2026-09-21 00:00:00 to 2026-09-22 23:59:59 <<<
Processing 395 CSR users with UPGRADE process.
Fetching from Sampark via sp_agentwise_perform160... Found 81 rows.
Processing 58 records for CSR-UPGRADE users.

--- DEBUG INFO (First 5 records) ---
Person: FNM1726, Date: 2026-09-21
  Login: 32603s, Break: 3483s, Meeting: 0s
  Actual Break: 3483s, Final Login: 29120s
  Work Hours: 8.0889hrs, Required: 8hrs, Status: P
  Comparison: >= 8.0 (P)

Person: FNM2990, Date: 2026-09-21
  Login: 32886s, Break: 3322s, Meeting: 0s
  Actual Break: 3322s, Final Login: 29564s
  Work Hours: 8.2122hrs, Required: 8hrs, Status: P
  Comparison: >= 8.0 (P)

Person: FNM3157, Date: 2026-09-21
  Login: 32551s, Break: 3310s, Meeting: 0s
  Actual Break: 3310s, Final Login: 29241s
  Work Hours: 8.1225hrs, Required: 8hrs, Status: P
  Comparison: >= 8.0 (P)

Person: FNM3192, Date: 2026-09-21
  Login: 32468s, Break: 3375s, Meeting: 0s
  Actual Break: 3375s, Final Login: 29093s
  Work Hours: 8.0814hrs, Required: 8hrs, Status: P
  Comparison: >= 8.0 (P)

Person: FNM3728, Date: 2026-09-21
  Login: 32570s, Break: 3493s, Meeting: 0s
  Actual Break: 3493s, Final Login: 29077s
  Work Hours: 8.0769hrs, Required: 8hrs, Status: P
  Comparison: >= 8.0 (P)

Successfully synced 30 CSR-UPGRADE records.
  - Updated HD/A to P: 2 records
  - Skipped (already P): 27 records
PHP Warning:  PHP Startup: Unable to load dynamic library 'fileinfo.so' (tried: /usr/lib64/php7/extensions/fileinfo.so (/usr/lib64/php7/extensions/fileinfo.so: cannot open shared object file: No such file or directory), /usr/lib64/php7/extensions/fileinfo.so.so (/usr/lib64/php7/extensions/fileinfo.so.so: cannot open shared object file: No such file or directory)) in Unknown on line 0
PHP Warning:  Module 'pdo_pgsql' already loaded in Unknown on line 0
PHP Warning:  Module 'pgsql' already loaded in Unknown on line 0
PHP Warning:  Module 'Phar' already loaded in Unknown on line 0
>>> UPGRADE/DC/PLCC SYNC (SP) STARTED: 2026-09-21 00:00:00 to 2026-09-22 23:59:59 <<<
Processing 395 CSR users with UPGRADE process.
Fetching from Sampark via sp_agentwise_perform160... Found 81 rows.
Processing 58 records for CSR-UPGRADE users.

--- DEBUG INFO (First 5 records) ---
Person: FNM1726, Date: 2026-09-21
  Login: 32603s, Break: 3483s, Meeting: 0s
  Actual Break: 3483s, Final Login: 29120s
  Work Hours: 8.0889hrs, Required: 8hrs, Status: P
  Comparison: >= 8.0 (P)

Person: FNM2990, Date: 2026-09-21
  Login: 32886s, Break: 3322s, Meeting: 0s
  Actual Break: 3322s, Final Login: 29564s
  Work Hours: 8.2122hrs, Required: 8hrs, Status: P
  Comparison: >= 8.0 (P)

Person: FNM3157, Date: 2026-09-21
  Login: 32551s, Break: 3310s, Meeting: 0s
  Actual Break: 3310s, Final Login: 29241s
  Work Hours: 8.1225hrs, Required: 8hrs, Status: P
  Comparison: >= 8.0 (P)

Person: FNM3192, Date: 2026-09-21
  Login: 32468s, Break: 3375s, Meeting: 0s
  Actual Break: 3375s, Final Login: 29093s
  Work Hours: 8.0814hrs, Required: 8hrs, Status: P
  Comparison: >= 8.0 (P)

Person: FNM3728, Date: 2026-09-21
  Login: 32570s, Break: 3493s, Meeting: 0s
  Actual Break: 3493s, Final Login: 29077s
  Work Hours: 8.0769hrs, Required: 8hrs, Status: P
  Comparison: >= 8.0 (P)

Successfully synced 28 CSR-UPGRADE records.
  - Updated HD/A to P: 4 records
  - Skipped (already P): 29 records
PHP Warning:  PHP Startup: Unable to load dynamic library 'fileinfo.so' (tried: /usr/lib64/php7/extensions/fileinfo.so (/usr/lib64/php7/extensions/fileinfo.so: cannot open shared object file: No such file or directory), /usr/lib64/php7/extensions/fileinfo.so.so (/usr/lib64/php7/extensions/fileinfo.so.so: cannot open shared object file: No such file or directory)) in Unknown on line 0
PHP Warning:  Module 'pdo_pgsql' already loaded in Unknown on line 0
PHP Warning:  Module 'pgsql' already loaded in Unknown on line 0
PHP Warning:  Module 'Phar' already loaded in Unknown on line 0
>>> UPGRADE/DC/PLCC SYNC (SP) STARTED: 2026-09-21 00:00:00 to 2026-09-22 23:59:59 <<<
Processing 395 CSR users with UPGRADE process.
Fetching from Sampark via sp_agentwise_perform160... Found 81 rows.
Processing 58 records for CSR-UPGRADE users.

--- DEBUG INFO (First 5 records) ---
Person: FNM1726, Date: 2026-09-21
  Login: 32603s, Break: 3483s, Meeting: 0s
  Actual Break: 3483s, Final Login: 29120s
  Work Hours: 8.0889hrs, Required: 8hrs, Status: P
  Comparison: >= 8.0 (P)

Person: FNM2990, Date: 2026-09-21
  Login: 32886s, Break: 3322s, Meeting: 0s
  Actual Break: 3322s, Final Login: 29564s
  Work Hours: 8.2122hrs, Required: 8hrs, Status: P
  Comparison: >= 8.0 (P)

Person: FNM3157, Date: 2026-09-21
  Login: 32551s, Break: 3310s, Meeting: 0s
  Actual Break: 3310s, Final Login: 29241s
  Work Hours: 8.1225hrs, Required: 8hrs, Status: P
  Comparison: >= 8.0 (P)

Person: FNM3192, Date: 2026-09-21
  Login: 32468s, Break: 3375s, Meeting: 0s
  Actual Break: 3375s, Final Login: 29093s
  Work Hours: 8.0814hrs, Required: 8hrs, Status: P
  Comparison: >= 8.0 (P)

Person: FNM3728, Date: 2026-09-21
  Login: 32570s, Break: 3493s, Meeting: 0s
  Actual Break: 3493s, Final Login: 29077s
  Work Hours: 8.0769hrs, Required: 8hrs, Status: P
  Comparison: >= 8.0 (P)

Successfully synced 24 CSR-UPGRADE records.
  - Updated HD/A to P: 19 records
  - Skipped (already P): 33 records
PHP Warning:  PHP Startup: Unable to load dynamic library 'fileinfo.so' (tried: /usr/lib64/php7/extensions/fileinfo.so (/usr/lib64/php7/extensions/fileinfo.so: cannot open shared object file: No such file or directory), /usr/lib64/php7/extensions/fileinfo.so.so (/usr/lib64/php7/extensions/fileinfo.so.so: cannot open shared object file: No such file or directory)) in Unknown on line 0
PHP Warning:  Module 'pdo_pgsql' already loaded in Unknown on line 0
PHP Warning:  Module 'pgsql' already loaded in Unknown on line 0
PHP Warning:  Module 'Phar' already loaded in Unknown on line 0
>>> UPGRADE/DC/PLCC SYNC (SP) STARTED: 2026-09-21 00:00:00 to 2026-09-22 23:59:59 <<<
Processing 395 CSR users with UPGRADE process.
Fetching from Sampark via sp_agentwise_perform160... Found 81 rows.
Processing 58 records for CSR-UPGRADE users.

--- DEBUG INFO (First 5 records) ---
Person: FNM1726, Date: 2026-09-21
  Login: 32603s, Break: 3483s, Meeting: 0s
  Actual Break: 3483s, Final Login: 29120s
  Work Hours: 8.0889hrs, Required: 8hrs, Status: P
  Comparison: >= 8.0 (P)

Person: FNM2990, Date: 2026-09-21
  Login: 32886s, Break: 3322s, Meeting: 0s
  Actual Break: 3322s, Final Login: 29564s
  Work Hours: 8.2122hrs, Required: 8hrs, Status: P
  Comparison: >= 8.0 (P)

Person: FNM3157, Date: 2026-09-21
  Login: 32551s, Break: 3310s, Meeting: 0s
  Actual Break: 3310s, Final Login: 29241s
  Work Hours: 8.1225hrs, Required: 8hrs, Status: P
  Comparison: >= 8.0 (P)

Person: FNM3192, Date: 2026-09-21
  Login: 32468s, Break: 3375s, Meeting: 0s
  Actual Break: 3375s, Final Login: 29093s
  Work Hours: 8.0814hrs, Required: 8hrs, Status: P
  Comparison: >= 8.0 (P)

Person: FNM3728, Date: 2026-09-21
  Login: 32570s, Break: 3493s, Meeting: 0s
  Actual Break: 3493s, Final Login: 29077s
  Work Hours: 8.0769hrs, Required: 8hrs, Status: P
  Comparison: >= 8.0 (P)

Successfully synced 5 CSR-UPGRADE records.
  - Updated HD/A to P: 0 records
  - Skipped (already P): 52 records
PHP Warning:  PHP Startup: Unable to load dynamic library 'fileinfo.so' (tried: /usr/lib64/php7/extensions/fileinfo.so (/usr/lib64/php7/extensions/fileinfo.so: cannot open shared object file: No such file or directory), /usr/lib64/php7/extensions/fileinfo.so.so (/usr/lib64/php7/extensions/fileinfo.so.so: cannot open shared object file: No such file or directory)) in Unknown on line 0
PHP Warning:  Module 'pdo_pgsql' already loaded in Unknown on line 0
PHP Warning:  Module 'pgsql' already loaded in Unknown on line 0
PHP Warning:  Module 'Phar' already loaded in Unknown on line 0
>>> UPGRADE/DC/PLCC SYNC (SP) STARTED: 2026-09-21 00:00:00 to 2026-09-22 23:59:59 <<<
Processing 395 CSR users with UPGRADE process.
Fetching from Sampark via sp_agentwise_perform160... Found 81 rows.
Processing 58 records for CSR-UPGRADE users.

--- DEBUG INFO (First 5 records) ---
Person: FNM1726, Date: 2026-09-21
  Login: 32603s, Break: 3483s, Meeting: 0s
  Actual Break: 3483s, Final Login: 29120s
  Work Hours: 8.0889hrs, Required: 8hrs, Status: P
  Comparison: >= 8.0 (P)

Person: FNM2990, Date: 2026-09-21
  Login: 32886s, Break: 3322s, Meeting: 0s
  Actual Break: 3322s, Final Login: 29564s
  Work Hours: 8.2122hrs, Required: 8hrs, Status: P
  Comparison: >= 8.0 (P)

Person: FNM3157, Date: 2026-09-21
  Login: 32551s, Break: 3310s, Meeting: 0s
  Actual Break: 3310s, Final Login: 29241s
  Work Hours: 8.1225hrs, Required: 8hrs, Status: P
  Comparison: >= 8.0 (P)

Person: FNM3192, Date: 2026-09-21
  Login: 32468s, Break: 3375s, Meeting: 0s
  Actual Break: 3375s, Final Login: 29093s
  Work Hours: 8.0814hrs, Required: 8hrs, Status: P
  Comparison: >= 8.0 (P)

Person: FNM3728, Date: 2026-09-21
  Login: 32570s, Break: 3493s, Meeting: 0s
  Actual Break: 3493s, Final Login: 29077s
  Work Hours: 8.0769hrs, Required: 8hrs, Status: P
  Comparison: >= 8.0 (P)

Successfully synced 5 CSR-UPGRADE records.
  - Updated HD/A to P: 0 records
  - Skipped (already P): 52 records
PHP Warning:  PHP Startup: Unable to load dynamic library 'fileinfo.so' (tried: /usr/lib64/php7/extensions/fileinfo.so (/usr/lib64/php7/extensions/fileinfo.so: cannot open shared object file: No such file or directory), /usr/lib64/php7/extensions/fileinfo.so.so (/usr/lib64/php7/extensions/fileinfo.so.so: cannot open shared object file: No such file or directory)) in Unknown on line 0
PHP Warning:  Module 'pdo_pgsql' already loaded in Unknown on line 0
PHP Warning:  Module 'pgsql' already loaded in Unknown on line 0
PHP Warning:  Module 'Phar' already loaded in Unknown on line 0
>>> UPGRADE/DC/PLCC SYNC (SP) STARTED: 2026-09-21 00:00:00 to 2026-09-22 23:59:59 <<<
Processing 395 CSR users with UPGRADE process.
Fetching from Sampark via sp_agentwise_perform160... Found 81 rows.
Processing 58 records for CSR-UPGRADE users.

--- DEBUG INFO (First 5 records) ---
Person: FNM1726, Date: 2026-09-21
  Login: 32603s, Break: 3483s, Meeting: 0s
  Actual Break: 3483s, Final Login: 29120s
  Work Hours: 8.0889hrs, Required: 8hrs, Status: P
  Comparison: >= 8.0 (P)

Person: FNM2990, Date: 2026-09-21
  Login: 32886s, Break: 3322s, Meeting: 0s
  Actual Break: 3322s, Final Login: 29564s
  Work Hours: 8.2122hrs, Required: 8hrs, Status: P
  Comparison: >= 8.0 (P)

Person: FNM3157, Date: 2026-09-21
  Login: 32551s, Break: 3310s, Meeting: 0s
  Actual Break: 3310s, Final Login: 29241s
  Work Hours: 8.1225hrs, Required: 8hrs, Status: P
  Comparison: >= 8.0 (P)

Person: FNM3192, Date: 2026-09-21
  Login: 32468s, Break: 3375s, Meeting: 0s
  Actual Break: 3375s, Final Login: 29093s
  Work Hours: 8.0814hrs, Required: 8hrs, Status: P
  Comparison: >= 8.0 (P)

Person: FNM3728, Date: 2026-09-21
  Login: 32570s, Break: 3493s, Meeting: 0s
  Actual Break: 3493s, Final Login: 29077s
  Work Hours: 8.0769hrs, Required: 8hrs, Status: P
  Comparison: >= 8.0 (P)

Successfully synced 5 CSR-UPGRADE records.
  - Updated HD/A to P: 0 records
  - Skipped (already P): 52 records
PHP Warning:  PHP Startup: Unable to load dynamic library 'fileinfo.so' (tried: /usr/lib64/php7/extensions/fileinfo.so (/usr/lib64/php7/extensions/fileinfo.so: cannot open shared object file: No such file or directory), /usr/lib64/php7/extensions/fileinfo.so.so (/usr/lib64/php7/extensions/fileinfo.so.so: cannot open shared object file: No such file or directory)) in Unknown on line 0
PHP Warning:  Module 'pdo_pgsql' already loaded in Unknown on line 0
PHP Warning:  Module 'pgsql' already loaded in Unknown on line 0
PHP Warning:  Module 'Phar' already loaded in Unknown on line 0
>>> UPGRADE/DC/PLCC SYNC (SP) STARTED: 2026-09-21 00:00:00 to 2026-09-22 23:59:59 <<<
Processing 395 CSR users with UPGRADE process.
Fetching from Sampark via sp_agentwise_perform160... Found 81 rows.
Processing 58 records for CSR-UPGRADE users.

--- DEBUG INFO (First 5 records) ---
Person: FNM1726, Date: 2026-09-21
  Login: 32603s, Break: 3483s, Meeting: 0s
  Actual Break: 3483s, Final Login: 29120s
  Work Hours: 8.0889hrs, Required: 8hrs, Status: P
  Comparison: >= 8.0 (P)

Person: FNM2990, Date: 2026-09-21
  Login: 32886s, Break: 3322s, Meeting: 0s
  Actual Break: 3322s, Final Login: 29564s
  Work Hours: 8.2122hrs, Required: 8hrs, Status: P
  Comparison: >= 8.0 (P)

Person: FNM3157, Date: 2026-09-21
  Login: 32551s, Break: 3310s, Meeting: 0s
  Actual Break: 3310s, Final Login: 29241s
  Work Hours: 8.1225hrs, Required: 8hrs, Status: P
  Comparison: >= 8.0 (P)

Person: FNM3192, Date: 2026-09-21
  Login: 32468s, Break: 3375s, Meeting: 0s
  Actual Break: 3375s, Final Login: 29093s
  Work Hours: 8.0814hrs, Required: 8hrs, Status: P
  Comparison: >= 8.0 (P)

Person: FNM3728, Date: 2026-09-21
  Login: 32570s, Break: 3493s, Meeting: 0s
  Actual Break: 3493s, Final Login: 29077s
  Work Hours: 8.0769hrs, Required: 8hrs, Status: P
  Comparison: >= 8.0 (P)

Successfully synced 5 CSR-UPGRADE records.
  - Updated HD/A to P: 0 records
  - Skipped (already P): 52 records
PHP Warning:  PHP Startup: Unable to load dynamic library 'fileinfo.so' (tried: /usr/lib64/php7/extensions/fileinfo.so (/usr/lib64/php7/extensions/fileinfo.so: cannot open shared object file: No such file or directory), /usr/lib64/php7/extensions/fileinfo.so.so (/usr/lib64/php7/extensions/fileinfo.so.so: cannot open shared object file: No such file or directory)) in Unknown on line 0
PHP Warning:  Module 'pdo_pgsql' already loaded in Unknown on line 0
PHP Warning:  Module 'pgsql' already loaded in Unknown on line 0
PHP Warning:  Module 'Phar' already loaded in Unknown on line 0
>>> UPGRADE/DC/PLCC SYNC (SP) STARTED: 2026-09-21 00:00:00 to 2026-09-22 23:59:59 <<<
Processing 395 CSR users with UPGRADE process.
Fetching from Sampark via sp_agentwise_perform160... Found 81 rows.
Processing 58 records for CSR-UPGRADE users.

--- DEBUG INFO (First 5 records) ---
Person: FNM1726, Date: 2026-09-21
  Login: 32603s, Break: 3483s, Meeting: 0s
  Actual Break: 3483s, Final Login: 29120s
  Work Hours: 8.0889hrs, Required: 8hrs, Status: P
  Comparison: >= 8.0 (P)

Person: FNM2990, Date: 2026-09-21
  Login: 32886s, Break: 3322s, Meeting: 0s
  Actual Break: 3322s, Final Login: 29564s
  Work Hours: 8.2122hrs, Required: 8hrs, Status: P
  Comparison: >= 8.0 (P)

Person: FNM3157, Date: 2026-09-21
  Login: 32551s, Break: 3310s, Meeting: 0s
  Actual Break: 3310s, Final Login: 29241s
  Work Hours: 8.1225hrs, Required: 8hrs, Status: P
  Comparison: >= 8.0 (P)

Person: FNM3192, Date: 2026-09-21
  Login: 32468s, Break: 3375s, Meeting: 0s
  Actual Break: 3375s, Final Login: 29093s
  Work Hours: 8.0814hrs, Required: 8hrs, Status: P
  Comparison: >= 8.0 (P)

Person: FNM3728, Date: 2026-09-21
  Login: 32570s, Break: 3493s, Meeting: 0s
  Actual Break: 3493s, Final Login: 29077s
  Work Hours: 8.0769hrs, Required: 8hrs, Status: P
  Comparison: >= 8.0 (P)

Successfully synced 5 CSR-UPGRADE records.
  - Updated HD/A to P: 0 records
  - Skipped (already P): 52 records
PHP Warning:  PHP Startup: Unable to load dynamic library 'fileinfo.so' (tried: /usr/lib64/php7/extensions/fileinfo.so (/usr/lib64/php7/extensions/fileinfo.so: cannot open shared object file: No such file or directory), /usr/lib64/php7/extensions/fileinfo.so.so (/usr/lib64/php7/extensions/fileinfo.so.so: cannot open shared object file: No such file or directory)) in Unknown on line 0
PHP Warning:  Module 'pdo_pgsql' already loaded in Unknown on line 0
PHP Warning:  Module 'pgsql' already loaded in Unknown on line 0
PHP Warning:  Module 'Phar' already loaded in Unknown on line 0
>>> UPGRADE/DC/PLCC SYNC (SP) STARTED: 2026-09-21 00:00:00 to 2026-09-22 23:59:59 <<<
Processing 395 CSR users with UPGRADE process.
Fetching from Sampark via sp_agentwise_perform160... Found 81 rows.
Processing 58 records for CSR-UPGRADE users.

--- DEBUG INFO (First 5 records) ---
Person: FNM1726, Date: 2026-09-21
  Login: 32603s, Break: 3483s, Meeting: 0s
  Actual Break: 3483s, Final Login: 29120s
  Work Hours: 8.0889hrs, Required: 8hrs, Status: P
  Comparison: >= 8.0 (P)

Person: FNM2990, Date: 2026-09-21
  Login: 32886s, Break: 3322s, Meeting: 0s
  Actual Break: 3322s, Final Login: 29564s
  Work Hours: 8.2122hrs, Required: 8hrs, Status: P
  Comparison: >= 8.0 (P)

Person: FNM3157, Date: 2026-09-21
  Login: 32551s, Break: 3310s, Meeting: 0s
  Actual Break: 3310s, Final Login: 29241s
  Work Hours: 8.1225hrs, Required: 8hrs, Status: P
  Comparison: >= 8.0 (P)

Person: FNM3192, Date: 2026-09-21
  Login: 32468s, Break: 3375s, Meeting: 0s
  Actual Break: 3375s, Final Login: 29093s
  Work Hours: 8.0814hrs, Required: 8hrs, Status: P
  Comparison: >= 8.0 (P)

Person: FNM3728, Date: 2026-09-21
  Login: 32570s, Break: 3493s, Meeting: 0s
  Actual Break: 3493s, Final Login: 29077s
  Work Hours: 8.0769hrs, Required: 8hrs, Status: P
  Comparison: >= 8.0 (P)

Successfully synced 5 CSR-UPGRADE records.
  - Updated HD/A to P: 0 records
  - Skipped (already P): 52 records
PHP Warning:  PHP Startup: Unable to load dynamic library 'fileinfo.so' (tried: /usr/lib64/php7/extensions/fileinfo.so (/usr/lib64/php7/extensions/fileinfo.so: cannot open shared object file: No such file or directory), /usr/lib64/php7/extensions/fileinfo.so.so (/usr/lib64/php7/extensions/fileinfo.so.so: cannot open shared object file: No such file or directory)) in Unknown on line 0
PHP Warning:  Module 'pdo_pgsql' already loaded in Unknown on line 0
PHP Warning:  Module 'pgsql' already loaded in Unknown on line 0
PHP Warning:  Module 'Phar' already loaded in Unknown on line 0
>>> UPGRADE/DC/PLCC SYNC (SP) STARTED: 2026-09-21 00:00:00 to 2026-09-22 23:59:59 <<<
Processing 395 CSR users with UPGRADE process.
Fetching from Sampark via sp_agentwise_perform160... Found 81 rows.
Processing 58 records for CSR-UPGRADE users.

--- DEBUG INFO (First 5 records) ---
Person: FNM1726, Date: 2026-09-21
  Login: 32603s, Break: 3483s, Meeting: 0s
  Actual Break: 3483s, Final Login: 29120s
  Work Hours: 8.0889hrs, Required: 8hrs, Status: P
  Comparison: >= 8.0 (P)

Person: FNM2990, Date: 2026-09-21
  Login: 32886s, Break: 3322s, Meeting: 0s
  Actual Break: 3322s, Final Login: 29564s
  Work Hours: 8.2122hrs, Required: 8hrs, Status: P
  Comparison: >= 8.0 (P)

Person: FNM3157, Date: 2026-09-21
  Login: 32551s, Break: 3310s, Meeting: 0s
  Actual Break: 3310s, Final Login: 29241s
  Work Hours: 8.1225hrs, Required: 8hrs, Status: P
  Comparison: >= 8.0 (P)

Person: FNM3192, Date: 2026-09-21
  Login: 32468s, Break: 3375s, Meeting: 0s
  Actual Break: 3375s, Final Login: 29093s
  Work Hours: 8.0814hrs, Required: 8hrs, Status: P
  Comparison: >= 8.0 (P)

Person: FNM3728, Date: 2026-09-21
  Login: 32570s, Break: 3493s, Meeting: 0s
  Actual Break: 3493s, Final Login: 29077s
  Work Hours: 8.0769hrs, Required: 8hrs, Status: P
  Comparison: >= 8.0 (P)

Successfully synced 5 CSR-UPGRADE records.
  - Updated HD/A to P: 0 records
  - Skipped (already P): 52 records
PHP Warning:  PHP Startup: Unable to load dynamic library 'fileinfo.so' (tried: /usr/lib64/php7/extensions/fileinfo.so (/usr/lib64/php7/extensions/fileinfo.so: cannot open shared object file: No such file or directory), /usr/lib64/php7/extensions/fileinfo.so.so (/usr/lib64/php7/extensions/fileinfo.so.so: cannot open shared object file: No such file or directory)) in Unknown on line 0
PHP Warning:  Module 'pdo_pgsql' already loaded in Unknown on line 0
PHP Warning:  Module 'pgsql' already loaded in Unknown on line 0
PHP Warning:  Module 'Phar' already loaded in Unknown on line 0
>>> UPGRADE/DC/PLCC SYNC (SP) STARTED: 2026-09-21 00:00:00 to 2026-09-22 23:59:59 <<<
Processing 395 CSR users with UPGRADE process.
Fetching from Sampark via sp_agentwise_perform160... Found 81 rows.
Processing 58 records for CSR-UPGRADE users.

--- DEBUG INFO (First 5 records) ---
Person: FNM1726, Date: 2026-09-21
  Login: 32603s, Break: 3483s, Meeting: 0s
  Actual Break: 3483s, Final Login: 29120s
  Work Hours: 8.0889hrs, Required: 8hrs, Status: P
  Comparison: >= 8.0 (P)

Person: FNM2990, Date: 2026-09-21
  Login: 32886s, Break: 3322s, Meeting: 0s
  Actual Break: 3322s, Final Login: 29564s
  Work Hours: 8.2122hrs, Required: 8hrs, Status: P
  Comparison: >= 8.0 (P)

Person: FNM3157, Date: 2026-09-21
  Login: 32551s, Break: 3310s, Meeting: 0s
  Actual Break: 3310s, Final Login: 29241s
  Work Hours: 8.1225hrs, Required: 8hrs, Status: P
  Comparison: >= 8.0 (P)

Person: FNM3192, Date: 2026-09-21
  Login: 32468s, Break: 3375s, Meeting: 0s
  Actual Break: 3375s, Final Login: 29093s
  Work Hours: 8.0814hrs, Required: 8hrs, Status: P
  Comparison: >= 8.0 (P)

Person: FNM3728, Date: 2026-09-21
  Login: 32570s, Break: 3493s, Meeting: 0s
  Actual Break: 3493s, Final Login: 29077s
  Work Hours: 8.0769hrs, Required: 8hrs, Status: P
  Comparison: >= 8.0 (P)

Successfully synced 5 CSR-UPGRADE records.
  - Updated HD/A to P: 0 records
  - Skipped (already P): 52 records
PHP Warning:  PHP Startup: Unable to load dynamic library 'fileinfo.so' (tried: /usr/lib64/php7/extensions/fileinfo.so (/usr/lib64/php7/extensions/fileinfo.so: cannot open shared object file: No such file or directory), /usr/lib64/php7/extensions/fileinfo.so.so (/usr/lib64/php7/extensions/fileinfo.so.so: cannot open shared object file: No such file or directory)) in Unknown on line 0
PHP Warning:  Module 'pdo_pgsql' already loaded in Unknown on line 0
PHP Warning:  Module 'pgsql' already loaded in Unknown on line 0
PHP Warning:  Module 'Phar' already loaded in Unknown on line 0
>>> UPGRADE/DC/PLCC SYNC (SP) STARTED: 2026-09-21 00:00:00 to 2026-09-22 23:59:59 <<<
Processing 395 CSR users with UPGRADE process.
Fetching from Sampark via sp_agentwise_perform160... Found 81 rows.
Processing 58 records for CSR-UPGRADE users.

--- DEBUG INFO (First 5 records) ---
Person: FNM1726, Date: 2026-09-21
  Login: 32603s, Break: 3483s, Meeting: 0s
  Actual Break: 3483s, Final Login: 29120s
  Work Hours: 8.0889hrs, Required: 8hrs, Status: P
  Comparison: >= 8.0 (P)

Person: FNM2990, Date: 2026-09-21
  Login: 32886s, Break: 3322s, Meeting: 0s
  Actual Break: 3322s, Final Login: 29564s
  Work Hours: 8.2122hrs, Required: 8hrs, Status: P
  Comparison: >= 8.0 (P)

Person: FNM3157, Date: 2026-09-21
  Login: 32551s, Break: 3310s, Meeting: 0s
  Actual Break: 3310s, Final Login: 29241s
  Work Hours: 8.1225hrs, Required: 8hrs, Status: P
  Comparison: >= 8.0 (P)

Person: FNM3192, Date: 2026-09-21
  Login: 32468s, Break: 3375s, Meeting: 0s
  Actual Break: 3375s, Final Login: 29093s
  Work Hours: 8.0814hrs, Required: 8hrs, Status: P
  Comparison: >= 8.0 (P)

Person: FNM3728, Date: 2026-09-21
  Login: 32570s, Break: 3493s, Meeting: 0s
  Actual Break: 3493s, Final Login: 29077s
  Work Hours: 8.0769hrs, Required: 8hrs, Status: P
  Comparison: >= 8.0 (P)

Successfully synced 5 CSR-UPGRADE records.
  - Updated HD/A to P: 0 records
  - Skipped (already P): 52 records
PHP Warning:  PHP Startup: Unable to load dynamic library 'fileinfo.so' (tried: /usr/lib64/php7/extensions/fileinfo.so (/usr/lib64/php7/extensions/fileinfo.so: cannot open shared object file: No such file or directory), /usr/lib64/php7/extensions/fileinfo.so.so (/usr/lib64/php7/extensions/fileinfo.so.so: cannot open shared object file: No such file or directory)) in Unknown on line 0
PHP Warning:  Module 'pdo_pgsql' already loaded in Unknown on line 0
PHP Warning:  Module 'pgsql' already loaded in Unknown on line 0
PHP Warning:  Module 'Phar' already loaded in Unknown on line 0
>>> UPGRADE/DC/PLCC SYNC (SP) STARTED: 2026-09-22 00:00:00 to 2026-09-23 23:59:59 <<<
Processing 395 CSR users with UPGRADE process.
Fetching from Sampark via sp_agentwise_perform160... Found 38 rows.
Processing 28 records for CSR-UPGRADE users.

--- DEBUG INFO (First 5 records) ---
Person: FNM1726, Date: 2026-09-22
  Login: 32129s, Break: 3554s, Meeting: 0s
  Actual Break: 3554s, Final Login: 28575s
  Work Hours: 7.9375hrs, Required: 8hrs, Status: HD
  Comparison: < 8.0

Person: FNM2990, Date: 2026-09-22
  Login: 32323s, Break: 2852s, Meeting: 0s
  Actual Break: 2852s, Final Login: 29471s
  Work Hours: 8.1864hrs, Required: 8hrs, Status: P
  Comparison: >= 8.0 (P)

Person: FNM3157, Date: 2026-09-22
  Login: 33197s, Break: 3365s, Meeting: 0s
  Actual Break: 3365s, Final Login: 29832s
  Work Hours: 8.2867hrs, Required: 8hrs, Status: P
  Comparison: >= 8.0 (P)

Person: FNM3192, Date: 2026-09-22
  Login: 32890s, Break: 3337s, Meeting: 0s
  Actual Break: 3337s, Final Login: 29553s
  Work Hours: 8.2092hrs, Required: 8hrs, Status: P
  Comparison: >= 8.0 (P)

Person: FNM3520, Date: 2026-09-22
  Login: 33636s, Break: 3793s, Meeting: 0s
  Actual Break: 3793s, Final Login: 29843s
  Work Hours: 8.2897hrs, Required: 8hrs, Status: P
  Comparison: >= 8.0 (P)

Successfully synced 3 CSR-UPGRADE records.
  - Updated HD/A to P: 0 records
  - Skipped (already P): 25 records
PHP Warning:  PHP Startup: Unable to load dynamic library 'fileinfo.so' (tried: /usr/lib64/php7/extensions/fileinfo.so (/usr/lib64/php7/extensions/fileinfo.so: cannot open shared object file: No such file or directory), /usr/lib64/php7/extensions/fileinfo.so.so (/usr/lib64/php7/extensions/fileinfo.so.so: cannot open shared object file: No such file or directory)) in Unknown on line 0
PHP Warning:  Module 'pdo_pgsql' already loaded in Unknown on line 0
PHP Warning:  Module 'pgsql' already loaded in Unknown on line 0
PHP Warning:  Module 'Phar' already loaded in Unknown on line 0
>>> UPGRADE/DC/PLCC SYNC (SP) STARTED: 2026-09-22 00:00:00 to 2026-09-23 23:59:59 <<<
Processing 395 CSR users with UPGRADE process.
Fetching from Sampark via sp_agentwise_perform160... Found 38 rows.
Processing 28 records for CSR-UPGRADE users.

--- DEBUG INFO (First 5 records) ---
Person: FNM1726, Date: 2026-09-22
  Login: 32129s, Break: 3554s, Meeting: 0s
  Actual Break: 3554s, Final Login: 28575s
  Work Hours: 7.9375hrs, Required: 8hrs, Status: HD
  Comparison: < 8.0

Person: FNM2990, Date: 2026-09-22
  Login: 32323s, Break: 2852s, Meeting: 0s
  Actual Break: 2852s, Final Login: 29471s
  Work Hours: 8.1864hrs, Required: 8hrs, Status: P
  Comparison: >= 8.0 (P)

Person: FNM3157, Date: 2026-09-22
  Login: 33197s, Break: 3365s, Meeting: 0s
  Actual Break: 3365s, Final Login: 29832s
  Work Hours: 8.2867hrs, Required: 8hrs, Status: P
  Comparison: >= 8.0 (P)

Person: FNM3192, Date: 2026-09-22
  Login: 32890s, Break: 3337s, Meeting: 0s
  Actual Break: 3337s, Final Login: 29553s
  Work Hours: 8.2092hrs, Required: 8hrs, Status: P
  Comparison: >= 8.0 (P)

Person: FNM3520, Date: 2026-09-22
  Login: 33636s, Break: 3793s, Meeting: 0s
  Actual Break: 3793s, Final Login: 29843s
  Work Hours: 8.2897hrs, Required: 8hrs, Status: P
  Comparison: >= 8.0 (P)

Successfully synced 3 CSR-UPGRADE records.
  - Updated HD/A to P: 0 records
  - Skipped (already P): 25 records
PHP Warning:  PHP Startup: Unable to load dynamic library 'fileinfo.so' (tried: /usr/lib64/php7/extensions/fileinfo.so (/usr/lib64/php7/extensions/fileinfo.so: cannot open shared object file: No such file or directory), /usr/lib64/php7/extensions/fileinfo.so.so (/usr/lib64/php7/extensions/fileinfo.so.so: cannot open shared object file: No such file or directory)) in Unknown on line 0
PHP Warning:  Module 'pdo_pgsql' already loaded in Unknown on line 0
PHP Warning:  Module 'pgsql' already loaded in Unknown on line 0
PHP Warning:  Module 'Phar' already loaded in Unknown on line 0
>>> UPGRADE/DC/PLCC SYNC (SP) STARTED: 2026-09-22 00:00:00 to 2026-09-23 23:59:59 <<<
Processing 395 CSR users with UPGRADE process.
Fetching from Sampark via sp_agentwise_perform160... Found 38 rows.
Processing 28 records for CSR-UPGRADE users.

--- DEBUG INFO (First 5 records) ---
Person: FNM1726, Date: 2026-09-22
  Login: 32129s, Break: 3554s, Meeting: 0s
  Actual Break: 3554s, Final Login: 28575s
  Work Hours: 7.9375hrs, Required: 8hrs, Status: HD
  Comparison: < 8.0

Person: FNM2990, Date: 2026-09-22
  Login: 32323s, Break: 2852s, Meeting: 0s
  Actual Break: 2852s, Final Login: 29471s
  Work Hours: 8.1864hrs, Required: 8hrs, Status: P
  Comparison: >= 8.0 (P)

Person: FNM3157, Date: 2026-09-22
  Login: 33197s, Break: 3365s, Meeting: 0s
  Actual Break: 3365s, Final Login: 29832s
  Work Hours: 8.2867hrs, Required: 8hrs, Status: P
  Comparison: >= 8.0 (P)

Person: FNM3192, Date: 2026-09-22
  Login: 32890s, Break: 3337s, Meeting: 0s
  Actual Break: 3337s, Final Login: 29553s
  Work Hours: 8.2092hrs, Required: 8hrs, Status: P
  Comparison: >= 8.0 (P)

Person: FNM3520, Date: 2026-09-22
  Login: 33636s, Break: 3793s, Meeting: 0s
  Actual Break: 3793s, Final Login: 29843s
  Work Hours: 8.2897hrs, Required: 8hrs, Status: P
  Comparison: >= 8.0 (P)

Successfully synced 3 CSR-UPGRADE records.
  - Updated HD/A to P: 0 records
  - Skipped (already P): 25 records
PHP Warning:  PHP Startup: Unable to load dynamic library 'fileinfo.so' (tried: /usr/lib64/php7/extensions/fileinfo.so (/usr/lib64/php7/extensions/fileinfo.so: cannot open shared object file: No such file or directory), /usr/lib64/php7/extensions/fileinfo.so.so (/usr/lib64/php7/extensions/fileinfo.so.so: cannot open shared object file: No such file or directory)) in Unknown on line 0
PHP Warning:  Module 'pdo_pgsql' already loaded in Unknown on line 0
PHP Warning:  Module 'pgsql' already loaded in Unknown on line 0
PHP Warning:  Module 'Phar' already loaded in Unknown on line 0
>>> UPGRADE/DC/PLCC SYNC (SP) STARTED: 2026-09-22 00:00:00 to 2026-09-23 23:59:59 <<<
Processing 395 CSR users with UPGRADE process.
Fetching from Sampark via sp_agentwise_perform160... Found 38 rows.
Processing 28 records for CSR-UPGRADE users.

--- DEBUG INFO (First 5 records) ---
Person: FNM1726, Date: 2026-09-22
  Login: 32129s, Break: 3554s, Meeting: 0s
  Actual Break: 3554s, Final Login: 28575s
  Work Hours: 7.9375hrs, Required: 8hrs, Status: HD
  Comparison: < 8.0

Person: FNM2990, Date: 2026-09-22
  Login: 32323s, Break: 2852s, Meeting: 0s
  Actual Break: 2852s, Final Login: 29471s
  Work Hours: 8.1864hrs, Required: 8hrs, Status: P
  Comparison: >= 8.0 (P)

Person: FNM3157, Date: 2026-09-22
  Login: 33197s, Break: 3365s, Meeting: 0s
  Actual Break: 3365s, Final Login: 29832s
  Work Hours: 8.2867hrs, Required: 8hrs, Status: P
  Comparison: >= 8.0 (P)

Person: FNM3192, Date: 2026-09-22
  Login: 32890s, Break: 3337s, Meeting: 0s
  Actual Break: 3337s, Final Login: 29553s
  Work Hours: 8.2092hrs, Required: 8hrs, Status: P
  Comparison: >= 8.0 (P)

Person: FNM3520, Date: 2026-09-22
  Login: 33636s, Break: 3793s, Meeting: 0s
  Actual Break: 3793s, Final Login: 29843s
  Work Hours: 8.2897hrs, Required: 8hrs, Status: P
  Comparison: >= 8.0 (P)

Successfully synced 3 CSR-UPGRADE records.
  - Updated HD/A to P: 0 records
  - Skipped (already P): 25 records
PHP Warning:  PHP Startup: Unable to load dynamic library 'fileinfo.so' (tried: /usr/lib64/php7/extensions/fileinfo.so (/usr/lib64/php7/extensions/fileinfo.so: cannot open shared object file: No such file or directory), /usr/lib64/php7/extensions/fileinfo.so.so (/usr/lib64/php7/extensions/fileinfo.so.so: cannot open shared object file: No such file or directory)) in Unknown on line 0
PHP Warning:  Module 'pdo_pgsql' already loaded in Unknown on line 0
PHP Warning:  Module 'pgsql' already loaded in Unknown on line 0
PHP Warning:  Module 'Phar' already loaded in Unknown on line 0
>>> UPGRADE/DC/PLCC SYNC (SP) STARTED: 2026-09-22 00:00:00 to 2026-09-23 23:59:59 <<<
Processing 395 CSR users with UPGRADE process.
Fetching from Sampark via sp_agentwise_perform160... Found 38 rows.
Processing 28 records for CSR-UPGRADE users.

--- DEBUG INFO (First 5 records) ---
Person: FNM1726, Date: 2026-09-22
  Login: 32129s, Break: 3554s, Meeting: 0s
  Actual Break: 3554s, Final Login: 28575s
  Work Hours: 7.9375hrs, Required: 8hrs, Status: HD
  Comparison: < 8.0

Person: FNM2990, Date: 2026-09-22
  Login: 32323s, Break: 2852s, Meeting: 0s
  Actual Break: 2852s, Final Login: 29471s
  Work Hours: 8.1864hrs, Required: 8hrs, Status: P
  Comparison: >= 8.0 (P)

Person: FNM3157, Date: 2026-09-22
  Login: 33197s, Break: 3365s, Meeting: 0s
  Actual Break: 3365s, Final Login: 29832s
  Work Hours: 8.2867hrs, Required: 8hrs, Status: P
  Comparison: >= 8.0 (P)

Person: FNM3192, Date: 2026-09-22
  Login: 32890s, Break: 3337s, Meeting: 0s
  Actual Break: 3337s, Final Login: 29553s
  Work Hours: 8.2092hrs, Required: 8hrs, Status: P
  Comparison: >= 8.0 (P)

Person: FNM3520, Date: 2026-09-22
  Login: 33636s, Break: 3793s, Meeting: 0s
  Actual Break: 3793s, Final Login: 29843s
  Work Hours: 8.2897hrs, Required: 8hrs, Status: P
  Comparison: >= 8.0 (P)

Successfully synced 3 CSR-UPGRADE records.
  - Updated HD/A to P: 0 records
  - Skipped (already P): 25 records
PHP Warning:  PHP Startup: Unable to load dynamic library 'fileinfo.so' (tried: /usr/lib64/php7/extensions/fileinfo.so (/usr/lib64/php7/extensions/fileinfo.so: cannot open shared object file: No such file or directory), /usr/lib64/php7/extensions/fileinfo.so.so (/usr/lib64/php7/extensions/fileinfo.so.so: cannot open shared object file: No such file or directory)) in Unknown on line 0
PHP Warning:  Module 'pdo_pgsql' already loaded in Unknown on line 0
PHP Warning:  Module 'pgsql' already loaded in Unknown on line 0
PHP Warning:  Module 'Phar' already loaded in Unknown on line 0
>>> UPGRADE/DC/PLCC SYNC (SP) STARTED: 2026-09-22 00:00:00 to 2026-09-23 23:59:59 <<<
Processing 395 CSR users with UPGRADE process.
Fetching from Sampark via sp_agentwise_perform160... Found 38 rows.
Processing 28 records for CSR-UPGRADE users.

--- DEBUG INFO (First 5 records) ---
Person: FNM1726, Date: 2026-09-22
  Login: 32129s, Break: 3554s, Meeting: 0s
  Actual Break: 3554s, Final Login: 28575s
  Work Hours: 7.9375hrs, Required: 8hrs, Status: HD
  Comparison: < 8.0

Person: FNM2990, Date: 2026-09-22
  Login: 32323s, Break: 2852s, Meeting: 0s
  Actual Break: 2852s, Final Login: 29471s
  Work Hours: 8.1864hrs, Required: 8hrs, Status: P
  Comparison: >= 8.0 (P)

Person: FNM3157, Date: 2026-09-22
  Login: 33197s, Break: 3365s, Meeting: 0s
  Actual Break: 3365s, Final Login: 29832s
  Work Hours: 8.2867hrs, Required: 8hrs, Status: P
  Comparison: >= 8.0 (P)

Person: FNM3192, Date: 2026-09-22
  Login: 32890s, Break: 3337s, Meeting: 0s
  Actual Break: 3337s, Final Login: 29553s
  Work Hours: 8.2092hrs, Required: 8hrs, Status: P
  Comparison: >= 8.0 (P)

Person: FNM3520, Date: 2026-09-22
  Login: 33636s, Break: 3793s, Meeting: 0s
  Actual Break: 3793s, Final Login: 29843s
  Work Hours: 8.2897hrs, Required: 8hrs, Status: P
  Comparison: >= 8.0 (P)

Successfully synced 3 CSR-UPGRADE records.
  - Updated HD/A to P: 0 records
  - Skipped (already P): 25 records
PHP Warning:  PHP Startup: Unable to load dynamic library 'fileinfo.so' (tried: /usr/lib64/php7/extensions/fileinfo.so (/usr/lib64/php7/extensions/fileinfo.so: cannot open shared object file: No such file or directory), /usr/lib64/php7/extensions/fileinfo.so.so (/usr/lib64/php7/extensions/fileinfo.so.so: cannot open shared object file: No such file or directory)) in Unknown on line 0
PHP Warning:  Module 'pdo_pgsql' already loaded in Unknown on line 0
PHP Warning:  Module 'pgsql' already loaded in Unknown on line 0
PHP Warning:  Module 'Phar' already loaded in Unknown on line 0
>>> UPGRADE/DC/PLCC SYNC (SP) STARTED: 2026-09-22 00:00:00 to 2026-09-23 23:59:59 <<<
Processing 395 CSR users with UPGRADE process.
Fetching from Sampark via sp_agentwise_perform160... Found 38 rows.
Processing 28 records for CSR-UPGRADE users.

--- DEBUG INFO (First 5 records) ---
Person: FNM1726, Date: 2026-09-22
  Login: 32129s, Break: 3554s, Meeting: 0s
  Actual Break: 3554s, Final Login: 28575s
  Work Hours: 7.9375hrs, Required: 8hrs, Status: HD
  Comparison: < 8.0

Person: FNM2990, Date: 2026-09-22
  Login: 32323s, Break: 2852s, Meeting: 0s
  Actual Break: 2852s, Final Login: 29471s
  Work Hours: 8.1864hrs, Required: 8hrs, Status: P
  Comparison: >= 8.0 (P)

Person: FNM3157, Date: 2026-09-22
  Login: 33197s, Break: 3365s, Meeting: 0s
  Actual Break: 3365s, Final Login: 29832s
  Work Hours: 8.2867hrs, Required: 8hrs, Status: P
  Comparison: >= 8.0 (P)

Person: FNM3192, Date: 2026-09-22
  Login: 32890s, Break: 3337s, Meeting: 0s
  Actual Break: 3337s, Final Login: 29553s
  Work Hours: 8.2092hrs, Required: 8hrs, Status: P
  Comparison: >= 8.0 (P)

Person: FNM3520, Date: 2026-09-22
  Login: 33636s, Break: 3793s, Meeting: 0s
  Actual Break: 3793s, Final Login: 29843s
  Work Hours: 8.2897hrs, Required: 8hrs, Status: P
  Comparison: >= 8.0 (P)

Successfully synced 3 CSR-UPGRADE records.
  - Updated HD/A to P: 0 records
  - Skipped (already P): 25 records
PHP Warning:  PHP Startup: Unable to load dynamic library 'fileinfo.so' (tried: /usr/lib64/php7/extensions/fileinfo.so (/usr/lib64/php7/extensions/fileinfo.so: cannot open shared object file: No such file or directory), /usr/lib64/php7/extensions/fileinfo.so.so (/usr/lib64/php7/extensions/fileinfo.so.so: cannot open shared object file: No such file or directory)) in Unknown on line 0
PHP Warning:  Module 'pdo_pgsql' already loaded in Unknown on line 0
PHP Warning:  Module 'pgsql' already loaded in Unknown on line 0
PHP Warning:  Module 'Phar' already loaded in Unknown on line 0
>>> UPGRADE/DC/PLCC SYNC (SP) STARTED: 2026-09-22 00:00:00 to 2026-09-23 23:59:59 <<<
Processing 395 CSR users with UPGRADE process.
Fetching from Sampark via sp_agentwise_perform160... Found 38 rows.
Processing 28 records for CSR-UPGRADE users.

--- DEBUG INFO (First 5 records) ---
Person: FNM1726, Date: 2026-09-22
  Login: 32129s, Break: 3554s, Meeting: 0s
  Actual Break: 3554s, Final Login: 28575s
  Work Hours: 7.9375hrs, Required: 8hrs, Status: HD
  Comparison: < 8.0

Person: FNM2990, Date: 2026-09-22
  Login: 32323s, Break: 2852s, Meeting: 0s
  Actual Break: 2852s, Final Login: 29471s
  Work Hours: 8.1864hrs, Required: 8hrs, Status: P
  Comparison: >= 8.0 (P)

Person: FNM3157, Date: 2026-09-22
  Login: 33197s, Break: 3365s, Meeting: 0s
  Actual Break: 3365s, Final Login: 29832s
  Work Hours: 8.2867hrs, Required: 8hrs, Status: P
  Comparison: >= 8.0 (P)

Person: FNM3192, Date: 2026-09-22
  Login: 32890s, Break: 3337s, Meeting: 0s
  Actual Break: 3337s, Final Login: 29553s
  Work Hours: 8.2092hrs, Required: 8hrs, Status: P
  Comparison: >= 8.0 (P)

Person: FNM3520, Date: 2026-09-22
  Login: 33636s, Break: 3793s, Meeting: 0s
  Actual Break: 3793s, Final Login: 29843s
  Work Hours: 8.2897hrs, Required: 8hrs, Status: P
  Comparison: >= 8.0 (P)

Successfully synced 3 CSR-UPGRADE records.
  - Updated HD/A to P: 0 records
  - Skipped (already P): 25 records
PHP Warning:  PHP Startup: Unable to load dynamic library 'fileinfo.so' (tried: /usr/lib64/php7/extensions/fileinfo.so (/usr/lib64/php7/extensions/fileinfo.so: cannot open shared object file: No such file or directory), /usr/lib64/php7/extensions/fileinfo.so.so (/usr/lib64/php7/extensions/fileinfo.so.so: cannot open shared object file: No such file or directory)) in Unknown on line 0
PHP Warning:  Module 'pdo_pgsql' already loaded in Unknown on line 0
PHP Warning:  Module 'pgsql' already loaded in Unknown on line 0
PHP Warning:  Module 'Phar' already loaded in Unknown on line 0
>>> UPGRADE/DC/PLCC SYNC (SP) STARTED: 2026-09-22 00:00:00 to 2026-09-23 23:59:59 <<<
Processing 395 CSR users with UPGRADE process.
Fetching from Sampark via sp_agentwise_perform160... Found 38 rows.
Processing 28 records for CSR-UPGRADE users.

--- DEBUG INFO (First 5 records) ---
Person: FNM1726, Date: 2026-09-22
  Login: 32129s, Break: 3554s, Meeting: 0s
  Actual Break: 3554s, Final Login: 28575s
  Work Hours: 7.9375hrs, Required: 8hrs, Status: HD
  Comparison: < 8.0

Person: FNM2990, Date: 2026-09-22
  Login: 32323s, Break: 2852s, Meeting: 0s
  Actual Break: 2852s, Final Login: 29471s
  Work Hours: 8.1864hrs, Required: 8hrs, Status: P
  Comparison: >= 8.0 (P)

Person: FNM3157, Date: 2026-09-22
  Login: 33197s, Break: 3365s, Meeting: 0s
  Actual Break: 3365s, Final Login: 29832s
  Work Hours: 8.2867hrs, Required: 8hrs, Status: P
  Comparison: >= 8.0 (P)

Person: FNM3192, Date: 2026-09-22
  Login: 32890s, Break: 3337s, Meeting: 0s
  Actual Break: 3337s, Final Login: 29553s
  Work Hours: 8.2092hrs, Required: 8hrs, Status: P
  Comparison: >= 8.0 (P)

Person: FNM3520, Date: 2026-09-22
  Login: 33636s, Break: 3793s, Meeting: 0s
  Actual Break: 3793s, Final Login: 29843s
  Work Hours: 8.2897hrs, Required: 8hrs, Status: P
  Comparison: >= 8.0 (P)

Successfully synced 3 CSR-UPGRADE records.
  - Updated HD/A to P: 0 records
  - Skipped (already P): 25 records
PHP Warning:  PHP Startup: Unable to load dynamic library 'fileinfo.so' (tried: /usr/lib64/php7/extensions/fileinfo.so (/usr/lib64/php7/extensions/fileinfo.so: cannot open shared object file: No such file or directory), /usr/lib64/php7/extensions/fileinfo.so.so (/usr/lib64/php7/extensions/fileinfo.so.so: cannot open shared object file: No such file or directory)) in Unknown on line 0
PHP Warning:  Module 'pdo_pgsql' already loaded in Unknown on line 0
PHP Warning:  Module 'pgsql' already loaded in Unknown on line 0
PHP Warning:  Module 'Phar' already loaded in Unknown on line 0
>>> UPGRADE/DC/PLCC SYNC (SP) STARTED: 2026-09-22 00:00:00 to 2026-09-23 23:59:59 <<<
Processing 395 CSR users with UPGRADE process.
Fetching from Sampark via sp_agentwise_perform160... Found 38 rows.
Processing 28 records for CSR-UPGRADE users.

--- DEBUG INFO (First 5 records) ---
Person: FNM1726, Date: 2026-09-22
  Login: 32129s, Break: 3554s, Meeting: 0s
  Actual Break: 3554s, Final Login: 28575s
  Work Hours: 7.9375hrs, Required: 8hrs, Status: HD
  Comparison: < 8.0

Person: FNM2990, Date: 2026-09-22
  Login: 32323s, Break: 2852s, Meeting: 0s
  Actual Break: 2852s, Final Login: 29471s
  Work Hours: 8.1864hrs, Required: 8hrs, Status: P
  Comparison: >= 8.0 (P)

Person: FNM3157, Date: 2026-09-22
  Login: 33197s, Break: 3365s, Meeting: 0s
  Actual Break: 3365s, Final Login: 29832s
  Work Hours: 8.2867hrs, Required: 8hrs, Status: P
  Comparison: >= 8.0 (P)

Person: FNM3192, Date: 2026-09-22
  Login: 32890s, Break: 3337s, Meeting: 0s
  Actual Break: 3337s, Final Login: 29553s
  Work Hours: 8.2092hrs, Required: 8hrs, Status: P
  Comparison: >= 8.0 (P)

Person: FNM3520, Date: 2026-09-22
  Login: 33636s, Break: 3793s, Meeting: 0s
  Actual Break: 3793s, Final Login: 29843s
  Work Hours: 8.2897hrs, Required: 8hrs, Status: P
  Comparison: >= 8.0 (P)

Successfully synced 3 CSR-UPGRADE records.
  - Updated HD/A to P: 0 records
  - Skipped (already P): 25 records
PHP Warning:  PHP Startup: Unable to load dynamic library 'fileinfo.so' (tried: /usr/lib64/php7/extensions/fileinfo.so (/usr/lib64/php7/extensions/fileinfo.so: cannot open shared object file: No such file or directory), /usr/lib64/php7/extensions/fileinfo.so.so (/usr/lib64/php7/extensions/fileinfo.so.so: cannot open shared object file: No such file or directory)) in Unknown on line 0
PHP Warning:  Module 'pdo_pgsql' already loaded in Unknown on line 0
PHP Warning:  Module 'pgsql' already loaded in Unknown on line 0
PHP Warning:  Module 'Phar' already loaded in Unknown on line 0
>>> UPGRADE/DC/PLCC SYNC (SP) STARTED: 2026-09-22 00:00:00 to 2026-09-23 23:59:59 <<<
Processing 395 CSR users with UPGRADE process.
Fetching from Sampark via sp_agentwise_perform160... Found 38 rows.
Processing 28 records for CSR-UPGRADE users.

--- DEBUG INFO (First 5 records) ---
Person: FNM1726, Date: 2026-09-22
  Login: 32129s, Break: 3554s, Meeting: 0s
  Actual Break: 3554s, Final Login: 28575s
  Work Hours: 7.9375hrs, Required: 8hrs, Status: HD
  Comparison: < 8.0

Person: FNM2990, Date: 2026-09-22
  Login: 32323s, Break: 2852s, Meeting: 0s
  Actual Break: 2852s, Final Login: 29471s
  Work Hours: 8.1864hrs, Required: 8hrs, Status: P
  Comparison: >= 8.0 (P)

Person: FNM3157, Date: 2026-09-22
  Login: 33197s, Break: 3365s, Meeting: 0s
  Actual Break: 3365s, Final Login: 29832s
  Work Hours: 8.2867hrs, Required: 8hrs, Status: P
  Comparison: >= 8.0 (P)

Person: FNM3192, Date: 2026-09-22
  Login: 32890s, Break: 3337s, Meeting: 0s
  Actual Break: 3337s, Final Login: 29553s
  Work Hours: 8.2092hrs, Required: 8hrs, Status: P
  Comparison: >= 8.0 (P)

Person: FNM3520, Date: 2026-09-22
  Login: 33636s, Break: 3793s, Meeting: 0s
  Actual Break: 3793s, Final Login: 29843s
  Work Hours: 8.2897hrs, Required: 8hrs, Status: P
  Comparison: >= 8.0 (P)

Successfully synced 3 CSR-UPGRADE records.
  - Updated HD/A to P: 0 records
  - Skipped (already P): 25 records
PHP Warning:  PHP Startup: Unable to load dynamic library 'fileinfo.so' (tried: /usr/lib64/php7/extensions/fileinfo.so (/usr/lib64/php7/extensions/fileinfo.so: cannot open shared object file: No such file or directory), /usr/lib64/php7/extensions/fileinfo.so.so (/usr/lib64/php7/extensions/fileinfo.so.so: cannot open shared object file: No such file or directory)) in Unknown on line 0
PHP Warning:  Module 'pdo_pgsql' already loaded in Unknown on line 0
PHP Warning:  Module 'pgsql' already loaded in Unknown on line 0
PHP Warning:  Module 'Phar' already loaded in Unknown on line 0
>>> UPGRADE/DC/PLCC SYNC (SP) STARTED: 2026-09-22 00:00:00 to 2026-09-23 23:59:59 <<<
Processing 395 CSR users with UPGRADE process.
Fetching from Sampark via sp_agentwise_perform160... Found 38 rows.
Processing 28 records for CSR-UPGRADE users.

--- DEBUG INFO (First 5 records) ---
Person: FNM1726, Date: 2026-09-22
  Login: 32129s, Break: 3554s, Meeting: 0s
  Actual Break: 3554s, Final Login: 28575s
  Work Hours: 7.9375hrs, Required: 8hrs, Status: HD
  Comparison: < 8.0

Person: FNM2990, Date: 2026-09-22
  Login: 32323s, Break: 2852s, Meeting: 0s
  Actual Break: 2852s, Final Login: 29471s
  Work Hours: 8.1864hrs, Required: 8hrs, Status: P
  Comparison: >= 8.0 (P)

Person: FNM3157, Date: 2026-09-22
  Login: 33197s, Break: 3365s, Meeting: 0s
  Actual Break: 3365s, Final Login: 29832s
  Work Hours: 8.2867hrs, Required: 8hrs, Status: P
  Comparison: >= 8.0 (P)

Person: FNM3192, Date: 2026-09-22
  Login: 32890s, Break: 3337s, Meeting: 0s
  Actual Break: 3337s, Final Login: 29553s
  Work Hours: 8.2092hrs, Required: 8hrs, Status: P
  Comparison: >= 8.0 (P)

Person: FNM3520, Date: 2026-09-22
  Login: 33636s, Break: 3793s, Meeting: 0s
  Actual Break: 3793s, Final Login: 29843s
  Work Hours: 8.2897hrs, Required: 8hrs, Status: P
  Comparison: >= 8.0 (P)

Successfully synced 3 CSR-UPGRADE records.
  - Updated HD/A to P: 0 records
  - Skipped (already P): 25 records
PHP Warning:  PHP Startup: Unable to load dynamic library 'fileinfo.so' (tried: /usr/lib64/php7/extensions/fileinfo.so (/usr/lib64/php7/extensions/fileinfo.so: cannot open shared object file: No such file or directory), /usr/lib64/php7/extensions/fileinfo.so.so (/usr/lib64/php7/extensions/fileinfo.so.so: cannot open shared object file: No such file or directory)) in Unknown on line 0
PHP Warning:  Module 'pdo_pgsql' already loaded in Unknown on line 0
PHP Warning:  Module 'pgsql' already loaded in Unknown on line 0
PHP Warning:  Module 'Phar' already loaded in Unknown on line 0
>>> UPGRADE/DC/PLCC SYNC (SP) STARTED: 2026-09-22 00:00:00 to 2026-09-23 23:59:59 <<<
Processing 395 CSR users with UPGRADE process.
Fetching from Sampark via sp_agentwise_perform160... Found 38 rows.
Processing 28 records for CSR-UPGRADE users.

--- DEBUG INFO (First 5 records) ---
Person: FNM1726, Date: 2026-09-22
  Login: 32129s, Break: 3554s, Meeting: 0s
  Actual Break: 3554s, Final Login: 28575s
  Work Hours: 7.9375hrs, Required: 8hrs, Status: HD
  Comparison: < 8.0

Person: FNM2990, Date: 2026-09-22
  Login: 32323s, Break: 2852s, Meeting: 0s
  Actual Break: 2852s, Final Login: 29471s
  Work Hours: 8.1864hrs, Required: 8hrs, Status: P
  Comparison: >= 8.0 (P)

Person: FNM3157, Date: 2026-09-22
  Login: 33197s, Break: 3365s, Meeting: 0s
  Actual Break: 3365s, Final Login: 29832s
  Work Hours: 8.2867hrs, Required: 8hrs, Status: P
  Comparison: >= 8.0 (P)

Person: FNM3192, Date: 2026-09-22
  Login: 32890s, Break: 3337s, Meeting: 0s
  Actual Break: 3337s, Final Login: 29553s
  Work Hours: 8.2092hrs, Required: 8hrs, Status: P
  Comparison: >= 8.0 (P)

Person: FNM3520, Date: 2026-09-22
  Login: 33636s, Break: 3793s, Meeting: 0s
  Actual Break: 3793s, Final Login: 29843s
  Work Hours: 8.2897hrs, Required: 8hrs, Status: P
  Comparison: >= 8.0 (P)

Successfully synced 3 CSR-UPGRADE records.
  - Updated HD/A to P: 0 records
  - Skipped (already P): 25 records
PHP Warning:  PHP Startup: Unable to load dynamic library 'fileinfo.so' (tried: /usr/lib64/php7/extensions/fileinfo.so (/usr/lib64/php7/extensions/fileinfo.so: cannot open shared object file: No such file or directory), /usr/lib64/php7/extensions/fileinfo.so.so (/usr/lib64/php7/extensions/fileinfo.so.so: cannot open shared object file: No such file or directory)) in Unknown on line 0
PHP Warning:  Module 'pdo_pgsql' already loaded in Unknown on line 0
PHP Warning:  Module 'pgsql' already loaded in Unknown on line 0
PHP Warning:  Module 'Phar' already loaded in Unknown on line 0
>>> UPGRADE/DC/PLCC SYNC (SP) STARTED: 2026-09-22 00:00:00 to 2026-09-23 23:59:59 <<<
Processing 395 CSR users with UPGRADE process.
Fetching from Sampark via sp_agentwise_perform160... Found 38 rows.
Processing 28 records for CSR-UPGRADE users.

--- DEBUG INFO (First 5 records) ---
Person: FNM1726, Date: 2026-09-22
  Login: 32129s, Break: 3554s, Meeting: 0s
  Actual Break: 3554s, Final Login: 28575s
  Work Hours: 7.9375hrs, Required: 8hrs, Status: HD
  Comparison: < 8.0

Person: FNM2990, Date: 2026-09-22
  Login: 32323s, Break: 2852s, Meeting: 0s
  Actual Break: 2852s, Final Login: 29471s
  Work Hours: 8.1864hrs, Required: 8hrs, Status: P
  Comparison: >= 8.0 (P)

Person: FNM3157, Date: 2026-09-22
  Login: 33197s, Break: 3365s, Meeting: 0s
  Actual Break: 3365s, Final Login: 29832s
  Work Hours: 8.2867hrs, Required: 8hrs, Status: P
  Comparison: >= 8.0 (P)

Person: FNM3192, Date: 2026-09-22
  Login: 32890s, Break: 3337s, Meeting: 0s
  Actual Break: 3337s, Final Login: 29553s
  Work Hours: 8.2092hrs, Required: 8hrs, Status: P
  Comparison: >= 8.0 (P)

Person: FNM3520, Date: 2026-09-22
  Login: 33636s, Break: 3793s, Meeting: 0s
  Actual Break: 3793s, Final Login: 29843s
  Work Hours: 8.2897hrs, Required: 8hrs, Status: P
  Comparison: >= 8.0 (P)

Successfully synced 3 CSR-UPGRADE records.
  - Updated HD/A to P: 0 records
  - Skipped (already P): 25 records
PHP Warning:  PHP Startup: Unable to load dynamic library 'fileinfo.so' (tried: /usr/lib64/php7/extensions/fileinfo.so (/usr/lib64/php7/extensions/fileinfo.so: cannot open shared object file: No such file or directory), /usr/lib64/php7/extensions/fileinfo.so.so (/usr/lib64/php7/extensions/fileinfo.so.so: cannot open shared object file: No such file or directory)) in Unknown on line 0
PHP Warning:  Module 'pdo_pgsql' already loaded in Unknown on line 0
PHP Warning:  Module 'pgsql' already loaded in Unknown on line 0
PHP Warning:  Module 'Phar' already loaded in Unknown on line 0
>>> UPGRADE/DC/PLCC SYNC (SP) STARTED: 2026-09-22 00:00:00 to 2026-09-23 23:59:59 <<<
Processing 395 CSR users with UPGRADE process.
Fetching from Sampark via sp_agentwise_perform160... Found 38 rows.
Processing 28 records for CSR-UPGRADE users.

--- DEBUG INFO (First 5 records) ---
Person: FNM1726, Date: 2026-09-22
  Login: 32129s, Break: 3554s, Meeting: 0s
  Actual Break: 3554s, Final Login: 28575s
  Work Hours: 7.9375hrs, Required: 8hrs, Status: HD
  Comparison: < 8.0

Person: FNM2990, Date: 2026-09-22
  Login: 32323s, Break: 2852s, Meeting: 0s
  Actual Break: 2852s, Final Login: 29471s
  Work Hours: 8.1864hrs, Required: 8hrs, Status: P
  Comparison: >= 8.0 (P)

Person: FNM3157, Date: 2026-09-22
  Login: 33197s, Break: 3365s, Meeting: 0s
  Actual Break: 3365s, Final Login: 29832s
  Work Hours: 8.2867hrs, Required: 8hrs, Status: P
  Comparison: >= 8.0 (P)

Person: FNM3192, Date: 2026-09-22
  Login: 32890s, Break: 3337s, Meeting: 0s
  Actual Break: 3337s, Final Login: 29553s
  Work Hours: 8.2092hrs, Required: 8hrs, Status: P
  Comparison: >= 8.0 (P)

Person: FNM3520, Date: 2026-09-22
  Login: 33636s, Break: 3793s, Meeting: 0s
  Actual Break: 3793s, Final Login: 29843s
  Work Hours: 8.2897hrs, Required: 8hrs, Status: P
  Comparison: >= 8.0 (P)

Successfully synced 3 CSR-UPGRADE records.
  - Updated HD/A to P: 0 records
  - Skipped (already P): 25 records
PHP Warning:  PHP Startup: Unable to load dynamic library 'fileinfo.so' (tried: /usr/lib64/php7/extensions/fileinfo.so (/usr/lib64/php7/extensions/fileinfo.so: cannot open shared object file: No such file or directory), /usr/lib64/php7/extensions/fileinfo.so.so (/usr/lib64/php7/extensions/fileinfo.so.so: cannot open shared object file: No such file or directory)) in Unknown on line 0
PHP Warning:  Module 'pdo_pgsql' already loaded in Unknown on line 0
PHP Warning:  Module 'pgsql' already loaded in Unknown on line 0
PHP Warning:  Module 'Phar' already loaded in Unknown on line 0
>>> UPGRADE/DC/PLCC SYNC (SP) STARTED: 2026-09-22 00:00:00 to 2026-09-23 23:59:59 <<<
Processing 395 CSR users with UPGRADE process.
Fetching from Sampark via sp_agentwise_perform160... Found 38 rows.
Processing 28 records for CSR-UPGRADE users.

--- DEBUG INFO (First 5 records) ---
Person: FNM1726, Date: 2026-09-22
  Login: 32129s, Break: 3554s, Meeting: 0s
  Actual Break: 3554s, Final Login: 28575s
  Work Hours: 7.9375hrs, Required: 8hrs, Status: HD
  Comparison: < 8.0

Person: FNM2990, Date: 2026-09-22
  Login: 32323s, Break: 2852s, Meeting: 0s
  Actual Break: 2852s, Final Login: 29471s
  Work Hours: 8.1864hrs, Required: 8hrs, Status: P
  Comparison: >= 8.0 (P)

Person: FNM3157, Date: 2026-09-22
  Login: 33197s, Break: 3365s, Meeting: 0s
  Actual Break: 3365s, Final Login: 29832s
  Work Hours: 8.2867hrs, Required: 8hrs, Status: P
  Comparison: >= 8.0 (P)

Person: FNM3192, Date: 2026-09-22
  Login: 32890s, Break: 3337s, Meeting: 0s
  Actual Break: 3337s, Final Login: 29553s
  Work Hours: 8.2092hrs, Required: 8hrs, Status: P
  Comparison: >= 8.0 (P)

Person: FNM3520, Date: 2026-09-22
  Login: 33636s, Break: 3793s, Meeting: 0s
  Actual Break: 3793s, Final Login: 29843s
  Work Hours: 8.2897hrs, Required: 8hrs, Status: P
  Comparison: >= 8.0 (P)

Successfully synced 3 CSR-UPGRADE records.
  - Updated HD/A to P: 0 records
  - Skipped (already P): 25 records
PHP Warning:  PHP Startup: Unable to load dynamic library 'fileinfo.so' (tried: /usr/lib64/php7/extensions/fileinfo.so (/usr/lib64/php7/extensions/fileinfo.so: cannot open shared object file: No such file or directory), /usr/lib64/php7/extensions/fileinfo.so.so (/usr/lib64/php7/extensions/fileinfo.so.so: cannot open shared object file: No such file or directory)) in Unknown on line 0
PHP Warning:  Module 'pdo_pgsql' already loaded in Unknown on line 0
PHP Warning:  Module 'pgsql' already loaded in Unknown on line 0
PHP Warning:  Module 'Phar' already loaded in Unknown on line 0
>>> UPGRADE/DC/PLCC SYNC (SP) STARTED: 2026-09-22 00:00:00 to 2026-09-23 23:59:59 <<<
Processing 395 CSR users with UPGRADE process.
Fetching from Sampark via sp_agentwise_perform160... Found 38 rows.
Processing 28 records for CSR-UPGRADE users.

--- DEBUG INFO (First 5 records) ---
Person: FNM1726, Date: 2026-09-22
  Login: 32129s, Break: 3554s, Meeting: 0s
  Actual Break: 3554s, Final Login: 28575s
  Work Hours: 7.9375hrs, Required: 8hrs, Status: HD
  Comparison: < 8.0

Person: FNM2990, Date: 2026-09-22
  Login: 32323s, Break: 2852s, Meeting: 0s
  Actual Break: 2852s, Final Login: 29471s
  Work Hours: 8.1864hrs, Required: 8hrs, Status: P
  Comparison: >= 8.0 (P)

Person: FNM3157, Date: 2026-09-22
  Login: 33197s, Break: 3365s, Meeting: 0s
  Actual Break: 3365s, Final Login: 29832s
  Work Hours: 8.2867hrs, Required: 8hrs, Status: P
  Comparison: >= 8.0 (P)

Person: FNM3192, Date: 2026-09-22
  Login: 32890s, Break: 3337s, Meeting: 0s
  Actual Break: 3337s, Final Login: 29553s
  Work Hours: 8.2092hrs, Required: 8hrs, Status: P
  Comparison: >= 8.0 (P)

Person: FNM3520, Date: 2026-09-22
  Login: 33636s, Break: 3793s, Meeting: 0s
  Actual Break: 3793s, Final Login: 29843s
  Work Hours: 8.2897hrs, Required: 8hrs, Status: P
  Comparison: >= 8.0 (P)

Successfully synced 3 CSR-UPGRADE records.
  - Updated HD/A to P: 0 records
  - Skipped (already P): 25 records
PHP Warning:  PHP Startup: Unable to load dynamic library 'fileinfo.so' (tried: /usr/lib64/php7/extensions/fileinfo.so (/usr/lib64/php7/extensions/fileinfo.so: cannot open shared object file: No such file or directory), /usr/lib64/php7/extensions/fileinfo.so.so (/usr/lib64/php7/extensions/fileinfo.so.so: cannot open shared object file: No such file or directory)) in Unknown on line 0
PHP Warning:  Module 'pdo_pgsql' already loaded in Unknown on line 0
PHP Warning:  Module 'pgsql' already loaded in Unknown on line 0
PHP Warning:  Module 'Phar' already loaded in Unknown on line 0
>>> UPGRADE/DC/PLCC SYNC (SP) STARTED: 2026-09-22 00:00:00 to 2026-09-23 23:59:59 <<<
Processing 395 CSR users with UPGRADE process.
Fetching from Sampark via sp_agentwise_perform160... Found 38 rows.
Processing 28 records for CSR-UPGRADE users.

--- DEBUG INFO (First 5 records) ---
Person: FNM1726, Date: 2026-09-22
  Login: 32129s, Break: 3554s, Meeting: 0s
  Actual Break: 3554s, Final Login: 28575s
  Work Hours: 7.9375hrs, Required: 8hrs, Status: HD
  Comparison: < 8.0

Person: FNM2990, Date: 2026-09-22
  Login: 32323s, Break: 2852s, Meeting: 0s
  Actual Break: 2852s, Final Login: 29471s
  Work Hours: 8.1864hrs, Required: 8hrs, Status: P
  Comparison: >= 8.0 (P)

Person: FNM3157, Date: 2026-09-22
  Login: 33197s, Break: 3365s, Meeting: 0s
  Actual Break: 3365s, Final Login: 29832s
  Work Hours: 8.2867hrs, Required: 8hrs, Status: P
  Comparison: >= 8.0 (P)

Person: FNM3192, Date: 2026-09-22
  Login: 32890s, Break: 3337s, Meeting: 0s
  Actual Break: 3337s, Final Login: 29553s
  Work Hours: 8.2092hrs, Required: 8hrs, Status: P
  Comparison: >= 8.0 (P)

Person: FNM3520, Date: 2026-09-22
  Login: 33636s, Break: 3793s, Meeting: 0s
  Actual Break: 3793s, Final Login: 29843s
  Work Hours: 8.2897hrs, Required: 8hrs, Status: P
  Comparison: >= 8.0 (P)

Successfully synced 3 CSR-UPGRADE records.
  - Updated HD/A to P: 0 records
  - Skipped (already P): 25 records
PHP Warning:  PHP Startup: Unable to load dynamic library 'fileinfo.so' (tried: /usr/lib64/php7/extensions/fileinfo.so (/usr/lib64/php7/extensions/fileinfo.so: cannot open shared object file: No such file or directory), /usr/lib64/php7/extensions/fileinfo.so.so (/usr/lib64/php7/extensions/fileinfo.so.so: cannot open shared object file: No such file or directory)) in Unknown on line 0
PHP Warning:  Module 'pdo_pgsql' already loaded in Unknown on line 0
PHP Warning:  Module 'pgsql' already loaded in Unknown on line 0
PHP Warning:  Module 'Phar' already loaded in Unknown on line 0
>>> UPGRADE/DC/PLCC SYNC (SP) STARTED: 2026-09-22 00:00:00 to 2026-09-23 23:59:59 <<<
Processing 395 CSR users with UPGRADE process.
Fetching from Sampark via sp_agentwise_perform160... Found 40 rows.
Processing 30 records for CSR-UPGRADE users.

--- DEBUG INFO (First 5 records) ---
Person: FNM1726, Date: 2026-09-22
  Login: 32129s, Break: 3554s, Meeting: 0s
  Actual Break: 3554s, Final Login: 28575s
  Work Hours: 7.9375hrs, Required: 8hrs, Status: HD
  Comparison: < 8.0

Person: FNM2990, Date: 2026-09-22
  Login: 32323s, Break: 2852s, Meeting: 0s
  Actual Break: 2852s, Final Login: 29471s
  Work Hours: 8.1864hrs, Required: 8hrs, Status: P
  Comparison: >= 8.0 (P)

Person: FNM3157, Date: 2026-09-22
  Login: 33197s, Break: 3365s, Meeting: 0s
  Actual Break: 3365s, Final Login: 29832s
  Work Hours: 8.2867hrs, Required: 8hrs, Status: P
  Comparison: >= 8.0 (P)

Person: FNM3192, Date: 2026-09-22
  Login: 32890s, Break: 3337s, Meeting: 0s
  Actual Break: 3337s, Final Login: 29553s
  Work Hours: 8.2092hrs, Required: 8hrs, Status: P
  Comparison: >= 8.0 (P)

Person: FNM3520, Date: 2026-09-22
  Login: 33636s, Break: 3793s, Meeting: 0s
  Actual Break: 3793s, Final Login: 29843s
  Work Hours: 8.2897hrs, Required: 8hrs, Status: P
  Comparison: >= 8.0 (P)

Successfully synced 3 CSR-UPGRADE records.
  - Updated HD/A to P: 0 records
  - Skipped (already P): 25 records
PHP Warning:  PHP Startup: Unable to load dynamic library 'fileinfo.so' (tried: /usr/lib64/php7/extensions/fileinfo.so (/usr/lib64/php7/extensions/fileinfo.so: cannot open shared object file: No such file or directory), /usr/lib64/php7/extensions/fileinfo.so.so (/usr/lib64/php7/extensions/fileinfo.so.so: cannot open shared object file: No such file or directory)) in Unknown on line 0
PHP Warning:  Module 'pdo_pgsql' already loaded in Unknown on line 0
PHP Warning:  Module 'pgsql' already loaded in Unknown on line 0
PHP Warning:  Module 'Phar' already loaded in Unknown on line 0
>>> UPGRADE/DC/PLCC SYNC (SP) STARTED: 2026-09-22 00:00:00 to 2026-09-23 23:59:59 <<<
Processing 395 CSR users with UPGRADE process.
Fetching from Sampark via sp_agentwise_perform160... Found 45 rows.
Processing 33 records for CSR-UPGRADE users.

--- DEBUG INFO (First 5 records) ---
Person: FNM1726, Date: 2026-09-22
  Login: 32129s, Break: 3554s, Meeting: 0s
  Actual Break: 3554s, Final Login: 28575s
  Work Hours: 7.9375hrs, Required: 8hrs, Status: HD
  Comparison: < 8.0

Person: FNM2990, Date: 2026-09-22
  Login: 32323s, Break: 2852s, Meeting: 0s
  Actual Break: 2852s, Final Login: 29471s
  Work Hours: 8.1864hrs, Required: 8hrs, Status: P
  Comparison: >= 8.0 (P)

Person: FNM3157, Date: 2026-09-22
  Login: 33197s, Break: 3365s, Meeting: 0s
  Actual Break: 3365s, Final Login: 29832s
  Work Hours: 8.2867hrs, Required: 8hrs, Status: P
  Comparison: >= 8.0 (P)

Person: FNM3192, Date: 2026-09-22
  Login: 32890s, Break: 3337s, Meeting: 0s
  Actual Break: 3337s, Final Login: 29553s
  Work Hours: 8.2092hrs, Required: 8hrs, Status: P
  Comparison: >= 8.0 (P)

Person: FNM3520, Date: 2026-09-22
  Login: 33636s, Break: 3793s, Meeting: 0s
  Actual Break: 3793s, Final Login: 29843s
  Work Hours: 8.2897hrs, Required: 8hrs, Status: P
  Comparison: >= 8.0 (P)

Successfully synced 8 CSR-UPGRADE records.
  - Updated HD/A to P: 0 records
  - Skipped (already P): 25 records
PHP Warning:  PHP Startup: Unable to load dynamic library 'fileinfo.so' (tried: /usr/lib64/php7/extensions/fileinfo.so (/usr/lib64/php7/extensions/fileinfo.so: cannot open shared object file: No such file or directory), /usr/lib64/php7/extensions/fileinfo.so.so (/usr/lib64/php7/extensions/fileinfo.so.so: cannot open shared object file: No such file or directory)) in Unknown on line 0
PHP Warning:  Module 'pdo_pgsql' already loaded in Unknown on line 0
PHP Warning:  Module 'pgsql' already loaded in Unknown on line 0
PHP Warning:  Module 'Phar' already loaded in Unknown on line 0
>>> UPGRADE/DC/PLCC SYNC (SP) STARTED: 2026-09-22 00:00:00 to 2026-09-23 23:59:59 <<<
Processing 395 CSR users with UPGRADE process.
Fetching from Sampark via sp_agentwise_perform160... Found 72 rows.
Processing 54 records for CSR-UPGRADE users.

--- DEBUG INFO (First 5 records) ---
Person: FNM1726, Date: 2026-09-22
  Login: 32129s, Break: 3554s, Meeting: 0s
  Actual Break: 3554s, Final Login: 28575s
  Work Hours: 7.9375hrs, Required: 8hrs, Status: HD
  Comparison: < 8.0

Person: FNM2990, Date: 2026-09-22
  Login: 32323s, Break: 2852s, Meeting: 0s
  Actual Break: 2852s, Final Login: 29471s
  Work Hours: 8.1864hrs, Required: 8hrs, Status: P
  Comparison: >= 8.0 (P)

Person: FNM3157, Date: 2026-09-22
  Login: 33197s, Break: 3365s, Meeting: 0s
  Actual Break: 3365s, Final Login: 29832s
  Work Hours: 8.2867hrs, Required: 8hrs, Status: P
  Comparison: >= 8.0 (P)

Person: FNM3192, Date: 2026-09-22
  Login: 32890s, Break: 3337s, Meeting: 0s
  Actual Break: 3337s, Final Login: 29553s
  Work Hours: 8.2092hrs, Required: 8hrs, Status: P
  Comparison: >= 8.0 (P)

Person: FNM3520, Date: 2026-09-22
  Login: 33636s, Break: 3793s, Meeting: 0s
  Actual Break: 3793s, Final Login: 29843s
  Work Hours: 8.2897hrs, Required: 8hrs, Status: P
  Comparison: >= 8.0 (P)

Successfully synced 26 CSR-UPGRADE records.
  - Updated HD/A to P: 0 records
  - Skipped (already P): 25 records
PHP Warning:  PHP Startup: Unable to load dynamic library 'fileinfo.so' (tried: /usr/lib64/php7/extensions/fileinfo.so (/usr/lib64/php7/extensions/fileinfo.so: cannot open shared object file: No such file or directory), /usr/lib64/php7/extensions/fileinfo.so.so (/usr/lib64/php7/extensions/fileinfo.so.so: cannot open shared object file: No such file or directory)) in Unknown on line 0
PHP Warning:  Module 'pdo_pgsql' already loaded in Unknown on line 0
PHP Warning:  Module 'pgsql' already loaded in Unknown on line 0
PHP Warning:  Module 'Phar' already loaded in Unknown on line 0
>>> UPGRADE/DC/PLCC SYNC (SP) STARTED: 2026-09-22 00:00:00 to 2026-09-23 23:59:59 <<<
Processing 395 CSR users with UPGRADE process.
Fetching from Sampark via sp_agentwise_perform160... Found 72 rows.
Processing 54 records for CSR-UPGRADE users.

--- DEBUG INFO (First 5 records) ---
Person: FNM1726, Date: 2026-09-22
  Login: 32129s, Break: 3554s, Meeting: 0s
  Actual Break: 3554s, Final Login: 28575s
  Work Hours: 7.9375hrs, Required: 8hrs, Status: HD
  Comparison: < 8.0

Person: FNM2990, Date: 2026-09-22
  Login: 32323s, Break: 2852s, Meeting: 0s
  Actual Break: 2852s, Final Login: 29471s
  Work Hours: 8.1864hrs, Required: 8hrs, Status: P
  Comparison: >= 8.0 (P)

Person: FNM3157, Date: 2026-09-22
  Login: 33197s, Break: 3365s, Meeting: 0s
  Actual Break: 3365s, Final Login: 29832s
  Work Hours: 8.2867hrs, Required: 8hrs, Status: P
  Comparison: >= 8.0 (P)

Person: FNM3192, Date: 2026-09-22
  Login: 32890s, Break: 3337s, Meeting: 0s
  Actual Break: 3337s, Final Login: 29553s
  Work Hours: 8.2092hrs, Required: 8hrs, Status: P
  Comparison: >= 8.0 (P)

Person: FNM3520, Date: 2026-09-22
  Login: 33636s, Break: 3793s, Meeting: 0s
  Actual Break: 3793s, Final Login: 29843s
  Work Hours: 8.2897hrs, Required: 8hrs, Status: P
  Comparison: >= 8.0 (P)

Successfully synced 29 CSR-UPGRADE records.
  - Updated HD/A to P: 0 records
  - Skipped (already P): 25 records
PHP Warning:  PHP Startup: Unable to load dynamic library 'fileinfo.so' (tried: /usr/lib64/php7/extensions/fileinfo.so (/usr/lib64/php7/extensions/fileinfo.so: cannot open shared object file: No such file or directory), /usr/lib64/php7/extensions/fileinfo.so.so (/usr/lib64/php7/extensions/fileinfo.so.so: cannot open shared object file: No such file or directory)) in Unknown on line 0
PHP Warning:  Module 'pdo_pgsql' already loaded in Unknown on line 0
PHP Warning:  Module 'pgsql' already loaded in Unknown on line 0
PHP Warning:  Module 'Phar' already loaded in Unknown on line 0
>>> UPGRADE/DC/PLCC SYNC (SP) STARTED: 2026-09-23 00:00:00 to 2026-09-24 23:59:59 <<<
Processing 394 CSR users with UPGRADE process.
Fetching from Sampark via sp_agentwise_perform160... Found 71 rows.
Processing 52 records for CSR-UPGRADE users.
FATAL ERROR: SQLSTATE[HY000]: General error: 1205 Lock wait timeout exceeded; try restarting transaction
PHP Warning:  PHP Startup: Unable to load dynamic library 'fileinfo.so' (tried: /usr/lib64/php7/extensions/fileinfo.so (/usr/lib64/php7/extensions/fileinfo.so: cannot open shared object file: No such file or directory), /usr/lib64/php7/extensions/fileinfo.so.so (/usr/lib64/php7/extensions/fileinfo.so.so: cannot open shared object file: No such file or directory)) in Unknown on line 0
PHP Warning:  Module 'pdo_pgsql' already loaded in Unknown on line 0
PHP Warning:  Module 'pgsql' already loaded in Unknown on line 0
PHP Warning:  Module 'Phar' already loaded in Unknown on line 0
>>> UPGRADE/DC/PLCC SYNC (SP) STARTED: 2026-09-23 00:00:00 to 2026-09-24 23:59:59 <<<
Processing 394 CSR users with UPGRADE process.
Fetching from Sampark via sp_agentwise_perform160... Found 82 rows.
Processing 60 records for CSR-UPGRADE users.

--- DEBUG INFO (First 5 records) ---
Person: FNM1726, Date: 2026-09-23
  Login: 32502s, Break: 3562s, Meeting: 0s
  Actual Break: 3562s, Final Login: 28940s
  Work Hours: 8.0389hrs, Required: 8hrs, Status: P
  Comparison: >= 8.0 (P)

Person: FNM2990, Date: 2026-09-23
  Login: 33039s, Break: 3479s, Meeting: 0s
  Actual Break: 3479s, Final Login: 29560s
  Work Hours: 8.2111hrs, Required: 8hrs, Status: P
  Comparison: >= 8.0 (P)

Person: FNM3157, Date: 2026-09-23
  Login: 32932s, Break: 3414s, Meeting: 0s
  Actual Break: 3414s, Final Login: 29518s
  Work Hours: 8.1994hrs, Required: 8hrs, Status: P
  Comparison: >= 8.0 (P)

Person: FNM3192, Date: 2026-09-23
  Login: 33029s, Break: 3758s, Meeting: 0s
  Actual Break: 3758s, Final Login: 29271s
  Work Hours: 8.1308hrs, Required: 8hrs, Status: P
  Comparison: >= 8.0 (P)

Person: FNM3520, Date: 2026-09-23
  Login: 34233s, Break: 4114s, Meeting: 0s
  Actual Break: 4114s, Final Login: 30119s
  Work Hours: 8.3664hrs, Required: 8hrs, Status: P
  Comparison: >= 8.0 (P)

Successfully synced 34 CSR-UPGRADE records.
  - Updated HD/A to P: 0 records
  - Skipped (already P): 24 records
PHP Warning:  PHP Startup: Unable to load dynamic library 'fileinfo.so' (tried: /usr/lib64/php7/extensions/fileinfo.so (/usr/lib64/php7/extensions/fileinfo.so: cannot open shared object file: No such file or directory), /usr/lib64/php7/extensions/fileinfo.so.so (/usr/lib64/php7/extensions/fileinfo.so.so: cannot open shared object file: No such file or directory)) in Unknown on line 0
PHP Warning:  Module 'pdo_pgsql' already loaded in Unknown on line 0
PHP Warning:  Module 'pgsql' already loaded in Unknown on line 0
PHP Warning:  Module 'Phar' already loaded in Unknown on line 0
>>> UPGRADE/DC/PLCC SYNC (SP) STARTED: 2026-09-23 00:00:00 to 2026-09-24 23:59:59 <<<
Processing 394 CSR users with UPGRADE process.
Fetching from Sampark via sp_agentwise_perform160... Found 84 rows.
Processing 62 records for CSR-UPGRADE users.

--- DEBUG INFO (First 5 records) ---
Person: FNM1726, Date: 2026-09-23
  Login: 32502s, Break: 3562s, Meeting: 0s
  Actual Break: 3562s, Final Login: 28940s
  Work Hours: 8.0389hrs, Required: 8hrs, Status: P
  Comparison: >= 8.0 (P)

Person: FNM2990, Date: 2026-09-23
  Login: 33039s, Break: 3479s, Meeting: 0s
  Actual Break: 3479s, Final Login: 29560s
  Work Hours: 8.2111hrs, Required: 8hrs, Status: P
  Comparison: >= 8.0 (P)

Person: FNM3157, Date: 2026-09-23
  Login: 32932s, Break: 3414s, Meeting: 0s
  Actual Break: 3414s, Final Login: 29518s
  Work Hours: 8.1994hrs, Required: 8hrs, Status: P
  Comparison: >= 8.0 (P)

Person: FNM3192, Date: 2026-09-23
  Login: 33029s, Break: 3758s, Meeting: 0s
  Actual Break: 3758s, Final Login: 29271s
  Work Hours: 8.1308hrs, Required: 8hrs, Status: P
  Comparison: >= 8.0 (P)

Person: FNM3520, Date: 2026-09-23
  Login: 34233s, Break: 4114s, Meeting: 0s
  Actual Break: 4114s, Final Login: 30119s
  Work Hours: 8.3664hrs, Required: 8hrs, Status: P
  Comparison: >= 8.0 (P)

Successfully synced 38 CSR-UPGRADE records.
  - Updated HD/A to P: 0 records
  - Skipped (already P): 24 records
PHP Warning:  PHP Startup: Unable to load dynamic library 'fileinfo.so' (tried: /usr/lib64/php7/extensions/fileinfo.so (/usr/lib64/php7/extensions/fileinfo.so: cannot open shared object file: No such file or directory), /usr/lib64/php7/extensions/fileinfo.so.so (/usr/lib64/php7/extensions/fileinfo.so.so: cannot open shared object file: No such file or directory)) in Unknown on line 0
PHP Warning:  Module 'pdo_pgsql' already loaded in Unknown on line 0
PHP Warning:  Module 'pgsql' already loaded in Unknown on line 0
PHP Warning:  Module 'Phar' already loaded in Unknown on line 0
>>> UPGRADE/DC/PLCC SYNC (SP) STARTED: 2026-09-23 00:00:00 to 2026-09-24 23:59:59 <<<
Processing 394 CSR users with UPGRADE process.
Fetching from Sampark via sp_agentwise_perform160... Found 84 rows.
Processing 62 records for CSR-UPGRADE users.

--- DEBUG INFO (First 5 records) ---
Person: FNM1726, Date: 2026-09-23
  Login: 32502s, Break: 3562s, Meeting: 0s
  Actual Break: 3562s, Final Login: 28940s
  Work Hours: 8.0389hrs, Required: 8hrs, Status: P
  Comparison: >= 8.0 (P)

Person: FNM2990, Date: 2026-09-23
  Login: 33039s, Break: 3479s, Meeting: 0s
  Actual Break: 3479s, Final Login: 29560s
  Work Hours: 8.2111hrs, Required: 8hrs, Status: P
  Comparison: >= 8.0 (P)

Person: FNM3157, Date: 2026-09-23
  Login: 32932s, Break: 3414s, Meeting: 0s
  Actual Break: 3414s, Final Login: 29518s
  Work Hours: 8.1994hrs, Required: 8hrs, Status: P
  Comparison: >= 8.0 (P)

Person: FNM3192, Date: 2026-09-23
  Login: 33029s, Break: 3758s, Meeting: 0s
  Actual Break: 3758s, Final Login: 29271s
  Work Hours: 8.1308hrs, Required: 8hrs, Status: P
  Comparison: >= 8.0 (P)

Person: FNM3520, Date: 2026-09-23
  Login: 34233s, Break: 4114s, Meeting: 0s
  Actual Break: 4114s, Final Login: 30119s
  Work Hours: 8.3664hrs, Required: 8hrs, Status: P
  Comparison: >= 8.0 (P)

Successfully synced 38 CSR-UPGRADE records.
  - Updated HD/A to P: 0 records
  - Skipped (already P): 24 records
PHP Warning:  PHP Startup: Unable to load dynamic library 'fileinfo.so' (tried: /usr/lib64/php7/extensions/fileinfo.so (/usr/lib64/php7/extensions/fileinfo.so: cannot open shared object file: No such file or directory), /usr/lib64/php7/extensions/fileinfo.so.so (/usr/lib64/php7/extensions/fileinfo.so.so: cannot open shared object file: No such file or directory)) in Unknown on line 0
PHP Warning:  Module 'pdo_pgsql' already loaded in Unknown on line 0
PHP Warning:  Module 'pgsql' already loaded in Unknown on line 0
PHP Warning:  Module 'Phar' already loaded in Unknown on line 0
>>> UPGRADE/DC/PLCC SYNC (SP) STARTED: 2026-09-23 00:00:00 to 2026-09-24 23:59:59 <<<
Processing 394 CSR users with UPGRADE process.
Fetching from Sampark via sp_agentwise_perform160... Found 84 rows.
Processing 62 records for CSR-UPGRADE users.

--- DEBUG INFO (First 5 records) ---
Person: FNM1726, Date: 2026-09-23
  Login: 32502s, Break: 3562s, Meeting: 0s
  Actual Break: 3562s, Final Login: 28940s
  Work Hours: 8.0389hrs, Required: 8hrs, Status: P
  Comparison: >= 8.0 (P)

Person: FNM2990, Date: 2026-09-23
  Login: 33039s, Break: 3479s, Meeting: 0s
  Actual Break: 3479s, Final Login: 29560s
  Work Hours: 8.2111hrs, Required: 8hrs, Status: P
  Comparison: >= 8.0 (P)

Person: FNM3157, Date: 2026-09-23
  Login: 32932s, Break: 3414s, Meeting: 0s
  Actual Break: 3414s, Final Login: 29518s
  Work Hours: 8.1994hrs, Required: 8hrs, Status: P
  Comparison: >= 8.0 (P)

Person: FNM3192, Date: 2026-09-23
  Login: 33029s, Break: 3758s, Meeting: 0s
  Actual Break: 3758s, Final Login: 29271s
  Work Hours: 8.1308hrs, Required: 8hrs, Status: P
  Comparison: >= 8.0 (P)

Person: FNM3520, Date: 2026-09-23
  Login: 34233s, Break: 4114s, Meeting: 0s
  Actual Break: 4114s, Final Login: 30119s
  Work Hours: 8.3664hrs, Required: 8hrs, Status: P
  Comparison: >= 8.0 (P)

Successfully synced 38 CSR-UPGRADE records.
  - Updated HD/A to P: 0 records
  - Skipped (already P): 24 records
PHP Warning:  PHP Startup: Unable to load dynamic library 'fileinfo.so' (tried: /usr/lib64/php7/extensions/fileinfo.so (/usr/lib64/php7/extensions/fileinfo.so: cannot open shared object file: No such file or directory), /usr/lib64/php7/extensions/fileinfo.so.so (/usr/lib64/php7/extensions/fileinfo.so.so: cannot open shared object file: No such file or directory)) in Unknown on line 0
PHP Warning:  Module 'pdo_pgsql' already loaded in Unknown on line 0
PHP Warning:  Module 'pgsql' already loaded in Unknown on line 0
PHP Warning:  Module 'Phar' already loaded in Unknown on line 0
>>> UPGRADE/DC/PLCC SYNC (SP) STARTED: 2026-09-23 00:00:00 to 2026-09-24 23:59:59 <<<
Processing 394 CSR users with UPGRADE process.
Fetching from Sampark via sp_agentwise_perform160... Found 84 rows.
Processing 62 records for CSR-UPGRADE users.

--- DEBUG INFO (First 5 records) ---
Person: FNM1726, Date: 2026-09-23
  Login: 32502s, Break: 3562s, Meeting: 0s
  Actual Break: 3562s, Final Login: 28940s
  Work Hours: 8.0389hrs, Required: 8hrs, Status: P
  Comparison: >= 8.0 (P)

Person: FNM2990, Date: 2026-09-23
  Login: 33039s, Break: 3479s, Meeting: 0s
  Actual Break: 3479s, Final Login: 29560s
  Work Hours: 8.2111hrs, Required: 8hrs, Status: P
  Comparison: >= 8.0 (P)

Person: FNM3157, Date: 2026-09-23
  Login: 32932s, Break: 3414s, Meeting: 0s
  Actual Break: 3414s, Final Login: 29518s
  Work Hours: 8.1994hrs, Required: 8hrs, Status: P
  Comparison: >= 8.0 (P)

Person: FNM3192, Date: 2026-09-23
  Login: 33029s, Break: 3758s, Meeting: 0s
  Actual Break: 3758s, Final Login: 29271s
  Work Hours: 8.1308hrs, Required: 8hrs, Status: P
  Comparison: >= 8.0 (P)

Person: FNM3520, Date: 2026-09-23
  Login: 34233s, Break: 4114s, Meeting: 0s
  Actual Break: 4114s, Final Login: 30119s
  Work Hours: 8.3664hrs, Required: 8hrs, Status: P
  Comparison: >= 8.0 (P)

Successfully synced 38 CSR-UPGRADE records.
  - Updated HD/A to P: 1 records
  - Skipped (already P): 24 records
PHP Warning:  PHP Startup: Unable to load dynamic library 'fileinfo.so' (tried: /usr/lib64/php7/extensions/fileinfo.so (/usr/lib64/php7/extensions/fileinfo.so: cannot open shared object file: No such file or directory), /usr/lib64/php7/extensions/fileinfo.so.so (/usr/lib64/php7/extensions/fileinfo.so.so: cannot open shared object file: No such file or directory)) in Unknown on line 0
PHP Warning:  Module 'pdo_pgsql' already loaded in Unknown on line 0
PHP Warning:  Module 'pgsql' already loaded in Unknown on line 0
PHP Warning:  Module 'Phar' already loaded in Unknown on line 0
>>> UPGRADE/DC/PLCC SYNC (SP) STARTED: 2026-09-23 00:00:00 to 2026-09-24 23:59:59 <<<
Processing 394 CSR users with UPGRADE process.
Fetching from Sampark via sp_agentwise_perform160... Found 84 rows.
Processing 62 records for CSR-UPGRADE users.

--- DEBUG INFO (First 5 records) ---
Person: FNM1726, Date: 2026-09-23
  Login: 32502s, Break: 3562s, Meeting: 0s
  Actual Break: 3562s, Final Login: 28940s
  Work Hours: 8.0389hrs, Required: 8hrs, Status: P
  Comparison: >= 8.0 (P)

Person: FNM2990, Date: 2026-09-23
  Login: 33039s, Break: 3479s, Meeting: 0s
  Actual Break: 3479s, Final Login: 29560s
  Work Hours: 8.2111hrs, Required: 8hrs, Status: P
  Comparison: >= 8.0 (P)

Person: FNM3157, Date: 2026-09-23
  Login: 32932s, Break: 3414s, Meeting: 0s
  Actual Break: 3414s, Final Login: 29518s
  Work Hours: 8.1994hrs, Required: 8hrs, Status: P
  Comparison: >= 8.0 (P)

Person: FNM3192, Date: 2026-09-23
  Login: 33029s, Break: 3758s, Meeting: 0s
  Actual Break: 3758s, Final Login: 29271s
  Work Hours: 8.1308hrs, Required: 8hrs, Status: P
  Comparison: >= 8.0 (P)

Person: FNM3520, Date: 2026-09-23
  Login: 34233s, Break: 4114s, Meeting: 0s
  Actual Break: 4114s, Final Login: 30119s
  Work Hours: 8.3664hrs, Required: 8hrs, Status: P
  Comparison: >= 8.0 (P)

Successfully synced 37 CSR-UPGRADE records.
  - Updated HD/A to P: 2 records
  - Skipped (already P): 25 records
PHP Warning:  PHP Startup: Unable to load dynamic library 'fileinfo.so' (tried: /usr/lib64/php7/extensions/fileinfo.so (/usr/lib64/php7/extensions/fileinfo.so: cannot open shared object file: No such file or directory), /usr/lib64/php7/extensions/fileinfo.so.so (/usr/lib64/php7/extensions/fileinfo.so.so: cannot open shared object file: No such file or directory)) in Unknown on line 0
PHP Warning:  Module 'pdo_pgsql' already loaded in Unknown on line 0
PHP Warning:  Module 'pgsql' already loaded in Unknown on line 0
PHP Warning:  Module 'Phar' already loaded in Unknown on line 0
>>> UPGRADE/DC/PLCC SYNC (SP) STARTED: 2026-09-23 00:00:00 to 2026-09-24 23:59:59 <<<
Processing 394 CSR users with UPGRADE process.
Fetching from Sampark via sp_agentwise_perform160... Found 85 rows.
Processing 62 records for CSR-UPGRADE users.

--- DEBUG INFO (First 5 records) ---
Person: FNM1726, Date: 2026-09-23
  Login: 32502s, Break: 3562s, Meeting: 0s
  Actual Break: 3562s, Final Login: 28940s
  Work Hours: 8.0389hrs, Required: 8hrs, Status: P
  Comparison: >= 8.0 (P)

Person: FNM2990, Date: 2026-09-23
  Login: 33039s, Break: 3479s, Meeting: 0s
  Actual Break: 3479s, Final Login: 29560s
  Work Hours: 8.2111hrs, Required: 8hrs, Status: P
  Comparison: >= 8.0 (P)

Person: FNM3157, Date: 2026-09-23
  Login: 32932s, Break: 3414s, Meeting: 0s
  Actual Break: 3414s, Final Login: 29518s
  Work Hours: 8.1994hrs, Required: 8hrs, Status: P
  Comparison: >= 8.0 (P)

Person: FNM3192, Date: 2026-09-23
  Login: 33029s, Break: 3758s, Meeting: 0s
  Actual Break: 3758s, Final Login: 29271s
  Work Hours: 8.1308hrs, Required: 8hrs, Status: P
  Comparison: >= 8.0 (P)

Person: FNM3520, Date: 2026-09-23
  Login: 34233s, Break: 4114s, Meeting: 0s
  Actual Break: 4114s, Final Login: 30119s
  Work Hours: 8.3664hrs, Required: 8hrs, Status: P
  Comparison: >= 8.0 (P)

Successfully synced 35 CSR-UPGRADE records.
  - Updated HD/A to P: 7 records
  - Skipped (already P): 27 records
PHP Warning:  PHP Startup: Unable to load dynamic library 'fileinfo.so' (tried: /usr/lib64/php7/extensions/fileinfo.so (/usr/lib64/php7/extensions/fileinfo.so: cannot open shared object file: No such file or directory), /usr/lib64/php7/extensions/fileinfo.so.so (/usr/lib64/php7/extensions/fileinfo.so.so: cannot open shared object file: No such file or directory)) in Unknown on line 0
PHP Warning:  Module 'pdo_pgsql' already loaded in Unknown on line 0
PHP Warning:  Module 'pgsql' already loaded in Unknown on line 0
PHP Warning:  Module 'Phar' already loaded in Unknown on line 0
>>> UPGRADE/DC/PLCC SYNC (SP) STARTED: 2026-09-23 00:00:00 to 2026-09-24 23:59:59 <<<
Processing 394 CSR users with UPGRADE process.
Fetching from Sampark via sp_agentwise_perform160... Found 85 rows.
Processing 62 records for CSR-UPGRADE users.

--- DEBUG INFO (First 5 records) ---
Person: FNM1726, Date: 2026-09-23
  Login: 32502s, Break: 3562s, Meeting: 0s
  Actual Break: 3562s, Final Login: 28940s
  Work Hours: 8.0389hrs, Required: 8hrs, Status: P
  Comparison: >= 8.0 (P)

Person: FNM2990, Date: 2026-09-23
  Login: 33039s, Break: 3479s, Meeting: 0s
  Actual Break: 3479s, Final Login: 29560s
  Work Hours: 8.2111hrs, Required: 8hrs, Status: P
  Comparison: >= 8.0 (P)

Person: FNM3157, Date: 2026-09-23
  Login: 32932s, Break: 3414s, Meeting: 0s
  Actual Break: 3414s, Final Login: 29518s
  Work Hours: 8.1994hrs, Required: 8hrs, Status: P
  Comparison: >= 8.0 (P)

Person: FNM3192, Date: 2026-09-23
  Login: 33029s, Break: 3758s, Meeting: 0s
  Actual Break: 3758s, Final Login: 29271s
  Work Hours: 8.1308hrs, Required: 8hrs, Status: P
  Comparison: >= 8.0 (P)

Person: FNM3520, Date: 2026-09-23
  Login: 34233s, Break: 4114s, Meeting: 0s
  Actual Break: 4114s, Final Login: 30119s
  Work Hours: 8.3664hrs, Required: 8hrs, Status: P
  Comparison: >= 8.0 (P)

Successfully synced 28 CSR-UPGRADE records.
  - Updated HD/A to P: 14 records
  - Skipped (already P): 34 records
PHP Warning:  PHP Startup: Unable to load dynamic library 'fileinfo.so' (tried: /usr/lib64/php7/extensions/fileinfo.so (/usr/lib64/php7/extensions/fileinfo.so: cannot open shared object file: No such file or directory), /usr/lib64/php7/extensions/fileinfo.so.so (/usr/lib64/php7/extensions/fileinfo.so.so: cannot open shared object file: No such file or directory)) in Unknown on line 0
PHP Warning:  Module 'pdo_pgsql' already loaded in Unknown on line 0
PHP Warning:  Module 'pgsql' already loaded in Unknown on line 0
PHP Warning:  Module 'Phar' already loaded in Unknown on line 0
>>> UPGRADE/DC/PLCC SYNC (SP) STARTED: 2026-09-23 00:00:00 to 2026-09-24 23:59:59 <<<
Processing 394 CSR users with UPGRADE process.
Fetching from Sampark via sp_agentwise_perform160... Found 85 rows.
Processing 62 records for CSR-UPGRADE users.

--- DEBUG INFO (First 5 records) ---
Person: FNM1726, Date: 2026-09-23
  Login: 32502s, Break: 3562s, Meeting: 0s
  Actual Break: 3562s, Final Login: 28940s
  Work Hours: 8.0389hrs, Required: 8hrs, Status: P
  Comparison: >= 8.0 (P)

Person: FNM2990, Date: 2026-09-23
  Login: 33039s, Break: 3479s, Meeting: 0s
  Actual Break: 3479s, Final Login: 29560s
  Work Hours: 8.2111hrs, Required: 8hrs, Status: P
  Comparison: >= 8.0 (P)

Person: FNM3157, Date: 2026-09-23
  Login: 32932s, Break: 3414s, Meeting: 0s
  Actual Break: 3414s, Final Login: 29518s
  Work Hours: 8.1994hrs, Required: 8hrs, Status: P
  Comparison: >= 8.0 (P)

Person: FNM3192, Date: 2026-09-23
  Login: 33029s, Break: 3758s, Meeting: 0s
  Actual Break: 3758s, Final Login: 29271s
  Work Hours: 8.1308hrs, Required: 8hrs, Status: P
  Comparison: >= 8.0 (P)

Person: FNM3520, Date: 2026-09-23
  Login: 34233s, Break: 4114s, Meeting: 0s
  Actual Break: 4114s, Final Login: 30119s
  Work Hours: 8.3664hrs, Required: 8hrs, Status: P
  Comparison: >= 8.0 (P)

Successfully synced 14 CSR-UPGRADE records.
  - Updated HD/A to P: 0 records
  - Skipped (already P): 48 records
PHP Warning:  PHP Startup: Unable to load dynamic library 'fileinfo.so' (tried: /usr/lib64/php7/extensions/fileinfo.so (/usr/lib64/php7/extensions/fileinfo.so: cannot open shared object file: No such file or directory), /usr/lib64/php7/extensions/fileinfo.so.so (/usr/lib64/php7/extensions/fileinfo.so.so: cannot open shared object file: No such file or directory)) in Unknown on line 0
PHP Warning:  Module 'pdo_pgsql' already loaded in Unknown on line 0
PHP Warning:  Module 'pgsql' already loaded in Unknown on line 0
PHP Warning:  Module 'Phar' already loaded in Unknown on line 0
>>> UPGRADE/DC/PLCC SYNC (SP) STARTED: 2026-09-23 00:00:00 to 2026-09-24 23:59:59 <<<
Processing 394 CSR users with UPGRADE process.
Fetching from Sampark via sp_agentwise_perform160... Found 85 rows.
Processing 62 records for CSR-UPGRADE users.

--- DEBUG INFO (First 5 records) ---
Person: FNM1726, Date: 2026-09-23
  Login: 32502s, Break: 3562s, Meeting: 0s
  Actual Break: 3562s, Final Login: 28940s
  Work Hours: 8.0389hrs, Required: 8hrs, Status: P
  Comparison: >= 8.0 (P)

Person: FNM2990, Date: 2026-09-23
  Login: 33039s, Break: 3479s, Meeting: 0s
  Actual Break: 3479s, Final Login: 29560s
  Work Hours: 8.2111hrs, Required: 8hrs, Status: P
  Comparison: >= 8.0 (P)

Person: FNM3157, Date: 2026-09-23
  Login: 32932s, Break: 3414s, Meeting: 0s
  Actual Break: 3414s, Final Login: 29518s
  Work Hours: 8.1994hrs, Required: 8hrs, Status: P
  Comparison: >= 8.0 (P)

Person: FNM3192, Date: 2026-09-23
  Login: 33029s, Break: 3758s, Meeting: 0s
  Actual Break: 3758s, Final Login: 29271s
  Work Hours: 8.1308hrs, Required: 8hrs, Status: P
  Comparison: >= 8.0 (P)

Person: FNM3520, Date: 2026-09-23
  Login: 34233s, Break: 4114s, Meeting: 0s
  Actual Break: 4114s, Final Login: 30119s
  Work Hours: 8.3664hrs, Required: 8hrs, Status: P
  Comparison: >= 8.0 (P)

Successfully synced 14 CSR-UPGRADE records.
  - Updated HD/A to P: 0 records
  - Skipped (already P): 48 records
PHP Warning:  PHP Startup: Unable to load dynamic library 'fileinfo.so' (tried: /usr/lib64/php7/extensions/fileinfo.so (/usr/lib64/php7/extensions/fileinfo.so: cannot open shared object file: No such file or directory), /usr/lib64/php7/extensions/fileinfo.so.so (/usr/lib64/php7/extensions/fileinfo.so.so: cannot open shared object file: No such file or directory)) in Unknown on line 0
PHP Warning:  Module 'pdo_pgsql' already loaded in Unknown on line 0
PHP Warning:  Module 'pgsql' already loaded in Unknown on line 0
PHP Warning:  Module 'Phar' already loaded in Unknown on line 0
>>> UPGRADE/DC/PLCC SYNC (SP) STARTED: 2026-09-23 00:00:00 to 2026-09-24 23:59:59 <<<
Processing 394 CSR users with UPGRADE process.
Fetching from Sampark via sp_agentwise_perform160... Found 85 rows.
Processing 62 records for CSR-UPGRADE users.

--- DEBUG INFO (First 5 records) ---
Person: FNM1726, Date: 2026-09-23
  Login: 32502s, Break: 3562s, Meeting: 0s
  Actual Break: 3562s, Final Login: 28940s
  Work Hours: 8.0389hrs, Required: 8hrs, Status: P
  Comparison: >= 8.0 (P)

Person: FNM2990, Date: 2026-09-23
  Login: 33039s, Break: 3479s, Meeting: 0s
  Actual Break: 3479s, Final Login: 29560s
  Work Hours: 8.2111hrs, Required: 8hrs, Status: P
  Comparison: >= 8.0 (P)

Person: FNM3157, Date: 2026-09-23
  Login: 32932s, Break: 3414s, Meeting: 0s
  Actual Break: 3414s, Final Login: 29518s
  Work Hours: 8.1994hrs, Required: 8hrs, Status: P
  Comparison: >= 8.0 (P)

Person: FNM3192, Date: 2026-09-23
  Login: 33029s, Break: 3758s, Meeting: 0s
  Actual Break: 3758s, Final Login: 29271s
  Work Hours: 8.1308hrs, Required: 8hrs, Status: P
  Comparison: >= 8.0 (P)

Person: FNM3520, Date: 2026-09-23
  Login: 34233s, Break: 4114s, Meeting: 0s
  Actual Break: 4114s, Final Login: 30119s
  Work Hours: 8.3664hrs, Required: 8hrs, Status: P
  Comparison: >= 8.0 (P)

Successfully synced 14 CSR-UPGRADE records.
  - Updated HD/A to P: 0 records
  - Skipped (already P): 48 records
PHP Warning:  PHP Startup: Unable to load dynamic library 'fileinfo.so' (tried: /usr/lib64/php7/extensions/fileinfo.so (/usr/lib64/php7/extensions/fileinfo.so: cannot open shared object file: No such file or directory), /usr/lib64/php7/extensions/fileinfo.so.so (/usr/lib64/php7/extensions/fileinfo.so.so: cannot open shared object file: No such file or directory)) in Unknown on line 0
PHP Warning:  Module 'pdo_pgsql' already loaded in Unknown on line 0
PHP Warning:  Module 'pgsql' already loaded in Unknown on line 0
PHP Warning:  Module 'Phar' already loaded in Unknown on line 0
>>> UPGRADE/DC/PLCC SYNC (SP) STARTED: 2026-09-23 00:00:00 to 2026-09-24 23:59:59 <<<
Processing 394 CSR users with UPGRADE process.
Fetching from Sampark via sp_agentwise_perform160... Found 85 rows.
Processing 62 records for CSR-UPGRADE users.

--- DEBUG INFO (First 5 records) ---
Person: FNM1726, Date: 2026-09-23
  Login: 32502s, Break: 3562s, Meeting: 0s
  Actual Break: 3562s, Final Login: 28940s
  Work Hours: 8.0389hrs, Required: 8hrs, Status: P
  Comparison: >= 8.0 (P)

Person: FNM2990, Date: 2026-09-23
  Login: 33039s, Break: 3479s, Meeting: 0s
  Actual Break: 3479s, Final Login: 29560s
  Work Hours: 8.2111hrs, Required: 8hrs, Status: P
  Comparison: >= 8.0 (P)

Person: FNM3157, Date: 2026-09-23
  Login: 32932s, Break: 3414s, Meeting: 0s
  Actual Break: 3414s, Final Login: 29518s
  Work Hours: 8.1994hrs, Required: 8hrs, Status: P
  Comparison: >= 8.0 (P)

Person: FNM3192, Date: 2026-09-23
  Login: 33029s, Break: 3758s, Meeting: 0s
  Actual Break: 3758s, Final Login: 29271s
  Work Hours: 8.1308hrs, Required: 8hrs, Status: P
  Comparison: >= 8.0 (P)

Person: FNM3520, Date: 2026-09-23
  Login: 34233s, Break: 4114s, Meeting: 0s
  Actual Break: 4114s, Final Login: 30119s
  Work Hours: 8.3664hrs, Required: 8hrs, Status: P
  Comparison: >= 8.0 (P)

Successfully synced 14 CSR-UPGRADE records.
  - Updated HD/A to P: 0 records
  - Skipped (already P): 48 records
PHP Warning:  PHP Startup: Unable to load dynamic library 'fileinfo.so' (tried: /usr/lib64/php7/extensions/fileinfo.so (/usr/lib64/php7/extensions/fileinfo.so: cannot open shared object file: No such file or directory), /usr/lib64/php7/extensions/fileinfo.so.so (/usr/lib64/php7/extensions/fileinfo.so.so: cannot open shared object file: No such file or directory)) in Unknown on line 0
PHP Warning:  Module 'pdo_pgsql' already loaded in Unknown on line 0
PHP Warning:  Module 'pgsql' already loaded in Unknown on line 0
PHP Warning:  Module 'Phar' already loaded in Unknown on line 0
>>> UPGRADE/DC/PLCC SYNC (SP) STARTED: 2026-09-23 00:00:00 to 2026-09-24 23:59:59 <<<
Processing 394 CSR users with UPGRADE process.
Fetching from Sampark via sp_agentwise_perform160... Found 85 rows.
Processing 62 records for CSR-UPGRADE users.

--- DEBUG INFO (First 5 records) ---
Person: FNM1726, Date: 2026-09-23
  Login: 32502s, Break: 3562s, Meeting: 0s
  Actual Break: 3562s, Final Login: 28940s
  Work Hours: 8.0389hrs, Required: 8hrs, Status: P
  Comparison: >= 8.0 (P)

Person: FNM2990, Date: 2026-09-23
  Login: 33039s, Break: 3479s, Meeting: 0s
  Actual Break: 3479s, Final Login: 29560s
  Work Hours: 8.2111hrs, Required: 8hrs, Status: P
  Comparison: >= 8.0 (P)

Person: FNM3157, Date: 2026-09-23
  Login: 32932s, Break: 3414s, Meeting: 0s
  Actual Break: 3414s, Final Login: 29518s
  Work Hours: 8.1994hrs, Required: 8hrs, Status: P
  Comparison: >= 8.0 (P)

Person: FNM3192, Date: 2026-09-23
  Login: 33029s, Break: 3758s, Meeting: 0s
  Actual Break: 3758s, Final Login: 29271s
  Work Hours: 8.1308hrs, Required: 8hrs, Status: P
  Comparison: >= 8.0 (P)

Person: FNM3520, Date: 2026-09-23
  Login: 34233s, Break: 4114s, Meeting: 0s
  Actual Break: 4114s, Final Login: 30119s
  Work Hours: 8.3664hrs, Required: 8hrs, Status: P
  Comparison: >= 8.0 (P)

Successfully synced 14 CSR-UPGRADE records.
  - Updated HD/A to P: 0 records
  - Skipped (already P): 48 records
PHP Warning:  PHP Startup: Unable to load dynamic library 'fileinfo.so' (tried: /usr/lib64/php7/extensions/fileinfo.so (/usr/lib64/php7/extensions/fileinfo.so: cannot open shared object file: No such file or directory), /usr/lib64/php7/extensions/fileinfo.so.so (/usr/lib64/php7/extensions/fileinfo.so.so: cannot open shared object file: No such file or directory)) in Unknown on line 0
PHP Warning:  Module 'pdo_pgsql' already loaded in Unknown on line 0
PHP Warning:  Module 'pgsql' already loaded in Unknown on line 0
PHP Warning:  Module 'Phar' already loaded in Unknown on line 0
>>> UPGRADE/DC/PLCC SYNC (SP) STARTED: 2026-09-23 00:00:00 to 2026-09-24 23:59:59 <<<
Processing 394 CSR users with UPGRADE process.
Fetching from Sampark via sp_agentwise_perform160... Found 85 rows.
Processing 62 records for CSR-UPGRADE users.

--- DEBUG INFO (First 5 records) ---
Person: FNM1726, Date: 2026-09-23
  Login: 32502s, Break: 3562s, Meeting: 0s
  Actual Break: 3562s, Final Login: 28940s
  Work Hours: 8.0389hrs, Required: 8hrs, Status: P
  Comparison: >= 8.0 (P)

Person: FNM2990, Date: 2026-09-23
  Login: 33039s, Break: 3479s, Meeting: 0s
  Actual Break: 3479s, Final Login: 29560s
  Work Hours: 8.2111hrs, Required: 8hrs, Status: P
  Comparison: >= 8.0 (P)

Person: FNM3157, Date: 2026-09-23
  Login: 32932s, Break: 3414s, Meeting: 0s
  Actual Break: 3414s, Final Login: 29518s
  Work Hours: 8.1994hrs, Required: 8hrs, Status: P
  Comparison: >= 8.0 (P)

Person: FNM3192, Date: 2026-09-23
  Login: 33029s, Break: 3758s, Meeting: 0s
  Actual Break: 3758s, Final Login: 29271s
  Work Hours: 8.1308hrs, Required: 8hrs, Status: P
  Comparison: >= 8.0 (P)

Person: FNM3520, Date: 2026-09-23
  Login: 34233s, Break: 4114s, Meeting: 0s
  Actual Break: 4114s, Final Login: 30119s
  Work Hours: 8.3664hrs, Required: 8hrs, Status: P
  Comparison: >= 8.0 (P)

Successfully synced 14 CSR-UPGRADE records.
  - Updated HD/A to P: 0 records
  - Skipped (already P): 48 records
PHP Warning:  PHP Startup: Unable to load dynamic library 'fileinfo.so' (tried: /usr/lib64/php7/extensions/fileinfo.so (/usr/lib64/php7/extensions/fileinfo.so: cannot open shared object file: No such file or directory), /usr/lib64/php7/extensions/fileinfo.so.so (/usr/lib64/php7/extensions/fileinfo.so.so: cannot open shared object file: No such file or directory)) in Unknown on line 0
PHP Warning:  Module 'pdo_pgsql' already loaded in Unknown on line 0
PHP Warning:  Module 'pgsql' already loaded in Unknown on line 0
PHP Warning:  Module 'Phar' already loaded in Unknown on line 0
>>> UPGRADE/DC/PLCC SYNC (SP) STARTED: 2026-09-23 00:00:00 to 2026-09-24 23:59:59 <<<
Processing 394 CSR users with UPGRADE process.
Fetching from Sampark via sp_agentwise_perform160... Found 85 rows.
Processing 62 records for CSR-UPGRADE users.

--- DEBUG INFO (First 5 records) ---
Person: FNM1726, Date: 2026-09-23
  Login: 32502s, Break: 3562s, Meeting: 0s
  Actual Break: 3562s, Final Login: 28940s
  Work Hours: 8.0389hrs, Required: 8hrs, Status: P
  Comparison: >= 8.0 (P)

Person: FNM2990, Date: 2026-09-23
  Login: 33039s, Break: 3479s, Meeting: 0s
  Actual Break: 3479s, Final Login: 29560s
  Work Hours: 8.2111hrs, Required: 8hrs, Status: P
  Comparison: >= 8.0 (P)

Person: FNM3157, Date: 2026-09-23
  Login: 32932s, Break: 3414s, Meeting: 0s
  Actual Break: 3414s, Final Login: 29518s
  Work Hours: 8.1994hrs, Required: 8hrs, Status: P
  Comparison: >= 8.0 (P)

Person: FNM3192, Date: 2026-09-23
  Login: 33029s, Break: 3758s, Meeting: 0s
  Actual Break: 3758s, Final Login: 29271s
  Work Hours: 8.1308hrs, Required: 8hrs, Status: P
  Comparison: >= 8.0 (P)

Person: FNM3520, Date: 2026-09-23
  Login: 34233s, Break: 4114s, Meeting: 0s
  Actual Break: 4114s, Final Login: 30119s
  Work Hours: 8.3664hrs, Required: 8hrs, Status: P
  Comparison: >= 8.0 (P)

Successfully synced 14 CSR-UPGRADE records.
  - Updated HD/A to P: 0 records
  - Skipped (already P): 48 records
PHP Warning:  PHP Startup: Unable to load dynamic library 'fileinfo.so' (tried: /usr/lib64/php7/extensions/fileinfo.so (/usr/lib64/php7/extensions/fileinfo.so: cannot open shared object file: No such file or directory), /usr/lib64/php7/extensions/fileinfo.so.so (/usr/lib64/php7/extensions/fileinfo.so.so: cannot open shared object file: No such file or directory)) in Unknown on line 0
PHP Warning:  Module 'pdo_pgsql' already loaded in Unknown on line 0
PHP Warning:  Module 'pgsql' already loaded in Unknown on line 0
PHP Warning:  Module 'Phar' already loaded in Unknown on line 0
>>> UPGRADE/DC/PLCC SYNC (SP) STARTED: 2026-09-23 00:00:00 to 2026-09-24 23:59:59 <<<
Processing 394 CSR users with UPGRADE process.
Fetching from Sampark via sp_agentwise_perform160... Found 85 rows.
Processing 62 records for CSR-UPGRADE users.

--- DEBUG INFO (First 5 records) ---
Person: FNM1726, Date: 2026-09-23
  Login: 32502s, Break: 3562s, Meeting: 0s
  Actual Break: 3562s, Final Login: 28940s
  Work Hours: 8.0389hrs, Required: 8hrs, Status: P
  Comparison: >= 8.0 (P)

Person: FNM2990, Date: 2026-09-23
  Login: 33039s, Break: 3479s, Meeting: 0s
  Actual Break: 3479s, Final Login: 29560s
  Work Hours: 8.2111hrs, Required: 8hrs, Status: P
  Comparison: >= 8.0 (P)

Person: FNM3157, Date: 2026-09-23
  Login: 32932s, Break: 3414s, Meeting: 0s
  Actual Break: 3414s, Final Login: 29518s
  Work Hours: 8.1994hrs, Required: 8hrs, Status: P
  Comparison: >= 8.0 (P)

Person: FNM3192, Date: 2026-09-23
  Login: 33029s, Break: 3758s, Meeting: 0s
  Actual Break: 3758s, Final Login: 29271s
  Work Hours: 8.1308hrs, Required: 8hrs, Status: P
  Comparison: >= 8.0 (P)

Person: FNM3520, Date: 2026-09-23
  Login: 34233s, Break: 4114s, Meeting: 0s
  Actual Break: 4114s, Final Login: 30119s
  Work Hours: 8.3664hrs, Required: 8hrs, Status: P
  Comparison: >= 8.0 (P)

Successfully synced 14 CSR-UPGRADE records.
  - Updated HD/A to P: 0 records
  - Skipped (already P): 48 records
PHP Warning:  PHP Startup: Unable to load dynamic library 'fileinfo.so' (tried: /usr/lib64/php7/extensions/fileinfo.so (/usr/lib64/php7/extensions/fileinfo.so: cannot open shared object file: No such file or directory), /usr/lib64/php7/extensions/fileinfo.so.so (/usr/lib64/php7/extensions/fileinfo.so.so: cannot open shared object file: No such file or directory)) in Unknown on line 0
PHP Warning:  Module 'pdo_pgsql' already loaded in Unknown on line 0
PHP Warning:  Module 'pgsql' already loaded in Unknown on line 0
PHP Warning:  Module 'Phar' already loaded in Unknown on line 0
>>> UPGRADE/DC/PLCC SYNC (SP) STARTED: 2026-09-23 00:00:00 to 2026-09-24 23:59:59 <<<
Processing 394 CSR users with UPGRADE process.
Fetching from Sampark via sp_agentwise_perform160... Found 85 rows.
Processing 62 records for CSR-UPGRADE users.

--- DEBUG INFO (First 5 records) ---
Person: FNM1726, Date: 2026-09-23
  Login: 32502s, Break: 3562s, Meeting: 0s
  Actual Break: 3562s, Final Login: 28940s
  Work Hours: 8.0389hrs, Required: 8hrs, Status: P
  Comparison: >= 8.0 (P)

Person: FNM2990, Date: 2026-09-23
  Login: 33039s, Break: 3479s, Meeting: 0s
  Actual Break: 3479s, Final Login: 29560s
  Work Hours: 8.2111hrs, Required: 8hrs, Status: P
  Comparison: >= 8.0 (P)

Person: FNM3157, Date: 2026-09-23
  Login: 32932s, Break: 3414s, Meeting: 0s
  Actual Break: 3414s, Final Login: 29518s
  Work Hours: 8.1994hrs, Required: 8hrs, Status: P
  Comparison: >= 8.0 (P)

Person: FNM3192, Date: 2026-09-23
  Login: 33029s, Break: 3758s, Meeting: 0s
  Actual Break: 3758s, Final Login: 29271s
  Work Hours: 8.1308hrs, Required: 8hrs, Status: P
  Comparison: >= 8.0 (P)

Person: FNM3520, Date: 2026-09-23
  Login: 34233s, Break: 4114s, Meeting: 0s
  Actual Break: 4114s, Final Login: 30119s
  Work Hours: 8.3664hrs, Required: 8hrs, Status: P
  Comparison: >= 8.0 (P)

Successfully synced 14 CSR-UPGRADE records.
  - Updated HD/A to P: 0 records
  - Skipped (already P): 48 records
PHP Warning:  PHP Startup: Unable to load dynamic library 'fileinfo.so' (tried: /usr/lib64/php7/extensions/fileinfo.so (/usr/lib64/php7/extensions/fileinfo.so: cannot open shared object file: No such file or directory), /usr/lib64/php7/extensions/fileinfo.so.so (/usr/lib64/php7/extensions/fileinfo.so.so: cannot open shared object file: No such file or directory)) in Unknown on line 0
PHP Warning:  Module 'pdo_pgsql' already loaded in Unknown on line 0
PHP Warning:  Module 'pgsql' already loaded in Unknown on line 0
PHP Warning:  Module 'Phar' already loaded in Unknown on line 0
>>> UPGRADE/DC/PLCC SYNC (SP) STARTED: 2026-09-24 00:00:00 to 2026-09-25 23:59:59 <<<
Processing 394 CSR users with UPGRADE process.
Fetching from Sampark via sp_agentwise_perform160... Found 50 rows.
Processing 36 records for CSR-UPGRADE users.

--- DEBUG INFO (First 5 records) ---
Person: FNM1726, Date: 2026-09-24
  Login: 32489s, Break: 3532s, Meeting: 0s
  Actual Break: 3532s, Final Login: 28957s
  Work Hours: 8.0436hrs, Required: 8hrs, Status: P
  Comparison: >= 8.0 (P)

Person: FNM2730, Date: 2026-09-24
  Login: 10062s, Break: 1947s, Meeting: 0s
  Actual Break: 1947s, Final Login: 8115s
  Work Hours: 2.2542hrs, Required: 8hrs, Status: A
  Comparison: < 8.0

Person: FNM2990, Date: 2026-09-24
  Login: 33251s, Break: 3457s, Meeting: 0s
  Actual Break: 3457s, Final Login: 29794s
  Work Hours: 8.2761hrs, Required: 8hrs, Status: P
  Comparison: >= 8.0 (P)

Person: FNM3157, Date: 2026-09-24
  Login: 33717s, Break: 3478s, Meeting: 0s
  Actual Break: 3478s, Final Login: 30239s
  Work Hours: 8.3997hrs, Required: 8hrs, Status: P
  Comparison: >= 8.0 (P)

Person: FNM3192, Date: 2026-09-24
  Login: 33727s, Break: 3460s, Meeting: 0s
  Actual Break: 3460s, Final Login: 30267s
  Work Hours: 8.4075hrs, Required: 8hrs, Status: P
  Comparison: >= 8.0 (P)

Successfully synced 12 CSR-UPGRADE records.
  - Updated HD/A to P: 0 records
  - Skipped (already P): 24 records
PHP Warning:  PHP Startup: Unable to load dynamic library 'fileinfo.so' (tried: /usr/lib64/php7/extensions/fileinfo.so (/usr/lib64/php7/extensions/fileinfo.so: cannot open shared object file: No such file or directory), /usr/lib64/php7/extensions/fileinfo.so.so (/usr/lib64/php7/extensions/fileinfo.so.so: cannot open shared object file: No such file or directory)) in Unknown on line 0
PHP Warning:  Module 'pdo_pgsql' already loaded in Unknown on line 0
PHP Warning:  Module 'pgsql' already loaded in Unknown on line 0
PHP Warning:  Module 'Phar' already loaded in Unknown on line 0
>>> UPGRADE/DC/PLCC SYNC (SP) STARTED: 2026-09-24 00:00:00 to 2026-09-25 23:59:59 <<<
Processing 394 CSR users with UPGRADE process.
Fetching from Sampark via sp_agentwise_perform160... Found 50 rows.
Processing 36 records for CSR-UPGRADE users.

--- DEBUG INFO (First 5 records) ---
Person: FNM1726, Date: 2026-09-24
  Login: 32489s, Break: 3532s, Meeting: 0s
  Actual Break: 3532s, Final Login: 28957s
  Work Hours: 8.0436hrs, Required: 8hrs, Status: P
  Comparison: >= 8.0 (P)

Person: FNM2730, Date: 2026-09-24
  Login: 10062s, Break: 1947s, Meeting: 0s
  Actual Break: 1947s, Final Login: 8115s
  Work Hours: 2.2542hrs, Required: 8hrs, Status: A
  Comparison: < 8.0

Person: FNM2990, Date: 2026-09-24
  Login: 33251s, Break: 3457s, Meeting: 0s
  Actual Break: 3457s, Final Login: 29794s
  Work Hours: 8.2761hrs, Required: 8hrs, Status: P
  Comparison: >= 8.0 (P)

Person: FNM3157, Date: 2026-09-24
  Login: 33717s, Break: 3478s, Meeting: 0s
  Actual Break: 3478s, Final Login: 30239s
  Work Hours: 8.3997hrs, Required: 8hrs, Status: P
  Comparison: >= 8.0 (P)

Person: FNM3192, Date: 2026-09-24
  Login: 33727s, Break: 3460s, Meeting: 0s
  Actual Break: 3460s, Final Login: 30267s
  Work Hours: 8.4075hrs, Required: 8hrs, Status: P
  Comparison: >= 8.0 (P)

Successfully synced 12 CSR-UPGRADE records.
  - Updated HD/A to P: 0 records
  - Skipped (already P): 24 records
PHP Warning:  PHP Startup: Unable to load dynamic library 'fileinfo.so' (tried: /usr/lib64/php7/extensions/fileinfo.so (/usr/lib64/php7/extensions/fileinfo.so: cannot open shared object file: No such file or directory), /usr/lib64/php7/extensions/fileinfo.so.so (/usr/lib64/php7/extensions/fileinfo.so.so: cannot open shared object file: No such file or directory)) in Unknown on line 0
PHP Warning:  Module 'pdo_pgsql' already loaded in Unknown on line 0
PHP Warning:  Module 'pgsql' already loaded in Unknown on line 0
PHP Warning:  Module 'Phar' already loaded in Unknown on line 0
>>> UPGRADE/DC/PLCC SYNC (SP) STARTED: 2026-09-24 00:00:00 to 2026-09-25 23:59:59 <<<
Processing 394 CSR users with UPGRADE process.
Fetching from Sampark via sp_agentwise_perform160... Found 50 rows.
Processing 36 records for CSR-UPGRADE users.

--- DEBUG INFO (First 5 records) ---
Person: FNM1726, Date: 2026-09-24
  Login: 32489s, Break: 3532s, Meeting: 0s
  Actual Break: 3532s, Final Login: 28957s
  Work Hours: 8.0436hrs, Required: 8hrs, Status: P
  Comparison: >= 8.0 (P)

Person: FNM2730, Date: 2026-09-24
  Login: 10062s, Break: 1947s, Meeting: 0s
  Actual Break: 1947s, Final Login: 8115s
  Work Hours: 2.2542hrs, Required: 8hrs, Status: A
  Comparison: < 8.0

Person: FNM2990, Date: 2026-09-24
  Login: 33251s, Break: 3457s, Meeting: 0s
  Actual Break: 3457s, Final Login: 29794s
  Work Hours: 8.2761hrs, Required: 8hrs, Status: P
  Comparison: >= 8.0 (P)

Person: FNM3157, Date: 2026-09-24
  Login: 33717s, Break: 3478s, Meeting: 0s
  Actual Break: 3478s, Final Login: 30239s
  Work Hours: 8.3997hrs, Required: 8hrs, Status: P
  Comparison: >= 8.0 (P)

Person: FNM3192, Date: 2026-09-24
  Login: 33727s, Break: 3460s, Meeting: 0s
  Actual Break: 3460s, Final Login: 30267s
  Work Hours: 8.4075hrs, Required: 8hrs, Status: P
  Comparison: >= 8.0 (P)

Successfully synced 12 CSR-UPGRADE records.
  - Updated HD/A to P: 0 records
  - Skipped (already P): 24 records
PHP Warning:  PHP Startup: Unable to load dynamic library 'fileinfo.so' (tried: /usr/lib64/php7/extensions/fileinfo.so (/usr/lib64/php7/extensions/fileinfo.so: cannot open shared object file: No such file or directory), /usr/lib64/php7/extensions/fileinfo.so.so (/usr/lib64/php7/extensions/fileinfo.so.so: cannot open shared object file: No such file or directory)) in Unknown on line 0
PHP Warning:  Module 'pdo_pgsql' already loaded in Unknown on line 0
PHP Warning:  Module 'pgsql' already loaded in Unknown on line 0
PHP Warning:  Module 'Phar' already loaded in Unknown on line 0
>>> UPGRADE/DC/PLCC SYNC (SP) STARTED: 2026-09-24 00:00:00 to 2026-09-25 23:59:59 <<<
Processing 394 CSR users with UPGRADE process.
Fetching from Sampark via sp_agentwise_perform160... Found 50 rows.
Processing 36 records for CSR-UPGRADE users.

--- DEBUG INFO (First 5 records) ---
Person: FNM1726, Date: 2026-09-24
  Login: 32489s, Break: 3532s, Meeting: 0s
  Actual Break: 3532s, Final Login: 28957s
  Work Hours: 8.0436hrs, Required: 8hrs, Status: P
  Comparison: >= 8.0 (P)

Person: FNM2730, Date: 2026-09-24
  Login: 10062s, Break: 1947s, Meeting: 0s
  Actual Break: 1947s, Final Login: 8115s
  Work Hours: 2.2542hrs, Required: 8hrs, Status: A
  Comparison: < 8.0

Person: FNM2990, Date: 2026-09-24
  Login: 33251s, Break: 3457s, Meeting: 0s
  Actual Break: 3457s, Final Login: 29794s
  Work Hours: 8.2761hrs, Required: 8hrs, Status: P
  Comparison: >= 8.0 (P)

Person: FNM3157, Date: 2026-09-24
  Login: 33717s, Break: 3478s, Meeting: 0s
  Actual Break: 3478s, Final Login: 30239s
  Work Hours: 8.3997hrs, Required: 8hrs, Status: P
  Comparison: >= 8.0 (P)

Person: FNM3192, Date: 2026-09-24
  Login: 33727s, Break: 3460s, Meeting: 0s
  Actual Break: 3460s, Final Login: 30267s
  Work Hours: 8.4075hrs, Required: 8hrs, Status: P
  Comparison: >= 8.0 (P)

Successfully synced 12 CSR-UPGRADE records.
  - Updated HD/A to P: 0 records
  - Skipped (already P): 24 records
PHP Warning:  PHP Startup: Unable to load dynamic library 'fileinfo.so' (tried: /usr/lib64/php7/extensions/fileinfo.so (/usr/lib64/php7/extensions/fileinfo.so: cannot open shared object file: No such file or directory), /usr/lib64/php7/extensions/fileinfo.so.so (/usr/lib64/php7/extensions/fileinfo.so.so: cannot open shared object file: No such file or directory)) in Unknown on line 0
PHP Warning:  Module 'pdo_pgsql' already loaded in Unknown on line 0
PHP Warning:  Module 'pgsql' already loaded in Unknown on line 0
PHP Warning:  Module 'Phar' already loaded in Unknown on line 0
>>> UPGRADE/DC/PLCC SYNC (SP) STARTED: 2026-09-24 00:00:00 to 2026-09-25 23:59:59 <<<
Processing 394 CSR users with UPGRADE process.
Fetching from Sampark via sp_agentwise_perform160... Found 50 rows.
Processing 36 records for CSR-UPGRADE users.

--- DEBUG INFO (First 5 records) ---
Person: FNM1726, Date: 2026-09-24
  Login: 32489s, Break: 3532s, Meeting: 0s
  Actual Break: 3532s, Final Login: 28957s
  Work Hours: 8.0436hrs, Required: 8hrs, Status: P
  Comparison: >= 8.0 (P)

Person: FNM2730, Date: 2026-09-24
  Login: 10062s, Break: 1947s, Meeting: 0s
  Actual Break: 1947s, Final Login: 8115s
  Work Hours: 2.2542hrs, Required: 8hrs, Status: A
  Comparison: < 8.0

Person: FNM2990, Date: 2026-09-24
  Login: 33251s, Break: 3457s, Meeting: 0s
  Actual Break: 3457s, Final Login: 29794s
  Work Hours: 8.2761hrs, Required: 8hrs, Status: P
  Comparison: >= 8.0 (P)

Person: FNM3157, Date: 2026-09-24
  Login: 33717s, Break: 3478s, Meeting: 0s
  Actual Break: 3478s, Final Login: 30239s
  Work Hours: 8.3997hrs, Required: 8hrs, Status: P
  Comparison: >= 8.0 (P)

Person: FNM3192, Date: 2026-09-24
  Login: 33727s, Break: 3460s, Meeting: 0s
  Actual Break: 3460s, Final Login: 30267s
  Work Hours: 8.4075hrs, Required: 8hrs, Status: P
  Comparison: >= 8.0 (P)

Successfully synced 12 CSR-UPGRADE records.
  - Updated HD/A to P: 0 records
  - Skipped (already P): 24 records
PHP Warning:  PHP Startup: Unable to load dynamic library 'fileinfo.so' (tried: /usr/lib64/php7/extensions/fileinfo.so (/usr/lib64/php7/extensions/fileinfo.so: cannot open shared object file: No such file or directory), /usr/lib64/php7/extensions/fileinfo.so.so (/usr/lib64/php7/extensions/fileinfo.so.so: cannot open shared object file: No such file or directory)) in Unknown on line 0
PHP Warning:  Module 'pdo_pgsql' already loaded in Unknown on line 0
PHP Warning:  Module 'pgsql' already loaded in Unknown on line 0
PHP Warning:  Module 'Phar' already loaded in Unknown on line 0
>>> UPGRADE/DC/PLCC SYNC (SP) STARTED: 2026-09-24 00:00:00 to 2026-09-25 23:59:59 <<<
Processing 394 CSR users with UPGRADE process.
Fetching from Sampark via sp_agentwise_perform160... Found 50 rows.
Processing 36 records for CSR-UPGRADE users.

--- DEBUG INFO (First 5 records) ---
Person: FNM1726, Date: 2026-09-24
  Login: 32489s, Break: 3532s, Meeting: 0s
  Actual Break: 3532s, Final Login: 28957s
  Work Hours: 8.0436hrs, Required: 8hrs, Status: P
  Comparison: >= 8.0 (P)

Person: FNM2730, Date: 2026-09-24
  Login: 10062s, Break: 1947s, Meeting: 0s
  Actual Break: 1947s, Final Login: 8115s
  Work Hours: 2.2542hrs, Required: 8hrs, Status: A
  Comparison: < 8.0

Person: FNM2990, Date: 2026-09-24
  Login: 33251s, Break: 3457s, Meeting: 0s
  Actual Break: 3457s, Final Login: 29794s
  Work Hours: 8.2761hrs, Required: 8hrs, Status: P
  Comparison: >= 8.0 (P)

Person: FNM3157, Date: 2026-09-24
  Login: 33717s, Break: 3478s, Meeting: 0s
  Actual Break: 3478s, Final Login: 30239s
  Work Hours: 8.3997hrs, Required: 8hrs, Status: P
  Comparison: >= 8.0 (P)

Person: FNM3192, Date: 2026-09-24
  Login: 33727s, Break: 3460s, Meeting: 0s
  Actual Break: 3460s, Final Login: 30267s
  Work Hours: 8.4075hrs, Required: 8hrs, Status: P
  Comparison: >= 8.0 (P)

Successfully synced 12 CSR-UPGRADE records.
  - Updated HD/A to P: 0 records
  - Skipped (already P): 24 records
PHP Warning:  PHP Startup: Unable to load dynamic library 'fileinfo.so' (tried: /usr/lib64/php7/extensions/fileinfo.so (/usr/lib64/php7/extensions/fileinfo.so: cannot open shared object file: No such file or directory), /usr/lib64/php7/extensions/fileinfo.so.so (/usr/lib64/php7/extensions/fileinfo.so.so: cannot open shared object file: No such file or directory)) in Unknown on line 0
PHP Warning:  Module 'pdo_pgsql' already loaded in Unknown on line 0
PHP Warning:  Module 'pgsql' already loaded in Unknown on line 0
PHP Warning:  Module 'Phar' already loaded in Unknown on line 0
>>> UPGRADE/DC/PLCC SYNC (SP) STARTED: 2026-09-24 00:00:00 to 2026-09-25 23:59:59 <<<
Processing 394 CSR users with UPGRADE process.
Fetching from Sampark via sp_agentwise_perform160... Found 50 rows.
Processing 36 records for CSR-UPGRADE users.

--- DEBUG INFO (First 5 records) ---
Person: FNM1726, Date: 2026-09-24
  Login: 32489s, Break: 3532s, Meeting: 0s
  Actual Break: 3532s, Final Login: 28957s
  Work Hours: 8.0436hrs, Required: 8hrs, Status: P
  Comparison: >= 8.0 (P)

Person: FNM2730, Date: 2026-09-24
  Login: 10062s, Break: 1947s, Meeting: 0s
  Actual Break: 1947s, Final Login: 8115s
  Work Hours: 2.2542hrs, Required: 8hrs, Status: A
  Comparison: < 8.0

Person: FNM2990, Date: 2026-09-24
  Login: 33251s, Break: 3457s, Meeting: 0s
  Actual Break: 3457s, Final Login: 29794s
  Work Hours: 8.2761hrs, Required: 8hrs, Status: P
  Comparison: >= 8.0 (P)

Person: FNM3157, Date: 2026-09-24
  Login: 33717s, Break: 3478s, Meeting: 0s
  Actual Break: 3478s, Final Login: 30239s
  Work Hours: 8.3997hrs, Required: 8hrs, Status: P
  Comparison: >= 8.0 (P)

Person: FNM3192, Date: 2026-09-24
  Login: 33727s, Break: 3460s, Meeting: 0s
  Actual Break: 3460s, Final Login: 30267s
  Work Hours: 8.4075hrs, Required: 8hrs, Status: P
  Comparison: >= 8.0 (P)

Successfully synced 12 CSR-UPGRADE records.
  - Updated HD/A to P: 0 records
  - Skipped (already P): 24 records
PHP Warning:  PHP Startup: Unable to load dynamic library 'fileinfo.so' (tried: /usr/lib64/php7/extensions/fileinfo.so (/usr/lib64/php7/extensions/fileinfo.so: cannot open shared object file: No such file or directory), /usr/lib64/php7/extensions/fileinfo.so.so (/usr/lib64/php7/extensions/fileinfo.so.so: cannot open shared object file: No such file or directory)) in Unknown on line 0
PHP Warning:  Module 'pdo_pgsql' already loaded in Unknown on line 0
PHP Warning:  Module 'pgsql' already loaded in Unknown on line 0
PHP Warning:  Module 'Phar' already loaded in Unknown on line 0
>>> UPGRADE/DC/PLCC SYNC (SP) STARTED: 2026-09-24 00:00:00 to 2026-09-25 23:59:59 <<<
Processing 394 CSR users with UPGRADE process.
Fetching from Sampark via sp_agentwise_perform160... Found 50 rows.
Processing 36 records for CSR-UPGRADE users.

--- DEBUG INFO (First 5 records) ---
Person: FNM1726, Date: 2026-09-24
  Login: 32489s, Break: 3532s, Meeting: 0s
  Actual Break: 3532s, Final Login: 28957s
  Work Hours: 8.0436hrs, Required: 8hrs, Status: P
  Comparison: >= 8.0 (P)

Person: FNM2730, Date: 2026-09-24
  Login: 10062s, Break: 1947s, Meeting: 0s
  Actual Break: 1947s, Final Login: 8115s
  Work Hours: 2.2542hrs, Required: 8hrs, Status: A
  Comparison: < 8.0

Person: FNM2990, Date: 2026-09-24
  Login: 33251s, Break: 3457s, Meeting: 0s
  Actual Break: 3457s, Final Login: 29794s
  Work Hours: 8.2761hrs, Required: 8hrs, Status: P
  Comparison: >= 8.0 (P)

Person: FNM3157, Date: 2026-09-24
  Login: 33717s, Break: 3478s, Meeting: 0s
  Actual Break: 3478s, Final Login: 30239s
  Work Hours: 8.3997hrs, Required: 8hrs, Status: P
  Comparison: >= 8.0 (P)

Person: FNM3192, Date: 2026-09-24
  Login: 33727s, Break: 3460s, Meeting: 0s
  Actual Break: 3460s, Final Login: 30267s
  Work Hours: 8.4075hrs, Required: 8hrs, Status: P
  Comparison: >= 8.0 (P)

Successfully synced 12 CSR-UPGRADE records.
  - Updated HD/A to P: 0 records
  - Skipped (already P): 24 records
PHP Warning:  PHP Startup: Unable to load dynamic library 'fileinfo.so' (tried: /usr/lib64/php7/extensions/fileinfo.so (/usr/lib64/php7/extensions/fileinfo.so: cannot open shared object file: No such file or directory), /usr/lib64/php7/extensions/fileinfo.so.so (/usr/lib64/php7/extensions/fileinfo.so.so: cannot open shared object file: No such file or directory)) in Unknown on line 0
PHP Warning:  Module 'pdo_pgsql' already loaded in Unknown on line 0
PHP Warning:  Module 'pgsql' already loaded in Unknown on line 0
PHP Warning:  Module 'Phar' already loaded in Unknown on line 0
>>> UPGRADE/DC/PLCC SYNC (SP) STARTED: 2026-09-24 00:00:00 to 2026-09-25 23:59:59 <<<
Processing 394 CSR users with UPGRADE process.
Fetching from Sampark via sp_agentwise_perform160... Found 50 rows.
Processing 36 records for CSR-UPGRADE users.

--- DEBUG INFO (First 5 records) ---
Person: FNM1726, Date: 2026-09-24
  Login: 32489s, Break: 3532s, Meeting: 0s
  Actual Break: 3532s, Final Login: 28957s
  Work Hours: 8.0436hrs, Required: 8hrs, Status: P
  Comparison: >= 8.0 (P)

Person: FNM2730, Date: 2026-09-24
  Login: 10062s, Break: 1947s, Meeting: 0s
  Actual Break: 1947s, Final Login: 8115s
  Work Hours: 2.2542hrs, Required: 8hrs, Status: A
  Comparison: < 8.0

Person: FNM2990, Date: 2026-09-24
  Login: 33251s, Break: 3457s, Meeting: 0s
  Actual Break: 3457s, Final Login: 29794s
  Work Hours: 8.2761hrs, Required: 8hrs, Status: P
  Comparison: >= 8.0 (P)

Person: FNM3157, Date: 2026-09-24
  Login: 33717s, Break: 3478s, Meeting: 0s
  Actual Break: 3478s, Final Login: 30239s
  Work Hours: 8.3997hrs, Required: 8hrs, Status: P
  Comparison: >= 8.0 (P)

Person: FNM3192, Date: 2026-09-24
  Login: 33727s, Break: 3460s, Meeting: 0s
  Actual Break: 3460s, Final Login: 30267s
  Work Hours: 8.4075hrs, Required: 8hrs, Status: P
  Comparison: >= 8.0 (P)

Successfully synced 12 CSR-UPGRADE records.
  - Updated HD/A to P: 0 records
  - Skipped (already P): 24 records
PHP Warning:  PHP Startup: Unable to load dynamic library 'fileinfo.so' (tried: /usr/lib64/php7/extensions/fileinfo.so (/usr/lib64/php7/extensions/fileinfo.so: cannot open shared object file: No such file or directory), /usr/lib64/php7/extensions/fileinfo.so.so (/usr/lib64/php7/extensions/fileinfo.so.so: cannot open shared object file: No such file or directory)) in Unknown on line 0
PHP Warning:  Module 'pdo_pgsql' already loaded in Unknown on line 0
PHP Warning:  Module 'pgsql' already loaded in Unknown on line 0
PHP Warning:  Module 'Phar' already loaded in Unknown on line 0
>>> UPGRADE/DC/PLCC SYNC (SP) STARTED: 2026-09-24 00:00:00 to 2026-09-25 23:59:59 <<<
Processing 394 CSR users with UPGRADE process.
Fetching from Sampark via sp_agentwise_perform160... Found 50 rows.
Processing 36 records for CSR-UPGRADE users.

--- DEBUG INFO (First 5 records) ---
Person: FNM1726, Date: 2026-09-24
  Login: 32489s, Break: 3532s, Meeting: 0s
  Actual Break: 3532s, Final Login: 28957s
  Work Hours: 8.0436hrs, Required: 8hrs, Status: P
  Comparison: >= 8.0 (P)

Person: FNM2730, Date: 2026-09-24
  Login: 10062s, Break: 1947s, Meeting: 0s
  Actual Break: 1947s, Final Login: 8115s
  Work Hours: 2.2542hrs, Required: 8hrs, Status: A
  Comparison: < 8.0

Person: FNM2990, Date: 2026-09-24
  Login: 33251s, Break: 3457s, Meeting: 0s
  Actual Break: 3457s, Final Login: 29794s
  Work Hours: 8.2761hrs, Required: 8hrs, Status: P
  Comparison: >= 8.0 (P)

Person: FNM3157, Date: 2026-09-24
  Login: 33717s, Break: 3478s, Meeting: 0s
  Actual Break: 3478s, Final Login: 30239s
  Work Hours: 8.3997hrs, Required: 8hrs, Status: P
  Comparison: >= 8.0 (P)

Person: FNM3192, Date: 2026-09-24
  Login: 33727s, Break: 3460s, Meeting: 0s
  Actual Break: 3460s, Final Login: 30267s
  Work Hours: 8.4075hrs, Required: 8hrs, Status: P
  Comparison: >= 8.0 (P)

Successfully synced 12 CSR-UPGRADE records.
  - Updated HD/A to P: 0 records
  - Skipped (already P): 24 records
PHP Warning:  PHP Startup: Unable to load dynamic library 'fileinfo.so' (tried: /usr/lib64/php7/extensions/fileinfo.so (/usr/lib64/php7/extensions/fileinfo.so: cannot open shared object file: No such file or directory), /usr/lib64/php7/extensions/fileinfo.so.so (/usr/lib64/php7/extensions/fileinfo.so.so: cannot open shared object file: No such file or directory)) in Unknown on line 0
PHP Warning:  Module 'pdo_pgsql' already loaded in Unknown on line 0
PHP Warning:  Module 'pgsql' already loaded in Unknown on line 0
PHP Warning:  Module 'Phar' already loaded in Unknown on line 0
>>> UPGRADE/DC/PLCC SYNC (SP) STARTED: 2026-09-24 00:00:00 to 2026-09-25 23:59:59 <<<
Processing 394 CSR users with UPGRADE process.
Fetching from Sampark via sp_agentwise_perform160... Found 50 rows.
Processing 36 records for CSR-UPGRADE users.

--- DEBUG INFO (First 5 records) ---
Person: FNM1726, Date: 2026-09-24
  Login: 32489s, Break: 3532s, Meeting: 0s
  Actual Break: 3532s, Final Login: 28957s
  Work Hours: 8.0436hrs, Required: 8hrs, Status: P
  Comparison: >= 8.0 (P)

Person: FNM2730, Date: 2026-09-24
  Login: 10062s, Break: 1947s, Meeting: 0s
  Actual Break: 1947s, Final Login: 8115s
  Work Hours: 2.2542hrs, Required: 8hrs, Status: A
  Comparison: < 8.0

Person: FNM2990, Date: 2026-09-24
  Login: 33251s, Break: 3457s, Meeting: 0s
  Actual Break: 3457s, Final Login: 29794s
  Work Hours: 8.2761hrs, Required: 8hrs, Status: P
  Comparison: >= 8.0 (P)

Person: FNM3157, Date: 2026-09-24
  Login: 33717s, Break: 3478s, Meeting: 0s
  Actual Break: 3478s, Final Login: 30239s
  Work Hours: 8.3997hrs, Required: 8hrs, Status: P
  Comparison: >= 8.0 (P)

Person: FNM3192, Date: 2026-09-24
  Login: 33727s, Break: 3460s, Meeting: 0s
  Actual Break: 3460s, Final Login: 30267s
  Work Hours: 8.4075hrs, Required: 8hrs, Status: P
  Comparison: >= 8.0 (P)

Successfully synced 12 CSR-UPGRADE records.
  - Updated HD/A to P: 0 records
  - Skipped (already P): 24 records
PHP Warning:  PHP Startup: Unable to load dynamic library 'fileinfo.so' (tried: /usr/lib64/php7/extensions/fileinfo.so (/usr/lib64/php7/extensions/fileinfo.so: cannot open shared object file: No such file or directory), /usr/lib64/php7/extensions/fileinfo.so.so (/usr/lib64/php7/extensions/fileinfo.so.so: cannot open shared object file: No such file or directory)) in Unknown on line 0
PHP Warning:  Module 'pdo_pgsql' already loaded in Unknown on line 0
PHP Warning:  Module 'pgsql' already loaded in Unknown on line 0
PHP Warning:  Module 'Phar' already loaded in Unknown on line 0
>>> UPGRADE/DC/PLCC SYNC (SP) STARTED: 2026-09-24 00:00:00 to 2026-09-25 23:59:59 <<<
Processing 394 CSR users with UPGRADE process.
Fetching from Sampark via sp_agentwise_perform160... Found 50 rows.
Processing 36 records for CSR-UPGRADE users.

--- DEBUG INFO (First 5 records) ---
Person: FNM1726, Date: 2026-09-24
  Login: 32489s, Break: 3532s, Meeting: 0s
  Actual Break: 3532s, Final Login: 28957s
  Work Hours: 8.0436hrs, Required: 8hrs, Status: P
  Comparison: >= 8.0 (P)

Person: FNM2730, Date: 2026-09-24
  Login: 10062s, Break: 1947s, Meeting: 0s
  Actual Break: 1947s, Final Login: 8115s
  Work Hours: 2.2542hrs, Required: 8hrs, Status: A
  Comparison: < 8.0

Person: FNM2990, Date: 2026-09-24
  Login: 33251s, Break: 3457s, Meeting: 0s
  Actual Break: 3457s, Final Login: 29794s
  Work Hours: 8.2761hrs, Required: 8hrs, Status: P
  Comparison: >= 8.0 (P)

Person: FNM3157, Date: 2026-09-24
  Login: 33717s, Break: 3478s, Meeting: 0s
  Actual Break: 3478s, Final Login: 30239s
  Work Hours: 8.3997hrs, Required: 8hrs, Status: P
  Comparison: >= 8.0 (P)

Person: FNM3192, Date: 2026-09-24
  Login: 33727s, Break: 3460s, Meeting: 0s
  Actual Break: 3460s, Final Login: 30267s
  Work Hours: 8.4075hrs, Required: 8hrs, Status: P
  Comparison: >= 8.0 (P)

Successfully synced 12 CSR-UPGRADE records.
  - Updated HD/A to P: 0 records
  - Skipped (already P): 24 records
PHP Warning:  PHP Startup: Unable to load dynamic library 'fileinfo.so' (tried: /usr/lib64/php7/extensions/fileinfo.so (/usr/lib64/php7/extensions/fileinfo.so: cannot open shared object file: No such file or directory), /usr/lib64/php7/extensions/fileinfo.so.so (/usr/lib64/php7/extensions/fileinfo.so.so: cannot open shared object file: No such file or directory)) in Unknown on line 0
PHP Warning:  Module 'pdo_pgsql' already loaded in Unknown on line 0
PHP Warning:  Module 'pgsql' already loaded in Unknown on line 0
PHP Warning:  Module 'Phar' already loaded in Unknown on line 0
>>> UPGRADE/DC/PLCC SYNC (SP) STARTED: 2026-09-24 00:00:00 to 2026-09-25 23:59:59 <<<
Processing 394 CSR users with UPGRADE process.
Fetching from Sampark via sp_agentwise_perform160... Found 50 rows.
Processing 36 records for CSR-UPGRADE users.

--- DEBUG INFO (First 5 records) ---
Person: FNM1726, Date: 2026-09-24
  Login: 32489s, Break: 3532s, Meeting: 0s
  Actual Break: 3532s, Final Login: 28957s
  Work Hours: 8.0436hrs, Required: 8hrs, Status: P
  Comparison: >= 8.0 (P)

Person: FNM2730, Date: 2026-09-24
  Login: 10062s, Break: 1947s, Meeting: 0s
  Actual Break: 1947s, Final Login: 8115s
  Work Hours: 2.2542hrs, Required: 8hrs, Status: A
  Comparison: < 8.0

Person: FNM2990, Date: 2026-09-24
  Login: 33251s, Break: 3457s, Meeting: 0s
  Actual Break: 3457s, Final Login: 29794s
  Work Hours: 8.2761hrs, Required: 8hrs, Status: P
  Comparison: >= 8.0 (P)

Person: FNM3157, Date: 2026-09-24
  Login: 33717s, Break: 3478s, Meeting: 0s
  Actual Break: 3478s, Final Login: 30239s
  Work Hours: 8.3997hrs, Required: 8hrs, Status: P
  Comparison: >= 8.0 (P)

Person: FNM3192, Date: 2026-09-24
  Login: 33727s, Break: 3460s, Meeting: 0s
  Actual Break: 3460s, Final Login: 30267s
  Work Hours: 8.4075hrs, Required: 8hrs, Status: P
  Comparison: >= 8.0 (P)

Successfully synced 12 CSR-UPGRADE records.
  - Updated HD/A to P: 0 records
  - Skipped (already P): 24 records
PHP Warning:  PHP Startup: Unable to load dynamic library 'fileinfo.so' (tried: /usr/lib64/php7/extensions/fileinfo.so (/usr/lib64/php7/extensions/fileinfo.so: cannot open shared object file: No such file or directory), /usr/lib64/php7/extensions/fileinfo.so.so (/usr/lib64/php7/extensions/fileinfo.so.so: cannot open shared object file: No such file or directory)) in Unknown on line 0
PHP Warning:  Module 'pdo_pgsql' already loaded in Unknown on line 0
PHP Warning:  Module 'pgsql' already loaded in Unknown on line 0
PHP Warning:  Module 'Phar' already loaded in Unknown on line 0
>>> UPGRADE/DC/PLCC SYNC (SP) STARTED: 2026-09-24 00:00:00 to 2026-09-25 23:59:59 <<<
Processing 394 CSR users with UPGRADE process.
Fetching from Sampark via sp_agentwise_perform160... Found 50 rows.
Processing 36 records for CSR-UPGRADE users.

--- DEBUG INFO (First 5 records) ---
Person: FNM1726, Date: 2026-09-24
  Login: 32489s, Break: 3532s, Meeting: 0s
  Actual Break: 3532s, Final Login: 28957s
  Work Hours: 8.0436hrs, Required: 8hrs, Status: P
  Comparison: >= 8.0 (P)

Person: FNM2730, Date: 2026-09-24
  Login: 10062s, Break: 1947s, Meeting: 0s
  Actual Break: 1947s, Final Login: 8115s
  Work Hours: 2.2542hrs, Required: 8hrs, Status: A
  Comparison: < 8.0

Person: FNM2990, Date: 2026-09-24
  Login: 33251s, Break: 3457s, Meeting: 0s
  Actual Break: 3457s, Final Login: 29794s
  Work Hours: 8.2761hrs, Required: 8hrs, Status: P
  Comparison: >= 8.0 (P)

Person: FNM3157, Date: 2026-09-24
  Login: 33717s, Break: 3478s, Meeting: 0s
  Actual Break: 3478s, Final Login: 30239s
  Work Hours: 8.3997hrs, Required: 8hrs, Status: P
  Comparison: >= 8.0 (P)

Person: FNM3192, Date: 2026-09-24
  Login: 33727s, Break: 3460s, Meeting: 0s
  Actual Break: 3460s, Final Login: 30267s
  Work Hours: 8.4075hrs, Required: 8hrs, Status: P
  Comparison: >= 8.0 (P)

Successfully synced 12 CSR-UPGRADE records.
  - Updated HD/A to P: 0 records
  - Skipped (already P): 24 records
PHP Warning:  PHP Startup: Unable to load dynamic library 'fileinfo.so' (tried: /usr/lib64/php7/extensions/fileinfo.so (/usr/lib64/php7/extensions/fileinfo.so: cannot open shared object file: No such file or directory), /usr/lib64/php7/extensions/fileinfo.so.so (/usr/lib64/php7/extensions/fileinfo.so.so: cannot open shared object file: No such file or directory)) in Unknown on line 0
PHP Warning:  Module 'pdo_pgsql' already loaded in Unknown on line 0
PHP Warning:  Module 'pgsql' already loaded in Unknown on line 0
PHP Warning:  Module 'Phar' already loaded in Unknown on line 0
>>> UPGRADE/DC/PLCC SYNC (SP) STARTED: 2026-09-24 00:00:00 to 2026-09-25 23:59:59 <<<
Processing 394 CSR users with UPGRADE process.
Fetching from Sampark via sp_agentwise_perform160... Found 50 rows.
Processing 36 records for CSR-UPGRADE users.

--- DEBUG INFO (First 5 records) ---
Person: FNM1726, Date: 2026-09-24
  Login: 32489s, Break: 3532s, Meeting: 0s
  Actual Break: 3532s, Final Login: 28957s
  Work Hours: 8.0436hrs, Required: 8hrs, Status: P
  Comparison: >= 8.0 (P)

Person: FNM2730, Date: 2026-09-24
  Login: 10062s, Break: 1947s, Meeting: 0s
  Actual Break: 1947s, Final Login: 8115s
  Work Hours: 2.2542hrs, Required: 8hrs, Status: A
  Comparison: < 8.0

Person: FNM2990, Date: 2026-09-24
  Login: 33251s, Break: 3457s, Meeting: 0s
  Actual Break: 3457s, Final Login: 29794s
  Work Hours: 8.2761hrs, Required: 8hrs, Status: P
  Comparison: >= 8.0 (P)

Person: FNM3157, Date: 2026-09-24
  Login: 33717s, Break: 3478s, Meeting: 0s
  Actual Break: 3478s, Final Login: 30239s
  Work Hours: 8.3997hrs, Required: 8hrs, Status: P
  Comparison: >= 8.0 (P)

Person: FNM3192, Date: 2026-09-24
  Login: 33727s, Break: 3460s, Meeting: 0s
  Actual Break: 3460s, Final Login: 30267s
  Work Hours: 8.4075hrs, Required: 8hrs, Status: P
  Comparison: >= 8.0 (P)

Successfully synced 12 CSR-UPGRADE records.
  - Updated HD/A to P: 0 records
  - Skipped (already P): 24 records
PHP Warning:  PHP Startup: Unable to load dynamic library 'fileinfo.so' (tried: /usr/lib64/php7/extensions/fileinfo.so (/usr/lib64/php7/extensions/fileinfo.so: cannot open shared object file: No such file or directory), /usr/lib64/php7/extensions/fileinfo.so.so (/usr/lib64/php7/extensions/fileinfo.so.so: cannot open shared object file: No such file or directory)) in Unknown on line 0
PHP Warning:  Module 'pdo_pgsql' already loaded in Unknown on line 0
PHP Warning:  Module 'pgsql' already loaded in Unknown on line 0
PHP Warning:  Module 'Phar' already loaded in Unknown on line 0
>>> UPGRADE/DC/PLCC SYNC (SP) STARTED: 2026-09-24 00:00:00 to 2026-09-25 23:59:59 <<<
Processing 394 CSR users with UPGRADE process.
Fetching from Sampark via sp_agentwise_perform160... Found 50 rows.
Processing 36 records for CSR-UPGRADE users.

--- DEBUG INFO (First 5 records) ---
Person: FNM1726, Date: 2026-09-24
  Login: 32489s, Break: 3532s, Meeting: 0s
  Actual Break: 3532s, Final Login: 28957s
  Work Hours: 8.0436hrs, Required: 8hrs, Status: P
  Comparison: >= 8.0 (P)

Person: FNM2730, Date: 2026-09-24
  Login: 10062s, Break: 1947s, Meeting: 0s
  Actual Break: 1947s, Final Login: 8115s
  Work Hours: 2.2542hrs, Required: 8hrs, Status: A
  Comparison: < 8.0

Person: FNM2990, Date: 2026-09-24
  Login: 33251s, Break: 3457s, Meeting: 0s
  Actual Break: 3457s, Final Login: 29794s
  Work Hours: 8.2761hrs, Required: 8hrs, Status: P
  Comparison: >= 8.0 (P)

Person: FNM3157, Date: 2026-09-24
  Login: 33717s, Break: 3478s, Meeting: 0s
  Actual Break: 3478s, Final Login: 30239s
  Work Hours: 8.3997hrs, Required: 8hrs, Status: P
  Comparison: >= 8.0 (P)

Person: FNM3192, Date: 2026-09-24
  Login: 33727s, Break: 3460s, Meeting: 0s
  Actual Break: 3460s, Final Login: 30267s
  Work Hours: 8.4075hrs, Required: 8hrs, Status: P
  Comparison: >= 8.0 (P)

Successfully synced 12 CSR-UPGRADE records.
  - Updated HD/A to P: 0 records
  - Skipped (already P): 24 records
PHP Warning:  PHP Startup: Unable to load dynamic library 'fileinfo.so' (tried: /usr/lib64/php7/extensions/fileinfo.so (/usr/lib64/php7/extensions/fileinfo.so: cannot open shared object file: No such file or directory), /usr/lib64/php7/extensions/fileinfo.so.so (/usr/lib64/php7/extensions/fileinfo.so.so: cannot open shared object file: No such file or directory)) in Unknown on line 0
PHP Warning:  Module 'pdo_pgsql' already loaded in Unknown on line 0
PHP Warning:  Module 'pgsql' already loaded in Unknown on line 0
PHP Warning:  Module 'Phar' already loaded in Unknown on line 0
>>> UPGRADE/DC/PLCC SYNC (SP) STARTED: 2026-09-24 00:00:00 to 2026-09-25 23:59:59 <<<
Processing 394 CSR users with UPGRADE process.
Fetching from Sampark via sp_agentwise_perform160... Found 50 rows.
Processing 36 records for CSR-UPGRADE users.

--- DEBUG INFO (First 5 records) ---
Person: FNM1726, Date: 2026-09-24
  Login: 32489s, Break: 3532s, Meeting: 0s
  Actual Break: 3532s, Final Login: 28957s
  Work Hours: 8.0436hrs, Required: 8hrs, Status: P
  Comparison: >= 8.0 (P)

Person: FNM2730, Date: 2026-09-24
  Login: 10062s, Break: 1947s, Meeting: 0s
  Actual Break: 1947s, Final Login: 8115s
  Work Hours: 2.2542hrs, Required: 8hrs, Status: A
  Comparison: < 8.0

Person: FNM2990, Date: 2026-09-24
  Login: 33251s, Break: 3457s, Meeting: 0s
  Actual Break: 3457s, Final Login: 29794s
  Work Hours: 8.2761hrs, Required: 8hrs, Status: P
  Comparison: >= 8.0 (P)

Person: FNM3157, Date: 2026-09-24
  Login: 33717s, Break: 3478s, Meeting: 0s
  Actual Break: 3478s, Final Login: 30239s
  Work Hours: 8.3997hrs, Required: 8hrs, Status: P
  Comparison: >= 8.0 (P)

Person: FNM3192, Date: 2026-09-24
  Login: 33727s, Break: 3460s, Meeting: 0s
  Actual Break: 3460s, Final Login: 30267s
  Work Hours: 8.4075hrs, Required: 8hrs, Status: P
  Comparison: >= 8.0 (P)

Successfully synced 12 CSR-UPGRADE records.
  - Updated HD/A to P: 0 records
  - Skipped (already P): 24 records
PHP Warning:  PHP Startup: Unable to load dynamic library 'fileinfo.so' (tried: /usr/lib64/php7/extensions/fileinfo.so (/usr/lib64/php7/extensions/fileinfo.so: cannot open shared object file: No such file or directory), /usr/lib64/php7/extensions/fileinfo.so.so (/usr/lib64/php7/extensions/fileinfo.so.so: cannot open shared object file: No such file or directory)) in Unknown on line 0
PHP Warning:  Module 'pdo_pgsql' already loaded in Unknown on line 0
PHP Warning:  Module 'pgsql' already loaded in Unknown on line 0
PHP Warning:  Module 'Phar' already loaded in Unknown on line 0
>>> UPGRADE/DC/PLCC SYNC (SP) STARTED: 2026-09-24 00:00:00 to 2026-09-25 23:59:59 <<<
Processing 394 CSR users with UPGRADE process.
Fetching from Sampark via sp_agentwise_perform160... Found 52 rows.
Processing 37 records for CSR-UPGRADE users.

--- DEBUG INFO (First 5 records) ---
Person: FNM1726, Date: 2026-09-24
  Login: 32489s, Break: 3532s, Meeting: 0s
  Actual Break: 3532s, Final Login: 28957s
  Work Hours: 8.0436hrs, Required: 8hrs, Status: P
  Comparison: >= 8.0 (P)

Person: FNM2730, Date: 2026-09-24
  Login: 10062s, Break: 1947s, Meeting: 0s
  Actual Break: 1947s, Final Login: 8115s
  Work Hours: 2.2542hrs, Required: 8hrs, Status: A
  Comparison: < 8.0

Person: FNM2990, Date: 2026-09-24
  Login: 33251s, Break: 3457s, Meeting: 0s
  Actual Break: 3457s, Final Login: 29794s
  Work Hours: 8.2761hrs, Required: 8hrs, Status: P
  Comparison: >= 8.0 (P)

Person: FNM3157, Date: 2026-09-24
  Login: 33717s, Break: 3478s, Meeting: 0s
  Actual Break: 3478s, Final Login: 30239s
  Work Hours: 8.3997hrs, Required: 8hrs, Status: P
  Comparison: >= 8.0 (P)

Person: FNM3192, Date: 2026-09-24
  Login: 33727s, Break: 3460s, Meeting: 0s
  Actual Break: 3460s, Final Login: 30267s
  Work Hours: 8.4075hrs, Required: 8hrs, Status: P
  Comparison: >= 8.0 (P)

Successfully synced 12 CSR-UPGRADE records.
  - Updated HD/A to P: 0 records
  - Skipped (already P): 24 records
PHP Warning:  PHP Startup: Unable to load dynamic library 'fileinfo.so' (tried: /usr/lib64/php7/extensions/fileinfo.so (/usr/lib64/php7/extensions/fileinfo.so: cannot open shared object file: No such file or directory), /usr/lib64/php7/extensions/fileinfo.so.so (/usr/lib64/php7/extensions/fileinfo.so.so: cannot open shared object file: No such file or directory)) in Unknown on line 0
PHP Warning:  Module 'pdo_pgsql' already loaded in Unknown on line 0
PHP Warning:  Module 'pgsql' already loaded in Unknown on line 0
PHP Warning:  Module 'Phar' already loaded in Unknown on line 0
>>> UPGRADE/DC/PLCC SYNC (SP) STARTED: 2026-09-24 00:00:00 to 2026-09-25 23:59:59 <<<
Processing 394 CSR users with UPGRADE process.
Fetching from Sampark via sp_agentwise_perform160... Found 52 rows.
Processing 37 records for CSR-UPGRADE users.

--- DEBUG INFO (First 5 records) ---
Person: FNM1726, Date: 2026-09-24
  Login: 32489s, Break: 3532s, Meeting: 0s
  Actual Break: 3532s, Final Login: 28957s
  Work Hours: 8.0436hrs, Required: 8hrs, Status: P
  Comparison: >= 8.0 (P)

Person: FNM2730, Date: 2026-09-24
  Login: 10062s, Break: 1947s, Meeting: 0s
  Actual Break: 1947s, Final Login: 8115s
  Work Hours: 2.2542hrs, Required: 8hrs, Status: A
  Comparison: < 8.0

Person: FNM2990, Date: 2026-09-24
  Login: 33251s, Break: 3457s, Meeting: 0s
  Actual Break: 3457s, Final Login: 29794s
  Work Hours: 8.2761hrs, Required: 8hrs, Status: P
  Comparison: >= 8.0 (P)

Person: FNM3157, Date: 2026-09-24
  Login: 33717s, Break: 3478s, Meeting: 0s
  Actual Break: 3478s, Final Login: 30239s
  Work Hours: 8.3997hrs, Required: 8hrs, Status: P
  Comparison: >= 8.0 (P)

Person: FNM3192, Date: 2026-09-24
  Login: 33727s, Break: 3460s, Meeting: 0s
  Actual Break: 3460s, Final Login: 30267s
  Work Hours: 8.4075hrs, Required: 8hrs, Status: P
  Comparison: >= 8.0 (P)

Successfully synced 13 CSR-UPGRADE records.
  - Updated HD/A to P: 0 records
  - Skipped (already P): 24 records
PHP Warning:  PHP Startup: Unable to load dynamic library 'fileinfo.so' (tried: /usr/lib64/php7/extensions/fileinfo.so (/usr/lib64/php7/extensions/fileinfo.so: cannot open shared object file: No such file or directory), /usr/lib64/php7/extensions/fileinfo.so.so (/usr/lib64/php7/extensions/fileinfo.so.so: cannot open shared object file: No such file or directory)) in Unknown on line 0
PHP Warning:  Module 'pdo_pgsql' already loaded in Unknown on line 0
PHP Warning:  Module 'pgsql' already loaded in Unknown on line 0
PHP Warning:  Module 'Phar' already loaded in Unknown on line 0
>>> UPGRADE/DC/PLCC SYNC (SP) STARTED: 2026-09-24 00:00:00 to 2026-09-25 23:59:59 <<<
Processing 394 CSR users with UPGRADE process.
Fetching from Sampark via sp_agentwise_perform160... Found 61 rows.
Processing 42 records for CSR-UPGRADE users.

--- DEBUG INFO (First 5 records) ---
Person: FNM1726, Date: 2026-09-24
  Login: 32489s, Break: 3532s, Meeting: 0s
  Actual Break: 3532s, Final Login: 28957s
  Work Hours: 8.0436hrs, Required: 8hrs, Status: P
  Comparison: >= 8.0 (P)

Person: FNM2730, Date: 2026-09-24
  Login: 10062s, Break: 1947s, Meeting: 0s
  Actual Break: 1947s, Final Login: 8115s
  Work Hours: 2.2542hrs, Required: 8hrs, Status: A
  Comparison: < 8.0

Person: FNM2990, Date: 2026-09-24
  Login: 33251s, Break: 3457s, Meeting: 0s
  Actual Break: 3457s, Final Login: 29794s
  Work Hours: 8.2761hrs, Required: 8hrs, Status: P
  Comparison: >= 8.0 (P)

Person: FNM3157, Date: 2026-09-24
  Login: 33717s, Break: 3478s, Meeting: 0s
  Actual Break: 3478s, Final Login: 30239s
  Work Hours: 8.3997hrs, Required: 8hrs, Status: P
  Comparison: >= 8.0 (P)

Person: FNM3192, Date: 2026-09-24
  Login: 33727s, Break: 3460s, Meeting: 0s
  Actual Break: 3460s, Final Login: 30267s
  Work Hours: 8.4075hrs, Required: 8hrs, Status: P
  Comparison: >= 8.0 (P)

Successfully synced 15 CSR-UPGRADE records.
  - Updated HD/A to P: 0 records
  - Skipped (already P): 24 records
PHP Warning:  PHP Startup: Unable to load dynamic library 'fileinfo.so' (tried: /usr/lib64/php7/extensions/fileinfo.so (/usr/lib64/php7/extensions/fileinfo.so: cannot open shared object file: No such file or directory), /usr/lib64/php7/extensions/fileinfo.so.so (/usr/lib64/php7/extensions/fileinfo.so.so: cannot open shared object file: No such file or directory)) in Unknown on line 0
PHP Warning:  Module 'pdo_pgsql' already loaded in Unknown on line 0
PHP Warning:  Module 'pgsql' already loaded in Unknown on line 0
PHP Warning:  Module 'Phar' already loaded in Unknown on line 0
>>> UPGRADE/DC/PLCC SYNC (SP) STARTED: 2026-09-24 00:00:00 to 2026-09-25 23:59:59 <<<
Processing 394 CSR users with UPGRADE process.
Fetching from Sampark via sp_agentwise_perform160... Found 97 rows.
Processing 71 records for CSR-UPGRADE users.

--- DEBUG INFO (First 5 records) ---
Person: FNM1726, Date: 2026-09-24
  Login: 32489s, Break: 3532s, Meeting: 0s
  Actual Break: 3532s, Final Login: 28957s
  Work Hours: 8.0436hrs, Required: 8hrs, Status: P
  Comparison: >= 8.0 (P)

Person: FNM2730, Date: 2026-09-24
  Login: 10062s, Break: 1947s, Meeting: 0s
  Actual Break: 1947s, Final Login: 8115s
  Work Hours: 2.2542hrs, Required: 8hrs, Status: A
  Comparison: < 8.0

Person: FNM2990, Date: 2026-09-24
  Login: 33251s, Break: 3457s, Meeting: 0s
  Actual Break: 3457s, Final Login: 29794s
  Work Hours: 8.2761hrs, Required: 8hrs, Status: P
  Comparison: >= 8.0 (P)

Person: FNM3157, Date: 2026-09-24
  Login: 33717s, Break: 3478s, Meeting: 0s
  Actual Break: 3478s, Final Login: 30239s
  Work Hours: 8.3997hrs, Required: 8hrs, Status: P
  Comparison: >= 8.0 (P)

Person: FNM3192, Date: 2026-09-24
  Login: 33727s, Break: 3460s, Meeting: 0s
  Actual Break: 3460s, Final Login: 30267s
  Work Hours: 8.4075hrs, Required: 8hrs, Status: P
  Comparison: >= 8.0 (P)

Successfully synced 36 CSR-UPGRADE records.
  - Updated HD/A to P: 0 records
  - Skipped (already P): 24 records
PHP Warning:  PHP Startup: Unable to load dynamic library 'fileinfo.so' (tried: /usr/lib64/php7/extensions/fileinfo.so (/usr/lib64/php7/extensions/fileinfo.so: cannot open shared object file: No such file or directory), /usr/lib64/php7/extensions/fileinfo.so.so (/usr/lib64/php7/extensions/fileinfo.so.so: cannot open shared object file: No such file or directory)) in Unknown on line 0
PHP Warning:  Module 'pdo_pgsql' already loaded in Unknown on line 0
PHP Warning:  Module 'pgsql' already loaded in Unknown on line 0
PHP Warning:  Module 'Phar' already loaded in Unknown on line 0
>>> UPGRADE/DC/PLCC SYNC (SP) STARTED: 2026-09-24 00:00:00 to 2026-09-25 23:59:59 <<<
Processing 394 CSR users with UPGRADE process.
Fetching from Sampark via sp_agentwise_perform160... Found 100 rows.
Processing 73 records for CSR-UPGRADE users.

--- DEBUG INFO (First 5 records) ---
Person: FNM1726, Date: 2026-09-24
  Login: 32489s, Break: 3532s, Meeting: 0s
  Actual Break: 3532s, Final Login: 28957s
  Work Hours: 8.0436hrs, Required: 8hrs, Status: P
  Comparison: >= 8.0 (P)

Person: FNM2730, Date: 2026-09-24
  Login: 10062s, Break: 1947s, Meeting: 0s
  Actual Break: 1947s, Final Login: 8115s
  Work Hours: 2.2542hrs, Required: 8hrs, Status: A
  Comparison: < 8.0

Person: FNM2990, Date: 2026-09-24
  Login: 33251s, Break: 3457s, Meeting: 0s
  Actual Break: 3457s, Final Login: 29794s
  Work Hours: 8.2761hrs, Required: 8hrs, Status: P
  Comparison: >= 8.0 (P)

Person: FNM3157, Date: 2026-09-24
  Login: 33717s, Break: 3478s, Meeting: 0s
  Actual Break: 3478s, Final Login: 30239s
  Work Hours: 8.3997hrs, Required: 8hrs, Status: P
  Comparison: >= 8.0 (P)

Person: FNM3192, Date: 2026-09-24
  Login: 33727s, Break: 3460s, Meeting: 0s
  Actual Break: 3460s, Final Login: 30267s
  Work Hours: 8.4075hrs, Required: 8hrs, Status: P
  Comparison: >= 8.0 (P)

Successfully synced 49 CSR-UPGRADE records.
  - Updated HD/A to P: 0 records
  - Skipped (already P): 24 records
PHP Warning:  PHP Startup: Unable to load dynamic library 'fileinfo.so' (tried: /usr/lib64/php7/extensions/fileinfo.so (/usr/lib64/php7/extensions/fileinfo.so: cannot open shared object file: No such file or directory), /usr/lib64/php7/extensions/fileinfo.so.so (/usr/lib64/php7/extensions/fileinfo.so.so: cannot open shared object file: No such file or directory)) in Unknown on line 0
PHP Warning:  Module 'pdo_pgsql' already loaded in Unknown on line 0
PHP Warning:  Module 'pgsql' already loaded in Unknown on line 0
PHP Warning:  Module 'Phar' already loaded in Unknown on line 0
>>> UPGRADE/DC/PLCC SYNC (SP) STARTED: 2026-09-24 00:00:00 to 2026-09-25 23:59:59 <<<
Processing 394 CSR users with UPGRADE process.
Fetching from Sampark via sp_agentwise_perform160... Found 100 rows.
Processing 73 records for CSR-UPGRADE users.

--- DEBUG INFO (First 5 records) ---
Person: FNM1726, Date: 2026-09-24
  Login: 32489s, Break: 3532s, Meeting: 0s
  Actual Break: 3532s, Final Login: 28957s
  Work Hours: 8.0436hrs, Required: 8hrs, Status: P
  Comparison: >= 8.0 (P)

Person: FNM2730, Date: 2026-09-24
  Login: 10062s, Break: 1947s, Meeting: 0s
  Actual Break: 1947s, Final Login: 8115s
  Work Hours: 2.2542hrs, Required: 8hrs, Status: A
  Comparison: < 8.0

Person: FNM2990, Date: 2026-09-24
  Login: 33251s, Break: 3457s, Meeting: 0s
  Actual Break: 3457s, Final Login: 29794s
  Work Hours: 8.2761hrs, Required: 8hrs, Status: P
  Comparison: >= 8.0 (P)

Person: FNM3157, Date: 2026-09-24
  Login: 33717s, Break: 3478s, Meeting: 0s
  Actual Break: 3478s, Final Login: 30239s
  Work Hours: 8.3997hrs, Required: 8hrs, Status: P
  Comparison: >= 8.0 (P)

Person: FNM3192, Date: 2026-09-24
  Login: 33727s, Break: 3460s, Meeting: 0s
  Actual Break: 3460s, Final Login: 30267s
  Work Hours: 8.4075hrs, Required: 8hrs, Status: P
  Comparison: >= 8.0 (P)

Successfully synced 49 CSR-UPGRADE records.
  - Updated HD/A to P: 0 records
  - Skipped (already P): 24 records
PHP Warning:  PHP Startup: Unable to load dynamic library 'fileinfo.so' (tried: /usr/lib64/php7/extensions/fileinfo.so (/usr/lib64/php7/extensions/fileinfo.so: cannot open shared object file: No such file or directory), /usr/lib64/php7/extensions/fileinfo.so.so (/usr/lib64/php7/extensions/fileinfo.so.so: cannot open shared object file: No such file or directory)) in Unknown on line 0
PHP Warning:  Module 'pdo_pgsql' already loaded in Unknown on line 0
PHP Warning:  Module 'pgsql' already loaded in Unknown on line 0
PHP Warning:  Module 'Phar' already loaded in Unknown on line 0
>>> UPGRADE/DC/PLCC SYNC (SP) STARTED: 2026-09-24 00:00:00 to 2026-09-25 23:59:59 <<<
Processing 394 CSR users with UPGRADE process.
Fetching from Sampark via sp_agentwise_perform160... Found 101 rows.
Processing 73 records for CSR-UPGRADE users.

--- DEBUG INFO (First 5 records) ---
Person: FNM1726, Date: 2026-09-24
  Login: 32489s, Break: 3532s, Meeting: 0s
  Actual Break: 3532s, Final Login: 28957s
  Work Hours: 8.0436hrs, Required: 8hrs, Status: P
  Comparison: >= 8.0 (P)

Person: FNM2730, Date: 2026-09-24
  Login: 10062s, Break: 1947s, Meeting: 0s
  Actual Break: 1947s, Final Login: 8115s
  Work Hours: 2.2542hrs, Required: 8hrs, Status: A
  Comparison: < 8.0

Person: FNM2990, Date: 2026-09-24
  Login: 33251s, Break: 3457s, Meeting: 0s
  Actual Break: 3457s, Final Login: 29794s
  Work Hours: 8.2761hrs, Required: 8hrs, Status: P
  Comparison: >= 8.0 (P)

Person: FNM3157, Date: 2026-09-24
  Login: 33717s, Break: 3478s, Meeting: 0s
  Actual Break: 3478s, Final Login: 30239s
  Work Hours: 8.3997hrs, Required: 8hrs, Status: P
  Comparison: >= 8.0 (P)

Person: FNM3192, Date: 2026-09-24
  Login: 33727s, Break: 3460s, Meeting: 0s
  Actual Break: 3460s, Final Login: 30267s
  Work Hours: 8.4075hrs, Required: 8hrs, Status: P
  Comparison: >= 8.0 (P)

Successfully synced 49 CSR-UPGRADE records.
  - Updated HD/A to P: 0 records
  - Skipped (already P): 24 records
PHP Warning:  PHP Startup: Unable to load dynamic library 'fileinfo.so' (tried: /usr/lib64/php7/extensions/fileinfo.so (/usr/lib64/php7/extensions/fileinfo.so: cannot open shared object file: No such file or directory), /usr/lib64/php7/extensions/fileinfo.so.so (/usr/lib64/php7/extensions/fileinfo.so.so: cannot open shared object file: No such file or directory)) in Unknown on line 0
PHP Warning:  Module 'pdo_pgsql' already loaded in Unknown on line 0
PHP Warning:  Module 'pgsql' already loaded in Unknown on line 0
PHP Warning:  Module 'Phar' already loaded in Unknown on line 0
>>> UPGRADE/DC/PLCC SYNC (SP) STARTED: 2026-09-24 00:00:00 to 2026-09-25 23:59:59 <<<
Processing 394 CSR users with UPGRADE process.
Fetching from Sampark via sp_agentwise_perform160... Found 101 rows.
Processing 73 records for CSR-UPGRADE users.

--- DEBUG INFO (First 5 records) ---
Person: FNM1726, Date: 2026-09-24
  Login: 32489s, Break: 3532s, Meeting: 0s
  Actual Break: 3532s, Final Login: 28957s
  Work Hours: 8.0436hrs, Required: 8hrs, Status: P
  Comparison: >= 8.0 (P)

Person: FNM2730, Date: 2026-09-24
  Login: 10062s, Break: 1947s, Meeting: 0s
  Actual Break: 1947s, Final Login: 8115s
  Work Hours: 2.2542hrs, Required: 8hrs, Status: A
  Comparison: < 8.0

Person: FNM2990, Date: 2026-09-24
  Login: 33251s, Break: 3457s, Meeting: 0s
  Actual Break: 3457s, Final Login: 29794s
  Work Hours: 8.2761hrs, Required: 8hrs, Status: P
  Comparison: >= 8.0 (P)

Person: FNM3157, Date: 2026-09-24
  Login: 33717s, Break: 3478s, Meeting: 0s
  Actual Break: 3478s, Final Login: 30239s
  Work Hours: 8.3997hrs, Required: 8hrs, Status: P
  Comparison: >= 8.0 (P)

Person: FNM3192, Date: 2026-09-24
  Login: 33727s, Break: 3460s, Meeting: 0s
  Actual Break: 3460s, Final Login: 30267s
  Work Hours: 8.4075hrs, Required: 8hrs, Status: P
  Comparison: >= 8.0 (P)

Successfully synced 49 CSR-UPGRADE records.
  - Updated HD/A to P: 0 records
  - Skipped (already P): 24 records
PHP Warning:  PHP Startup: Unable to load dynamic library 'fileinfo.so' (tried: /usr/lib64/php7/extensions/fileinfo.so (/usr/lib64/php7/extensions/fileinfo.so: cannot open shared object file: No such file or directory), /usr/lib64/php7/extensions/fileinfo.so.so (/usr/lib64/php7/extensions/fileinfo.so.so: cannot open shared object file: No such file or directory)) in Unknown on line 0
PHP Warning:  Module 'pdo_pgsql' already loaded in Unknown on line 0
PHP Warning:  Module 'pgsql' already loaded in Unknown on line 0
PHP Warning:  Module 'Phar' already loaded in Unknown on line 0
>>> UPGRADE/DC/PLCC SYNC (SP) STARTED: 2026-09-24 00:00:00 to 2026-09-25 23:59:59 <<<
Processing 394 CSR users with UPGRADE process.
Fetching from Sampark via sp_agentwise_perform160... Found 101 rows.
Processing 73 records for CSR-UPGRADE users.

--- DEBUG INFO (First 5 records) ---
Person: FNM1726, Date: 2026-09-24
  Login: 32489s, Break: 3532s, Meeting: 0s
  Actual Break: 3532s, Final Login: 28957s
  Work Hours: 8.0436hrs, Required: 8hrs, Status: P
  Comparison: >= 8.0 (P)

Person: FNM2730, Date: 2026-09-24
  Login: 10062s, Break: 1947s, Meeting: 0s
  Actual Break: 1947s, Final Login: 8115s
  Work Hours: 2.2542hrs, Required: 8hrs, Status: A
  Comparison: < 8.0

Person: FNM2990, Date: 2026-09-24
  Login: 33251s, Break: 3457s, Meeting: 0s
  Actual Break: 3457s, Final Login: 29794s
  Work Hours: 8.2761hrs, Required: 8hrs, Status: P
  Comparison: >= 8.0 (P)

Person: FNM3157, Date: 2026-09-24
  Login: 33717s, Break: 3478s, Meeting: 0s
  Actual Break: 3478s, Final Login: 30239s
  Work Hours: 8.3997hrs, Required: 8hrs, Status: P
  Comparison: >= 8.0 (P)

Person: FNM3192, Date: 2026-09-24
  Login: 33727s, Break: 3460s, Meeting: 0s
  Actual Break: 3460s, Final Login: 30267s
  Work Hours: 8.4075hrs, Required: 8hrs, Status: P
  Comparison: >= 8.0 (P)

Successfully synced 49 CSR-UPGRADE records.
  - Updated HD/A to P: 0 records
  - Skipped (already P): 24 records
PHP Warning:  PHP Startup: Unable to load dynamic library 'fileinfo.so' (tried: /usr/lib64/php7/extensions/fileinfo.so (/usr/lib64/php7/extensions/fileinfo.so: cannot open shared object file: No such file or directory), /usr/lib64/php7/extensions/fileinfo.so.so (/usr/lib64/php7/extensions/fileinfo.so.so: cannot open shared object file: No such file or directory)) in Unknown on line 0
PHP Warning:  Module 'pdo_pgsql' already loaded in Unknown on line 0
PHP Warning:  Module 'pgsql' already loaded in Unknown on line 0
PHP Warning:  Module 'Phar' already loaded in Unknown on line 0
>>> UPGRADE/DC/PLCC SYNC (SP) STARTED: 2026-09-24 00:00:00 to 2026-09-25 23:59:59 <<<
Processing 394 CSR users with UPGRADE process.
Fetching from Sampark via sp_agentwise_perform160... Found 101 rows.
Processing 73 records for CSR-UPGRADE users.

--- DEBUG INFO (First 5 records) ---
Person: FNM1726, Date: 2026-09-24
  Login: 32489s, Break: 3532s, Meeting: 0s
  Actual Break: 3532s, Final Login: 28957s
  Work Hours: 8.0436hrs, Required: 8hrs, Status: P
  Comparison: >= 8.0 (P)

Person: FNM2730, Date: 2026-09-24
  Login: 10062s, Break: 1947s, Meeting: 0s
  Actual Break: 1947s, Final Login: 8115s
  Work Hours: 2.2542hrs, Required: 8hrs, Status: A
  Comparison: < 8.0

Person: FNM2990, Date: 2026-09-24
  Login: 33251s, Break: 3457s, Meeting: 0s
  Actual Break: 3457s, Final Login: 29794s
  Work Hours: 8.2761hrs, Required: 8hrs, Status: P
  Comparison: >= 8.0 (P)

Person: FNM3157, Date: 2026-09-24
  Login: 33717s, Break: 3478s, Meeting: 0s
  Actual Break: 3478s, Final Login: 30239s
  Work Hours: 8.3997hrs, Required: 8hrs, Status: P
  Comparison: >= 8.0 (P)

Person: FNM3192, Date: 2026-09-24
  Login: 33727s, Break: 3460s, Meeting: 0s
  Actual Break: 3460s, Final Login: 30267s
  Work Hours: 8.4075hrs, Required: 8hrs, Status: P
  Comparison: >= 8.0 (P)

Successfully synced 49 CSR-UPGRADE records.
  - Updated HD/A to P: 0 records
  - Skipped (already P): 24 records
PHP Warning:  PHP Startup: Unable to load dynamic library 'fileinfo.so' (tried: /usr/lib64/php7/extensions/fileinfo.so (/usr/lib64/php7/extensions/fileinfo.so: cannot open shared object file: No such file or directory), /usr/lib64/php7/extensions/fileinfo.so.so (/usr/lib64/php7/extensions/fileinfo.so.so: cannot open shared object file: No such file or directory)) in Unknown on line 0
PHP Warning:  Module 'pdo_pgsql' already loaded in Unknown on line 0
PHP Warning:  Module 'pgsql' already loaded in Unknown on line 0
PHP Warning:  Module 'Phar' already loaded in Unknown on line 0
>>> UPGRADE/DC/PLCC SYNC (SP) STARTED: 2026-09-24 00:00:00 to 2026-09-25 23:59:59 <<<
Processing 394 CSR users with UPGRADE process.
Fetching from Sampark via sp_agentwise_perform160... Found 101 rows.
Processing 73 records for CSR-UPGRADE users.

--- DEBUG INFO (First 5 records) ---
Person: FNM1726, Date: 2026-09-24
  Login: 32489s, Break: 3532s, Meeting: 0s
  Actual Break: 3532s, Final Login: 28957s
  Work Hours: 8.0436hrs, Required: 8hrs, Status: P
  Comparison: >= 8.0 (P)

Person: FNM2730, Date: 2026-09-24
  Login: 10062s, Break: 1947s, Meeting: 0s
  Actual Break: 1947s, Final Login: 8115s
  Work Hours: 2.2542hrs, Required: 8hrs, Status: A
  Comparison: < 8.0

Person: FNM2990, Date: 2026-09-24
  Login: 33251s, Break: 3457s, Meeting: 0s
  Actual Break: 3457s, Final Login: 29794s
  Work Hours: 8.2761hrs, Required: 8hrs, Status: P
  Comparison: >= 8.0 (P)

Person: FNM3157, Date: 2026-09-24
  Login: 33717s, Break: 3478s, Meeting: 0s
  Actual Break: 3478s, Final Login: 30239s
  Work Hours: 8.3997hrs, Required: 8hrs, Status: P
  Comparison: >= 8.0 (P)

Person: FNM3192, Date: 2026-09-24
  Login: 33727s, Break: 3460s, Meeting: 0s
  Actual Break: 3460s, Final Login: 30267s
  Work Hours: 8.4075hrs, Required: 8hrs, Status: P
  Comparison: >= 8.0 (P)

Successfully synced 49 CSR-UPGRADE records.
  - Updated HD/A to P: 0 records
  - Skipped (already P): 24 records
PHP Warning:  PHP Startup: Unable to load dynamic library 'fileinfo.so' (tried: /usr/lib64/php7/extensions/fileinfo.so (/usr/lib64/php7/extensions/fileinfo.so: cannot open shared object file: No such file or directory), /usr/lib64/php7/extensions/fileinfo.so.so (/usr/lib64/php7/extensions/fileinfo.so.so: cannot open shared object file: No such file or directory)) in Unknown on line 0
PHP Warning:  Module 'pdo_pgsql' already loaded in Unknown on line 0
PHP Warning:  Module 'pgsql' already loaded in Unknown on line 0
PHP Warning:  Module 'Phar' already loaded in Unknown on line 0
>>> UPGRADE/DC/PLCC SYNC (SP) STARTED: 2026-09-24 00:00:00 to 2026-09-25 23:59:59 <<<
Processing 394 CSR users with UPGRADE process.
Fetching from Sampark via sp_agentwise_perform160... Found 101 rows.
Processing 73 records for CSR-UPGRADE users.

--- DEBUG INFO (First 5 records) ---
Person: FNM1726, Date: 2026-09-24
  Login: 32489s, Break: 3532s, Meeting: 0s
  Actual Break: 3532s, Final Login: 28957s
  Work Hours: 8.0436hrs, Required: 8hrs, Status: P
  Comparison: >= 8.0 (P)

Person: FNM2730, Date: 2026-09-24
  Login: 10062s, Break: 1947s, Meeting: 0s
  Actual Break: 1947s, Final Login: 8115s
  Work Hours: 2.2542hrs, Required: 8hrs, Status: A
  Comparison: < 8.0

Person: FNM2990, Date: 2026-09-24
  Login: 33251s, Break: 3457s, Meeting: 0s
  Actual Break: 3457s, Final Login: 29794s
  Work Hours: 8.2761hrs, Required: 8hrs, Status: P
  Comparison: >= 8.0 (P)

Person: FNM3157, Date: 2026-09-24
  Login: 33717s, Break: 3478s, Meeting: 0s
  Actual Break: 3478s, Final Login: 30239s
  Work Hours: 8.3997hrs, Required: 8hrs, Status: P
  Comparison: >= 8.0 (P)

Person: FNM3192, Date: 2026-09-24
  Login: 33727s, Break: 3460s, Meeting: 0s
  Actual Break: 3460s, Final Login: 30267s
  Work Hours: 8.4075hrs, Required: 8hrs, Status: P
  Comparison: >= 8.0 (P)

Successfully synced 49 CSR-UPGRADE records.
  - Updated HD/A to P: 0 records
  - Skipped (already P): 24 records
PHP Warning:  PHP Startup: Unable to load dynamic library 'fileinfo.so' (tried: /usr/lib64/php7/extensions/fileinfo.so (/usr/lib64/php7/extensions/fileinfo.so: cannot open shared object file: No such file or directory), /usr/lib64/php7/extensions/fileinfo.so.so (/usr/lib64/php7/extensions/fileinfo.so.so: cannot open shared object file: No such file or directory)) in Unknown on line 0
PHP Warning:  Module 'pdo_pgsql' already loaded in Unknown on line 0
PHP Warning:  Module 'pgsql' already loaded in Unknown on line 0
PHP Warning:  Module 'Phar' already loaded in Unknown on line 0
>>> UPGRADE/DC/PLCC SYNC (SP) STARTED: 2026-09-24 00:00:00 to 2026-09-25 23:59:59 <<<
Processing 394 CSR users with UPGRADE process.
Fetching from Sampark via sp_agentwise_perform160... Found 102 rows.
Processing 73 records for CSR-UPGRADE users.

--- DEBUG INFO (First 5 records) ---
Person: FNM1726, Date: 2026-09-24
  Login: 32489s, Break: 3532s, Meeting: 0s
  Actual Break: 3532s, Final Login: 28957s
  Work Hours: 8.0436hrs, Required: 8hrs, Status: P
  Comparison: >= 8.0 (P)

Person: FNM2730, Date: 2026-09-24
  Login: 10062s, Break: 1947s, Meeting: 0s
  Actual Break: 1947s, Final Login: 8115s
  Work Hours: 2.2542hrs, Required: 8hrs, Status: A
  Comparison: < 8.0

Person: FNM2990, Date: 2026-09-24
  Login: 33251s, Break: 3457s, Meeting: 0s
  Actual Break: 3457s, Final Login: 29794s
  Work Hours: 8.2761hrs, Required: 8hrs, Status: P
  Comparison: >= 8.0 (P)

Person: FNM3157, Date: 2026-09-24
  Login: 33717s, Break: 3478s, Meeting: 0s
  Actual Break: 3478s, Final Login: 30239s
  Work Hours: 8.3997hrs, Required: 8hrs, Status: P
  Comparison: >= 8.0 (P)

Person: FNM3192, Date: 2026-09-24
  Login: 33727s, Break: 3460s, Meeting: 0s
  Actual Break: 3460s, Final Login: 30267s
  Work Hours: 8.4075hrs, Required: 8hrs, Status: P
  Comparison: >= 8.0 (P)

Successfully synced 49 CSR-UPGRADE records.
  - Updated HD/A to P: 0 records
  - Skipped (already P): 24 records
PHP Warning:  PHP Startup: Unable to load dynamic library 'fileinfo.so' (tried: /usr/lib64/php7/extensions/fileinfo.so (/usr/lib64/php7/extensions/fileinfo.so: cannot open shared object file: No such file or directory), /usr/lib64/php7/extensions/fileinfo.so.so (/usr/lib64/php7/extensions/fileinfo.so.so: cannot open shared object file: No such file or directory)) in Unknown on line 0
PHP Warning:  Module 'pdo_pgsql' already loaded in Unknown on line 0
PHP Warning:  Module 'pgsql' already loaded in Unknown on line 0
PHP Warning:  Module 'Phar' already loaded in Unknown on line 0
>>> UPGRADE/DC/PLCC SYNC (SP) STARTED: 2026-09-24 00:00:00 to 2026-09-25 23:59:59 <<<
Processing 394 CSR users with UPGRADE process.
Fetching from Sampark via sp_agentwise_perform160... Found 102 rows.
Processing 73 records for CSR-UPGRADE users.

--- DEBUG INFO (First 5 records) ---
Person: FNM1726, Date: 2026-09-24
  Login: 32489s, Break: 3532s, Meeting: 0s
  Actual Break: 3532s, Final Login: 28957s
  Work Hours: 8.0436hrs, Required: 8hrs, Status: P
  Comparison: >= 8.0 (P)

Person: FNM2730, Date: 2026-09-24
  Login: 10062s, Break: 1947s, Meeting: 0s
  Actual Break: 1947s, Final Login: 8115s
  Work Hours: 2.2542hrs, Required: 8hrs, Status: A
  Comparison: < 8.0

Person: FNM2990, Date: 2026-09-24
  Login: 33251s, Break: 3457s, Meeting: 0s
  Actual Break: 3457s, Final Login: 29794s
  Work Hours: 8.2761hrs, Required: 8hrs, Status: P
  Comparison: >= 8.0 (P)

Person: FNM3157, Date: 2026-09-24
  Login: 33717s, Break: 3478s, Meeting: 0s
  Actual Break: 3478s, Final Login: 30239s
  Work Hours: 8.3997hrs, Required: 8hrs, Status: P
  Comparison: >= 8.0 (P)

Person: FNM3192, Date: 2026-09-24
  Login: 33727s, Break: 3460s, Meeting: 0s
  Actual Break: 3460s, Final Login: 30267s
  Work Hours: 8.4075hrs, Required: 8hrs, Status: P
  Comparison: >= 8.0 (P)

Successfully synced 49 CSR-UPGRADE records.
  - Updated HD/A to P: 0 records
  - Skipped (already P): 24 records
PHP Warning:  PHP Startup: Unable to load dynamic library 'fileinfo.so' (tried: /usr/lib64/php7/extensions/fileinfo.so (/usr/lib64/php7/extensions/fileinfo.so: cannot open shared object file: No such file or directory), /usr/lib64/php7/extensions/fileinfo.so.so (/usr/lib64/php7/extensions/fileinfo.so.so: cannot open shared object file: No such file or directory)) in Unknown on line 0
PHP Warning:  Module 'pdo_pgsql' already loaded in Unknown on line 0
PHP Warning:  Module 'pgsql' already loaded in Unknown on line 0
PHP Warning:  Module 'Phar' already loaded in Unknown on line 0
>>> UPGRADE/DC/PLCC SYNC (SP) STARTED: 2026-09-24 00:00:00 to 2026-09-25 23:59:59 <<<
Processing 394 CSR users with UPGRADE process.
Fetching from Sampark via sp_agentwise_perform160... Found 102 rows.
Processing 73 records for CSR-UPGRADE users.

--- DEBUG INFO (First 5 records) ---
Person: FNM1726, Date: 2026-09-24
  Login: 32489s, Break: 3532s, Meeting: 0s
  Actual Break: 3532s, Final Login: 28957s
  Work Hours: 8.0436hrs, Required: 8hrs, Status: P
  Comparison: >= 8.0 (P)

Person: FNM2730, Date: 2026-09-24
  Login: 10062s, Break: 1947s, Meeting: 0s
  Actual Break: 1947s, Final Login: 8115s
  Work Hours: 2.2542hrs, Required: 8hrs, Status: A
  Comparison: < 8.0

Person: FNM2990, Date: 2026-09-24
  Login: 33251s, Break: 3457s, Meeting: 0s
  Actual Break: 3457s, Final Login: 29794s
  Work Hours: 8.2761hrs, Required: 8hrs, Status: P
  Comparison: >= 8.0 (P)

Person: FNM3157, Date: 2026-09-24
  Login: 33717s, Break: 3478s, Meeting: 0s
  Actual Break: 3478s, Final Login: 30239s
  Work Hours: 8.3997hrs, Required: 8hrs, Status: P
  Comparison: >= 8.0 (P)

Person: FNM3192, Date: 2026-09-24
  Login: 33727s, Break: 3460s, Meeting: 0s
  Actual Break: 3460s, Final Login: 30267s
  Work Hours: 8.4075hrs, Required: 8hrs, Status: P
  Comparison: >= 8.0 (P)

Successfully synced 49 CSR-UPGRADE records.
  - Updated HD/A to P: 0 records
  - Skipped (already P): 24 records
